datetime,NS,EW,UD
2025-12-08T23:15:40.000,0.012,-0.008,-0.087
2025-12-08T23:15:40.010,-0.003,-0.018,-0.032
2025-12-08T23:15:40.020,-0.022,-0.015,0.046
2025-12-08T23:15:40.030,-0.019,0.009,0.065
2025-12-08T23:15:40.040,0.009,0.02,0.031
2025-12-08T23:15:40.050,0.023,0.009,-0.005
2025-12-08T23:15:40.060,0.018,-0.005,-0.013
2025-12-08T23:15:40.070,-0.007,-0.015,0.006
2025-12-08T23:15:40.080,-0.027,-0.003,0.009
2025-12-08T23:15:40.090,-0.016,0.018,-0.029
2025-12-08T23:15:40.100,0.006,0.013,-0.055
2025-12-08T23:15:40.110,0.019,-0.001,-0.056
2025-12-08T23:15:40.120,0.016,-0.022,-0.003
2025-12-08T23:15:40.130,-0.002,-0.021,0.078
2025-12-08T23:15:40.140,-0.007,0.004,0.106
2025-12-08T23:15:40.150,-0.003,0.02,0.07
2025-12-08T23:15:40.160,0.002,0.025,-0.03
2025-12-08T23:15:40.170,0.001,0.001,-0.104
2025-12-08T23:15:40.180,-0.014,-0.01,-0.078
2025-12-08T23:15:40.190,-0.016,-0.008,-0.019
2025-12-08T23:15:40.200,-0.003,-0.011,0.018
2025-12-08T23:15:40.210,0.021,0.005,0.025
2025-12-08T23:15:40.220,0.032,0.013,0.021
2025-12-08T23:15:40.230,0.001,0.012,0.023
2025-12-08T23:15:40.240,-0.025,-0.009,0.046
2025-12-08T23:15:40.250,-0.033,-0.029,0.059
2025-12-08T23:15:40.260,-0.01,-0.013,0.02
2025-12-08T23:15:40.270,0.033,0.015,-0.054
2025-12-08T23:15:40.280,0.04,0.029,-0.116
2025-12-08T23:15:40.290,0.015,0.018,-0.111
2025-12-08T23:15:40.300,-0.026,0.004,-0.012
2025-12-08T23:15:40.310,-0.056,-0.002,0.109
2025-12-08T23:15:40.320,-0.034,-0.002,0.145
2025-12-08T23:15:40.330,0.029,-0.011,0.069
2025-12-08T23:15:40.340,0.068,-0.025,-0.036
2025-12-08T23:15:40.350,0.045,-0.025,-0.077
2025-12-08T23:15:40.360,-0.015,-0.009,-0.06
2025-12-08T23:15:40.370,-0.065,0.022,-0.018
2025-12-08T23:15:40.380,-0.057,0.037,0.012
2025-12-08T23:15:40.390,-0.015,0.041,-0.006
2025-12-08T23:15:40.400,0.023,0.02,-0.022
2025-12-08T23:15:40.410,0.05,-0.024,-0.004
2025-12-08T23:15:40.420,0.052,-0.05,0.03
2025-12-08T23:15:40.430,0.025,-0.04,0.074
2025-12-08T23:15:40.440,-0.021,0.011,0.066
2025-12-08T23:15:40.450,-0.041,0.033,-0.003
2025-12-08T23:15:40.460,-0.032,0.018,-0.057
2025-12-08T23:15:40.470,-0.031,0.008,-0.059
2025-12-08T23:15:40.480,-0.015,-0.002,-0.036
2025-12-08T23:15:40.490,0.025,-0.001,-0.021
2025-12-08T23:15:40.500,0.057,-0.003,-0.006
2025-12-08T23:15:40.510,0.039,-0.0,0.024
2025-12-08T23:15:40.520,-0.01,-0.008,0.052
2025-12-08T23:15:40.530,-0.045,-0.016,0.047
2025-12-08T23:15:40.540,-0.053,-0.011,0.035
2025-12-08T23:15:40.550,-0.019,0.003,0.017
2025-12-08T23:15:40.560,0.028,0.029,-0.034
2025-12-08T23:15:40.570,0.059,0.022,-0.076
2025-12-08T23:15:40.580,0.055,0.006,-0.08
2025-12-08T23:15:40.590,-0.005,-0.01,-0.018
2025-12-08T23:15:40.600,-0.07,-0.011,0.072
2025-12-08T23:15:40.610,-0.068,0.002,0.094
2025-12-08T23:15:40.620,-0.014,-0.006,0.059
2025-12-08T23:15:40.630,0.037,-0.009,-0.014
2025-12-08T23:15:40.640,0.067,-0.014,-0.084
2025-12-08T23:15:40.650,0.045,-0.002,-0.096
2025-12-08T23:15:40.660,-0.014,0.007,-0.028
2025-12-08T23:15:40.670,-0.059,0.016,0.075
2025-12-08T23:15:40.680,-0.061,0.037,0.116
2025-12-08T23:15:40.690,-0.012,0.016,0.062
2025-12-08T23:15:40.700,0.035,-0.021,-0.047
2025-12-08T23:15:40.710,0.047,-0.039,-0.097
2025-12-08T23:15:40.720,0.032,-0.025,-0.067
2025-12-08T23:15:40.730,0.011,0.014,-0.004
2025-12-08T23:15:40.740,-0.005,0.031,0.066
2025-12-08T23:15:40.750,-0.036,0.011,0.09
2025-12-08T23:15:40.760,-0.054,-0.004,0.061
2025-12-08T23:15:40.770,-0.02,-0.002,-0.024
2025-12-08T23:15:40.780,0.032,-0.008,-0.107
2025-12-08T23:15:40.790,0.045,-0.003,-0.089
2025-12-08T23:15:40.800,0.022,-0.002,0.004
2025-12-08T23:15:40.810,0.003,-0.007,0.074
2025-12-08T23:15:40.820,-0.021,-0.002,0.083
2025-12-08T23:15:40.830,-0.051,0.011,0.033
2025-12-08T23:15:40.840,-0.037,0.025,-0.032
2025-12-08T23:15:40.850,0.02,0.024,-0.04
2025-12-08T23:15:40.860,0.062,-0.004,-0.04
2025-12-08T23:15:40.870,0.048,-0.045,-0.026
2025-12-08T23:15:40.880,-0.018,-0.03,0.031
2025-12-08T23:15:40.890,-0.05,0.003,0.042
2025-12-08T23:15:40.900,-0.037,0.02,0.029
2025-12-08T23:15:40.910,-0.019,0.043,0.004
2025-12-08T23:15:40.920,0.016,0.015,-0.045
2025-12-08T23:15:40.930,0.043,-0.02,-0.064
2025-12-08T23:15:40.940,0.042,-0.023,-0.037
2025-12-08T23:15:40.950,0.004,-0.018,0.032
2025-12-08T23:15:40.960,-0.036,0.01,0.093
2025-12-08T23:15:40.970,-0.037,0.025,0.097
2025-12-08T23:15:40.980,-0.019,0.009,0.028
2025-12-08T23:15:40.990,0.001,-0.012,-0.07
2025-12-08T23:15:41.000,0.017,-0.022,-0.113
2025-12-08T23:15:41.010,0.037,-0.009,-0.077
2025-12-08T23:15:41.020,0.03,0.02,0.011
2025-12-08T23:15:41.030,-0.019,0.031,0.072
2025-12-08T23:15:41.040,-0.045,0.009,0.065
2025-12-08T23:15:41.050,-0.024,-0.019,0.014
2025-12-08T23:15:41.060,0.005,-0.025,-0.029
2025-12-08T23:15:41.070,0.014,-0.011,-0.011
2025-12-08T23:15:41.080,0.014,0.009,0.026
2025-12-08T23:15:41.090,0.022,0.026,0.018
2025-12-08T23:15:41.100,0.014,0.02,-0.037
2025-12-08T23:15:41.110,-0.014,-0.007,-0.07
2025-12-08T23:15:41.120,-0.033,-0.021,-0.025
2025-12-08T23:15:41.130,-0.019,-0.014,0.052
2025-12-08T23:15:41.140,0.005,0.003,0.084
2025-12-08T23:15:41.150,0.013,0.009,0.035
2025-12-08T23:15:41.160,0.015,-0.004,-0.037
2025-12-08T23:15:41.170,0.009,-0.004,-0.055
2025-12-08T23:15:41.180,-0.004,0.007,-0.025
2025-12-08T23:15:41.190,-0.016,0.018,0.018
2025-12-08T23:15:41.200,-0.018,0.021,0.019
2025-12-08T23:15:41.210,-0.006,-0.001,-0.01
2025-12-08T23:15:41.220,0.015,-0.022,-0.018
2025-12-08T23:15:41.230,0.03,-0.028,0.008
2025-12-08T23:15:41.240,0.009,-0.01,0.047
2025-12-08T23:15:41.250,-0.022,0.017,0.049
2025-12-08T23:15:41.260,-0.025,0.032,0.001
2025-12-08T23:15:41.270,-0.007,0.024,-0.063
2025-12-08T23:15:41.280,0.011,-0.007,-0.079
2025-12-08T23:15:41.290,0.01,-0.031,-0.02
2025-12-08T23:15:41.300,0.009,-0.037,0.05
2025-12-08T23:15:41.310,0.004,-0.005,0.069
2025-12-08T23:15:41.320,-0.01,0.039,0.027
2025-12-08T23:15:41.330,-0.016,0.039,-0.029
2025-12-08T23:15:41.340,-0.013,0.006,-0.033
2025-12-08T23:15:41.350,-0.0,-0.024,0.002
2025-12-08T23:15:41.360,0.014,-0.022,0.019
2025-12-08T23:15:41.370,0.027,0.001,-0.001
2025-12-08T23:15:41.380,0.026,0.018,-0.044
2025-12-08T23:15:41.390,0.007,0.006,-0.049
2025-12-08T23:15:41.400,-0.022,-0.006,0.022
2025-12-08T23:15:41.410,-0.04,0.0,0.089
2025-12-08T23:15:41.420,-0.028,0.002,0.073
2025-12-08T23:15:41.430,-0.005,0.0,-0.012
2025-12-08T23:15:41.440,0.017,-0.009,-0.094
2025-12-08T23:15:41.450,0.029,-0.008,-0.083
2025-12-08T23:15:41.460,0.021,0.004,-0.006
2025-12-08T23:15:41.470,0.002,0.011,0.04
2025-12-08T23:15:41.480,-0.023,0.017,0.047
2025-12-08T23:15:41.490,-0.032,0.002,0.033
2025-12-08T23:15:41.500,-0.016,-0.012,0.011
2025-12-08T23:15:41.510,0.013,-0.012,-0.001
2025-12-08T23:15:41.520,0.032,0.002,-0.018
2025-12-08T23:15:41.530,0.03,0.014,-0.049
2025-12-08T23:15:41.540,0.014,0.002,-0.041
2025-12-08T23:15:41.550,-0.02,0.002,0.018
2025-12-08T23:15:41.560,-0.032,-0.001,0.059
2025-12-08T23:15:41.570,-0.018,0.001,0.053
2025-12-08T23:15:41.580,0.0,0.012,-0.006
2025-12-08T23:15:41.590,0.022,-0.011,-0.068
2025-12-08T23:15:41.600,0.015,-0.019,-0.052
2025-12-08T23:15:41.610,-0.014,-0.009,0.03
2025-12-08T23:15:41.620,-0.028,-0.0,0.079
2025-12-08T23:15:41.630,-0.019,0.018,0.039
2025-12-08T23:15:41.640,0.01,0.015,-0.041
2025-12-08T23:15:41.650,0.027,0.006,-0.092
2025-12-08T23:15:41.660,0.018,-0.001,-0.047
2025-12-08T23:15:41.670,0.004,-0.009,0.045
2025-12-08T23:15:41.680,-0.011,-0.011,0.07
2025-12-08T23:15:41.690,-0.019,0.0,0.039
2025-12-08T23:15:41.700,-0.017,0.018,-0.02
2025-12-08T23:15:41.710,0.011,0.003,-0.048
2025-12-08T23:15:41.720,0.021,-0.008,-0.012
2025-12-08T23:15:41.730,0.004,-0.003,0.037
2025-12-08T23:15:41.740,-0.003,-0.007,0.048
2025-12-08T23:15:41.750,-0.009,0.002,-0.001
2025-12-08T23:15:41.760,-0.009,0.017,-0.062
2025-12-08T23:15:41.770,-0.008,0.012,-0.076
2025-12-08T23:15:41.780,-0.006,-0.005,-0.015
2025-12-08T23:15:41.790,0.005,-0.014,0.073
2025-12-08T23:15:41.800,0.006,-0.011,0.107
2025-12-08T23:15:41.810,0.012,0.011,0.065
2025-12-08T23:15:41.820,0.014,0.021,-0.037
2025-12-08T23:15:41.830,0.0,0.002,-0.118
2025-12-08T23:15:41.840,-0.014,-0.015,-0.095
2025-12-08T23:15:41.850,-0.018,-0.018,0.003
2025-12-08T23:15:41.860,-0.007,0.0,0.075
2025-12-08T23:15:41.870,0.011,0.018,0.066
2025-12-08T23:15:41.880,0.024,0.014,0.011
2025-12-08T23:15:41.890,0.004,-0.001,-0.02
2025-12-08T23:15:41.900,-0.022,-0.007,-0.005
2025-12-08T23:15:41.910,-0.02,-0.013,0.006
2025-12-08T23:15:41.920,-0.001,-0.013,-0.015
2025-12-08T23:15:41.930,0.011,0.014,-0.035
2025-12-08T23:15:41.940,0.02,0.024,-0.029
2025-12-08T23:15:41.950,0.019,0.012,0.016
2025-12-08T23:15:41.960,-0.002,0.002,0.066
2025-12-08T23:15:41.970,-0.017,-0.016,0.056
2025-12-08T23:15:41.980,-0.016,-0.025,-0.002
2025-12-08T23:15:41.990,-0.002,-0.016,-0.05
2025-12-08T23:15:42.000,0.01,0.006,-0.047
2025-12-08T23:15:42.010,0.01,0.031,-0.003
2025-12-08T23:15:42.020,0.011,0.027,0.026
2025-12-08T23:15:42.030,-0.002,0.0,0.017
2025-12-08T23:15:42.040,-0.013,-0.025,-0.009
2025-12-08T23:15:42.050,-0.015,-0.033,-0.032
2025-12-08T23:15:42.060,-0.013,-0.009,-0.022
2025-12-08T23:15:42.070,0.002,0.02,0.016
2025-12-08T23:15:42.080,0.016,0.03,0.041
2025-12-08T23:15:42.090,0.02,0.008,0.039
2025-12-08T23:15:42.100,0.008,-0.011,0.021
2025-12-08T23:15:42.110,-0.011,-0.005,-0.014
2025-12-08T23:15:42.120,-0.004,-0.007,-0.053
2025-12-08T23:15:42.130,0.003,0.004,-0.055
2025-12-08T23:15:42.140,-0.005,0.01,-0.016
2025-12-08T23:15:42.150,0.0,-0.005,0.036
2025-12-08T23:15:42.160,0.007,-0.009,0.071
2025-12-08T23:15:42.170,-0.001,0.001,0.059
2025-12-08T23:15:42.180,-0.008,0.012,-0.0
2025-12-08T23:15:42.190,-0.003,0.002,-0.065
2025-12-08T23:15:42.200,-0.002,-0.011,-0.076
2025-12-08T23:15:42.210,-0.002,-0.009,-0.028
2025-12-08T23:15:42.220,0.005,-0.0,0.03
2025-12-08T23:15:42.230,0.01,0.007,0.05
2025-12-08T23:15:42.240,0.011,0.009,0.025
2025-12-08T23:15:42.250,-0.001,0.007,-0.007
2025-12-08T23:15:42.260,-0.018,-0.003,-0.017
2025-12-08T23:15:42.270,-0.007,-0.01,-0.004
2025-12-08T23:15:42.280,0.009,-0.014,0.018
2025-12-08T23:15:42.290,0.01,-0.002,0.017
2025-12-08T23:15:42.300,0.013,0.01,-0.008
2025-12-08T23:15:42.310,0.004,0.011,-0.046
2025-12-08T23:15:42.320,-0.009,0.013,-0.045
2025-12-08T23:15:42.330,-0.02,-0.006,0.02
2025-12-08T23:15:42.340,-0.019,-0.021,0.061
2025-12-08T23:15:42.350,0.008,-0.021,0.056
2025-12-08T23:15:42.360,0.019,0.005,0.015
2025-12-08T23:15:42.370,0.016,0.029,-0.041
2025-12-08T23:15:42.380,0.017,0.019,-0.056
2025-12-08T23:15:42.390,-0.001,-0.001,-0.037
2025-12-08T23:15:42.400,-0.013,-0.019,0.004
2025-12-08T23:15:42.410,-0.015,-0.009,0.04
2025-12-08T23:15:42.420,-0.014,0.002,0.039
2025-12-08T23:15:42.430,-0.001,0.004,0.009
2025-12-08T23:15:42.440,0.006,0.007,-0.011
2025-12-08T23:15:42.450,0.008,-0.008,-0.009
2025-12-08T23:15:42.460,0.02,-0.009,-0.02
2025-12-08T23:15:42.470,0.013,-0.0,-0.024
2025-12-08T23:15:42.480,-0.012,0.005,-0.004
2025-12-08T23:15:42.490,-0.023,0.012,0.02
2025-12-08T23:15:42.500,-0.012,0.011,0.031
2025-12-08T23:15:42.510,0.002,-0.002,0.016
2025-12-08T23:15:42.520,0.016,-0.012,-0.009
2025-12-08T23:15:42.530,0.018,-0.007,-0.03
2025-12-08T23:15:42.540,0.005,-0.004,-0.016
2025-12-08T23:15:42.550,-0.002,0.007,0.025
2025-12-08T23:15:42.560,-0.008,0.014,0.045
2025-12-08T23:15:42.570,-0.017,0.005,0.026
2025-12-08T23:15:42.580,-0.009,-0.005,-0.02
2025-12-08T23:15:42.590,0.015,-0.009,-0.064
2025-12-08T23:15:42.600,0.02,-0.004,-0.05
2025-12-08T23:15:42.610,0.006,0.0,0.014
2025-12-08T23:15:42.620,-0.012,0.005,0.049
2025-12-08T23:15:42.630,-0.014,-0.001,0.039
2025-12-08T23:15:42.640,-0.005,-0.005,0.014
2025-12-08T23:15:42.650,-0.004,0.002,-0.002
2025-12-08T23:15:42.660,0.004,0.001,-0.01
2025-12-08T23:15:42.670,0.014,0.002,-0.025
2025-12-08T23:15:42.680,0.014,-0.007,-0.032
2025-12-08T23:15:42.690,-0.006,-0.005,-0.016
2025-12-08T23:15:42.700,-0.019,0.013,0.016
2025-12-08T23:15:42.710,-0.002,0.011,0.034
2025-12-08T23:15:42.720,0.004,0.011,0.03
2025-12-08T23:15:42.730,0.01,-0.0,0.012
2025-12-08T23:15:42.740,0.018,-0.025,-0.017
2025-12-08T23:15:42.750,0.002,-0.013,-0.025
2025-12-08T23:15:42.760,-0.015,0.003,-0.008
2025-12-08T23:15:42.770,-0.018,0.006,0.009
2025-12-08T23:15:42.780,-0.002,0.011,0.019
2025-12-08T23:15:42.790,0.017,0.001,0.002
2025-12-08T23:15:42.800,0.007,-0.006,-0.026
2025-12-08T23:15:42.810,-0.005,0.003,-0.012
2025-12-08T23:15:42.820,-0.01,0.01,0.012
2025-12-08T23:15:42.830,-0.011,-0.004,0.02
2025-12-08T23:15:42.840,-0.002,-0.012,0.028
2025-12-08T23:15:42.850,0.004,-0.011,0.005
2025-12-08T23:15:42.860,0.012,-0.008,-0.034
2025-12-08T23:15:42.870,0.013,0.01,-0.038
2025-12-08T23:15:42.880,0.008,0.016,-0.018
2025-12-08T23:15:42.890,-0.005,0.012,0.007
2025-12-08T23:15:42.900,-0.021,0.015,0.037
2025-12-08T23:15:42.910,-0.004,0.002,0.024
2025-12-08T23:15:42.920,0.007,-0.027,-0.004
2025-12-08T23:15:42.930,0.0,-0.032,-0.0
2025-12-08T23:15:42.940,-0.001,-0.011,0.007
2025-12-08T23:15:42.950,0.002,0.018,0.006
2025-12-08T23:15:42.960,0.007,0.032,-0.007
2025-12-08T23:15:42.970,-0.005,0.009,-0.027
2025-12-08T23:15:42.980,-0.011,-0.001,-0.029
2025-12-08T23:15:42.990,-0.002,-0.004,-0.001
2025-12-08T23:15:43.000,0.002,-0.002,0.025
2025-12-08T23:15:43.010,0.01,0.002,0.036
2025-12-08T23:15:43.020,0.01,-0.023,0.022
2025-12-08T23:15:43.030,0.001,-0.007,-0.008
2025-12-08T23:15:43.040,-0.0,0.013,-0.016
2025-12-08T23:15:43.050,-0.001,0.013,-0.024
2025-12-08T23:15:43.060,-0.011,0.009,-0.01
2025-12-08T23:15:43.070,-0.016,-0.011,0.014
2025-12-08T23:15:43.080,-0.004,-0.009,0.012
2025-12-08T23:15:43.090,0.012,-0.003,0.005
2025-12-08T23:15:43.100,0.012,0.016,-0.012
2025-12-08T23:15:43.110,0.009,0.016,-0.02
2025-12-08T23:15:43.120,0.004,-0.015,-0.011
2025-12-08T23:15:43.130,-0.018,-0.023,0.014
2025-12-08T23:15:43.140,-0.023,-0.009,0.028
2025-12-08T23:15:43.150,-0.007,0.022,0.019
2025-12-08T23:15:43.160,0.017,0.025,-0.003
2025-12-08T23:15:43.170,0.027,-0.001,-0.03
2025-12-08T23:15:43.180,0.005,-0.013,-0.019
2025-12-08T23:15:43.190,-0.015,-0.009,0.013
2025-12-08T23:15:43.200,-0.022,-0.002,0.029
2025-12-08T23:15:43.210,-0.02,0.009,0.002
2025-12-08T23:15:43.220,0.007,0.004,-0.032
2025-12-08T23:15:43.230,0.034,-0.008,-0.045
2025-12-08T23:15:43.240,0.027,-0.004,-0.009
2025-12-08T23:15:43.250,-0.003,0.002,0.059
2025-12-08T23:15:43.260,-0.032,0.011,0.055
2025-12-08T23:15:43.270,-0.03,-0.001,0.009
2025-12-08T23:15:43.280,-0.01,-0.005,-0.031
2025-12-08T23:15:43.290,0.012,-0.004,-0.032
2025-12-08T23:15:43.300,0.031,-0.01,-0.012
2025-12-08T23:15:43.310,0.022,0.006,-0.007
2025-12-08T23:15:43.320,0.003,0.004,-0.004
2025-12-08T23:15:43.330,-0.019,0.009,0.009
2025-12-08T23:15:43.340,-0.034,0.009,0.039
2025-12-08T23:15:43.350,-0.02,-0.006,0.031
2025-12-08T23:15:43.360,0.002,-0.007,0.002
2025-12-08T23:15:43.370,0.025,-0.01,-0.034
2025-12-08T23:15:43.380,0.037,-0.002,-0.063
2025-12-08T23:15:43.390,0.014,0.0,-0.018
2025-12-08T23:15:43.400,-0.021,0.009,0.034
2025-12-08T23:15:43.410,-0.034,0.006,0.041
2025-12-08T23:15:43.420,-0.018,0.002,0.015
2025-12-08T23:15:43.430,0.004,0.015,-0.022
2025-12-08T23:15:43.440,0.017,-0.01,-0.012
2025-12-08T23:15:43.450,0.016,-0.02,0.019
2025-12-08T23:15:43.460,0.01,-0.011,0.022
2025-12-08T23:15:43.470,-0.004,0.003,-0.002
2025-12-08T23:15:43.480,-0.018,0.031,-0.039
2025-12-08T23:15:43.490,-0.018,0.022,-0.044
2025-12-08T23:15:43.500,-0.011,-0.007,-0.012
2025-12-08T23:15:43.510,-0.002,-0.028,0.033
2025-12-08T23:15:43.520,0.01,-0.021,0.062
2025-12-08T23:15:43.530,0.014,-0.001,0.035
2025-12-08T23:15:43.540,0.011,0.017,-0.021
2025-12-08T23:15:43.550,0.008,0.021,-0.062
2025-12-08T23:15:43.560,-0.004,0.012,-0.041
2025-12-08T23:15:43.570,-0.012,-0.002,0.015
2025-12-08T23:15:43.580,-0.018,-0.018,0.044
2025-12-08T23:15:43.590,-0.008,-0.015,0.04
2025-12-08T23:15:43.600,0.012,-0.006,0.007
2025-12-08T23:15:43.610,0.019,0.012,-0.023
2025-12-08T23:15:43.620,0.021,0.014,-0.023
2025-12-08T23:15:43.630,-0.003,0.003,-0.011
2025-12-08T23:15:43.640,-0.024,-0.002,-0.004
2025-12-08T23:15:43.650,-0.024,-0.009,0.002
2025-12-08T23:15:43.660,-0.012,0.004,0.002
2025-12-08T23:15:43.670,0.01,0.001,0.007
2025-12-08T23:15:43.680,0.011,0.003,0.022
2025-12-08T23:15:43.690,0.011,0.0,0.012
2025-12-08T23:15:43.700,0.007,-0.015,-0.013
2025-12-08T23:15:43.710,-0.006,0.003,-0.026
2025-12-08T23:15:43.720,-0.009,0.007,-0.019
2025-12-08T23:15:43.730,-0.01,0.007,0.004
2025-12-08T23:15:43.740,0.0,0.007,0.026
2025-12-08T23:15:43.750,0.011,-0.005,0.019
2025-12-08T23:15:43.760,0.011,-0.009,-0.004
2025-12-08T23:15:43.770,0.006,-0.005,-0.015
2025-12-08T23:15:43.780,-0.005,-0.001,-0.021
2025-12-08T23:15:43.790,-0.014,-0.0,-0.0
2025-12-08T23:15:43.800,-0.013,0.012,0.03
2025-12-08T23:15:43.810,-0.004,0.005,0.026
2025-12-08T23:15:43.820,0.004,-0.005,0.002
2025-12-08T23:15:43.830,0.004,-0.004,-0.02
2025-12-08T23:15:43.840,0.007,-0.009,-0.045
2025-12-08T23:15:43.850,0.011,0.004,-0.03
2025-12-08T23:15:43.860,0.004,0.013,0.026
2025-12-08T23:15:43.870,-0.002,0.005,0.046
2025-12-08T23:15:43.880,-0.013,-0.002,0.047
2025-12-08T23:15:43.890,-0.015,-0.003,0.007
2025-12-08T23:15:43.900,0.003,-0.01,-0.052
2025-12-08T23:15:43.910,0.009,-0.005,-0.05
2025-12-08T23:15:43.920,0.012,0.007,-0.024
2025-12-08T23:15:43.930,0.008,-0.004,0.017
2025-12-08T23:15:43.940,-0.01,0.004,0.051
2025-12-08T23:15:43.950,-0.02,0.005,0.038
2025-12-08T23:15:43.960,-0.015,-0.002,0.002
2025-12-08T23:15:43.970,0.002,0.003,-0.037
2025-12-08T23:15:43.980,0.019,-0.004,-0.048
2025-12-08T23:15:43.990,0.026,0.001,-0.02
2025-12-08T23:15:44.000,0.01,0.005,0.028
2025-12-08T23:15:44.010,-0.009,0.003,0.057
2025-12-08T23:15:44.020,-0.018,0.0,0.038
2025-12-08T23:15:44.030,-0.017,-0.005,-0.004
2025-12-08T23:15:44.040,-0.002,0.001,-0.043
2025-12-08T23:15:44.050,0.012,0.001,-0.051
2025-12-08T23:15:44.060,0.016,0.001,-0.021
2025-12-08T23:15:44.070,0.007,0.003,0.022
2025-12-08T23:15:44.080,-0.008,0.0,0.038
2025-12-08T23:15:44.090,-0.014,-0.002,0.013
2025-12-08T23:15:44.100,-0.014,0.001,-0.009
2025-12-08T23:15:44.110,-0.001,0.005,-0.028
2025-12-08T23:15:44.120,0.012,-0.004,-0.02
2025-12-08T23:15:44.130,0.014,-0.001,0.015
2025-12-08T23:15:44.140,0.014,0.0,0.029
2025-12-08T23:15:44.150,-0.003,0.002,0.03
2025-12-08T23:15:44.160,-0.014,0.01,0.0
2025-12-08T23:15:44.170,-0.009,0.001,-0.037
2025-12-08T23:15:44.180,0.002,0.002,-0.039
2025-12-08T23:15:44.190,0.011,0.0,-0.001
2025-12-08T23:15:44.200,0.009,-0.004,0.039
2025-12-08T23:15:44.210,0.003,-0.007,0.038
2025-12-08T23:15:44.220,-0.006,-0.006,0.007
2025-12-08T23:15:44.230,-0.009,0.005,-0.03
2025-12-08T23:15:44.240,-0.005,0.008,-0.037
2025-12-08T23:15:44.250,-0.002,0.012,-0.018
2025-12-08T23:15:44.260,0.005,-0.002,0.016
2025-12-08T23:15:44.270,0.002,-0.009,0.037
2025-12-08T23:15:44.280,0.001,-0.005,0.026
2025-12-08T23:15:44.290,0.003,-0.004,-0.001
2025-12-08T23:15:44.300,0.005,0.007,-0.039
2025-12-08T23:15:44.310,0.006,0.002,-0.037
2025-12-08T23:15:44.320,-0.002,0.003,0.0
2025-12-08T23:15:44.330,-0.002,0.0,0.029
2025-12-08T23:15:44.340,-0.006,-0.0,0.041
2025-12-08T23:15:44.350,-0.007,0.009,0.019
2025-12-08T23:15:44.360,0.009,-0.002,-0.027
2025-12-08T23:15:44.370,0.013,-0.002,-0.045
2025-12-08T23:15:44.380,0.009,-0.007,-0.028
2025-12-08T23:15:44.390,-0.002,-0.006,0.006
2025-12-08T23:15:44.400,-0.011,0.006,0.041
2025-12-08T23:15:44.410,-0.013,0.004,0.043
2025-12-08T23:15:44.420,-0.007,0.004,0.012
2025-12-08T23:15:44.430,0.01,-0.004,-0.021
2025-12-08T23:15:44.440,0.012,-0.005,-0.039
2025-12-08T23:15:44.450,0.005,0.001,-0.033
2025-12-08T23:15:44.460,-0.002,0.004,-0.001
2025-12-08T23:15:44.470,-0.015,0.007,0.029
2025-12-08T23:15:44.480,-0.01,0.003,0.033
2025-12-08T23:15:44.490,0.003,0.0,0.014
2025-12-08T23:15:44.500,0.011,-0.005,-0.014
2025-12-08T23:15:44.510,0.014,-0.011,-0.026
2025-12-08T23:15:44.520,0.009,-0.0,-0.018
2025-12-08T23:15:44.530,0.002,0.008,0.009
2025-12-08T23:15:44.540,-0.009,0.005,0.027
2025-12-08T23:15:44.550,-0.012,0.003,0.023
2025-12-08T23:15:44.560,-0.004,-0.004,0.014
2025-12-08T23:15:44.570,0.003,-0.006,-0.014
2025-12-08T23:15:44.580,0.007,-0.004,-0.029
2025-12-08T23:15:44.590,0.004,0.004,-0.011
2025-12-08T23:15:44.600,0.0,0.009,-0.001
2025-12-08T23:15:44.610,-0.001,0.003,0.012
2025-12-08T23:15:44.620,-0.003,0.004,0.014
2025-12-08T23:15:44.630,-0.003,-0.003,0.001
2025-12-08T23:15:44.640,-0.002,-0.01,-0.005
2025-12-08T23:15:44.650,0.002,-0.004,-0.003
2025-12-08T23:15:44.660,0.009,-0.002,0.005
2025-12-08T23:15:44.670,0.003,-0.0,0.012
2025-12-08T23:15:44.680,0.001,0.002,0.008
2025-12-08T23:15:44.690,0.004,0.006,-0.013
2025-12-08T23:15:44.700,-0.002,0.002,-0.022
2025-12-08T23:15:44.710,-0.003,-0.003,-0.01
2025-12-08T23:15:44.720,-0.005,-0.004,0.011
2025-12-08T23:15:44.730,-0.003,-0.007,0.032
2025-12-08T23:15:44.740,0.002,0.007,0.028
2025-12-08T23:15:44.750,-0.001,0.012,0.003
2025-12-08T23:15:44.760,0.003,0.001,-0.022
2025-12-08T23:15:44.770,0.005,-0.002,-0.025
2025-12-08T23:15:44.780,0.001,-0.005,-0.008
2025-12-08T23:15:44.790,-0.001,-0.005,0.016
2025-12-08T23:15:44.800,-0.005,0.004,0.027
2025-12-08T23:15:44.810,-0.003,0.01,0.008
2025-12-08T23:15:44.820,0.001,0.001,-0.015
2025-12-08T23:15:44.830,0.0,-0.005,-0.021
2025-12-08T23:15:44.840,0.002,-0.006,-0.012
2025-12-08T23:15:44.850,0.005,-0.007,0.009
2025-12-08T23:15:44.860,-0.001,0.005,0.025
2025-12-08T23:15:44.870,-0.007,0.007,0.018
2025-12-08T23:15:44.880,-0.007,0.003,-0.009
2025-12-08T23:15:44.890,-0.003,0.002,-0.027
2025-12-08T23:15:44.900,0.004,-0.001,-0.019
2025-12-08T23:15:44.910,0.009,0.002,0.005
2025-12-08T23:15:44.920,0.007,-0.004,0.027
2025-12-08T23:15:44.930,0.001,-0.004,0.024
2025-12-08T23:15:44.940,-0.005,0.002,0.007
2025-12-08T23:15:44.950,-0.005,-0.004,-0.014
2025-12-08T23:15:44.960,-0.005,-0.003,-0.016
2025-12-08T23:15:44.970,-0.004,0.007,0.004
2025-12-08T23:15:44.980,0.007,0.013,0.005
2025-12-08T23:15:44.990,0.009,0.007,0.006
2025-12-08T23:15:45.000,0.004,-0.004,-0.0
2025-12-08T23:15:45.010,-0.002,-0.011,-0.012
2025-12-08T23:15:45.020,-0.008,-0.015,-0.005
2025-12-08T23:15:45.030,-0.015,-0.002,0.006
2025-12-08T23:15:45.040,-0.007,0.008,0.009
2025-12-08T23:15:45.050,0.011,0.014,-0.001
2025-12-08T23:15:45.060,0.011,0.011,0.0
2025-12-08T23:15:45.070,0.012,-0.011,0.006
2025-12-08T23:15:45.080,0.001,-0.013,0.01
2025-12-08T23:15:45.090,-0.018,-0.002,0.012
2025-12-08T23:15:45.100,-0.017,0.004,-0.009
2025-12-08T23:15:45.110,-0.014,0.011,-0.023
2025-12-08T23:15:45.120,0.005,0.004,-0.026
2025-12-08T23:15:45.130,0.021,-0.008,-0.005
2025-12-08T23:15:45.140,0.014,-0.004,0.032
2025-12-08T23:15:45.150,0.004,-0.002,0.037
2025-12-08T23:15:45.160,-0.009,-0.003,0.03
2025-12-08T23:15:45.170,-0.014,0.007,0.002
2025-12-08T23:15:45.180,-0.012,0.007,-0.032
2025-12-08T23:15:45.190,0.001,0.001,-0.043
2025-12-08T23:15:45.200,0.01,-0.003,-0.032
2025-12-08T23:15:45.210,0.007,-0.009,0.005
2025-12-08T23:15:45.220,0.008,-0.001,0.034
2025-12-08T23:15:45.230,-0.002,0.0,0.055
2025-12-08T23:15:45.240,-0.008,0.001,0.028
2025-12-08T23:15:45.250,-0.007,0.001,-0.019
2025-12-08T23:15:45.260,-0.011,-0.005,-0.042
2025-12-08T23:15:45.270,-0.002,0.007,-0.044
2025-12-08T23:15:45.280,0.002,0.007,0.0
2025-12-08T23:15:45.290,0.012,0.004,0.024
2025-12-08T23:15:45.300,0.014,-0.001,0.034
2025-12-08T23:15:45.310,-0.004,-0.012,0.013
2025-12-08T23:15:45.320,-0.009,-0.009,-0.023
2025-12-08T23:15:45.330,-0.011,0.001,-0.006
2025-12-08T23:15:45.340,-0.005,0.016,0.009
2025-12-08T23:15:45.350,0.007,0.013,0.02
2025-12-08T23:15:45.360,0.016,0.005,0.003
2025-12-08T23:15:45.370,0.013,-0.009,-0.027
2025-12-08T23:15:45.380,-0.009,-0.014,-0.021
2025-12-08T23:15:45.390,-0.019,0.002,-0.007
2025-12-08T23:15:45.400,-0.015,0.001,0.023
2025-12-08T23:15:45.410,-0.002,0.007,0.03
2025-12-08T23:15:45.420,0.012,0.005,0.007
2025-12-08T23:15:45.430,0.012,-0.003,-0.019
2025-12-08T23:15:45.440,0.005,-0.004,-0.026
2025-12-08T23:15:45.450,-0.006,-0.007,-0.006
2025-12-08T23:15:45.460,-0.005,0.002,0.009
2025-12-08T23:15:45.470,-0.006,0.007,0.021
2025-12-08T23:15:45.480,-0.005,0.007,0.008
2025-12-08T23:15:45.490,0.003,-0.0,-0.016
2025-12-08T23:15:45.500,0.002,-0.006,-0.011
2025-12-08T23:15:45.510,0.005,-0.007,-0.003
2025-12-08T23:15:45.520,0.007,0.0,0.012
2025-12-08T23:15:45.530,-0.001,0.008,0.016
2025-12-08T23:15:45.540,-0.006,-0.0,0.001
2025-12-08T23:15:45.550,-0.009,0.005,-0.014
2025-12-08T23:15:45.560,-0.007,-0.003,-0.016
2025-12-08T23:15:45.570,-0.001,-0.005,0.004
2025-12-08T23:15:45.580,0.01,0.003,0.017
2025-12-08T23:15:45.590,0.015,-0.004,0.009
2025-12-08T23:15:45.600,0.008,0.003,-0.006
2025-12-08T23:15:45.610,-0.006,-0.002,-0.005
2025-12-08T23:15:45.620,-0.019,-0.002,0.003
2025-12-08T23:15:45.630,-0.01,-0.003,0.016
2025-12-08T23:15:45.640,0.002,0.0,0.015
2025-12-08T23:15:45.650,0.012,0.007,-0.021
2025-12-08T23:15:45.660,0.015,-0.001,-0.035
2025-12-08T23:15:45.670,0.0,0.005,-0.023
2025-12-08T23:15:45.680,-0.007,-0.002,0.004
2025-12-08T23:15:45.690,-0.015,-0.007,0.038
2025-12-08T23:15:45.700,-0.014,-0.0,0.036
2025-12-08T23:15:45.710,0.007,-0.005,0.004
2025-12-08T23:15:45.720,0.011,0.004,-0.03
2025-12-08T23:15:45.730,0.005,0.012,-0.025
2025-12-08T23:15:45.740,0.005,0.003,-0.004
2025-12-08T23:15:45.750,0.003,-0.005,0.006
2025-12-08T23:15:45.760,-0.007,-0.003,0.016
2025-12-08T23:15:45.770,-0.008,-0.002,0.016
2025-12-08T23:15:45.780,-0.003,0.002,0.005
2025-12-08T23:15:45.790,-0.001,0.006,-0.006
2025-12-08T23:15:45.800,0.007,0.003,-0.008
2025-12-08T23:15:45.810,0.006,-0.001,-0.006
2025-12-08T23:15:45.820,0.003,-0.007,-0.002
2025-12-08T23:15:45.830,0.004,0.0,-0.002
2025-12-08T23:15:45.840,0.001,0.003,-0.007
2025-12-08T23:15:45.850,-0.01,0.001,0.0
2025-12-08T23:15:45.860,-0.014,0.002,0.015
2025-12-08T23:15:45.870,-0.002,-0.009,0.021
2025-12-08T23:15:45.880,0.008,-0.004,0.007
2025-12-08T23:15:45.890,0.013,0.004,-0.016
2025-12-08T23:15:45.900,0.008,0.005,-0.025
2025-12-08T23:15:45.910,-0.003,0.006,-0.018
2025-12-08T23:15:45.920,-0.012,-0.001,0.003
2025-12-08T23:15:45.930,-0.014,-0.003,0.021
2025-12-08T23:15:45.940,-0.004,-0.005,0.02
2025-12-08T23:15:45.950,0.004,-0.003,0.004
2025-12-08T23:15:45.960,0.015,0.005,-0.013
2025-12-08T23:15:45.970,0.014,0.006,-0.014
2025-12-08T23:15:45.980,-0.002,0.003,-0.002
2025-12-08T23:15:45.990,-0.012,-0.006,0.008
2025-12-08T23:15:46.000,-0.014,-0.007,0.016
2025-12-08T23:15:46.010,-0.003,0.004,0.008
2025-12-08T23:15:46.020,0.01,0.009,-0.011
2025-12-08T23:15:46.030,0.015,0.007,-0.02
2025-12-08T23:15:46.040,0.01,0.0,-0.015
2025-12-08T23:15:46.050,-0.004,-0.013,0.004
2025-12-08T23:15:46.060,-0.016,-0.011,0.026
2025-12-08T23:15:46.070,-0.015,0.0,0.027
2025-12-08T23:15:46.080,-0.002,0.005,-0.0
2025-12-08T23:15:46.090,0.013,0.013,-0.024
2025-12-08T23:15:46.100,0.015,0.006,-0.037
2025-12-08T23:15:46.110,0.005,-0.01,-0.023
2025-12-08T23:15:46.120,-0.005,-0.011,0.019
2025-12-08T23:15:46.130,-0.012,-0.007,0.041
2025-12-08T23:15:46.140,-0.01,0.0,0.035
2025-12-08T23:15:46.150,0.002,0.011,0.002
2025-12-08T23:15:46.160,0.011,0.007,-0.04
2025-12-08T23:15:46.170,0.01,-0.002,-0.043
2025-12-08T23:15:46.180,0.0,-0.005,-0.01
2025-12-08T23:15:46.190,-0.007,-0.007,0.027
2025-12-08T23:15:46.200,-0.007,-0.002,0.046
2025-12-08T23:15:46.210,-0.003,0.007,0.023
2025-12-08T23:15:46.220,0.007,0.011,-0.017
2025-12-08T23:15:46.230,0.011,0.004,-0.034
2025-12-08T23:15:46.240,0.003,-0.005,-0.025
2025-12-08T23:15:46.250,-0.008,-0.005,0.004
2025-12-08T23:15:46.260,-0.009,-0.003,0.034
2025-12-08T23:15:46.270,0.001,-0.003,0.023
2025-12-08T23:15:46.280,0.005,0.0,-0.012
2025-12-08T23:15:46.290,0.003,0.006,-0.024
2025-12-08T23:15:46.300,-0.004,0.004,-0.023
2025-12-08T23:15:46.310,-0.003,-0.009,-0.001
2025-12-08T23:15:46.320,-0.004,-0.003,0.023
2025-12-08T23:15:46.330,0.0,-0.002,0.014
2025-12-08T23:15:46.340,0.008,-0.0,-0.004
2025-12-08T23:15:46.350,0.001,0.01,-0.016
2025-12-08T23:15:46.360,0.0,-0.004,-0.014
2025-12-08T23:15:46.370,-0.002,-0.005,0.003
2025-12-08T23:15:46.380,-0.007,0.002,0.02
2025-12-08T23:15:46.390,0.0,0.001,0.013
2025-12-08T23:15:46.400,0.004,0.005,-0.004
2025-12-08T23:15:46.410,0.008,-0.003,-0.018
2025-12-08T23:15:46.420,0.006,-0.007,-0.011
2025-12-08T23:15:46.430,-0.005,0.005,0.015
2025-12-08T23:15:46.440,-0.003,0.004,0.019
2025-12-08T23:15:46.450,0.001,-0.004,0.004
2025-12-08T23:15:46.460,-0.0,0.003,-0.022
2025-12-08T23:15:46.470,-0.0,0.004,-0.02
2025-12-08T23:15:46.480,0.002,-0.006,-0.006
2025-12-08T23:15:46.490,-0.002,0.001,0.015
2025-12-08T23:15:46.500,-0.002,0.005,0.032
2025-12-08T23:15:46.510,0.009,-0.002,-0.003
2025-12-08T23:15:46.520,-0.003,-0.002,-0.015
2025-12-08T23:15:46.530,-0.002,-0.004,-0.02
2025-12-08T23:15:46.540,0.001,-0.004,-0.015
2025-12-08T23:15:46.550,-0.009,0.006,0.02
2025-12-08T23:15:46.560,0.005,0.004,0.012
2025-12-08T23:15:46.570,0.004,-0.004,0.001
2025-12-08T23:15:46.580,0.003,-0.005,-0.007
2025-12-08T23:15:46.590,-0.0,-0.002,-0.009
2025-12-08T23:15:46.600,-0.007,0.002,0.005
2025-12-08T23:15:46.610,0.003,0.007,0.001
2025-12-08T23:15:46.620,-0.002,0.011,0.008
2025-12-08T23:15:46.630,0.004,-0.003,-0.0
2025-12-08T23:15:46.640,0.0,-0.007,-0.006
2025-12-08T23:15:46.650,-0.001,-0.009,0.001
2025-12-08T23:15:46.660,0.005,-0.004,-0.005
2025-12-08T23:15:46.670,-0.001,0.006,0.011
2025-12-08T23:15:46.680,0.007,0.006,-0.0
2025-12-08T23:15:46.690,-0.005,0.011,-0.011
2025-12-08T23:15:46.700,-0.002,-0.005,-0.002
2025-12-08T23:15:46.710,-0.001,-0.009,-0.007
2025-12-08T23:15:46.720,-0.01,-0.006,0.015
2025-12-08T23:15:46.730,0.007,-0.004,0.011
2025-12-08T23:15:46.740,0.002,0.012,0.005
2025-12-08T23:15:46.750,0.006,0.003,-0.009
2025-12-08T23:15:46.760,0.005,-0.003,-0.023
2025-12-08T23:15:46.770,-0.01,0.002,0.002
2025-12-08T23:15:46.780,-0.002,0.004,0.0
2025-12-08T23:15:46.790,-0.0,-0.002,0.016
2025-12-08T23:15:46.800,0.006,0.0,0.012
2025-12-08T23:15:46.810,0.01,0.006,-0.004
2025-12-08T23:15:46.820,0.006,-0.007,-0.001
2025-12-08T23:15:46.830,0.002,-0.004,-0.007
2025-12-08T23:15:46.840,-0.009,-0.001,0.01
2025-12-08T23:15:46.850,-0.008,-0.001,-0.002
2025-12-08T23:15:46.860,-0.003,0.002,-0.004
2025-12-08T23:15:46.870,0.001,0.002,0.004
2025-12-08T23:15:46.880,0.007,0.003,-0.013
2025-12-08T23:15:46.890,0.005,-0.007,-0.004
2025-12-08T23:15:46.900,-0.001,0.002,0.007
2025-12-08T23:15:46.910,-0.006,0.002,0.008
2025-12-08T23:15:46.920,-0.002,-0.007,0.001
2025-12-08T23:15:46.930,0.0,0.009,-0.002
2025-12-08T23:15:46.940,0.002,0.004,-0.005
2025-12-08T23:15:46.950,0.005,-0.008,-0.004
2025-12-08T23:15:46.960,-0.002,0.003,0.014
2025-12-08T23:15:46.970,0.0,-0.002,0.006
2025-12-08T23:15:46.980,0.003,-0.002,-0.014
2025-12-08T23:15:46.990,-0.003,0.009,-0.004
2025-12-08T23:15:47.000,0.001,-0.001,0.002
2025-12-08T23:15:47.010,0.002,-0.002,-0.0
2025-12-08T23:15:47.020,-0.004,0.002,0.019
2025-12-08T23:15:47.030,-0.001,0.0,0.006
2025-12-08T23:15:47.040,0.003,-0.004,-0.008
2025-12-08T23:15:47.050,-0.001,-0.004,-0.0
2025-12-08T23:15:47.060,0.005,0.002,-0.014
2025-12-08T23:15:47.070,-0.001,0.003,0.003
2025-12-08T23:15:47.080,-0.003,0.006,0.006
2025-12-08T23:15:47.090,0.001,-0.007,-0.005
2025-12-08T23:15:47.100,-0.008,-0.004,0.012
2025-12-08T23:15:47.110,0.002,-0.001,0.004
2025-12-08T23:15:47.120,0.003,-0.007,-0.004
2025-12-08T23:15:47.130,0.001,0.01,-0.005
2025-12-08T23:15:47.140,0.005,0.001,-0.012
2025-12-08T23:15:47.150,-0.003,-0.004,-0.008
2025-12-08T23:15:47.160,-0.008,0.008,0.007
2025-12-08T23:15:47.170,-0.0,-0.005,0.011
2025-12-08T23:15:47.180,0.003,-0.006,0.004
2025-12-08T23:15:47.190,-0.0,0.005,0.005
2025-12-08T23:15:47.200,0.009,-0.007,-0.006
2025-12-08T23:15:47.210,0.004,-0.004,-0.01
2025-12-08T23:15:47.220,-0.005,0.014,0.01
2025-12-08T23:15:47.230,-0.002,-0.004,0.009
2025-12-08T23:15:47.240,-0.005,-0.004,0.005
2025-12-08T23:15:47.250,-0.005,0.008,0.005
2025-12-08T23:15:47.260,0.007,-0.005,-0.024
2025-12-08T23:15:47.270,0.005,0.0,-0.021
2025-12-08T23:15:47.280,-0.004,0.009,0.01
2025-12-08T23:15:47.290,0.004,-0.009,0.003
2025-12-08T23:15:47.300,-0.007,-0.007,0.014
2025-12-08T23:15:47.310,-0.007,0.009,0.023
2025-12-08T23:15:47.320,0.005,-0.007,-0.014
2025-12-08T23:15:47.330,0.002,0.0,-0.016
2025-12-08T23:15:47.340,0.006,0.011,0.003
2025-12-08T23:15:47.350,0.002,-0.011,-0.011
2025-12-08T23:15:47.360,-0.0,-0.004,0.006
2025-12-08T23:15:47.370,-0.004,0.011,0.022
2025-12-08T23:15:47.380,-0.001,-0.008,-0.01
2025-12-08T23:15:47.390,-0.0,0.0,-0.007
2025-12-08T23:15:47.400,0.0,0.013,0.004
2025-12-08T23:15:47.410,0.012,-0.009,-0.016
2025-12-08T23:15:47.420,-0.002,0.003,0.009
2025-12-08T23:15:47.430,-0.004,0.009,0.024
2025-12-08T23:15:47.440,-0.0,-0.011,-0.008
2025-12-08T23:15:47.450,-0.002,0.001,0.004
2025-12-08T23:15:47.460,0.001,0.004,-0.004
2025-12-08T23:15:47.470,-0.0,-0.007,-0.017
2025-12-08T23:15:47.480,0.0,0.001,0.006
2025-12-08T23:15:47.490,-0.002,0.01,0.004
2025-12-08T23:15:47.500,0.005,-0.01,-0.005
2025-12-08T23:15:47.510,-0.002,-0.005,-0.003
2025-12-08T23:15:47.520,-0.005,0.007,0.007
2025-12-08T23:15:47.530,0.002,-0.006,-0.006
2025-12-08T23:15:47.540,-0.002,0.009,0.006
2025-12-08T23:15:47.550,-0.002,0.004,0.014
2025-12-08T23:15:47.560,0.002,-0.003,-0.018
2025-12-08T23:15:47.570,0.004,0.002,-0.002
2025-12-08T23:15:47.580,0.001,-0.005,-0.001
2025-12-08T23:15:47.590,0.001,0.0,-0.004
2025-12-08T23:15:47.600,-0.003,-0.003,0.015
2025-12-08T23:15:47.610,-0.003,0.007,0.01
2025-12-08T23:15:47.620,0.004,0.005,0.001
2025-12-08T23:15:47.630,0.0,-0.001,-0.006
2025-12-08T23:15:47.640,0.0,0.002,-0.009
2025-12-08T23:15:47.650,0.001,-0.006,-0.015
2025-12-08T23:15:47.660,-0.005,0.002,-0.007
2025-12-08T23:15:47.670,-0.004,0.003,0.002
2025-12-08T23:15:47.680,0.002,-0.004,-0.004
2025-12-08T23:15:47.690,-0.004,0.002,0.003
2025-12-08T23:15:47.700,0.003,-0.002,0.003
2025-12-08T23:15:47.710,0.002,-0.005,-0.002
2025-12-08T23:15:47.720,-0.005,0.005,-0.001
2025-12-08T23:15:47.730,0.002,-0.001,-0.003
2025-12-08T23:15:47.740,-0.008,0.004,-0.012
2025-12-08T23:15:47.750,0.0,0.004,-0.009
2025-12-08T23:15:47.760,0.006,-0.005,-0.005
2025-12-08T23:15:47.770,0.0,0.005,-0.004
2025-12-08T23:15:47.780,0.006,-0.004,0.006
2025-12-08T23:15:47.790,-0.001,0.002,-0.004
2025-12-08T23:15:47.800,-0.004,0.002,-0.004
2025-12-08T23:15:47.810,-0.007,0.002,0.0
2025-12-08T23:15:47.820,-0.005,0.004,-0.015
2025-12-08T23:15:47.830,0.003,-0.007,-0.019
2025-12-08T23:15:47.840,-0.002,0.005,-0.013
2025-12-08T23:15:47.850,0.002,-0.007,-0.013
2025-12-08T23:15:47.860,0.002,-0.002,-0.012
2025-12-08T23:15:47.870,-0.007,0.002,0.002
2025-12-08T23:15:47.880,-0.002,-0.004,-0.012
2025-12-08T23:15:47.890,-0.004,0.006,-0.021
2025-12-08T23:15:47.900,-0.005,-0.002,-0.016
2025-12-08T23:15:47.910,0.002,0.002,-0.027
2025-12-08T23:15:47.920,-0.002,0.0,-0.025
2025-12-08T23:15:47.930,-0.004,0.002,-0.027
2025-12-08T23:15:47.940,-0.003,0.0,-0.024
2025-12-08T23:15:47.950,-0.006,-0.001,-0.027
2025-12-08T23:15:47.960,-0.007,0.002,-0.021
2025-12-08T23:15:47.970,-0.011,-0.004,-0.02
2025-12-08T23:15:47.980,-0.006,0.005,-0.035
2025-12-08T23:15:47.990,-0.001,-0.002,-0.026
2025-12-08T23:15:48.000,0.0,-0.003,-0.015
2025-12-08T23:15:48.010,0.002,0.001,0.016
2025-12-08T23:15:48.020,-0.002,-0.001,0.044
2025-12-08T23:15:48.030,-0.002,0.003,0.039
2025-12-08T23:15:48.040,0.001,0.003,0.022
2025-12-08T23:15:48.050,-0.001,0.004,-0.005
2025-12-08T23:15:48.060,0.001,-0.006,-0.034
2025-12-08T23:15:48.070,0.0,-0.002,-0.03
2025-12-08T23:15:48.080,-0.0,0.0,-0.014
2025-12-08T23:15:48.090,-0.001,-0.005,-0.009
2025-12-08T23:15:48.100,-0.007,0.005,0.013
2025-12-08T23:15:48.110,-0.006,0.002,0.003
2025-12-08T23:15:48.120,-0.003,-0.006,-0.025
2025-12-08T23:15:48.130,-0.006,0.003,-0.032
2025-12-08T23:15:48.140,-0.006,0.002,-0.027
2025-12-08T23:15:48.150,-0.003,-0.005,0.012
2025-12-08T23:15:48.160,-0.001,0.004,0.077
2025-12-08T23:15:48.170,0.003,-0.001,0.107
2025-12-08T23:15:48.180,0.005,-0.004,0.082
2025-12-08T23:15:48.190,0.009,0.006,0.052
2025-12-08T23:15:48.200,0.013,0.002,0.022
2025-12-08T23:15:48.210,0.012,0.007,0.024
2025-12-08T23:15:48.220,0.007,0.004,0.046
2025-12-08T23:15:48.230,0.002,0.003,0.038
2025-12-08T23:15:48.240,0.001,0.005,0.043
2025-12-08T23:15:48.250,-0.005,0.007,0.037
2025-12-08T23:15:48.260,-0.004,0.011,-0.001
2025-12-08T23:15:48.270,0.0,0.005,-0.05
2025-12-08T23:15:48.280,-0.005,0.004,-0.082
2025-12-08T23:15:48.290,-0.006,-0.011,-0.062
2025-12-08T23:15:48.300,-0.01,-0.012,-0.012
2025-12-08T23:15:48.310,-0.009,-0.007,0.041
2025-12-08T23:15:48.320,-0.001,-0.011,0.068
2025-12-08T23:15:48.330,0.001,0.002,0.081
2025-12-08T23:15:48.340,0.004,0.002,0.104
2025-12-08T23:15:48.350,0.01,-0.002,0.125
2025-12-08T23:15:48.360,0.014,0.0,0.133
2025-12-08T23:15:48.370,0.013,-0.006,0.105
2025-12-08T23:15:48.380,0.016,-0.008,0.057
2025-12-08T23:15:48.390,0.02,0.006,0.059
2025-12-08T23:15:48.400,0.019,0.021,0.096
2025-12-08T23:15:48.410,0.016,0.017,0.139
2025-12-08T23:15:48.420,0.018,0.001,0.171
2025-12-08T23:15:48.430,0.027,-0.009,0.167
2025-12-08T23:15:48.440,0.025,-0.004,0.144
2025-12-08T23:15:48.450,0.021,-0.011,0.098
2025-12-08T23:15:48.460,0.022,-0.015,0.055
2025-12-08T23:15:48.470,0.014,0.001,0.037
2025-12-08T23:15:48.480,-0.0,0.002,0.029
2025-12-08T23:15:48.490,-0.008,-0.012,0.035
2025-12-08T23:15:48.500,-0.005,-0.012,0.035
2025-12-08T23:15:48.510,0.004,-0.011,0.042
2025-12-08T23:15:48.520,0.016,-0.014,0.062
2025-12-08T23:15:48.530,0.009,-0.004,0.098
2025-12-08T23:15:48.540,0.004,-0.009,0.128
2025-12-08T23:15:48.550,0.0,-0.012,0.105
2025-12-08T23:15:48.560,-0.014,0.016,0.03
2025-12-08T23:15:48.570,-0.019,0.03,-0.094
2025-12-08T23:15:48.580,-0.025,0.041,-0.232
2025-12-08T23:15:48.590,-0.019,0.044,-0.282
2025-12-08T23:15:48.600,-0.011,0.036,-0.215
2025-12-08T23:15:48.610,-0.021,0.037,-0.111
2025-12-08T23:15:48.620,-0.028,0.026,-0.064
2025-12-08T23:15:48.630,-0.022,0.007,-0.103
2025-12-08T23:15:48.640,-0.022,0.002,-0.164
2025-12-08T23:15:48.650,-0.03,0.009,-0.192
2025-12-08T23:15:48.660,-0.032,0.0,-0.173
2025-12-08T23:15:48.670,-0.032,-0.021,-0.117
2025-12-08T23:15:48.680,-0.027,-0.024,-0.029
2025-12-08T23:15:48.690,-0.021,-0.02,0.105
2025-12-08T23:15:48.700,-0.004,-0.021,0.198
2025-12-08T23:15:48.710,0.023,-0.011,0.211
2025-12-08T23:15:48.720,0.038,-0.005,0.166
2025-12-08T23:15:48.730,0.039,-0.019,0.089
2025-12-08T23:15:48.740,0.027,-0.02,0.021
2025-12-08T23:15:48.750,0.032,-0.012,-0.03
2025-12-08T23:15:48.760,0.037,0.005,0.007
2025-12-08T23:15:48.770,0.047,0.034,0.114
2025-12-08T23:15:48.780,0.049,0.038,0.232
2025-12-08T23:15:48.790,0.036,0.026,0.288
2025-12-08T23:15:48.800,0.041,0.014,0.2
2025-12-08T23:15:48.810,0.024,0.002,0.046
2025-12-08T23:15:48.820,-0.002,-0.009,-0.095
2025-12-08T23:15:48.830,-0.02,0.0,-0.193
2025-12-08T23:15:48.840,-0.04,0.014,-0.26
2025-12-08T23:15:48.850,-0.026,0.012,-0.286
2025-12-08T23:15:48.860,-0.036,0.034,-0.241
2025-12-08T23:15:48.870,-0.065,0.05,-0.186
2025-12-08T23:15:48.880,-0.059,0.053,-0.221
2025-12-08T23:15:48.890,-0.043,0.055,-0.375
2025-12-08T23:15:48.900,-0.044,0.041,-0.519
2025-12-08T23:15:48.910,-0.05,0.038,-0.542
2025-12-08T23:15:48.920,-0.045,0.043,-0.403
2025-12-08T23:15:48.930,-0.034,0.065,-0.168
2025-12-08T23:15:48.940,-0.007,0.082,-0.005
2025-12-08T23:15:48.950,0.027,0.066,0.066
2025-12-08T23:15:48.960,0.03,0.058,0.092
2025-12-08T23:15:48.970,0.007,0.051,0.014
2025-12-08T23:15:48.980,-0.006,0.023,-0.139
2025-12-08T23:15:48.990,0.005,-0.025,-0.202
2025-12-08T23:15:49.000,0.017,-0.038,-0.126
2025-12-08T23:15:49.010,0.009,-0.001,-0.043
2025-12-08T23:15:49.020,0.007,0.004,-0.027
2025-12-08T23:15:49.030,0.024,-0.017,-0.052
2025-12-08T23:15:49.040,0.05,-0.018,0.034
2025-12-08T23:15:49.050,0.059,-0.029,0.348
2025-12-08T23:15:49.060,0.057,-0.064,0.652
2025-12-08T23:15:49.070,0.084,-0.074,0.703
2025-12-08T23:15:49.080,0.106,-0.054,0.469
2025-12-08T23:15:49.090,0.111,-0.038,0.034
2025-12-08T23:15:49.100,0.105,0.016,-0.294
2025-12-08T23:15:49.110,0.07,0.065,-0.269
2025-12-08T23:15:49.120,0.034,0.048,0.025
2025-12-08T23:15:49.130,0.02,0.04,0.319
2025-12-08T23:15:49.140,0.003,0.024,0.404
2025-12-08T23:15:49.150,-0.028,-0.005,0.235
2025-12-08T23:15:49.160,-0.027,0.037,0.016
2025-12-08T23:15:49.170,-0.007,0.092,-0.05
2025-12-08T23:15:49.180,0.002,0.098,-0.091
2025-12-08T23:15:49.190,0.003,0.103,-0.198
2025-12-08T23:15:49.200,-0.015,0.114,-0.281
2025-12-08T23:15:49.210,-0.019,0.077,-0.241
2025-12-08T23:15:49.220,-0.02,0.064,-0.072
2025-12-08T23:15:49.230,-0.041,0.107,0.099
2025-12-08T23:15:49.240,-0.062,0.073,0.115
2025-12-08T23:15:49.250,-0.062,0.012,-0.054
2025-12-08T23:15:49.260,-0.031,-0.007,-0.164
2025-12-08T23:15:49.270,0.006,-0.035,-0.103
2025-12-08T23:15:49.280,0.04,-0.048,0.014
2025-12-08T23:15:49.290,0.075,-0.037,0.148
2025-12-08T23:15:49.300,0.078,-0.039,0.261
2025-12-08T23:15:49.310,0.046,-0.049,0.337
2025-12-08T23:15:49.320,0.002,-0.036,0.339
2025-12-08T23:15:49.330,-0.046,-0.066,0.251
2025-12-08T23:15:49.340,-0.042,-0.12,0.099
2025-12-08T23:15:49.350,0.018,-0.112,-0.017
2025-12-08T23:15:49.360,0.035,-0.074,0.03
2025-12-08T23:15:49.370,0.027,-0.047,0.121
2025-12-08T23:15:49.380,0.03,-0.03,0.237
2025-12-08T23:15:49.390,0.014,0.003,0.408
2025-12-08T23:15:49.400,-0.005,0.002,0.423
2025-12-08T23:15:49.410,-0.021,-0.02,0.241
2025-12-08T23:15:49.420,-0.022,-0.009,-0.015
2025-12-08T23:15:49.430,0.001,0.013,-0.223
2025-12-08T23:15:49.440,0.023,0.024,-0.192
2025-12-08T23:15:49.450,-0.001,-0.025,0.111
2025-12-08T23:15:49.460,-0.042,-0.069,0.397
2025-12-08T23:15:49.470,-0.037,-0.057,0.452
2025-12-08T23:15:49.480,-0.042,-0.02,0.282
2025-12-08T23:15:49.490,-0.033,0.029,-0.079
2025-12-08T23:15:49.500,0.011,0.043,-0.355
2025-12-08T23:15:49.510,0.007,0.055,-0.325
2025-12-08T23:15:49.520,0.003,0.052,-0.154
2025-12-08T23:15:49.530,0.011,0.055,0.023
2025-12-08T23:15:49.540,0.02,0.079,0.224
2025-12-08T23:15:49.550,0.02,0.027,0.454
2025-12-08T23:15:49.560,-0.016,-0.026,0.622
2025-12-08T23:15:49.570,-0.014,-0.067,0.646
2025-12-08T23:15:49.580,-0.03,-0.095,0.365
2025-12-08T23:15:49.590,-0.089,-0.016,-0.306
2025-12-08T23:15:49.600,-0.114,0.077,-1.057
2025-12-08T23:15:49.610,-0.127,0.137,-1.538
2025-12-08T23:15:49.620,-0.107,0.17,-1.41
2025-12-08T23:15:49.630,-0.11,0.138,-0.628
2025-12-08T23:15:49.640,-0.156,0.038,0.206
2025-12-08T23:15:49.650,-0.113,-0.102,0.487
2025-12-08T23:15:49.660,-0.01,-0.167,0.157
2025-12-08T23:15:49.670,0.041,-0.16,-0.247
2025-12-08T23:15:49.680,0.046,-0.154,-0.225
2025-12-08T23:15:49.690,0.005,-0.132,0.193
2025-12-08T23:15:49.700,-0.046,-0.107,0.478
2025-12-08T23:15:49.710,-0.048,-0.065,0.059
2025-12-08T23:15:49.720,-0.066,-0.014,-0.735
2025-12-08T23:15:49.730,-0.118,0.034,-1.131
2025-12-08T23:15:49.740,-0.13,0.091,-0.832
2025-12-08T23:15:49.750,-0.053,0.046,0.001
2025-12-08T23:15:49.760,0.029,-0.06,0.801
2025-12-08T23:15:49.770,0.049,-0.085,1.102
2025-12-08T23:15:49.780,0.08,-0.082,0.919
2025-12-08T23:15:49.790,0.171,-0.05,0.511
2025-12-08T23:15:49.800,0.291,0.039,0.212
2025-12-08T23:15:49.810,0.277,0.119,0.13
2025-12-08T23:15:49.820,0.128,0.133,0.184
2025-12-08T23:15:49.830,0.012,0.087,0.343
2025-12-08T23:15:49.840,-0.057,0.101,0.409
2025-12-08T23:15:49.850,-0.055,0.119,0.075
2025-12-08T23:15:49.860,-0.006,0.029,-0.697
2025-12-08T23:15:49.870,0.059,-0.034,-1.344
2025-12-08T23:15:49.880,0.113,-0.01,-1.157
2025-12-08T23:15:49.890,0.039,0.047,-0.243
2025-12-08T23:15:49.900,-0.032,0.059,0.703
2025-12-08T23:15:49.910,-0.03,0.071,1.022
2025-12-08T23:15:49.920,-0.039,0.223,0.56
2025-12-08T23:15:49.930,0.011,0.315,-0.204
2025-12-08T23:15:49.940,0.102,0.254,-0.804
2025-12-08T23:15:49.950,0.132,0.277,-1.035
2025-12-08T23:15:49.960,0.052,0.296,-1.056
2025-12-08T23:15:49.970,-0.056,0.102,-1.006
2025-12-08T23:15:49.980,-0.051,-0.102,-0.654
2025-12-08T23:15:49.990,-0.004,-0.106,0.028
2025-12-08T23:15:50.000,-0.029,-0.098,0.804
2025-12-08T23:15:50.010,-0.106,-0.137,1.273
2025-12-08T23:15:50.020,-0.187,-0.127,1.147
2025-12-08T23:15:50.030,-0.177,-0.202,0.497
2025-12-08T23:15:50.040,0.005,-0.301,-0.42
2025-12-08T23:15:50.050,0.167,-0.225,-1.055
2025-12-08T23:15:50.060,0.121,-0.084,-1.118
2025-12-08T23:15:50.070,0.05,-0.063,-0.748
2025-12-08T23:15:50.080,0.084,-0.129,-0.148
2025-12-08T23:15:50.090,0.073,-0.136,0.212
2025-12-08T23:15:50.100,-0.01,-0.101,0.067
2025-12-08T23:15:50.110,-0.013,-0.057,-0.136
2025-12-08T23:15:50.120,0.05,0.073,0.086
2025-12-08T23:15:50.130,0.045,0.158,0.623
2025-12-08T23:15:50.140,0.021,0.11,1.124
2025-12-08T23:15:50.150,0.064,0.113,1.425
2025-12-08T23:15:50.160,0.06,0.246,1.278
2025-12-08T23:15:50.170,-0.014,0.37,0.414
2025-12-08T23:15:50.180,0.022,0.271,-0.773
2025-12-08T23:15:50.190,0.161,0.069,-1.388
2025-12-08T23:15:50.200,0.187,0.045,-1.111
2025-12-08T23:15:50.210,0.074,0.096,-0.53
2025-12-08T23:15:50.220,-0.013,0.128,-0.296
2025-12-08T23:15:50.230,0.025,0.205,-0.348
2025-12-08T23:15:50.240,0.111,0.223,-0.045
2025-12-08T23:15:50.250,0.1,0.137,0.932
2025-12-08T23:15:50.260,0.045,-0.017,1.782
2025-12-08T23:15:50.270,-0.004,-0.196,1.42
2025-12-08T23:15:50.280,-0.032,-0.297,-0.063
2025-12-08T23:15:50.290,-0.026,-0.364,-1.614
2025-12-08T23:15:50.300,-0.052,-0.384,-2.239
2025-12-08T23:15:50.310,-0.091,-0.282,-1.507
2025-12-08T23:15:50.320,-0.203,-0.166,0.055
2025-12-08T23:15:50.330,-0.333,-0.141,1.168
2025-12-08T23:15:50.340,-0.312,-0.172,1.035
2025-12-08T23:15:50.350,-0.172,-0.157,0.106
2025-12-08T23:15:50.360,-0.027,-0.073,-0.514
2025-12-08T23:15:50.370,0.032,0.067,-0.32
2025-12-08T23:15:50.380,0.001,0.118,0.38
2025-12-08T23:15:50.390,-0.086,0.034,0.935
2025-12-08T23:15:50.400,-0.145,0.039,0.698
2025-12-08T23:15:50.410,-0.148,0.136,-0.192
2025-12-08T23:15:50.420,-0.11,0.175,-0.827
2025-12-08T23:15:50.430,-0.047,0.125,-0.425
2025-12-08T23:15:50.440,-0.076,0.05,0.84
2025-12-08T23:15:50.450,-0.225,-0.06,1.861
2025-12-08T23:15:50.460,-0.287,-0.195,1.695
2025-12-08T23:15:50.470,-0.149,-0.136,0.291
2025-12-08T23:15:50.480,-0.03,0.137,-1.55
2025-12-08T23:15:50.490,0.052,0.301,-2.732
2025-12-08T23:15:50.500,0.144,0.161,-2.317
2025-12-08T23:15:50.510,0.078,0.029,-0.336
2025-12-08T23:15:50.520,-0.047,0.094,1.612
2025-12-08T23:15:50.530,-0.002,0.063,1.915
2025-12-08T23:15:50.540,0.236,-0.077,0.705
2025-12-08T23:15:50.550,0.458,-0.017,-0.68
2025-12-08T23:15:50.560,0.444,0.137,-1.262
2025-12-08T23:15:50.570,0.253,0.044,-0.775
2025-12-08T23:15:50.580,0.013,-0.071,0.414
2025-12-08T23:15:50.590,-0.221,-0.036,1.454
2025-12-08T23:15:50.600,-0.325,-0.086,1.623
2025-12-08T23:15:50.610,-0.256,-0.148,0.634
2025-12-08T23:15:50.620,-0.125,-0.068,-0.86
2025-12-08T23:15:50.630,-0.035,0.037,-1.624
2025-12-08T23:15:50.640,0.021,-0.031,-1.119
2025-12-08T23:15:50.650,0.071,-0.271,0.256
2025-12-08T23:15:50.660,0.121,-0.536,1.349
2025-12-08T23:15:50.670,0.168,-0.591,1.25
2025-12-08T23:15:50.680,0.082,-0.303,0.386
2025-12-08T23:15:50.690,-0.07,0.037,-0.371
2025-12-08T23:15:50.700,-0.185,0.127,-0.571
2025-12-08T23:15:50.710,-0.317,0.099,-0.437
2025-12-08T23:15:50.720,-0.448,0.052,-0.515
2025-12-08T23:15:50.730,-0.569,-0.051,-0.773
2025-12-08T23:15:50.740,-0.558,-0.033,-0.971
2025-12-08T23:15:50.750,-0.384,-0.057,-1.087
2025-12-08T23:15:50.760,-0.163,-0.256,-1.005
2025-12-08T23:15:50.770,-0.09,-0.287,-0.435
2025-12-08T23:15:50.780,-0.247,-0.137,0.394
2025-12-08T23:15:50.790,-0.297,0.001,0.816
2025-12-08T23:15:50.800,-0.079,0.12,0.703
2025-12-08T23:15:50.810,0.126,0.342,0.377
2025-12-08T23:15:50.820,0.191,0.591,0.064
2025-12-08T23:15:50.830,0.225,0.592,-0.376
2025-12-08T23:15:50.840,0.231,0.447,-0.797
2025-12-08T23:15:50.850,0.333,0.425,-0.711
2025-12-08T23:15:50.860,0.461,0.414,-0.081
2025-12-08T23:15:50.870,0.43,0.244,0.698
2025-12-08T23:15:50.880,0.399,0.031,0.962
2025-12-08T23:15:50.890,0.33,-0.127,0.615
2025-12-08T23:15:50.900,0.209,-0.329,0.375
2025-12-08T23:15:50.910,0.1,-0.587,0.663
2025-12-08T23:15:50.920,-0.07,-0.726,1.096
2025-12-08T23:15:50.930,-0.18,-0.648,0.88
2025-12-08T23:15:50.940,-0.096,-0.485,-0.159
2025-12-08T23:15:50.950,0.104,-0.345,-0.871
2025-12-08T23:15:50.960,0.233,-0.146,-0.499
2025-12-08T23:15:50.970,0.199,0.005,0.031
2025-12-08T23:15:50.980,0.087,-0.136,-0.302
2025-12-08T23:15:50.990,-0.014,-0.335,-1.43
2025-12-08T23:15:51.000,-0.12,-0.247,-2.182
2025-12-08T23:15:51.010,-0.27,-0.025,-1.575
2025-12-08T23:15:51.020,-0.419,0.05,-0.075
2025-12-08T23:15:51.030,-0.44,-0.026,1.433
2025-12-08T23:15:51.040,-0.467,-0.031,2.301
2025-12-08T23:15:51.050,-0.448,0.064,1.855
2025-12-08T23:15:51.060,-0.175,0.085,0.151
2025-12-08T23:15:51.070,0.026,0.219,-1.611
2025-12-08T23:15:51.080,0.074,0.505,-2.091
2025-12-08T23:15:51.090,0.084,0.548,-1.049
2025-12-08T23:15:51.100,0.057,0.353,0.635
2025-12-08T23:15:51.110,0.029,0.214,1.925
2025-12-08T23:15:51.120,-0.077,0.317,2.166
2025-12-08T23:15:51.130,-0.184,0.473,1.632
2025-12-08T23:15:51.140,-0.214,0.401,0.844
2025-12-08T23:15:51.150,-0.092,0.204,-0.026
2025-12-08T23:15:51.160,0.237,-0.049,-0.45
2025-12-08T23:15:51.170,0.564,-0.234,-0.287
2025-12-08T23:15:51.180,0.58,-0.26,0.403
2025-12-08T23:15:51.190,0.349,-0.201,1.381
2025-12-08T23:15:51.200,0.196,-0.122,1.472
2025-12-08T23:15:51.210,0.151,-0.235,0.442
2025-12-08T23:15:51.220,-0.012,-0.336,-0.505
2025-12-08T23:15:51.230,-0.329,-0.042,-0.823
2025-12-08T23:15:51.240,-0.419,0.144,-1.136
2025-12-08T23:15:51.250,-0.264,-0.096,-1.872
2025-12-08T23:15:51.260,0.027,-0.163,-2.705
2025-12-08T23:15:51.270,0.351,0.035,-2.728
2025-12-08T23:15:51.280,0.323,0.089,-1.382
2025-12-08T23:15:51.290,0.243,-0.089,0.71
2025-12-08T23:15:51.300,0.264,-0.28,2.748
2025-12-08T23:15:51.310,0.238,-0.355,3.791
2025-12-08T23:15:51.320,0.331,-0.5,2.816
2025-12-08T23:15:51.330,0.215,-0.419,0.254
2025-12-08T23:15:51.340,-0.094,0.066,-2.285
2025-12-08T23:15:51.350,-0.164,0.356,-3.268
2025-12-08T23:15:51.360,-0.28,0.232,-1.846
2025-12-08T23:15:51.370,-0.555,0.009,0.694
2025-12-08T23:15:51.380,-0.608,-0.152,1.691
2025-12-08T23:15:51.390,-0.431,-0.191,0.657
2025-12-08T23:15:51.400,-0.184,-0.082,-0.581
2025-12-08T23:15:51.410,-0.068,-0.105,-0.52
2025-12-08T23:15:51.420,-0.117,-0.27,0.734
2025-12-08T23:15:51.430,-0.19,-0.127,1.605
2025-12-08T23:15:51.440,-0.351,0.303,0.729
2025-12-08T23:15:51.450,-0.43,0.606,-0.801
2025-12-08T23:15:51.460,-0.245,0.749,-0.856
2025-12-08T23:15:51.470,0.075,0.796,0.6
2025-12-08T23:15:51.480,0.27,0.507,2.021
2025-12-08T23:15:51.490,0.293,0.105,2.029
2025-12-08T23:15:51.500,0.335,0.017,0.689
2025-12-08T23:15:51.510,0.325,0.126,-0.948
2025-12-08T23:15:51.520,0.321,0.162,-1.98
2025-12-08T23:15:51.530,0.385,0.166,-1.405
2025-12-08T23:15:51.540,0.233,0.263,0.652
2025-12-08T23:15:51.550,-0.143,0.13,2.424
2025-12-08T23:15:51.560,-0.367,-0.201,2.135
2025-12-08T23:15:51.570,-0.289,-0.354,-0.013
2025-12-08T23:15:51.580,-0.119,-0.407,-1.97
2025-12-08T23:15:51.590,0.014,-0.367,-2.324
2025-12-08T23:15:51.600,0.084,-0.357,-1.256
2025-12-08T23:15:51.610,0.194,-0.483,-0.456
2025-12-08T23:15:51.620,0.312,-0.429,-0.997
2025-12-08T23:15:51.630,0.266,-0.182,-1.645
2025-12-08T23:15:51.640,0.312,-0.146,-0.972
2025-12-08T23:15:51.650,0.401,-0.36,1.001
2025-12-08T23:15:51.660,0.306,-0.489,2.82
2025-12-08T23:15:51.670,0.081,-0.577,3.151
2025-12-08T23:15:51.680,-0.231,-0.623,1.798
2025-12-08T23:15:51.690,-0.396,-0.35,-0.38
2025-12-08T23:15:51.700,-0.386,0.036,-2.141
2025-12-08T23:15:51.710,-0.114,0.282,-3.124
2025-12-08T23:15:51.720,0.224,0.399,-2.783
2025-12-08T23:15:51.730,0.085,0.563,-1.071
2025-12-08T23:15:51.740,-0.185,0.875,0.591
2025-12-08T23:15:51.750,-0.165,0.998,1.236
2025-12-08T23:15:51.760,0.06,0.805,1.009
2025-12-08T23:15:51.770,0.266,0.604,0.719
2025-12-08T23:15:51.780,0.241,0.523,0.664
2025-12-08T23:15:51.790,-0.114,0.393,0.537
2025-12-08T23:15:51.800,-0.496,0.145,0.154
2025-12-08T23:15:51.810,-0.583,-0.018,-0.173
2025-12-08T23:15:51.820,-0.669,0.064,0.21
2025-12-08T23:15:51.830,-0.506,0.099,0.584
2025-12-08T23:15:51.840,-0.027,-0.032,-0.112
2025-12-08T23:15:51.850,0.161,-0.027,-1.238
2025-12-08T23:15:51.860,0.128,-0.045,-1.783
2025-12-08T23:15:51.870,0.088,-0.099,-1.501
2025-12-08T23:15:51.880,0.212,-0.067,-0.274
2025-12-08T23:15:51.890,0.471,-0.012,1.329
2025-12-08T23:15:51.900,0.546,0.257,2.33
2025-12-08T23:15:51.910,0.405,0.435,2.711
2025-12-08T23:15:51.920,0.288,0.186,2.181
2025-12-08T23:15:51.930,0.57,-0.12,0.786
2025-12-08T23:15:51.940,0.967,-0.304,-0.192
2025-12-08T23:15:51.950,0.894,-0.616,-0.48
2025-12-08T23:15:51.960,0.542,-0.906,-0.697
2025-12-08T23:15:51.970,0.097,-0.931,-0.837
2025-12-08T23:15:51.980,-0.453,-0.931,-0.915
2025-12-08T23:15:51.990,-0.686,-0.901,-1.019
2025-12-08T23:15:52.000,-0.594,-0.667,-0.305
2025-12-08T23:15:52.010,-0.512,-0.245,0.922
2025-12-08T23:15:52.020,-0.314,0.121,0.761
2025-12-08T23:15:52.030,-0.081,0.202,-0.862
2025-12-08T23:15:52.040,-0.057,0.311,-2.467
2025-12-08T23:15:52.050,-0.129,0.648,-3.085
2025-12-08T23:15:52.060,-0.229,0.925,-2.304
2025-12-08T23:15:52.070,-0.312,0.929,-0.396
2025-12-08T23:15:52.080,-0.452,0.615,1.365
2025-12-08T23:15:52.090,-0.802,0.192,1.832
2025-12-08T23:15:52.100,-0.89,0.05,1.132
2025-12-08T23:15:52.110,-0.434,0.223,0.237
2025-12-08T23:15:52.120,0.08,0.55,-0.121
2025-12-08T23:15:52.130,0.495,0.69,-0.221
2025-12-08T23:15:52.140,0.787,0.369,-0.592
2025-12-08T23:15:52.150,0.717,0.064,-0.999
2025-12-08T23:15:52.160,0.435,0.051,-0.645
2025-12-08T23:15:52.170,0.201,0.069,0.491
2025-12-08T23:15:52.180,0.073,0.002,1.266
2025-12-08T23:15:52.190,-0.011,-0.202,0.749
2025-12-08T23:15:52.200,-0.127,-0.54,-0.628
2025-12-08T23:15:52.210,-0.263,-0.831,-1.541
2025-12-08T23:15:52.220,-0.409,-0.824,-1.454
2025-12-08T23:15:52.230,-0.534,-0.629,-0.623
2025-12-08T23:15:52.240,-0.416,-0.536,0.18
2025-12-08T23:15:52.250,-0.114,-0.451,0.164
2025-12-08T23:15:52.260,0.098,-0.237,-0.196
2025-12-08T23:15:52.270,0.212,-0.07,-0.503
2025-12-08T23:15:52.280,0.219,-0.014,-1.014
2025-12-08T23:15:52.290,0.309,0.138,-1.291
2025-12-08T23:15:52.300,0.459,0.361,-0.644
2025-12-08T23:15:52.310,0.443,0.394,0.679
2025-12-08T23:15:52.320,0.358,0.257,1.483
2025-12-08T23:15:52.330,0.143,0.1,0.922
2025-12-08T23:15:52.340,-0.097,-0.014,-0.417
2025-12-08T23:15:52.350,-0.168,0.121,-1.149
2025-12-08T23:15:52.360,0.009,0.258,-0.53
2025-12-08T23:15:52.370,0.312,0.112,0.772
2025-12-08T23:15:52.380,0.377,0.03,1.293
2025-12-08T23:15:52.390,0.225,0.055,0.53
2025-12-08T23:15:52.400,0.001,0.273,-0.683
2025-12-08T23:15:52.410,-0.287,0.403,-1.364
2025-12-08T23:15:52.420,-0.647,-0.03,-1.061
2025-12-08T23:15:52.430,-0.95,-0.326,0.061
2025-12-08T23:15:52.440,-1.043,-0.3,1.309
2025-12-08T23:15:52.450,-0.901,-0.492,1.98
2025-12-08T23:15:52.460,-0.509,-0.564,1.703
2025-12-08T23:15:52.470,0.132,-0.128,0.447
2025-12-08T23:15:52.480,0.757,0.312,-0.755
2025-12-08T23:15:52.490,0.765,0.471,-0.644
2025-12-08T23:15:52.500,0.235,0.601,0.607
2025-12-08T23:15:52.510,-0.28,0.516,1.803
2025-12-08T23:15:52.520,-0.58,0.344,1.624
2025-12-08T23:15:52.530,-0.652,0.485,0.174
2025-12-08T23:15:52.540,-0.63,0.737,-1.215
2025-12-08T23:15:52.550,-0.417,0.705,-2.094
2025-12-08T23:15:52.560,-0.052,0.353,-2.663
2025-12-08T23:15:52.570,0.043,0.054,-2.611
2025-12-08T23:15:52.580,-0.079,-0.121,-1.402
2025-12-08T23:15:52.590,-0.066,-0.202,0.601
2025-12-08T23:15:52.600,0.152,-0.228,2.277
2025-12-08T23:15:52.610,0.74,-0.41,2.544
2025-12-08T23:15:52.620,1.48,-0.674,1.472
2025-12-08T23:15:52.630,1.491,-0.951,0.768
2025-12-08T23:15:52.640,0.838,-1.105,0.8
2025-12-08T23:15:52.650,0.354,-0.926,0.208
2025-12-08T23:15:52.660,0.183,-0.647,-1.006
2025-12-08T23:15:52.670,0.108,-0.673,-1.567
2025-12-08T23:15:52.680,-0.119,-0.754,-0.672
2025-12-08T23:15:52.690,-0.438,-0.445,0.97
2025-12-08T23:15:52.700,-0.535,0.032,1.725
2025-12-08T23:15:52.710,-0.517,0.42,1.051
2025-12-08T23:15:52.720,-0.437,0.635,0.21
2025-12-08T23:15:52.730,-0.249,0.569,0.218
2025-12-08T23:15:52.740,0.08,0.379,0.257
2025-12-08T23:15:52.750,0.32,0.339,-0.273
2025-12-08T23:15:52.760,0.194,0.394,-0.691
2025-12-08T23:15:52.770,0.1,0.441,-0.104
2025-12-08T23:15:52.780,0.071,0.665,1.434
2025-12-08T23:15:52.790,-0.031,0.86,1.771
2025-12-08T23:15:52.800,-0.069,0.541,-0.213
2025-12-08T23:15:52.810,-0.229,-0.021,-2.084
2025-12-08T23:15:52.820,-0.603,-0.358,-1.441
2025-12-08T23:15:52.830,-0.845,-0.68,0.68
2025-12-08T23:15:52.840,-0.461,-1.078,1.55
2025-12-08T23:15:52.850,0.268,-1.142,0.673
2025-12-08T23:15:52.860,0.544,-0.919,-0.472
2025-12-08T23:15:52.870,0.205,-0.888,-0.778
2025-12-08T23:15:52.880,-0.174,-1.042,-0.378
2025-12-08T23:15:52.890,-0.185,-1.068,-0.359
2025-12-08T23:15:52.900,-0.129,-0.879,-0.95
2025-12-08T23:15:52.910,-0.304,-0.519,-1.124
2025-12-08T23:15:52.920,-0.633,0.008,-0.38
2025-12-08T23:15:52.930,-0.818,0.541,0.464
2025-12-08T23:15:52.940,-0.675,0.69,0.521
2025-12-08T23:15:52.950,-0.401,0.507,0.007
2025-12-08T23:15:52.960,-0.265,0.431,0.069
2025-12-08T23:15:52.970,-0.262,0.645,1.339
2025-12-08T23:15:52.980,-0.014,0.936,2.506
2025-12-08T23:15:52.990,0.595,0.93,2.239
2025-12-08T23:15:53.000,0.976,0.605,1.214
2025-12-08T23:15:53.010,0.936,0.209,0.284
2025-12-08T23:15:53.020,0.918,-0.18,-0.515
2025-12-08T23:15:53.030,0.91,-0.393,-1.07
2025-12-08T23:15:53.040,0.708,-0.287,-1.406
2025-12-08T23:15:53.050,0.293,-0.244,-1.303
2025-12-08T23:15:53.060,-0.178,-0.476,-0.136
2025-12-08T23:15:53.070,-0.291,-0.636,1.577
2025-12-08T23:15:53.080,-0.135,-0.379,2.124
2025-12-08T23:15:53.090,-0.217,0.065,0.649
2025-12-08T23:15:53.100,-0.482,0.2,-2.065
2025-12-08T23:15:53.110,-0.676,0.187,-4.064
2025-12-08T23:15:53.120,-0.862,0.202,-3.314
2025-12-08T23:15:53.130,-0.892,0.112,-0.243
2025-12-08T23:15:53.140,-0.713,0.078,2.474
2025-12-08T23:15:53.150,-0.419,0.134,2.899
2025-12-08T23:15:53.160,0.16,-0.004,1.167
2025-12-08T23:15:53.170,0.755,-0.187,-0.94
2025-12-08T23:15:53.180,0.893,-0.009,-1.42
2025-12-08T23:15:53.190,0.631,0.359,0.098
2025-12-08T23:15:53.200,0.414,0.539,2.04
2025-12-08T23:15:53.210,0.321,0.403,3.308
2025-12-08T23:15:53.220,0.064,0.389,3.482
2025-12-08T23:15:53.230,-0.151,0.538,1.939
2025-12-08T23:15:53.240,-0.097,0.44,-0.469
2025-12-08T23:15:53.250,0.198,0.539,-1.963
2025-12-08T23:15:53.260,0.376,0.538,-1.28
2025-12-08T23:15:53.270,0.081,-0.117,0.776
2025-12-08T23:15:53.280,-0.241,-0.866,1.549
2025-12-08T23:15:53.290,-0.567,-1.107,-0.0
2025-12-08T23:15:53.300,-0.915,-0.679,-2.239
2025-12-08T23:15:53.310,-0.786,-0.29,-2.59
2025-12-08T23:15:53.320,-0.523,-0.241,-0.922
2025-12-08T23:15:53.330,-0.457,-0.231,0.31
2025-12-08T23:15:53.340,-0.397,-0.326,-0.573
2025-12-08T23:15:53.350,-0.402,-0.346,-2.797
2025-12-08T23:15:53.360,-0.394,-0.247,-4.028
2025-12-08T23:15:53.370,0.042,-0.132,-3.661
2025-12-08T23:15:53.380,0.698,0.052,-2.081
2025-12-08T23:15:53.390,0.954,0.417,0.472
2025-12-08T23:15:53.400,0.869,0.685,2.727
2025-12-08T23:15:53.410,0.766,0.458,3.746
2025-12-08T23:15:53.420,1.034,0.4,2.66
2025-12-08T23:15:53.430,1.448,0.76,-0.219
2025-12-08T23:15:53.440,1.382,0.919,-2.233
2025-12-08T23:15:53.450,1.004,0.838,-1.573
2025-12-08T23:15:53.460,0.411,0.657,0.978
2025-12-08T23:15:53.470,-0.369,0.405,2.99
2025-12-08T23:15:53.480,-0.878,0.19,2.876
2025-12-08T23:15:53.490,-0.812,-0.015,1.441
2025-12-08T23:15:53.500,-0.552,-0.163,0.043
2025-12-08T23:15:53.510,-0.344,-0.344,-1.26
2025-12-08T23:15:53.520,0.02,-0.916,-2.155
2025-12-08T23:15:53.530,0.27,-1.291,-1.227
2025-12-08T23:15:53.540,0.225,-0.934,0.99
2025-12-08T23:15:53.550,0.012,-0.493,1.952
2025-12-08T23:15:53.560,-0.017,-0.165,0.699
2025-12-08T23:15:53.570,0.257,0.264,-1.328
2025-12-08T23:15:53.580,0.417,0.753,-2.114
2025-12-08T23:15:53.590,0.333,0.975,-1.04
2025-12-08T23:15:53.600,0.044,0.91,0.185
2025-12-08T23:15:53.610,-0.249,1.001,0.141
2025-12-08T23:15:53.620,-0.409,1.144,-0.316
2025-12-08T23:15:53.630,-0.521,1.155,-0.399
2025-12-08T23:15:53.640,-0.638,0.976,-0.55
2025-12-08T23:15:53.650,-0.639,0.629,-1.823
2025-12-08T23:15:53.660,-0.424,0.161,-3.919
2025-12-08T23:15:53.670,-0.262,-0.312,-4.292
2025-12-08T23:15:53.680,-0.215,-0.46,-1.362
2025-12-08T23:15:53.690,-0.07,-0.481,2.861
2025-12-08T23:15:53.700,0.26,-0.471,4.654
2025-12-08T23:15:53.710,0.64,-0.372,3.378
2025-12-08T23:15:53.720,0.817,-0.407,1.513
2025-12-08T23:15:53.730,0.544,-0.555,1.122
2025-12-08T23:15:53.740,0.109,-0.797,2.029
2025-12-08T23:15:53.750,0.074,-1.006,2.234
2025-12-08T23:15:53.760,0.223,-0.955,1.378
2025-12-08T23:15:53.770,0.121,-0.724,0.603
2025-12-08T23:15:53.780,-0.325,-0.275,-0.343
2025-12-08T23:15:53.790,-0.71,0.361,-2.099
2025-12-08T23:15:53.800,-0.594,0.789,-4.16
2025-12-08T23:15:53.810,-0.246,0.994,-4.623
2025-12-08T23:15:53.820,-0.004,1.093,-1.428
2025-12-08T23:15:53.830,-0.009,1.081,4.07
2025-12-08T23:15:53.840,-0.077,1.08,7.113
2025-12-08T23:15:53.850,0.175,1.127,4.789
2025-12-08T23:15:53.860,0.414,1.18,-0.743
2025-12-08T23:15:53.870,0.31,0.746,-4.534
2025-12-08T23:15:53.880,0.011,-0.13,-3.789
2025-12-08T23:15:53.890,-0.371,-0.845,-0.059
2025-12-08T23:15:53.900,-0.545,-1.561,2.576
2025-12-08T23:15:53.910,-0.495,-1.946,1.594
2025-12-08T23:15:53.920,-0.426,-1.47,-2.019
2025-12-08T23:15:53.930,-0.271,-0.767,-5.563
2025-12-08T23:15:53.940,0.032,-0.431,-5.784
2025-12-08T23:15:53.950,0.173,-0.121,-1.664
2025-12-08T23:15:53.960,-0.021,0.358,3.78
2025-12-08T23:15:53.970,-0.016,0.39,6.663
2025-12-08T23:15:53.980,0.519,0.143,4.763
2025-12-08T23:15:53.990,1.31,0.255,-0.382
2025-12-08T23:15:54.000,1.624,0.26,-4.076
2025-12-08T23:15:54.010,1.183,0.032,-3.535
2025-12-08T23:15:54.020,0.562,-0.225,0.294
2025-12-08T23:15:54.030,0.059,-0.73,3.792
2025-12-08T23:15:54.040,-0.056,-0.906,3.683
2025-12-08T23:15:54.050,0.068,-0.315,0.533
2025-12-08T23:15:54.060,-0.129,0.466,-3.133
2025-12-08T23:15:54.070,-0.233,0.841,-5.052
2025-12-08T23:15:54.080,-0.087,0.491,-3.796
2025-12-08T23:15:54.090,-0.444,-0.318,0.079
2025-12-08T23:15:54.100,-0.994,-1.019,3.847
2025-12-08T23:15:54.110,-1.024,-1.161,4.34
2025-12-08T23:15:54.120,-0.699,-0.51,1.764
2025-12-08T23:15:54.130,-0.148,0.096,-1.017
2025-12-08T23:15:54.140,0.2,0.223,-1.973
2025-12-08T23:15:54.150,-0.148,0.289,-0.62
2025-12-08T23:15:54.160,-0.766,0.012,0.694
2025-12-08T23:15:54.170,-1.053,-0.296,-0.359
2025-12-08T23:15:54.180,-0.974,-0.221,-2.164
2025-12-08T23:15:54.190,-0.771,-0.127,-2.7
2025-12-08T23:15:54.200,-0.569,0.109,-1.751
2025-12-08T23:15:54.210,-0.547,0.597,0.014
2025-12-08T23:15:54.220,-0.767,0.651,0.99
2025-12-08T23:15:54.230,-0.901,0.056,0.654
2025-12-08T23:15:54.240,-0.538,-0.193,0.229
2025-12-08T23:15:54.250,0.064,0.109,0.437
2025-12-08T23:15:54.260,0.661,0.412,0.528
2025-12-08T23:15:54.270,1.355,0.505,0.395
2025-12-08T23:15:54.280,1.661,0.411,0.839
2025-12-08T23:15:54.290,1.493,0.475,1.604
2025-12-08T23:15:54.300,1.197,0.674,2.179
2025-12-08T23:15:54.310,1.06,0.558,2.007
2025-12-08T23:15:54.320,1.042,0.021,1.274
2025-12-08T23:15:54.330,0.803,-0.179,1.004
2025-12-08T23:15:54.340,0.458,-0.044,1.027
2025-12-08T23:15:54.350,-0.039,-0.244,0.116
2025-12-08T23:15:54.360,-0.503,-0.45,-2.505
2025-12-08T23:15:54.370,-0.779,-0.51,-5.142
2025-12-08T23:15:54.380,-0.812,-0.618,-5.348
2025-12-08T23:15:54.390,-0.488,-0.782,-2.672
2025-12-08T23:15:54.400,-0.105,-0.714,0.925
2025-12-08T23:15:54.410,0.386,-0.612,2.671
2025-12-08T23:15:54.420,0.849,-0.712,2.275
2025-12-08T23:15:54.430,1.105,-0.284,1.297
2025-12-08T23:15:54.440,1.036,0.393,0.79
2025-12-08T23:15:54.450,0.626,0.67,0.207
2025-12-08T23:15:54.460,0.011,0.716,-0.687
2025-12-08T23:15:54.470,-0.936,0.523,-0.674
2025-12-08T23:15:54.480,-1.617,0.08,0.693
2025-12-08T23:15:54.490,-1.429,-0.308,2.326
2025-12-08T23:15:54.500,-0.619,-0.697,2.151
2025-12-08T23:15:54.510,-0.021,-1.088,-0.406
2025-12-08T23:15:54.520,-0.061,-0.877,-3.242
2025-12-08T23:15:54.530,-0.544,-0.384,-3.927
2025-12-08T23:15:54.540,-1.046,-0.026,-3.232
2025-12-08T23:15:54.550,-0.705,0.373,-3.361
2025-12-08T23:15:54.560,-0.217,0.663,-3.217
2025-12-08T23:15:54.570,-0.407,0.91,-1.256
2025-12-08T23:15:54.580,-0.382,1.015,1.585
2025-12-08T23:15:54.590,-0.039,1.061,3.555
2025-12-08T23:15:54.600,0.314,1.165,3.428
2025-12-08T23:15:54.610,0.592,0.984,1.588
2025-12-08T23:15:54.620,0.295,0.578,0.312
2025-12-08T23:15:54.630,-0.329,0.116,0.553
2025-12-08T23:15:54.640,-0.511,-0.23,1.024
2025-12-08T23:15:54.650,-0.28,0.059,1.328
2025-12-08T23:15:54.660,0.178,0.902,0.582
2025-12-08T23:15:54.670,0.805,1.222,-2.01
2025-12-08T23:15:54.680,1.233,0.758,-4.873
2025-12-08T23:15:54.690,1.467,-0.186,-5.661
2025-12-08T23:15:54.700,1.394,-1.476,-2.277
2025-12-08T23:15:54.710,0.819,-2.199,4.681
2025-12-08T23:15:54.720,0.291,-2.065,10.52
2025-12-08T23:15:54.730,0.275,-1.615,10.082
2025-12-08T23:15:54.740,0.628,-0.995,3.467
2025-12-08T23:15:54.750,0.697,-0.383,-3.813
2025-12-08T23:15:54.760,0.201,-0.072,-6.776
2025-12-08T23:15:54.770,-0.301,-0.043,-4.66
2025-12-08T23:15:54.780,-0.414,-0.285,-0.497
2025-12-08T23:15:54.790,-0.431,-0.76,2.368
2025-12-08T23:15:54.800,-0.657,-0.868,2.839
2025-12-08T23:15:54.810,-1.1,-0.336,1.623
2025-12-08T23:15:54.820,-1.448,0.385,-0.577
2025-12-08T23:15:54.830,-1.079,0.657,-2.821
2025-12-08T23:15:54.840,-0.46,0.778,-2.823
2025-12-08T23:15:54.850,-0.432,1.343,-0.328
2025-12-08T23:15:54.860,-0.715,1.559,1.876
2025-12-08T23:15:54.870,-0.797,1.6,1.621
2025-12-08T23:15:54.880,-0.564,1.939,-0.823
2025-12-08T23:15:54.890,-0.274,1.61,-3.766
2025-12-08T23:15:54.900,-0.071,0.341,-5.241
2025-12-08T23:15:54.910,-0.104,-1.056,-3.698
2025-12-08T23:15:54.920,-0.291,-1.411,-0.658
2025-12-08T23:15:54.930,-0.157,-1.138,0.532
2025-12-08T23:15:54.940,0.385,-1.124,-0.437
2025-12-08T23:15:54.950,0.908,-0.716,-1.043
2025-12-08T23:15:54.960,0.804,0.061,0.229
2025-12-08T23:15:54.970,0.182,0.355,2.355
2025-12-08T23:15:54.980,-0.257,-0.03,3.467
2025-12-08T23:15:54.990,-0.241,-0.451,2.651
2025-12-08T23:15:55.000,-0.085,-0.458,1.188
2025-12-08T23:15:55.010,0.198,-0.186,0.792
2025-12-08T23:15:55.020,0.599,0.078,1.077
2025-12-08T23:15:55.030,0.58,0.178,0.459
2025-12-08T23:15:55.040,0.467,0.093,-1.921
2025-12-08T23:15:55.050,0.579,-0.276,-3.972
2025-12-08T23:15:55.060,0.346,-0.359,-3.013
2025-12-08T23:15:55.070,0.037,-0.224,0.543
2025-12-08T23:15:55.080,0.266,-0.425,3.988
2025-12-08T23:15:55.090,0.606,-0.459,4.902
2025-12-08T23:15:55.100,0.549,-0.427,3.217
2025-12-08T23:15:55.110,0.276,-0.63,0.428
2025-12-08T23:15:55.120,0.074,-0.507,-1.036
2025-12-08T23:15:55.130,0.034,0.009,-0.578
2025-12-08T23:15:55.140,-0.066,0.3,-0.212
2025-12-08T23:15:55.150,-0.431,0.403,-0.333
2025-12-08T23:15:55.160,-0.854,0.625,-0.751
2025-12-08T23:15:55.170,-1.14,0.858,-2.05
2025-12-08T23:15:55.180,-1.19,1.09,-3.282
2025-12-08T23:15:55.190,-1.11,1.065,-2.495
2025-12-08T23:15:55.200,-1.208,0.681,0.072
2025-12-08T23:15:55.210,-1.172,0.063,2.443
2025-12-08T23:15:55.220,-0.703,-0.746,3.406
2025-12-08T23:15:55.230,-0.198,-1.181,2.709
2025-12-08T23:15:55.240,-0.1,-0.748,1.122
2025-12-08T23:15:55.250,-0.358,-0.071,-0.802
2025-12-08T23:15:55.260,-0.175,-0.044,-2.741
2025-12-08T23:15:55.270,0.31,-0.179,-3.305
2025-12-08T23:15:55.280,-0.004,-0.027,-1.105
2025-12-08T23:15:55.290,-0.633,-0.376,3.04
2025-12-08T23:15:55.300,-0.398,-1.086,5.888
2025-12-08T23:15:55.310,0.633,-1.393,4.937
2025-12-08T23:15:55.320,1.706,-1.195,0.687
2025-12-08T23:15:55.330,2.377,-0.38,-3.019
2025-12-08T23:15:55.340,2.153,0.641,-2.474
2025-12-08T23:15:55.350,0.919,0.949,0.796
2025-12-08T23:15:55.360,-0.051,0.252,2.529
2025-12-08T23:15:55.370,-0.281,-0.51,1.143
2025-12-08T23:15:55.380,-0.815,-0.367,-1.513
2025-12-08T23:15:55.390,-1.628,0.122,-3.059
2025-12-08T23:15:55.400,-1.693,0.318,-2.856
2025-12-08T23:15:55.410,-0.894,0.357,-1.282
2025-12-08T23:15:55.420,0.121,0.236,1.06
2025-12-08T23:15:55.430,0.861,-0.255,3.764
2025-12-08T23:15:55.440,1.257,-0.798,5.95
2025-12-08T23:15:55.450,1.419,-0.736,5.78
2025-12-08T23:15:55.460,1.15,-0.087,3.079
2025-12-08T23:15:55.470,0.676,0.652,0.174
2025-12-08T23:15:55.480,0.172,0.919,-1.208
2025-12-08T23:15:55.490,-0.493,0.823,-1.404
2025-12-08T23:15:55.500,-0.694,0.952,-0.673
2025-12-08T23:15:55.510,-0.463,1.404,0.905
2025-12-08T23:15:55.520,-0.358,1.702,2.308
2025-12-08T23:15:55.530,-0.303,1.44,2.383
2025-12-08T23:15:55.540,-0.026,1.071,0.272
2025-12-08T23:15:55.550,0.4,0.752,-3.302
2025-12-08T23:15:55.560,0.329,0.452,-5.652
2025-12-08T23:15:55.570,-0.096,0.33,-4.308
2025-12-08T23:15:55.580,-0.048,0.07,0.006
2025-12-08T23:15:55.590,0.455,-0.328,3.825
2025-12-08T23:15:55.600,0.752,-0.616,4.988
2025-12-08T23:15:55.610,0.771,-0.503,3.201
2025-12-08T23:15:55.620,0.81,0.012,-0.38
2025-12-08T23:15:55.630,0.724,0.5,-3.995
2025-12-08T23:15:55.640,0.595,0.414,-6.043
2025-12-08T23:15:55.650,0.233,-0.102,-4.602
2025-12-08T23:15:55.660,-0.503,-0.209,-0.405
2025-12-08T23:15:55.670,-1.188,-0.191,3.104
2025-12-08T23:15:55.680,-1.712,-0.321,3.672
2025-12-08T23:15:55.690,-1.815,-0.564,2.174
2025-12-08T23:15:55.700,-1.532,-1.295,0.817
2025-12-08T23:15:55.710,-0.902,-2.392,0.16
2025-12-08T23:15:55.720,0.289,-3.412,-0.392
2025-12-08T23:15:55.730,1.396,-3.676,-1.309
2025-12-08T23:15:55.740,1.747,-2.954,-1.973
2025-12-08T23:15:55.750,1.456,-1.521,-1.874
2025-12-08T23:15:55.760,1.056,-0.113,-2.125
2025-12-08T23:15:55.770,0.6,0.61,-3.363
2025-12-08T23:15:55.780,-0.134,0.937,-4.174
2025-12-08T23:15:55.790,-1.014,1.063,-2.866
2025-12-08T23:15:55.800,-1.564,1.293,-0.488
2025-12-08T23:15:55.810,-1.458,1.547,0.48
2025-12-08T23:15:55.820,-1.079,1.445,-0.635
2025-12-08T23:15:55.830,-0.763,1.245,-2.287
2025-12-08T23:15:55.840,-0.549,1.012,-2.517
2025-12-08T23:15:55.850,-0.433,0.779,-0.901
2025-12-08T23:15:55.860,-0.257,0.637,1.592
2025-12-08T23:15:55.870,0.207,0.788,3.705
2025-12-08T23:15:55.880,0.76,1.118,4.768
2025-12-08T23:15:55.890,1.2,1.167,3.79
2025-12-08T23:15:55.900,1.676,1.266,0.59
2025-12-08T23:15:55.910,1.705,1.597,-2.019
2025-12-08T23:15:55.920,0.96,1.551,-1.782
2025-12-08T23:15:55.930,0.18,1.019,0.148
2025-12-08T23:15:55.940,-0.121,0.738,1.348
2025-12-08T23:15:55.950,-0.323,0.932,0.308
2025-12-08T23:15:55.960,-0.437,1.113,-2.149
2025-12-08T23:15:55.970,-0.453,1.012,-2.951
2025-12-08T23:15:55.980,-0.549,0.462,-0.903
2025-12-08T23:15:55.990,-0.388,-0.577,1.571
2025-12-08T23:15:56.000,-0.216,-1.623,2.646
2025-12-08T23:15:56.010,-0.228,-2.094,2.533
2025-12-08T23:15:56.020,-0.169,-1.711,1.464
2025-12-08T23:15:56.030,0.057,-0.668,0.13
2025-12-08T23:15:56.040,0.63,0.173,-0.542
2025-12-08T23:15:56.050,1.232,0.357,-0.491
2025-12-08T23:15:56.060,0.982,0.173,0.412
2025-12-08T23:15:56.070,0.134,0.001,0.625
2025-12-08T23:15:56.080,-0.164,-0.151,-1.887
2025-12-08T23:15:56.090,0.067,-0.409,-5.135
2025-12-08T23:15:56.100,0.394,-0.195,-5.977
2025-12-08T23:15:56.110,0.571,0.282,-3.802
2025-12-08T23:15:56.120,0.441,0.498,-0.462
2025-12-08T23:15:56.130,0.271,0.731,1.946
2025-12-08T23:15:56.140,0.184,0.911,3.275
2025-12-08T23:15:56.150,0.077,1.244,3.905
2025-12-08T23:15:56.160,-0.092,1.511,3.422
2025-12-08T23:15:56.170,-0.323,1.243,0.995
2025-12-08T23:15:56.180,-0.531,0.605,-2.284
2025-12-08T23:15:56.190,-0.206,-0.521,-3.456
2025-12-08T23:15:56.200,0.515,-1.445,-1.526
2025-12-08T23:15:56.210,0.871,-1.383,1.692
2025-12-08T23:15:56.220,0.719,-0.798,3.484
2025-12-08T23:15:56.230,0.565,-0.093,2.914
2025-12-08T23:15:56.240,0.874,0.484,1.433
2025-12-08T23:15:56.250,1.115,0.628,0.15
2025-12-08T23:15:56.260,0.796,0.524,-1.382
2025-12-08T23:15:56.270,0.354,0.254,-3.554
2025-12-08T23:15:56.280,-0.063,-0.357,-4.886
2025-12-08T23:15:56.290,-0.539,-0.604,-3.866
2025-12-08T23:15:56.300,-0.646,-0.131,-0.798
2025-12-08T23:15:56.310,-0.949,0.144,3.059
2025-12-08T23:15:56.320,-1.511,0.05,5.125
2025-12-08T23:15:56.330,-1.252,-0.239,4.619
2025-12-08T23:15:56.340,-0.848,-0.532,3.11
2025-12-08T23:15:56.350,-0.617,-0.563,1.002
2025-12-08T23:15:56.360,-0.378,-0.877,-1.24
2025-12-08T23:15:56.370,-0.5,-1.304,-2.415
2025-12-08T23:15:56.380,-0.721,-1.546,-1.229
2025-12-08T23:15:56.390,-1.013,-1.914,0.815
2025-12-08T23:15:56.400,-0.877,-2.207,0.507
2025-12-08T23:15:56.410,0.177,-2.073,-2.161
2025-12-08T23:15:56.420,1.172,-1.15,-4.84
2025-12-08T23:15:56.430,1.246,0.194,-4.556
2025-12-08T23:15:56.440,0.609,0.949,-1.278
2025-12-08T23:15:56.450,-0.345,1.089,1.679
2025-12-08T23:15:56.460,-0.849,1.064,2.164
2025-12-08T23:15:56.470,-0.799,0.834,0.874
2025-12-08T23:15:56.480,-0.645,0.549,0.045
2025-12-08T23:15:56.490,-0.056,0.257,0.626
2025-12-08T23:15:56.500,0.431,0.018,1.939
2025-12-08T23:15:56.510,0.676,-0.186,2.274
2025-12-08T23:15:56.520,1.114,-0.601,0.596
2025-12-08T23:15:56.530,0.981,-0.25,-1.746
2025-12-08T23:15:56.540,0.27,1.043,-3.653
2025-12-08T23:15:56.550,-0.126,1.764,-4.767
2025-12-08T23:15:56.560,-0.012,1.515,-3.013
2025-12-08T23:15:56.570,-0.132,1.454,2.347
2025-12-08T23:15:56.580,-0.853,1.757,7.801
2025-12-08T23:15:56.590,-1.462,1.28,9.123
2025-12-08T23:15:56.600,-1.452,0.445,4.999
2025-12-08T23:15:56.610,-1.279,-0.226,-1.303
2025-12-08T23:15:56.620,-1.455,-0.746,-5.332
2025-12-08T23:15:56.630,-1.432,-0.869,-6.164
2025-12-08T23:15:56.640,-0.956,-1.596,-4.693
2025-12-08T23:15:56.650,-0.635,-2.635,-1.957
2025-12-08T23:15:56.660,-0.216,-2.911,0.651
2025-12-08T23:15:56.670,0.098,-2.754,2.522
2025-12-08T23:15:56.680,-0.041,-2.04,3.11
2025-12-08T23:15:56.690,0.468,-1.074,1.327
2025-12-08T23:15:56.700,1.302,-0.442,-1.151
2025-12-08T23:15:56.710,1.417,0.301,-1.006
2025-12-08T23:15:56.720,1.146,1.183,1.393
2025-12-08T23:15:56.730,1.001,1.848,3.472
2025-12-08T23:15:56.740,1.209,2.155,3.767
2025-12-08T23:15:56.750,1.276,2.316,1.948
2025-12-08T23:15:56.760,0.612,2.65,-0.043
2025-12-08T23:15:56.770,-0.266,2.285,-0.207
2025-12-08T23:15:56.780,-0.393,0.639,0.384
2025-12-08T23:15:56.790,-0.106,-0.922,0.592
2025-12-08T23:15:56.800,-0.102,-1.587,0.557
2025-12-08T23:15:56.810,-0.034,-1.816,0.039
2025-12-08T23:15:56.820,0.304,-1.508,-0.752
2025-12-08T23:15:56.830,0.348,-1.046,-0.665
2025-12-08T23:15:56.840,-0.193,-1.194,0.099
2025-12-08T23:15:56.850,-0.639,-1.746,0.357
2025-12-08T23:15:56.860,-0.834,-2.229,0.651
2025-12-08T23:15:56.870,-0.784,-2.036,1.252
2025-12-08T23:15:56.880,-0.033,-1.186,1.126
2025-12-08T23:15:56.890,1.007,-0.295,0.194
2025-12-08T23:15:56.900,1.425,0.665,-0.728
2025-12-08T23:15:56.910,1.01,1.752,-1.566
2025-12-08T23:15:56.920,0.609,2.208,-2.538
2025-12-08T23:15:56.930,0.446,1.531,-3.026
2025-12-08T23:15:56.940,0.231,0.759,-2.972
2025-12-08T23:15:56.950,0.004,1.093,-1.935
2025-12-08T23:15:56.960,-0.42,1.773,0.069
2025-12-08T23:15:56.970,-0.824,1.129,0.524
2025-12-08T23:15:56.980,-1.195,-0.464,-0.862
2025-12-08T23:15:56.990,-1.484,-1.48,-1.439
2025-12-08T23:15:57.000,-1.364,-1.762,-0.089
2025-12-08T23:15:57.010,-1.089,-1.771,2.745
2025-12-08T23:15:57.020,-0.665,-1.66,5.41
2025-12-08T23:15:57.030,0.184,-1.475,4.817
2025-12-08T23:15:57.040,0.986,-1.172,0.175
2025-12-08T23:15:57.050,0.968,-0.363,-5.241
2025-12-08T23:15:57.060,0.512,0.574,-7.375
2025-12-08T23:15:57.070,0.368,0.979,-4.644
2025-12-08T23:15:57.080,0.519,1.078,1.292
2025-12-08T23:15:57.090,0.545,0.974,6.715
2025-12-08T23:15:57.100,0.254,0.776,7.784
2025-12-08T23:15:57.110,0.243,0.429,3.993
2025-12-08T23:15:57.120,0.518,0.431,-1.618
2025-12-08T23:15:57.130,0.657,0.733,-5.006
2025-12-08T23:15:57.140,1.088,0.366,-3.892
2025-12-08T23:15:57.150,1.804,-0.07,0.153
2025-12-08T23:15:57.160,1.905,-0.069,4.394
2025-12-08T23:15:57.170,1.186,0.33,5.654
2025-12-08T23:15:57.180,0.579,0.576,2.697
2025-12-08T23:15:57.190,0.384,0.647,-1.183
2025-12-08T23:15:57.200,-0.052,1.128,-3.109
2025-12-08T23:15:57.210,-0.933,0.876,-2.702
2025-12-08T23:15:57.220,-1.497,-0.229,-0.732
2025-12-08T23:15:57.230,-1.477,-0.994,1.867
2025-12-08T23:15:57.240,-1.474,-0.589,3.211
2025-12-08T23:15:57.250,-1.21,0.335,1.232
2025-12-08T23:15:57.260,-0.493,0.66,-2.999
2025-12-08T23:15:57.270,-0.167,0.854,-6.065
2025-12-08T23:15:57.280,-1.033,0.725,-4.99
2025-12-08T23:15:57.290,-2.27,0.247,-0.385
2025-12-08T23:15:57.300,-2.421,-0.226,4.127
2025-12-08T23:15:57.310,-1.707,-0.357,4.957
2025-12-08T23:15:57.320,-0.604,0.634,1.047
2025-12-08T23:15:57.330,0.443,2.116,-4.522
2025-12-08T23:15:57.340,0.731,2.964,-8.051
2025-12-08T23:15:57.350,0.338,2.424,-7.779
2025-12-08T23:15:57.360,0.142,0.965,-4.465
2025-12-08T23:15:57.370,0.908,-0.229,-0.776
2025-12-08T23:15:57.380,2.051,-0.942,1.629
2025-12-08T23:15:57.390,2.829,-1.162,2.683
2025-12-08T23:15:57.400,3.1,-1.013,3.536
2025-12-08T23:15:57.410,2.543,-0.91,4.46
2025-12-08T23:15:57.420,1.049,-1.101,3.915
2025-12-08T23:15:57.430,-0.692,-1.496,1.805
2025-12-08T23:15:57.440,-1.623,-2.27,0.043
2025-12-08T23:15:57.450,-1.614,-2.674,0.482
2025-12-08T23:15:57.460,-1.489,-1.828,2.986
2025-12-08T23:15:57.470,-1.4,-0.712,4.129
2025-12-08T23:15:57.480,-0.75,0.287,1.142
2025-12-08T23:15:57.490,-0.043,0.951,-4.006
2025-12-08T23:15:57.500,0.31,0.721,-6.764
2025-12-08T23:15:57.510,0.792,0.152,-3.916
2025-12-08T23:15:57.520,0.806,0.13,3.33
2025-12-08T23:15:57.530,0.15,0.58,9.664
2025-12-08T23:15:57.540,-0.269,0.697,10.374
2025-12-08T23:15:57.550,-0.203,0.822,5.911
2025-12-08T23:15:57.560,0.286,1.224,-0.111
2025-12-08T23:15:57.570,0.932,1.536,-5.231
2025-12-08T23:15:57.580,1.038,1.618,-7.584
2025-12-08T23:15:57.590,0.596,1.127,-7.24
2025-12-08T23:15:57.600,0.121,0.095,-5.845
2025-12-08T23:15:57.610,-0.51,-0.441,-4.138
2025-12-08T23:15:57.620,-1.582,0.015,-2.781
2025-12-08T23:15:57.630,-2.585,0.175,-1.563
2025-12-08T23:15:57.640,-2.688,-0.193,0.147
2025-12-08T23:15:57.650,-2.22,-0.662,2.866
2025-12-08T23:15:57.660,-1.955,-1.058,5.163
2025-12-08T23:15:57.670,-1.605,-0.769,4.38
2025-12-08T23:15:57.680,-0.82,-0.366,2.074
2025-12-08T23:15:57.690,0.366,-0.219,0.389
2025-12-08T23:15:57.700,1.472,-0.32,-0.472
2025-12-08T23:15:57.710,1.78,-0.586,-0.34
2025-12-08T23:15:57.720,1.584,-0.655,-0.225
2025-12-08T23:15:57.730,1.516,-0.471,-1.079
2025-12-08T23:15:57.740,1.523,0.122,-2.188
2025-12-08T23:15:57.750,1.568,0.467,-1.516
2025-12-08T23:15:57.760,1.963,0.274,0.953
2025-12-08T23:15:57.770,2.296,0.227,4.276
2025-12-08T23:15:57.780,1.786,0.664,7.276
2025-12-08T23:15:57.790,1.168,1.385,6.682
2025-12-08T23:15:57.800,1.006,1.775,3.343
2025-12-08T23:15:57.810,0.361,1.594,-0.011
2025-12-08T23:15:57.820,-0.387,0.593,-3.313
2025-12-08T23:15:57.830,-0.536,-1.008,-5.278
2025-12-08T23:15:57.840,-0.717,-2.088,-5.112
2025-12-08T23:15:57.850,-0.903,-2.441,-3.355
2025-12-08T23:15:57.860,-0.977,-2.288,-1.519
2025-12-08T23:15:57.870,-0.957,-1.754,-1.162
2025-12-08T23:15:57.880,-0.516,-1.596,-2.428
2025-12-08T23:15:57.890,0.062,-1.664,-4.52
2025-12-08T23:15:57.900,0.022,-1.156,-4.156
2025-12-08T23:15:57.910,-0.547,0.045,-1.096
2025-12-08T23:15:57.920,-0.669,1.457,1.516
2025-12-08T23:15:57.930,-0.401,2.221,3.109
2025-12-08T23:15:57.940,-0.221,2.459,2.261
2025-12-08T23:15:57.950,-0.43,2.414,-1.398
2025-12-08T23:15:57.960,-1.155,1.944,-5.233
2025-12-08T23:15:57.970,-1.653,1.176,-6.639
2025-12-08T23:15:57.980,-1.946,0.235,-4.04
2025-12-08T23:15:57.990,-2.344,-0.685,0.671
2025-12-08T23:15:58.000,-2.444,-2.041,3.801
2025-12-08T23:15:58.010,-1.943,-2.907,3.059
2025-12-08T23:15:58.020,-1.138,-2.166,0.452
2025-12-08T23:15:58.030,-0.823,-1.149,-0.659
2025-12-08T23:15:58.040,-0.549,-0.628,0.094
2025-12-08T23:15:58.050,0.169,-0.225,2.421
2025-12-08T23:15:58.060,1.13,0.394,3.405
2025-12-08T23:15:58.070,2.458,0.819,1.558
2025-12-08T23:15:58.080,3.137,1.026,-0.286
2025-12-08T23:15:58.090,2.918,1.895,-0.368
2025-12-08T23:15:58.100,2.459,2.477,1.856
2025-12-08T23:15:58.110,1.584,1.654,4.63
2025-12-08T23:15:58.120,0.526,0.386,5.725
2025-12-08T23:15:58.130,-0.228,-0.429,4.292
2025-12-08T23:15:58.140,-0.483,-0.964,0.977
2025-12-08T23:15:58.150,-0.366,-1.47,-1.801
2025-12-08T23:15:58.160,0.125,-1.963,-3.137
2025-12-08T23:15:58.170,0.251,-2.094,-2.738
2025-12-08T23:15:58.180,-0.301,-1.624,-1.016
2025-12-08T23:15:58.190,-0.963,-0.928,0.632
2025-12-08T23:15:58.200,-1.769,-0.184,0.991
2025-12-08T23:15:58.210,-1.549,0.283,-0.593
2025-12-08T23:15:58.220,-0.3,0.479,-2.067
2025-12-08T23:15:58.230,0.567,0.947,-0.802
2025-12-08T23:15:58.240,0.895,1.398,2.264
2025-12-08T23:15:58.250,0.912,1.558,3.585
2025-12-08T23:15:58.260,1.283,1.301,2.133
2025-12-08T23:15:58.270,1.622,0.781,-0.103
2025-12-08T23:15:58.280,1.096,0.26,-0.453
2025-12-08T23:15:58.290,0.396,-0.564,1.997
2025-12-08T23:15:58.300,0.034,-0.989,4.219
2025-12-08T23:15:58.310,-0.503,-0.385,3.889
2025-12-08T23:15:58.320,-1.445,0.443,1.324
2025-12-08T23:15:58.330,-2.026,0.616,-2.465
2025-12-08T23:15:58.340,-1.497,0.341,-5.533
2025-12-08T23:15:58.350,-0.667,0.368,-6.178
2025-12-08T23:15:58.360,-0.237,0.554,-4.183
2025-12-08T23:15:58.370,0.292,0.433,-0.519
2025-12-08T23:15:58.380,0.782,0.259,2.426
2025-12-08T23:15:58.390,1.576,0.293,2.092
2025-12-08T23:15:58.400,2.565,0.147,0.05
2025-12-08T23:15:58.410,2.777,-0.084,0.16
2025-12-08T23:15:58.420,2.546,-0.281,3.281
2025-12-08T23:15:58.430,1.94,-0.582,6.094
2025-12-08T23:15:58.440,1.208,-0.931,4.524
2025-12-08T23:15:58.450,0.64,-1.299,-0.82
2025-12-08T23:15:58.460,-0.378,-0.848,-5.6
2025-12-08T23:15:58.470,-1.609,-0.123,-6.521
2025-12-08T23:15:58.480,-2.115,0.035,-4.971
2025-12-08T23:15:58.490,-1.582,0.202,-3.275
2025-12-08T23:15:58.500,-0.696,0.125,-1.206
2025-12-08T23:15:58.510,0.017,-0.144,0.908
2025-12-08T23:15:58.520,0.419,-0.583,2.48
2025-12-08T23:15:58.530,0.767,-1.285,2.339
2025-12-08T23:15:58.540,1.339,-1.634,1.111
2025-12-08T23:15:58.550,1.476,-1.581,1.435
2025-12-08T23:15:58.560,0.711,-1.57,3.286
2025-12-08T23:15:58.570,-0.796,-1.247,4.076
2025-12-08T23:15:58.580,-2.102,-0.268,1.285
2025-12-08T23:15:58.590,-2.503,0.375,-3.38
2025-12-08T23:15:58.600,-2.289,0.962,-7.332
2025-12-08T23:15:58.610,-1.714,1.532,-9.656
2025-12-08T23:15:58.620,-1.234,1.095,-9.095
2025-12-08T23:15:58.630,-0.685,0.558,-6.015
2025-12-08T23:15:58.640,0.041,0.399,-0.833
2025-12-08T23:15:58.650,0.31,0.187,4.967
2025-12-08T23:15:58.660,0.272,-0.26,7.769
2025-12-08T23:15:58.670,0.286,-0.54,6.442
2025-12-08T23:15:58.680,0.149,-0.057,3.669
2025-12-08T23:15:58.690,0.128,0.576,1.412
2025-12-08T23:15:58.700,0.599,0.78,-0.758
2025-12-08T23:15:58.710,0.615,1.113,-2.135
2025-12-08T23:15:58.720,0.017,2.007,-2.258
2025-12-08T23:15:58.730,-0.367,2.361,-1.336
2025-12-08T23:15:58.740,-0.643,1.477,1.286
2025-12-08T23:15:58.750,-1.033,0.114,4.144
2025-12-08T23:15:58.760,-1.661,-0.853,3.988
2025-12-08T23:15:58.770,-2.24,-1.214,0.664
2025-12-08T23:15:58.780,-2.423,-1.191,-2.81
2025-12-08T23:15:58.790,-2.203,-0.67,-4.13
2025-12-08T23:15:58.800,-1.671,-0.246,-2.215
2025-12-08T23:15:58.810,-1.107,-0.62,1.256
2025-12-08T23:15:58.820,-0.483,-1.306,2.773
2025-12-08T23:15:58.830,0.636,-1.285,1.504
2025-12-08T23:15:58.840,2.291,-0.454,-1.326
2025-12-08T23:15:58.850,3.774,0.565,-4.086
2025-12-08T23:15:58.860,4.551,1.378,-4.792
2025-12-08T23:15:58.870,4.15,1.377,-2.649
2025-12-08T23:15:58.880,2.991,0.686,0.123
2025-12-08T23:15:58.890,1.988,-0.177,1.596
2025-12-08T23:15:58.900,0.919,-0.35,2.704
2025-12-08T23:15:58.910,0.049,0.419,3.824
2025-12-08T23:15:58.920,-0.323,0.986,4.222
2025-12-08T23:15:58.930,-0.646,1.184,3.528
2025-12-08T23:15:58.940,-1.11,0.944,1.69
2025-12-08T23:15:58.950,-1.706,0.434,-0.494
2025-12-08T23:15:58.960,-2.177,0.388,-1.607
2025-12-08T23:15:58.970,-2.072,0.564,-1.826
2025-12-08T23:15:58.980,-1.363,0.458,-2.387
2025-12-08T23:15:58.990,-0.559,0.24,-2.572
2025-12-08T23:15:59.000,0.184,-0.203,-1.255
2025-12-08T23:15:59.010,0.707,-1.367,0.933
2025-12-08T23:15:59.020,1.149,-2.292,2.81
2025-12-08T23:15:59.030,1.999,-2.452,3.202
2025-12-08T23:15:59.040,2.804,-2.287,1.579
2025-12-08T23:15:59.050,3.306,-2.021,-0.257
2025-12-08T23:15:59.060,3.303,-2.066,0.005
2025-12-08T23:15:59.070,2.511,-1.545,2.24
2025-12-08T23:15:59.080,1.307,-0.346,4.565
2025-12-08T23:15:59.090,-0.574,0.303,4.546
2025-12-08T23:15:59.100,-2.578,0.412,1.49
2025-12-08T23:15:59.110,-3.527,0.594,-2.529
2025-12-08T23:15:59.120,-3.953,1.323,-5.415
2025-12-08T23:15:59.130,-4.108,2.24,-6.049
2025-12-08T23:15:59.140,-3.611,2.733,-4.564
2025-12-08T23:15:59.150,-2.329,2.513,-1.691
2025-12-08T23:15:59.160,-0.52,1.498,1.761
2025-12-08T23:15:59.170,0.852,0.584,3.191
2025-12-08T23:15:59.180,1.551,0.021,1.729
2025-12-08T23:15:59.190,1.919,-0.442,-0.241
2025-12-08T23:15:59.200,2.119,-0.498,-0.523
2025-12-08T23:15:59.210,1.98,-0.556,1.679
2025-12-08T23:15:59.220,1.489,-1.096,3.256
2025-12-08T23:15:59.230,1.074,-1.9,1.507
2025-12-08T23:15:59.240,0.571,-2.075,-1.539
2025-12-08T23:15:59.250,-0.043,-1.333,-3.491
2025-12-08T23:15:59.260,-0.404,-0.729,-2.279
2025-12-08T23:15:59.270,-0.497,-0.521,1.786
2025-12-08T23:15:59.280,-0.519,-0.332,5.037
2025-12-08T23:15:59.290,-0.449,-0.276,4.395
2025-12-08T23:15:59.300,-0.215,-0.383,-0.309
2025-12-08T23:15:59.310,-0.149,-0.355,-4.976
2025-12-08T23:15:59.320,-0.363,0.112,-5.843
2025-12-08T23:15:59.330,-0.805,0.579,-2.577
2025-12-08T23:15:59.340,-1.293,0.35,3.019
2025-12-08T23:15:59.350,-1.805,0.09,7.188
2025-12-08T23:15:59.360,-2.308,0.168,6.979
2025-12-08T23:15:59.370,-1.946,-0.27,2.459
2025-12-08T23:15:59.380,-0.841,-0.587,-2.646
2025-12-08T23:15:59.390,0.021,-0.356,-4.128
2025-12-08T23:15:59.400,0.205,-0.284,-2.449
2025-12-08T23:15:59.410,-0.08,-0.368,-1.317
2025-12-08T23:15:59.420,-0.168,-0.977,-2.526
2025-12-08T23:15:59.430,-0.088,-1.295,-4.604
2025-12-08T23:15:59.440,0.499,-0.331,-5.487
2025-12-08T23:15:59.450,1.743,1.048,-4.063
2025-12-08T23:15:59.460,2.426,2.364,-0.426
2025-12-08T23:15:59.470,1.896,3.13,3.977
2025-12-08T23:15:59.480,0.569,3.27,6.553
2025-12-08T23:15:59.490,-0.25,3.4,5.809
2025-12-08T23:15:59.500,-0.347,3.64,2.766
2025-12-08T23:15:59.510,-0.49,3.768,-0.79
2025-12-08T23:15:59.520,-0.403,2.887,-2.19
2025-12-08T23:15:59.530,-0.537,1.194,-0.318
2025-12-08T23:15:59.540,-1.259,-0.307,2.463
2025-12-08T23:15:59.550,-1.672,-1.892,2.991
2025-12-08T23:15:59.560,-1.305,-3.521,0.161
2025-12-08T23:15:59.570,-0.847,-4.533,-2.502
2025-12-08T23:15:59.580,-1.029,-4.926,-1.853
2025-12-08T23:15:59.590,-1.095,-4.679,0.478
2025-12-08T23:15:59.600,-0.439,-3.502,1.965
2025-12-08T23:15:59.610,0.398,-1.562,1.98
2025-12-08T23:15:59.620,1.167,0.861,1.859
2025-12-08T23:15:59.630,2.181,2.939,2.618
2025-12-08T23:15:59.640,3.236,3.875,3.838
2025-12-08T23:15:59.650,3.638,3.875,4.051
2025-12-08T23:15:59.660,3.594,2.714,2.617
2025-12-08T23:15:59.670,3.118,0.828,1.05
2025-12-08T23:15:59.680,1.933,-0.645,-0.044
2025-12-08T23:15:59.690,0.653,-1.381,-1.396
2025-12-08T23:15:59.700,0.009,-1.315,-3.265
2025-12-08T23:15:59.710,0.07,-0.97,-4.918
2025-12-08T23:15:59.720,-0.416,-0.511,-5.415
2025-12-08T23:15:59.730,-1.772,0.125,-4.497
2025-12-08T23:15:59.740,-2.683,0.53,-3.145
2025-12-08T23:15:59.750,-2.487,0.62,-2.994
2025-12-08T23:15:59.760,-1.587,0.372,-3.189
2025-12-08T23:15:59.770,-0.877,0.242,-2.02
2025-12-08T23:15:59.780,-0.696,0.41,0.558
2025-12-08T23:15:59.790,-1.056,0.39,3.493
2025-12-08T23:15:59.800,-1.178,-0.053,4.759
2025-12-08T23:15:59.810,-0.739,-0.466,3.296
2025-12-08T23:15:59.820,-0.595,0.141,0.102
2025-12-08T23:15:59.830,-0.732,1.338,-2.583
2025-12-08T23:15:59.840,-1.07,2.076,-3.117
2025-12-08T23:15:59.850,-1.111,2.118,-1.462
2025-12-08T23:15:59.860,-0.661,1.519,0.453
2025-12-08T23:15:59.870,-0.14,0.847,0.117
2025-12-08T23:15:59.880,0.721,0.492,-2.177
2025-12-08T23:15:59.890,1.675,0.489,-4.197
2025-12-08T23:15:59.900,2.506,0.64,-3.769
2025-12-08T23:15:59.910,3.117,0.722,-0.86
2025-12-08T23:15:59.920,2.997,0.294,2.437
2025-12-08T23:15:59.930,2.21,-0.811,4.738
2025-12-08T23:15:59.940,1.469,-1.665,5.492
2025-12-08T23:15:59.950,0.818,-2.128,4.847
2025-12-08T23:15:59.960,0.027,-2.274,2.579
2025-12-08T23:15:59.970,-0.518,-1.764,-1.221
2025-12-08T23:15:59.980,-0.615,-0.774,-4.927
2025-12-08T23:15:59.990,-0.458,0.075,-6.412
2025-12-08T23:16:00.000,-0.88,0.433,-4.322
2025-12-08T23:16:00.010,-1.666,0.694,-0.135
2025-12-08T23:16:00.020,-1.691,0.444,3.202
2025-12-08T23:16:00.030,-1.1,0.049,3.634
2025-12-08T23:16:00.040,-0.433,-0.072,1.33
2025-12-08T23:16:00.050,-0.15,-0.441,-2.169
2025-12-08T23:16:00.060,0.226,-0.124,-4.487
2025-12-08T23:16:00.070,0.892,0.92,-3.358
2025-12-08T23:16:00.080,1.281,1.659,-0.885
2025-12-08T23:16:00.090,2.081,1.439,0.264
2025-12-08T23:16:00.100,3.053,1.092,-0.425
2025-12-08T23:16:00.110,3.398,1.472,-2.318
2025-12-08T23:16:00.120,3.161,1.185,-2.995
2025-12-08T23:16:00.130,1.774,0.195,-1.366
2025-12-08T23:16:00.140,-0.599,-0.772,2.064
2025-12-08T23:16:00.150,-2.206,-1.485,5.037
2025-12-08T23:16:00.160,-2.216,-1.871,6.074
2025-12-08T23:16:00.170,-1.504,-1.727,5.727
2025-12-08T23:16:00.180,-0.664,-0.224,3.61
2025-12-08T23:16:00.190,-0.26,1.75,0.874
2025-12-08T23:16:00.200,-0.278,2.996,-0.441
2025-12-08T23:16:00.210,-0.152,2.867,0.473
2025-12-08T23:16:00.220,-0.3,1.682,2.632
2025-12-08T23:16:00.230,-0.642,0.604,3.579
2025-12-08T23:16:00.240,-0.815,-0.154,1.554
2025-12-08T23:16:00.250,-0.445,-0.576,-2.652
2025-12-08T23:16:00.260,0.268,-1.192,-4.793
2025-12-08T23:16:00.270,0.319,-2.042,-2.776
2025-12-08T23:16:00.280,-0.184,-2.838,0.71
2025-12-08T23:16:00.290,-0.732,-3.422,2.733
2025-12-08T23:16:00.300,-1.019,-3.553,2.726
2025-12-08T23:16:00.310,-1.24,-3.24,1.022
2025-12-08T23:16:00.320,-1.657,-2.092,-2.481
2025-12-08T23:16:00.330,-1.989,-0.646,-6.519
2025-12-08T23:16:00.340,-2.265,0.919,-8.969
2025-12-08T23:16:00.350,-2.167,2.426,-8.697
2025-12-08T23:16:00.360,-1.349,2.895,-6.448
2025-12-08T23:16:00.370,-0.175,2.125,-3.655
2025-12-08T23:16:00.380,1.214,0.84,-0.751
2025-12-08T23:16:00.390,2.613,0.233,3.05
2025-12-08T23:16:00.400,3.534,-0.505,7.619
2025-12-08T23:16:00.410,3.89,-1.938,9.946
2025-12-08T23:16:00.420,3.562,-2.77,8.686
2025-12-08T23:16:00.430,2.811,-2.533,5.178
2025-12-08T23:16:00.440,1.985,-1.507,1.92
2025-12-08T23:16:00.450,0.877,-0.122,1.384
2025-12-08T23:16:00.460,-0.478,1.135,2.108
2025-12-08T23:16:00.470,-1.713,1.751,1.294
2025-12-08T23:16:00.480,-2.506,2.098,-1.326
2025-12-08T23:16:00.490,-2.771,2.491,-3.955
2025-12-08T23:16:00.500,-2.274,2.567,-4.906
2025-12-08T23:16:00.510,-1.598,2.496,-3.53
2025-12-08T23:16:00.520,-1.211,2.29,0.027
2025-12-08T23:16:00.530,-0.89,1.948,4.165
2025-12-08T23:16:00.540,-1.055,1.384,6.9
2025-12-08T23:16:00.550,-1.187,0.231,6.952
2025-12-08T23:16:00.560,-0.656,-1.113,3.503
2025-12-08T23:16:00.570,0.621,-1.818,-2.74
2025-12-08T23:16:00.580,2.265,-1.835,-8.256
2025-12-08T23:16:00.590,3.015,-1.719,-9.546
2025-12-08T23:16:00.600,2.525,-1.726,-5.669
2025-12-08T23:16:00.610,1.532,-1.887,1.024
2025-12-08T23:16:00.620,0.716,-2.259,5.809
2025-12-08T23:16:00.630,0.152,-2.536,6.084
2025-12-08T23:16:00.640,0.111,-2.221,2.894
2025-12-08T23:16:00.650,0.523,-1.375,-0.524
2025-12-08T23:16:00.660,1.065,-0.419,-1.931
2025-12-08T23:16:00.670,1.511,0.434,-1.647
2025-12-08T23:16:00.680,1.299,1.255,-0.883
2025-12-08T23:16:00.690,0.623,1.596,-0.474
2025-12-08T23:16:00.700,-0.537,1.259,-0.94
2025-12-08T23:16:00.710,-1.602,0.862,-2.916
2025-12-08T23:16:00.720,-1.853,0.205,-5.321
2025-12-08T23:16:00.730,-1.682,-0.502,-6.03
2025-12-08T23:16:00.740,-1.234,-0.787,-3.167
2025-12-08T23:16:00.750,-0.854,-1.018,2.242
2025-12-08T23:16:00.760,0.041,-0.999,5.412
2025-12-08T23:16:00.770,1.342,-0.173,4.22
2025-12-08T23:16:00.780,1.559,1.359,0.824
2025-12-08T23:16:00.790,0.935,2.574,-1.163
2025-12-08T23:16:00.800,0.266,3.005,-0.142
2025-12-08T23:16:00.810,-0.659,2.651,2.466
2025-12-08T23:16:00.820,-1.817,1.591,3.647
2025-12-08T23:16:00.830,-2.341,0.438,2.027
2025-12-08T23:16:00.840,-2.163,-0.29,0.317
2025-12-08T23:16:00.850,-1.557,0.023,-0.927
2025-12-08T23:16:00.860,-0.692,0.633,-3.227
2025-12-08T23:16:00.870,-0.193,0.854,-5.756
2025-12-08T23:16:00.880,-0.29,1.17,-6.796
2025-12-08T23:16:00.890,-1.024,1.182,-5.334
2025-12-08T23:16:00.900,-1.656,0.537,-2.073
2025-12-08T23:16:00.910,-1.754,-0.578,0.995
2025-12-08T23:16:00.920,-1.679,-1.254,1.974
2025-12-08T23:16:00.930,-1.482,-1.155,1.93
2025-12-08T23:16:00.940,-1.271,-1.196,2.058
2025-12-08T23:16:00.950,-0.695,-1.937,1.802
2025-12-08T23:16:00.960,0.238,-2.834,2.102
2025-12-08T23:16:00.970,0.823,-3.09,2.92
2025-12-08T23:16:00.980,0.893,-3.32,2.745
2025-12-08T23:16:00.990,0.641,-3.336,1.003
2025-12-08T23:16:01.000,0.511,-2.412,-1.277
2025-12-08T23:16:01.010,0.888,-1.232,-2.852
2025-12-08T23:16:01.020,1.209,-0.323,-3.32
2025-12-08T23:16:01.030,1.177,0.179,-2.292
2025-12-08T23:16:01.040,1.144,0.621,-0.576
2025-12-08T23:16:01.050,1.344,1.398,0.654
2025-12-08T23:16:01.060,1.6,2.565,1.853
2025-12-08T23:16:01.070,1.303,4.115,3.355
2025-12-08T23:16:01.080,0.771,5.217,3.726
2025-12-08T23:16:01.090,0.294,4.821,1.525
2025-12-08T23:16:01.100,-0.062,3.434,-2.269
2025-12-08T23:16:01.110,-0.248,2.133,-4.359
2025-12-08T23:16:01.120,-0.714,1.043,-2.404
2025-12-08T23:16:01.130,-1.161,0.212,2.459
2025-12-08T23:16:01.140,-1.007,-0.725,6.73
2025-12-08T23:16:01.150,-0.243,-2.183,7.97
2025-12-08T23:16:01.160,0.406,-3.466,6.194
2025-12-08T23:16:01.170,0.69,-3.792,1.759
2025-12-08T23:16:01.180,0.963,-3.207,-3.14
2025-12-08T23:16:01.190,1.211,-1.991,-5.123
2025-12-08T23:16:01.200,1.233,-0.588,-4.085
2025-12-08T23:16:01.210,0.979,-0.009,-2.153
2025-12-08T23:16:01.220,0.776,-0.046,-1.171
2025-12-08T23:16:01.230,0.375,0.384,-1.423
2025-12-08T23:16:01.240,-0.039,0.98,-1.859
2025-12-08T23:16:01.250,0.037,1.311,-1.406
2025-12-08T23:16:01.260,0.303,1.488,0.274
2025-12-08T23:16:01.270,0.228,1.319,1.995
2025-12-08T23:16:01.280,-0.348,0.892,1.788
2025-12-08T23:16:01.290,-0.648,0.043,-0.555
2025-12-08T23:16:01.300,-0.853,-1.058,-3.062
2025-12-08T23:16:01.310,-1.455,-1.349,-4.094
2025-12-08T23:16:01.320,-1.882,-1.272,-3.807
2025-12-08T23:16:01.330,-1.913,-1.368,-3.596
2025-12-08T23:16:01.340,-1.6,-1.532,-3.319
2025-12-08T23:16:01.350,-1.094,-1.855,-2.564
2025-12-08T23:16:01.360,-0.223,-1.705,-1.7
2025-12-08T23:16:01.370,0.799,-1.181,0.427
2025-12-08T23:16:01.380,1.294,-0.6,3.537
2025-12-08T23:16:01.390,1.594,-0.19,6.669
2025-12-08T23:16:01.400,1.998,0.215,8.419
2025-12-08T23:16:01.410,2.244,0.956,6.339
2025-12-08T23:16:01.420,2.117,1.277,0.566
2025-12-08T23:16:01.430,1.709,1.904,-6.367
2025-12-08T23:16:01.440,0.956,2.836,-9.487
2025-12-08T23:16:01.450,-0.336,2.517,-6.741
2025-12-08T23:16:01.460,-1.737,1.215,-1.137
2025-12-08T23:16:01.470,-2.777,-0.347,3.865
2025-12-08T23:16:01.480,-3.02,-1.613,4.886
2025-12-08T23:16:01.490,-2.347,-2.119,2.655
2025-12-08T23:16:01.500,-1.403,-1.723,0.47
2025-12-08T23:16:01.510,-0.849,-0.774,-0.549
2025-12-08T23:16:01.520,-0.579,0.188,-0.199
2025-12-08T23:16:01.530,-0.523,0.828,1.018
2025-12-08T23:16:01.540,-0.766,0.621,1.959
2025-12-08T23:16:01.550,-0.36,0.078,1.273
2025-12-08T23:16:01.560,0.589,0.229,-0.678
2025-12-08T23:16:01.570,0.722,0.981,-1.569
2025-12-08T23:16:01.580,-0.07,0.92,-0.188
2025-12-08T23:16:01.590,-1.185,-0.018,2.22
2025-12-08T23:16:01.600,-2.005,-0.492,2.927
2025-12-08T23:16:01.610,-1.814,-0.709,-0.279
2025-12-08T23:16:01.620,-0.679,-0.429,-5.734
2025-12-08T23:16:01.630,0.463,0.108,-8.065
2025-12-08T23:16:01.640,0.787,0.215,-5.334
2025-12-08T23:16:01.650,0.424,0.547,-0.559
2025-12-08T23:16:01.660,0.168,0.314,2.842
2025-12-08T23:16:01.670,0.469,-0.77,2.884
2025-12-08T23:16:01.680,1.238,-1.691,0.79
2025-12-08T23:16:01.690,1.788,-2.19,-0.467
2025-12-08T23:16:01.700,2.22,-2.255,0.127
2025-12-08T23:16:01.710,2.97,-2.032,2.083
2025-12-08T23:16:01.720,2.917,-1.525,4.512
2025-12-08T23:16:01.730,1.77,-0.839,6.286
2025-12-08T23:16:01.740,0.519,-0.341,6.462
2025-12-08T23:16:01.750,-0.217,-0.201,4.552
2025-12-08T23:16:01.760,-0.404,0.123,1.833
2025-12-08T23:16:01.770,-0.207,1.124,-0.983
2025-12-08T23:16:01.780,0.136,1.972,-3.815
2025-12-08T23:16:01.790,0.255,1.925,-4.512
2025-12-08T23:16:01.800,0.275,1.6,-2.609
2025-12-08T23:16:01.810,-0.104,1.407,0.621
2025-12-08T23:16:01.820,-0.756,0.777,3.684
2025-12-08T23:16:01.830,-1.198,-0.018,5.007
2025-12-08T23:16:01.840,-1.557,-0.322,5.089
2025-12-08T23:16:01.850,-1.649,-0.139,4.78
2025-12-08T23:16:01.860,-1.669,0.608,3.246
2025-12-08T23:16:01.870,-1.384,1.126,-0.425
2025-12-08T23:16:01.880,-0.76,0.709,-4.784
2025-12-08T23:16:01.890,-0.308,0.046,-7.661
2025-12-08T23:16:01.900,-0.254,-0.089,-7.513
2025-12-08T23:16:01.910,-0.822,0.354,-4.447
2025-12-08T23:16:01.920,-1.019,0.606,-0.995
2025-12-08T23:16:01.930,-0.408,0.71,1.237
2025-12-08T23:16:01.940,0.143,1.122,1.832
2025-12-08T23:16:01.950,0.318,1.065,1.167
2025-12-08T23:16:01.960,0.34,0.467,0.525
2025-12-08T23:16:01.970,0.486,-0.006,1.113
2025-12-08T23:16:01.980,0.976,-0.429,3.075
2025-12-08T23:16:01.990,1.757,-0.993,4.714
2025-12-08T23:16:02.000,2.266,-1.809,4.004
2025-12-08T23:16:02.010,2.533,-2.848,0.339
2025-12-08T23:16:02.020,2.464,-3.137,-3.953
2025-12-08T23:16:02.030,1.533,-2.499,-5.327
2025-12-08T23:16:02.040,0.037,-2.226,-2.217
2025-12-08T23:16:02.050,-1.428,-1.865,3.07
2025-12-08T23:16:02.060,-2.117,-0.819,6.131
2025-12-08T23:16:02.070,-1.817,0.125,4.841
2025-12-08T23:16:02.080,-0.791,1.104,-0.164
2025-12-08T23:16:02.090,0.609,2.042,-5.249
2025-12-08T23:16:02.100,1.633,2.32,-6.809
2025-12-08T23:16:02.110,2.084,1.999,-4.563
2025-12-08T23:16:02.120,1.828,1.432,-0.278
2025-12-08T23:16:02.130,0.489,0.493,2.908
2025-12-08T23:16:02.140,-1.238,-0.761,3.292
2025-12-08T23:16:02.150,-2.148,-1.232,1.401
2025-12-08T23:16:02.160,-1.977,-0.713,-1.522
2025-12-08T23:16:02.170,-1.162,-0.031,-4.144
2025-12-08T23:16:02.180,-0.58,0.584,-5.818
2025-12-08T23:16:02.190,-0.91,0.935,-6.314
2025-12-08T23:16:02.200,-1.005,0.43,-6.486
2025-12-08T23:16:02.210,-0.069,-0.686,-6.405
2025-12-08T23:16:02.220,0.91,-1.189,-4.638
2025-12-08T23:16:02.230,1.361,-0.812,-1.209
2025-12-08T23:16:02.240,1.209,-0.107,2.94
2025-12-08T23:16:02.250,0.725,0.699,7.133
2025-12-08T23:16:02.260,0.069,1.426,10.335
2025-12-08T23:16:02.270,-0.453,2.002,11.136
2025-12-08T23:16:02.280,-0.437,2.362,9.525
2025-12-08T23:16:02.290,-0.28,2.428,6.329
2025-12-08T23:16:02.300,-0.039,1.905,2.298
2025-12-08T23:16:02.310,-0.385,0.919,-0.949
2025-12-08T23:16:02.320,-1.497,0.369,-3.091
2025-12-08T23:16:02.330,-2.249,0.285,-5.563
2025-12-08T23:16:02.340,-2.225,0.161,-8.664
2025-12-08T23:16:02.350,-1.469,-0.246,-9.743
2025-12-08T23:16:02.360,-0.604,-0.75,-6.833
2025-12-08T23:16:02.370,-0.091,-1.129,-1.299
2025-12-08T23:16:02.380,0.404,-1.491,3.992
2025-12-08T23:16:02.390,1.493,-1.279,5.85
2025-12-08T23:16:02.400,2.968,-0.437,4.626
2025-12-08T23:16:02.410,3.932,0.323,2.665
2025-12-08T23:16:02.420,4.247,0.526,1.359
2025-12-08T23:16:02.430,3.805,0.391,1.384
2025-12-08T23:16:02.440,2.324,0.761,1.62
2025-12-08T23:16:02.450,-0.095,1.425,1.537
2025-12-08T23:16:02.460,-2.247,1.816,0.707
2025-12-08T23:16:02.470,-2.883,1.671,-1.151
2025-12-08T23:16:02.480,-2.627,0.561,-3.205
2025-12-08T23:16:02.490,-2.604,-1.228,-4.321
2025-12-08T23:16:02.500,-3.139,-2.387,-2.846
2025-12-08T23:16:02.510,-3.582,-2.36,0.369
2025-12-08T23:16:02.520,-3.034,-2.129,2.413
2025-12-08T23:16:02.530,-1.549,-1.686,2.057
2025-12-08T23:16:02.540,0.082,-0.543,0.131
2025-12-08T23:16:02.550,0.539,0.803,-1.761
2025-12-08T23:16:02.560,-0.05,1.934,-2.673
2025-12-08T23:16:02.570,0.051,2.439,-2.815
2025-12-08T23:16:02.580,0.778,2.25,-2.087
2025-12-08T23:16:02.590,1.504,1.679,-0.245
2025-12-08T23:16:02.600,2.244,0.79,1.86
2025-12-08T23:16:02.610,2.817,-0.195,3.343
2025-12-08T23:16:02.620,3.432,-0.849,3.862
2025-12-08T23:16:02.630,3.756,-1.183,4.135
2025-12-08T23:16:02.640,3.494,-1.25,4.432
2025-12-08T23:16:02.650,3.049,-1.136,3.442
2025-12-08T23:16:02.660,2.664,-1.254,0.314
2025-12-08T23:16:02.670,2.08,-1.276,-3.265
2025-12-08T23:16:02.680,1.184,-0.92,-4.62
2025-12-08T23:16:02.690,0.342,-0.631,-4.17
2025-12-08T23:16:02.700,-0.549,-0.86,-2.708
2025-12-08T23:16:02.710,-1.377,-1.599,-0.021
2025-12-08T23:16:02.720,-2.114,-2.296,3.996
2025-12-08T23:16:02.730,-3.063,-2.793,9.279
2025-12-08T23:16:02.740,-3.687,-2.599,11.897
2025-12-08T23:16:02.750,-3.08,-1.384,8.066
2025-12-08T23:16:02.760,-1.349,0.07,-0.241
2025-12-08T23:16:02.770,0.244,1.25,-7.804
2025-12-08T23:16:02.780,1.156,1.661,-10.117
2025-12-08T23:16:02.790,1.365,1.388,-7.228
2025-12-08T23:16:02.800,1.234,0.87,-3.384
2025-12-08T23:16:02.810,1.239,-0.055,-2.187
2025-12-08T23:16:02.820,1.077,-0.526,-3.561
2025-12-08T23:16:02.830,0.865,-0.252,-4.692
2025-12-08T23:16:02.840,0.709,0.162,-3.561
2025-12-08T23:16:02.850,0.465,1.081,0.211
2025-12-08T23:16:02.860,0.06,2.116,5.159
2025-12-08T23:16:02.870,-0.424,2.884,7.955
2025-12-08T23:16:02.880,-1.003,3.43,7.051
2025-12-08T23:16:02.890,-1.682,3.331,2.123
2025-12-08T23:16:02.900,-2.006,3.166,-4.997
2025-12-08T23:16:02.910,-2.235,2.99,-9.226
2025-12-08T23:16:02.920,-2.85,2.074,-8.411
2025-12-08T23:16:02.930,-3.697,0.757,-4.173
2025-12-08T23:16:02.940,-4.066,-0.383,0.193
2025-12-08T23:16:02.950,-3.395,-1.009,1.9
2025-12-08T23:16:02.960,-1.768,-1.086,1.579
2025-12-08T23:16:02.970,0.079,-0.697,1.416
2025-12-08T23:16:02.980,1.215,-0.261,2.325
2025-12-08T23:16:02.990,1.72,-0.459,3.307
2025-12-08T23:16:03.000,1.75,-0.811,3.079
2025-12-08T23:16:03.010,1.501,-0.824,1.261
2025-12-08T23:16:03.020,1.341,-0.917,-0.875
2025-12-08T23:16:03.030,1.187,-1.228,-1.989
2025-12-08T23:16:03.040,1.064,-1.565,-3.259
2025-12-08T23:16:03.050,0.837,-1.624,-5.721
2025-12-08T23:16:03.060,0.356,-1.51,-8.024
2025-12-08T23:16:03.070,-0.033,-1.208,-7.794
2025-12-08T23:16:03.080,0.232,-0.672,-4.227
2025-12-08T23:16:03.090,0.961,-0.814,0.856
2025-12-08T23:16:03.100,1.52,-1.627,4.809
2025-12-08T23:16:03.110,1.544,-1.75,6.326
2025-12-08T23:16:03.120,0.803,-0.77,5.571
2025-12-08T23:16:03.130,-0.14,0.131,2.83
2025-12-08T23:16:03.140,-0.678,0.442,0.177
2025-12-08T23:16:03.150,-1.199,0.862,0.39
2025-12-08T23:16:03.160,-1.653,1.149,2.663
2025-12-08T23:16:03.170,-1.48,0.882,3.799
2025-12-08T23:16:03.180,-1.05,0.711,2.26
2025-12-08T23:16:03.190,-0.669,1.164,-1.007
2025-12-08T23:16:03.200,-0.398,1.686,-4.163
2025-12-08T23:16:03.210,-0.674,1.791,-4.9
2025-12-08T23:16:03.220,-1.335,1.799,-3.102
2025-12-08T23:16:03.230,-2.043,1.61,-0.827
2025-12-08T23:16:03.240,-2.315,1.143,1.482
2025-12-08T23:16:03.250,-1.989,0.733,3.749
2025-12-08T23:16:03.260,-1.353,0.556,4.817
2025-12-08T23:16:03.270,-0.231,0.553,3.541
2025-12-08T23:16:03.280,0.767,0.291,0.615
2025-12-08T23:16:03.290,1.075,-0.029,-1.487
2025-12-08T23:16:03.300,1.163,0.079,-1.343
2025-12-08T23:16:03.310,1.541,0.181,0.528
2025-12-08T23:16:03.320,2.055,0.076,2.336
2025-12-08T23:16:03.330,2.145,0.11,2.34
2025-12-08T23:16:03.340,1.733,0.125,0.975
2025-12-08T23:16:03.350,0.865,-0.007,0.37
2025-12-08T23:16:03.360,-0.031,-0.007,1.657
2025-12-08T23:16:03.370,-0.901,-0.125,3.746
2025-12-08T23:16:03.380,-1.588,-1.019,3.941
2025-12-08T23:16:03.390,-1.198,-2.435,0.83
2025-12-08T23:16:03.400,-0.017,-2.825,-3.705
2025-12-08T23:16:03.410,1.328,-1.956,-6.024
2025-12-08T23:16:03.420,2.36,-1.181,-4.167
2025-12-08T23:16:03.430,2.924,-0.777,0.443
2025-12-08T23:16:03.440,3.27,-0.889,4.441
2025-12-08T23:16:03.450,3.425,-1.48,4.422
2025-12-08T23:16:03.460,3.309,-1.859,1.061
2025-12-08T23:16:03.470,2.474,-1.835,-1.7
2025-12-08T23:16:03.480,1.309,-1.485,-2.079
2025-12-08T23:16:03.490,0.511,-1.06,-0.015
2025-12-08T23:16:03.500,-0.025,-0.347,2.848
2025-12-08T23:16:03.510,-0.395,0.72,3.596
2025-12-08T23:16:03.520,-0.403,1.391,1.411
2025-12-08T23:16:03.530,0.156,1.27,-1.844
2025-12-08T23:16:03.540,0.604,0.755,-3.144
2025-12-08T23:16:03.550,0.298,0.647,-0.909
2025-12-08T23:16:03.560,-0.562,0.87,3.397
2025-12-08T23:16:03.570,-1.569,0.743,6.139
2025-12-08T23:16:03.580,-2.281,0.382,5.071
2025-12-08T23:16:03.590,-2.691,-0.034,1.471
2025-12-08T23:16:03.600,-2.87,-0.684,-2.265
2025-12-08T23:16:03.610,-2.599,-1.159,-4.436
2025-12-08T23:16:03.620,-1.738,-1.077,-4.502
2025-12-08T23:16:03.630,-0.692,-0.539,-3.247
2025-12-08T23:16:03.640,-0.176,0.317,-1.814
2025-12-08T23:16:03.650,-0.13,1.105,-0.894
2025-12-08T23:16:03.660,-0.353,1.322,-0.834
2025-12-08T23:16:03.670,-0.747,0.573,-1.896
2025-12-08T23:16:03.680,-1.173,-0.435,-3.268
2025-12-08T23:16:03.690,-1.77,-0.852,-3.082
2025-12-08T23:16:03.700,-1.872,-1.07,-1.132
2025-12-08T23:16:03.710,-1.28,-1.064,0.517
2025-12-08T23:16:03.720,-0.758,-0.559,0.182
2025-12-08T23:16:03.730,-0.36,0.05,-1.86
2025-12-08T23:16:03.740,0.064,0.461,-3.543
2025-12-08T23:16:03.750,0.466,0.617,-2.987
2025-12-08T23:16:03.760,0.743,0.546,-0.722
2025-12-08T23:16:03.770,1.071,0.444,2.076
2025-12-08T23:16:03.780,1.287,0.537,4.776
2025-12-08T23:16:03.790,1.277,0.729,5.819
2025-12-08T23:16:03.800,1.593,0.575,4.329
2025-12-08T23:16:03.810,1.926,0.348,1.285
2025-12-08T23:16:03.820,1.707,0.252,-1.421
2025-12-08T23:16:03.830,0.619,-0.603,-2.45
2025-12-08T23:16:03.840,-0.893,-1.855,-2.16
2025-12-08T23:16:03.850,-1.857,-2.22,-1.168
2025-12-08T23:16:03.860,-2.254,-1.301,-0.87
2025-12-08T23:16:03.870,-2.137,-0.176,-2.488
2025-12-08T23:16:03.880,-1.743,0.12,-4.915
2025-12-08T23:16:03.890,-1.371,0.483,-6.493
2025-12-08T23:16:03.900,-0.984,0.841,-5.703
2025-12-08T23:16:03.910,-0.605,0.767,-2.628
2025-12-08T23:16:03.920,-0.023,1.019,0.872
2025-12-08T23:16:03.930,0.626,1.695,2.844
2025-12-08T23:16:03.940,1.179,2.614,1.548
2025-12-08T23:16:03.950,1.794,3.29,-1.582
2025-12-08T23:16:03.960,2.212,3.427,-2.15
2025-12-08T23:16:03.970,1.859,3.257,1.702
2025-12-08T23:16:03.980,0.705,2.522,7.135
2025-12-08T23:16:03.990,-0.696,0.965,10.016
2025-12-08T23:16:04.000,-1.831,-0.662,8.075
2025-12-08T23:16:04.010,-1.974,-1.391,1.527
2025-12-08T23:16:04.020,-1.135,-1.259,-6.273
2025-12-08T23:16:04.030,-0.265,-1.17,-10.81
2025-12-08T23:16:04.040,0.203,-1.516,-10.108
2025-12-08T23:16:04.050,0.385,-1.618,-5.758
2025-12-08T23:16:04.060,0.789,-1.534,-1.726
2025-12-08T23:16:04.070,1.471,-1.226,-1.039
2025-12-08T23:16:04.080,1.888,-0.209,-2.199
2025-12-08T23:16:04.090,1.865,0.28,-1.192
2025-12-08T23:16:04.100,1.507,-0.293,3.081
2025-12-08T23:16:04.110,1.131,-0.734,7.821
2025-12-08T23:16:04.120,0.877,-0.739,8.865
2025-12-08T23:16:04.130,0.942,-0.727,4.87
2025-12-08T23:16:04.140,1.29,-0.752,-0.662
2025-12-08T23:16:04.150,1.218,-0.714,-3.648
2025-12-08T23:16:04.160,0.901,-0.887,-3.14
2025-12-08T23:16:04.170,0.876,-1.192,-1.563
2025-12-08T23:16:04.180,0.895,-1.096,-1.48
2025-12-08T23:16:04.190,0.668,-0.527,-2.169
2025-12-08T23:16:04.200,0.407,0.645,-2.218
2025-12-08T23:16:04.210,0.648,2.019,-1.232
2025-12-08T23:16:04.220,1.159,2.6,0.721
2025-12-08T23:16:04.230,1.079,2.404,2.825
2025-12-08T23:16:04.240,0.096,2.041,4.14
2025-12-08T23:16:04.250,-1.123,1.527,4.235
2025-12-08T23:16:04.260,-1.696,0.738,3.149
2025-12-08T23:16:04.270,-1.495,0.1,0.702
2025-12-08T23:16:04.280,-1.122,-0.554,-2.237
2025-12-08T23:16:04.290,-1.479,-1.493,-4.433
2025-12-08T23:16:04.300,-2.279,-2.243,-5.423
2025-12-08T23:16:04.310,-2.606,-2.777,-4.19
2025-12-08T23:16:04.320,-2.323,-2.823,-1.386
2025-12-08T23:16:04.330,-1.508,-2.354,0.742
2025-12-08T23:16:04.340,-0.646,-1.825,1.446
2025-12-08T23:16:04.350,0.25,-0.74,1.505
2025-12-08T23:16:04.360,1.207,1.101,1.509
2025-12-08T23:16:04.370,1.288,2.893,1.717
2025-12-08T23:16:04.380,0.452,3.59,2.811
2025-12-08T23:16:04.390,-0.607,3.002,4.22
2025-12-08T23:16:04.400,-1.404,2.164,4.967
2025-12-08T23:16:04.410,-1.484,1.492,4.567
2025-12-08T23:16:04.420,-0.95,0.607,2.354
2025-12-08T23:16:04.430,-0.337,-0.536,-0.175
2025-12-08T23:16:04.440,0.248,-1.857,-1.409
2025-12-08T23:16:04.450,0.856,-2.878,-1.691
2025-12-08T23:16:04.460,1.027,-3.115,-1.052
2025-12-08T23:16:04.470,0.57,-2.93,-0.203
2025-12-08T23:16:04.480,-0.248,-2.834,0.94
2025-12-08T23:16:04.490,-1.247,-2.507,3.728
2025-12-08T23:16:04.500,-1.916,-1.55,6.347
2025-12-08T23:16:04.510,-1.72,-0.868,6.519
2025-12-08T23:16:04.520,-1.208,-0.699,4.803
2025-12-08T23:16:04.530,-0.963,-0.286,2.476
2025-12-08T23:16:04.540,-0.858,0.005,0.697
2025-12-08T23:16:04.550,-1.093,0.136,-0.439
2025-12-08T23:16:04.560,-1.461,0.217,-1.158
2025-12-08T23:16:04.570,-1.821,-0.23,-1.275
2025-12-08T23:16:04.580,-2.336,-0.807,-1.228
2025-12-08T23:16:04.590,-2.511,-1.05,-1.112
2025-12-08T23:16:04.600,-2.473,-0.654,-1.177
2025-12-08T23:16:04.610,-2.192,0.342,-1.589
2025-12-08T23:16:04.620,-1.329,1.074,-1.612
2025-12-08T23:16:04.630,-0.44,1.522,-0.895
2025-12-08T23:16:04.640,0.079,1.55,0.461
2025-12-08T23:16:04.650,0.587,0.752,1.059
2025-12-08T23:16:04.660,1.755,-0.158,0.057
2025-12-08T23:16:04.670,3.222,-0.754,-1.021
2025-12-08T23:16:04.680,3.802,-0.78,-0.798
2025-12-08T23:16:04.690,3.526,-0.817,1.172
2025-12-08T23:16:04.700,2.921,-1.909,3.52
2025-12-08T23:16:04.710,1.926,-3.189,4.489
2025-12-08T23:16:04.720,1.269,-3.498,3.623
2025-12-08T23:16:04.730,1.452,-2.695,0.954
2025-12-08T23:16:04.740,1.643,-1.483,-1.591
2025-12-08T23:16:04.750,1.43,-0.644,-2.174
2025-12-08T23:16:04.760,0.831,-0.074,-1.053
2025-12-08T23:16:04.770,-0.125,0.366,0.58
2025-12-08T23:16:04.780,-1.004,0.514,1.079
2025-12-08T23:16:04.790,-1.252,0.618,0.767
2025-12-08T23:16:04.800,-0.91,1.122,1.649
2025-12-08T23:16:04.810,-0.432,1.624,3.563
2025-12-08T23:16:04.820,0.021,1.564,4.213
2025-12-08T23:16:04.830,0.352,1.257,2.808
2025-12-08T23:16:04.840,0.6,1.361,0.853
2025-12-08T23:16:04.850,0.954,1.83,-0.646
2025-12-08T23:16:04.860,1.252,1.927,-1.385
2025-12-08T23:16:04.870,1.328,1.853,-1.818
2025-12-08T23:16:04.880,1.37,1.888,-3.296
2025-12-08T23:16:04.890,1.153,1.391,-4.87
2025-12-08T23:16:04.900,0.604,0.583,-4.566
2025-12-08T23:16:04.910,0.016,0.134,-2.597
2025-12-08T23:16:04.920,-0.721,0.074,-0.467
2025-12-08T23:16:04.930,-1.325,0.159,0.305
2025-12-08T23:16:04.940,-1.637,0.288,-0.54
2025-12-08T23:16:04.950,-1.969,0.609,-1.545
2025-12-08T23:16:04.960,-2.394,0.81,-0.909
2025-12-08T23:16:04.970,-2.467,0.657,0.792
2025-12-08T23:16:04.980,-1.888,0.332,1.507
2025-12-08T23:16:04.990,-1.047,-0.098,0.352
2025-12-08T23:16:05.000,-0.025,-0.435,-2.55
2025-12-08T23:16:05.010,0.997,-0.712,-4.895
2025-12-08T23:16:05.020,1.725,-1.236,-4.515
2025-12-08T23:16:05.030,2.273,-1.852,-1.971
2025-12-08T23:16:05.040,2.426,-1.518,1.543
2025-12-08T23:16:05.050,2.23,-0.12,4.512
2025-12-08T23:16:05.060,2.42,1.126,5.242
2025-12-08T23:16:05.070,3.062,2.101,3.839
2025-12-08T23:16:05.080,3.088,3.094,2.229
2025-12-08T23:16:05.090,2.028,3.573,0.655
2025-12-08T23:16:05.100,0.738,2.843,-1.327
2025-12-08T23:16:05.110,-0.061,1.17,-2.133
2025-12-08T23:16:05.120,-0.131,-0.521,-1.275
2025-12-08T23:16:05.130,0.264,-2.011,0.052
2025-12-08T23:16:05.140,0.327,-2.962,0.62
2025-12-08T23:16:05.150,0.1,-3.136,-0.776
2025-12-08T23:16:05.160,0.016,-2.623,-4.306
2025-12-08T23:16:05.170,0.146,-1.334,-7.797
2025-12-08T23:16:05.180,0.21,-0.18,-8.288
2025-12-08T23:16:05.190,-0.181,0.103,-4.974
2025-12-08T23:16:05.200,-0.626,0.189,0.838
2025-12-08T23:16:05.210,-0.476,0.604,5.753
2025-12-08T23:16:05.220,0.329,1.418,5.905
2025-12-08T23:16:05.230,1.024,2.558,1.716
2025-12-08T23:16:05.240,0.935,3.505,-2.686
2025-12-08T23:16:05.250,0.036,3.433,-3.997
2025-12-08T23:16:05.260,-1.016,2.002,-1.793
2025-12-08T23:16:05.270,-1.363,0.148,1.22
2025-12-08T23:16:05.280,-1.086,-1.044,2.267
2025-12-08T23:16:05.290,-0.361,-1.614,1.171
2025-12-08T23:16:05.300,0.314,-1.77,-1.327
2025-12-08T23:16:05.310,0.513,-1.272,-3.676
2025-12-08T23:16:05.320,0.374,-0.502,-3.888
2025-12-08T23:16:05.330,-0.289,0.148,-1.693
2025-12-08T23:16:05.340,-1.287,0.715,1.662
2025-12-08T23:16:05.350,-2.187,0.872,3.972
2025-12-08T23:16:05.360,-2.335,0.81,3.971
2025-12-08T23:16:05.370,-1.382,0.801,2.71
2025-12-08T23:16:05.380,-0.207,0.731,1.383
2025-12-08T23:16:05.390,0.653,0.452,0.376
2025-12-08T23:16:05.400,1.538,-0.025,-0.793
2025-12-08T23:16:05.410,2.077,-0.304,-2.414
2025-12-08T23:16:05.420,1.816,-0.533,-3.46
2025-12-08T23:16:05.430,1.297,-0.664,-3.183
2025-12-08T23:16:05.440,0.813,-0.35,-1.443
2025-12-08T23:16:05.450,0.235,0.089,1.064
2025-12-08T23:16:05.460,-0.24,0.315,2.594
2025-12-08T23:16:05.470,-0.412,0.123,2.731
2025-12-08T23:16:05.480,-0.34,-0.526,2.662
2025-12-08T23:16:05.490,-0.027,-1.195,2.243
2025-12-08T23:16:05.500,0.487,-1.24,0.942
2025-12-08T23:16:05.510,0.806,-0.735,-0.08
2025-12-08T23:16:05.520,0.621,-0.339,-0.197
2025-12-08T23:16:05.530,0.119,-0.235,0.056
2025-12-08T23:16:05.540,-0.35,-0.275,-0.033
2025-12-08T23:16:05.550,-0.64,-0.026,-0.849
2025-12-08T23:16:05.560,-0.759,0.639,-1.345
2025-12-08T23:16:05.570,-0.951,1.316,0.123
2025-12-08T23:16:05.580,-1.023,2.007,2.617
2025-12-08T23:16:05.590,-0.605,2.436,3.266
2025-12-08T23:16:05.600,-0.055,2.394,1.399
2025-12-08T23:16:05.610,0.337,2.203,-1.771
2025-12-08T23:16:05.620,0.324,1.782,-4.348
2025-12-08T23:16:05.630,-0.273,0.962,-4.495
2025-12-08T23:16:05.640,-0.756,0.078,-2.56
2025-12-08T23:16:05.650,-0.736,-0.445,-0.194
2025-12-08T23:16:05.660,-0.785,-1.059,1.088
2025-12-08T23:16:05.670,-0.776,-1.835,0.46
2025-12-08T23:16:05.680,-0.194,-2.151,-1.254
2025-12-08T23:16:05.690,0.498,-2.19,-1.964
2025-12-08T23:16:05.700,0.836,-2.107,-0.195
2025-12-08T23:16:05.710,0.697,-1.657,3.237
2025-12-08T23:16:05.720,0.218,-0.856,5.959
2025-12-08T23:16:05.730,0.184,0.045,5.566
2025-12-08T23:16:05.740,0.547,1.124,1.47
2025-12-08T23:16:05.750,0.379,2.251,-3.116
2025-12-08T23:16:05.760,-0.255,2.783,-4.159
2025-12-08T23:16:05.770,-1.133,2.809,-0.788
2025-12-08T23:16:05.780,-2.07,2.309,4.285
2025-12-08T23:16:05.790,-2.379,0.671,6.498
2025-12-08T23:16:05.800,-1.878,-1.331,3.706
2025-12-08T23:16:05.810,-0.868,-2.142,-2.035
2025-12-08T23:16:05.820,0.235,-2.003,-7.296
2025-12-08T23:16:05.830,1.276,-1.848,-9.372
2025-12-08T23:16:05.840,1.68,-1.436,-6.903
2025-12-08T23:16:05.850,0.843,-0.559,-1.22
2025-12-08T23:16:05.860,-0.338,0.455,3.839
2025-12-08T23:16:05.870,-0.793,1.516,5.298
2025-12-08T23:16:05.880,-0.556,2.455,3.754
2025-12-08T23:16:05.890,-0.168,3.038,1.168
2025-12-08T23:16:05.900,0.062,3.109,-1.019
2025-12-08T23:16:05.910,-0.097,2.644,-1.726
2025-12-08T23:16:05.920,-0.269,2.191,-2.224
2025-12-08T23:16:05.930,0.06,1.67,-3.715
2025-12-08T23:16:05.940,0.458,0.68,-4.617
2025-12-08T23:16:05.950,0.471,-0.583,-3.384
2025-12-08T23:16:05.960,0.025,-2.125,0.029
2025-12-08T23:16:05.970,-0.478,-3.439,4.339
2025-12-08T23:16:05.980,-0.742,-4.058,7.338
2025-12-08T23:16:05.990,-0.775,-4.136,7.114
2025-12-08T23:16:06.000,-0.562,-3.687,4.051
2025-12-08T23:16:06.010,0.022,-2.72,0.089
2025-12-08T23:16:06.020,1.029,-1.224,-3.123
2025-12-08T23:16:06.030,1.629,0.229,-4.147
2025-12-08T23:16:06.040,1.555,0.774,-2.972
2025-12-08T23:16:06.050,1.102,0.656,-0.897
2025-12-08T23:16:06.060,-0.021,0.644,1.2
2025-12-08T23:16:06.070,-1.307,0.678,2.391
2025-12-08T23:16:06.080,-1.741,0.728,1.506
2025-12-08T23:16:06.090,-1.706,0.917,-1.02
2025-12-08T23:16:06.100,-1.777,0.913,-4.296
2025-12-08T23:16:06.110,-1.538,0.52,-7.699
2025-12-08T23:16:06.120,-0.927,-0.153,-8.81
2025-12-08T23:16:06.130,-0.073,-0.883,-6.271
2025-12-08T23:16:06.140,0.788,-1.693,-1.861
2025-12-08T23:16:06.150,1.431,-2.247,2.078
2025-12-08T23:16:06.160,1.678,-1.991,3.885
2025-12-08T23:16:06.170,1.611,-0.824,2.83
2025-12-08T23:16:06.180,1.646,0.747,0.674
2025-12-08T23:16:06.190,1.588,1.488,0.781
2025-12-08T23:16:06.200,1.655,1.051,3.155
2025-12-08T23:16:06.210,1.721,0.263,5.249
2025-12-08T23:16:06.220,1.186,-0.244,5.792
2025-12-08T23:16:06.230,0.502,-0.335,3.824
2025-12-08T23:16:06.240,0.204,0.032,-0.046
2025-12-08T23:16:06.250,0.11,0.574,-3.041
2025-12-08T23:16:06.260,-0.298,1.053,-4.296
2025-12-08T23:16:06.270,-1.188,1.016,-4.067
2025-12-08T23:16:06.280,-2.439,0.096,-1.508
2025-12-08T23:16:06.290,-3.204,-0.36,2.258
2025-12-08T23:16:06.300,-2.815,-0.117,4.597
2025-12-08T23:16:06.310,-1.821,-0.082,4.445
2025-12-08T23:16:06.320,-0.52,-0.347,2.234
2025-12-08T23:16:06.330,0.952,-0.913,-0.283
2025-12-08T23:16:06.340,1.874,-0.799,-1.285
2025-12-08T23:16:06.350,2.192,0.166,-0.559
2025-12-08T23:16:06.360,2.197,0.923,1.363
2025-12-08T23:16:06.370,1.428,1.136,3.809
2025-12-08T23:16:06.380,0.515,0.974,5.166
2025-12-08T23:16:06.390,0.127,0.664,4.122
2025-12-08T23:16:06.400,-0.29,0.398,1.009
2025-12-08T23:16:06.410,-0.498,0.491,-2.765
2025-12-08T23:16:06.420,-0.403,0.891,-5.337
2025-12-08T23:16:06.430,-0.675,1.236,-5.482
2025-12-08T23:16:06.440,-1.361,1.021,-4.251
2025-12-08T23:16:06.450,-1.926,-0.038,-3.405
2025-12-08T23:16:06.460,-2.184,-1.467,-2.233
2025-12-08T23:16:06.470,-2.001,-2.85,-0.167
2025-12-08T23:16:06.480,-1.119,-3.808,1.812
2025-12-08T23:16:06.490,0.25,-3.858,3.213
2025-12-08T23:16:06.500,1.57,-3.156,3.032
2025-12-08T23:16:06.510,2.349,-2.29,1.233
2025-12-08T23:16:06.520,2.645,-1.278,-0.081
2025-12-08T23:16:06.530,2.956,-0.073,0.443
2025-12-08T23:16:06.540,3.282,0.682,2.395
2025-12-08T23:16:06.550,2.842,0.895,4.682
2025-12-08T23:16:06.560,1.646,1.267,6.383
2025-12-08T23:16:06.570,0.318,2.003,7.251
2025-12-08T23:16:06.580,-0.752,2.551,7.172
2025-12-08T23:16:06.590,-0.994,2.361,5.99
2025-12-08T23:16:06.600,-0.671,1.6,3.651
2025-12-08T23:16:06.610,-0.331,0.451,0.261
2025-12-08T23:16:06.620,-0.128,-0.946,-3.276
2025-12-08T23:16:06.630,-0.032,-1.468,-5.883
2025-12-08T23:16:06.640,0.314,-1.226,-6.43
2025-12-08T23:16:06.650,0.953,-1.549,-5.15
2025-12-08T23:16:06.660,1.487,-1.959,-3.399
2025-12-08T23:16:06.670,1.522,-1.572,-1.971
2025-12-08T23:16:06.680,1.333,-0.232,-2.147
2025-12-08T23:16:06.690,1.033,1.59,-3.006
2025-12-08T23:16:06.700,0.318,3.094,-2.831
2025-12-08T23:16:06.710,-0.542,4.212,-1.688
2025-12-08T23:16:06.720,-1.276,4.741,-0.045
2025-12-08T23:16:06.730,-1.789,4.436,0.491
2025-12-08T23:16:06.740,-2.011,3.258,0.186
2025-12-08T23:16:06.750,-1.871,1.424,0.54
2025-12-08T23:16:06.760,-1.592,-0.088,2.178
2025-12-08T23:16:06.770,-1.439,-0.742,4.562
2025-12-08T23:16:06.780,-1.04,-0.721,4.349
2025-12-08T23:16:06.790,-0.524,-0.318,0.308
2025-12-08T23:16:06.800,-0.164,0.073,-4.966
2025-12-08T23:16:06.810,0.02,0.213,-7.552
2025-12-08T23:16:06.820,-0.139,0.276,-4.504
2025-12-08T23:16:06.830,-0.719,0.19,2.293
2025-12-08T23:16:06.840,-1.549,-0.546,7.618
2025-12-08T23:16:06.850,-1.647,-1.481,7.976
2025-12-08T23:16:06.860,-1.34,-1.54,4.42
2025-12-08T23:16:06.870,-1.404,-1.036,0.072
2025-12-08T23:16:06.880,-1.345,-0.822,-2.717
2025-12-08T23:16:06.890,-1.268,-0.291,-3.043
2025-12-08T23:16:06.900,-1.101,0.58,-2.142
2025-12-08T23:16:06.910,-1.037,1.129,-1.151
2025-12-08T23:16:06.920,-1.26,1.728,-0.678
2025-12-08T23:16:06.930,-0.945,1.966,-0.854
2025-12-08T23:16:06.940,-0.136,1.641,-0.244
2025-12-08T23:16:06.950,0.544,1.214,1.3
2025-12-08T23:16:06.960,0.775,0.518,2.123
2025-12-08T23:16:06.970,0.818,-0.077,1.615
2025-12-08T23:16:06.980,1.192,-0.571,0.749
2025-12-08T23:16:06.990,1.552,-1.311,0.941
2025-12-08T23:16:07.000,1.708,-2.14,2.097
2025-12-08T23:16:07.010,2.01,-2.986,2.563
2025-12-08T23:16:07.020,2.297,-3.409,1.336
2025-12-08T23:16:07.030,2.112,-3.216,-0.609
2025-12-08T23:16:07.040,1.037,-2.831,-1.661
2025-12-08T23:16:07.050,-0.499,-2.526,-1.815
2025-12-08T23:16:07.060,-1.78,-2.189,-2.262
2025-12-08T23:16:07.070,-2.395,-1.452,-3.381
2025-12-08T23:16:07.080,-1.964,-0.315,-3.721
2025-12-08T23:16:07.090,-0.954,1.042,-1.828
2025-12-08T23:16:07.100,0.254,2.243,1.409
2025-12-08T23:16:07.110,1.621,2.802,3.093
2025-12-08T23:16:07.120,3.089,2.808,1.613
2025-12-08T23:16:07.130,4.24,2.362,-0.693
2025-12-08T23:16:07.140,4.336,1.649,-1.101
2025-12-08T23:16:07.150,3.805,0.892,-0.039
2025-12-08T23:16:07.160,3.09,0.194,0.725
2025-12-08T23:16:07.170,1.897,-0.17,0.575
2025-12-08T23:16:07.180,0.316,-0.112,0.179
2025-12-08T23:16:07.190,-1.177,0.068,-0.071
2025-12-08T23:16:07.200,-2.214,-0.205,-0.899
2025-12-08T23:16:07.210,-2.673,-0.606,-2.499
2025-12-08T23:16:07.220,-2.803,-0.672,-3.19
2025-12-08T23:16:07.230,-2.852,-0.961,-1.724
2025-12-08T23:16:07.240,-2.428,-1.354,1.097
2025-12-08T23:16:07.250,-1.588,-1.103,3.231
2025-12-08T23:16:07.260,-0.839,-0.496,3.585
2025-12-08T23:16:07.270,-0.329,-0.307,2.631
2025-12-08T23:16:07.280,-0.307,-0.277,1.095
2025-12-08T23:16:07.290,-0.736,0.01,0.644
2025-12-08T23:16:07.300,-1.098,0.345,1.34
2025-12-08T23:16:07.310,-0.969,0.457,1.971
2025-12-08T23:16:07.320,-0.916,0.402,2.543
2025-12-08T23:16:07.330,-1.568,0.623,1.495
2025-12-08T23:16:07.340,-1.565,1.085,-1.762
2025-12-08T23:16:07.350,-0.142,1.467,-4.564
2025-12-08T23:16:07.360,1.266,1.466,-4.469
2025-12-08T23:16:07.370,1.887,0.752,-2.09
2025-12-08T23:16:07.380,1.791,-0.35,0.038
2025-12-08T23:16:07.390,1.608,-1.267,0.539
2025-12-08T23:16:07.400,2.322,-1.588,-0.698
2025-12-08T23:16:07.410,3.265,-1.027,-1.83
2025-12-08T23:16:07.420,3.312,-0.059,-1.746
2025-12-08T23:16:07.430,2.631,0.391,-1.571
2025-12-08T23:16:07.440,1.774,-0.129,-0.642
2025-12-08T23:16:07.450,0.872,-1.438,2.364
2025-12-08T23:16:07.460,0.059,-2.768,6.546
2025-12-08T23:16:07.470,-0.43,-3.229,8.718
2025-12-08T23:16:07.480,-0.652,-2.822,6.291
2025-12-08T23:16:07.490,-0.617,-2.485,-0.284
2025-12-08T23:16:07.500,-0.69,-2.584,-7.676
2025-12-08T23:16:07.510,-1.321,-2.712,-11.262
2025-12-08T23:16:07.520,-2.251,-2.647,-9.55
2025-12-08T23:16:07.530,-3.027,-2.179,-4.439
2025-12-08T23:16:07.540,-3.275,-1.132,0.857
2025-12-08T23:16:07.550,-2.848,0.57,3.067
2025-12-08T23:16:07.560,-1.562,2.237,1.375
2025-12-08T23:16:07.570,0.499,3.137,-2.726
2025-12-08T23:16:07.580,2.555,3.741,-5.576
2025-12-08T23:16:07.590,3.883,3.96,-4.376
2025-12-08T23:16:07.600,4.33,3.283,-0.646
2025-12-08T23:16:07.610,3.939,2.03,3.447
2025-12-08T23:16:07.620,2.647,0.934,6.311
2025-12-08T23:16:07.630,0.79,0.391,7.137
2025-12-08T23:16:07.640,-1.203,0.414,6.781
2025-12-08T23:16:07.650,-3.309,1.122,5.132
2025-12-08T23:16:07.660,-4.944,1.974,1.922
2025-12-08T23:16:07.670,-4.925,2.944,-2.697
2025-12-08T23:16:07.680,-3.598,4.421,-7.591
2025-12-08T23:16:07.690,-2.264,5.273,-10.241
2025-12-08T23:16:07.700,-1.07,4.475,-9.773
2025-12-08T23:16:07.710,-0.262,2.613,-6.031
2025-12-08T23:16:07.720,0.216,0.967,0.084
2025-12-08T23:16:07.730,0.741,-0.334,5.797
2025-12-08T23:16:07.740,0.882,-1.49,9.155
2025-12-08T23:16:07.750,1.079,-2.15,9.898
2025-12-08T23:16:07.760,1.788,-2.643,8.686
2025-12-08T23:16:07.770,2.492,-2.814,5.578
2025-12-08T23:16:07.780,2.681,-2.001,0.912
2025-12-08T23:16:07.790,2.217,-0.681,-4.142
2025-12-08T23:16:07.800,1.436,0.261,-7.442
2025-12-08T23:16:07.810,0.339,0.81,-6.858
2025-12-08T23:16:07.820,-0.627,0.703,-3.902
2025-12-08T23:16:07.830,-0.878,-0.259,-1.194
2025-12-08T23:16:07.840,-0.758,-0.708,0.534
2025-12-08T23:16:07.850,-0.103,-0.362,1.366
2025-12-08T23:16:07.860,1.057,-0.064,1.925
2025-12-08T23:16:07.870,2.056,0.178,2.784
2025-12-08T23:16:07.880,2.797,0.298,3.362
2025-12-08T23:16:07.890,3.333,-0.027,2.469
2025-12-08T23:16:07.900,3.488,-1.122,0.676
2025-12-08T23:16:07.910,3.054,-2.15,-1.309
2025-12-08T23:16:07.920,2.058,-2.202,-2.949
2025-12-08T23:16:07.930,0.69,-1.53,-2.756
2025-12-08T23:16:07.940,-0.661,-0.247,-1.094
2025-12-08T23:16:07.950,-1.82,1.078,0.92
2025-12-08T23:16:07.960,-2.913,1.821,1.979
2025-12-08T23:16:07.970,-3.683,1.842,1.484
2025-12-08T23:16:07.980,-4.002,1.538,0.965
2025-12-08T23:16:07.990,-3.803,1.615,1.017
2025-12-08T23:16:08.000,-3.074,2.064,1.089
2025-12-08T23:16:08.010,-1.928,2.772,-0.11
2025-12-08T23:16:08.020,-0.577,3.125,-2.649
2025-12-08T23:16:08.030,0.66,2.526,-4.816
2025-12-08T23:16:08.040,1.802,1.437,-5.544
2025-12-08T23:16:08.050,2.451,0.532,-3.95
2025-12-08T23:16:08.060,2.345,-0.015,-0.774
2025-12-08T23:16:08.070,1.666,-0.48,2.452
2025-12-08T23:16:08.080,0.443,-0.976,4.841
2025-12-08T23:16:08.090,-1.01,-1.777,5.069
2025-12-08T23:16:08.100,-2.108,-2.772,2.506
2025-12-08T23:16:08.110,-2.194,-3.332,-1.82
2025-12-08T23:16:08.120,-1.31,-3.295,-5.176
2025-12-08T23:16:08.130,-0.253,-2.936,-5.348
2025-12-08T23:16:08.140,0.438,-2.476,-2.813
2025-12-08T23:16:08.150,1.025,-1.818,0.54
2025-12-08T23:16:08.160,1.781,-1.022,3.119
2025-12-08T23:16:08.170,2.443,0.21,4.462
2025-12-08T23:16:08.180,2.559,1.468,5.104
2025-12-08T23:16:08.190,1.791,1.793,4.63
2025-12-08T23:16:08.200,0.517,1.526,2.465
2025-12-08T23:16:08.210,-0.723,1.031,-0.021
2025-12-08T23:16:08.220,-1.561,0.369,-1.532
2025-12-08T23:16:08.230,-1.914,-0.863,-2.313
2025-12-08T23:16:08.240,-2.101,-2.753,-4.091
2025-12-08T23:16:08.250,-1.997,-4.545,-7.706
2025-12-08T23:16:08.260,-1.586,-5.706,-10.609
2025-12-08T23:16:08.270,-1.296,-5.781,-9.266
2025-12-08T23:16:08.280,-1.174,-5.242,-3.306
2025-12-08T23:16:08.290,-0.909,-4.425,2.754
2025-12-08T23:16:08.300,-0.643,-2.881,4.982
2025-12-08T23:16:08.310,-0.831,-0.767,3.838
2025-12-08T23:16:08.320,-1.077,1.336,1.33
2025-12-08T23:16:08.330,-0.7,2.895,-0.285
2025-12-08T23:16:08.340,0.078,4.235,-0.366
2025-12-08T23:16:08.350,0.539,5.483,0.456
2025-12-08T23:16:08.360,0.107,5.824,2.247
2025-12-08T23:16:08.370,-0.85,5.005,4.431
2025-12-08T23:16:08.380,-1.19,3.552,5.462
2025-12-08T23:16:08.390,-0.879,2.285,3.867
2025-12-08T23:16:08.400,-0.635,1.221,0.131
2025-12-08T23:16:08.410,-0.578,-0.164,-2.875
2025-12-08T23:16:08.420,-0.829,-1.584,-3.286
2025-12-08T23:16:08.430,-1.211,-3.034,-2.5
2025-12-08T23:16:08.440,-0.988,-4.424,-2.781
2025-12-08T23:16:08.450,-0.044,-4.676,-3.297
2025-12-08T23:16:08.460,1.062,-3.752,-1.211
2025-12-08T23:16:08.470,1.578,-2.721,3.423
2025-12-08T23:16:08.480,1.439,-1.976,7.312
2025-12-08T23:16:08.490,1.242,-1.265,7.77
2025-12-08T23:16:08.500,1.039,-0.247,5.042
2025-12-08T23:16:08.510,0.874,1.089,2.108
2025-12-08T23:16:08.520,0.606,2.331,1.675
2025-12-08T23:16:08.530,-0.155,3.077,2.811
2025-12-08T23:16:08.540,-1.0,3.089,2.061
2025-12-08T23:16:08.550,-1.499,2.916,-2.015
2025-12-08T23:16:08.560,-1.477,3.12,-6.212
2025-12-08T23:16:08.570,-0.838,3.283,-6.57
2025-12-08T23:16:08.580,0.178,3.196,-2.851
2025-12-08T23:16:08.590,1.263,2.709,1.831
2025-12-08T23:16:08.600,1.982,1.827,3.622
2025-12-08T23:16:08.610,2.065,1.249,2.591
2025-12-08T23:16:08.620,1.926,0.831,1.726
2025-12-08T23:16:08.630,2.07,-0.02,2.199
2025-12-08T23:16:08.640,1.878,-0.81,3.742
2025-12-08T23:16:08.650,0.565,-1.304,5.125
2025-12-08T23:16:08.660,-1.161,-2.123,5.031
2025-12-08T23:16:08.670,-2.225,-2.958,3.14
2025-12-08T23:16:08.680,-2.321,-3.021,-0.676
2025-12-08T23:16:08.690,-1.509,-2.333,-5.661
2025-12-08T23:16:08.700,-0.227,-1.348,-9.349
2025-12-08T23:16:08.710,0.615,-0.284,-9.005
2025-12-08T23:16:08.720,0.84,0.632,-4.839
2025-12-08T23:16:08.730,0.988,0.753,-0.338
2025-12-08T23:16:08.740,1.275,0.399,1.889
2025-12-08T23:16:08.750,1.64,0.306,2.217
2025-12-08T23:16:08.760,1.35,0.211,2.348
2025-12-08T23:16:08.770,0.523,-0.11,2.484
2025-12-08T23:16:08.780,0.004,-0.303,1.213
2025-12-08T23:16:08.790,-1.051,0.268,-0.972
2025-12-08T23:16:08.800,-2.67,1.246,-2.585
2025-12-08T23:16:08.810,-3.623,1.725,-3.573
2025-12-08T23:16:08.820,-3.64,1.799,-4.386
2025-12-08T23:16:08.830,-2.65,1.449,-5.881
2025-12-08T23:16:08.840,-1.476,0.847,-7.183
2025-12-08T23:16:08.850,-0.946,0.63,-5.486
2025-12-08T23:16:08.860,-0.414,0.332,-1.061
2025-12-08T23:16:08.870,0.535,-0.662,2.239
2025-12-08T23:16:08.880,1.772,-1.709,2.531
2025-12-08T23:16:08.890,2.521,-1.858,1.422
2025-12-08T23:16:08.900,2.315,-1.21,0.899
2025-12-08T23:16:08.910,1.838,-0.366,2.192
2025-12-08T23:16:08.920,1.515,0.405,3.788
2025-12-08T23:16:08.930,1.442,0.855,3.487
2025-12-08T23:16:08.940,1.334,1.116,2.703
2025-12-08T23:16:08.950,0.816,1.022,3.335
2025-12-08T23:16:08.960,-0.082,0.124,5.053
2025-12-08T23:16:08.970,-0.887,-0.764,5.597
2025-12-08T23:16:08.980,-1.145,-1.136,3.436
2025-12-08T23:16:08.990,-1.136,-1.059,0.141
2025-12-08T23:16:09.000,-1.138,-0.142,-2.166
2025-12-08T23:16:09.010,-1.031,0.677,-3.003
2025-12-08T23:16:09.020,-0.719,0.735,-3.076
2025-12-08T23:16:09.030,-0.47,0.993,-2.857
2025-12-08T23:16:09.040,-0.377,1.365,-2.967
2025-12-08T23:16:09.050,-0.244,1.238,-3.786
2025-12-08T23:16:09.060,0.256,0.859,-4.229
2025-12-08T23:16:09.070,0.953,0.405,-3.172
2025-12-08T23:16:09.080,1.077,-0.088,-0.054
2025-12-08T23:16:09.090,0.664,-0.417,4.058
2025-12-08T23:16:09.100,-0.16,-0.533,5.926
2025-12-08T23:16:09.110,-1.069,-0.519,3.23
2025-12-08T23:16:09.120,-1.527,-0.7,-2.774
2025-12-08T23:16:09.130,-1.67,-1.352,-8.175
2025-12-08T23:16:09.140,-1.48,-1.634,-9.891
2025-12-08T23:16:09.150,-0.848,-1.364,-7.87
2025-12-08T23:16:09.160,-0.082,-1.461,-4.062
2025-12-08T23:16:09.170,0.579,-1.407,-0.189
2025-12-08T23:16:09.180,1.144,-0.844,2.996
2025-12-08T23:16:09.190,1.47,-0.35,4.714
2025-12-08T23:16:09.200,1.859,0.202,4.988
2025-12-08T23:16:09.210,2.167,0.84,5.51
2025-12-08T23:16:09.220,1.997,1.268,6.29
2025-12-08T23:16:09.230,1.654,1.452,5.826
2025-12-08T23:16:09.240,0.693,1.966,4.138
2025-12-08T23:16:09.250,-0.695,2.617,1.533
2025-12-08T23:16:09.260,-1.655,1.888,-1.425
2025-12-08T23:16:09.270,-2.553,0.068,-3.189
2025-12-08T23:16:09.280,-3.676,-1.468,-2.977
2025-12-08T23:16:09.290,-4.365,-2.833,-1.761
2025-12-08T23:16:09.300,-3.994,-3.815,-0.345
2025-12-08T23:16:09.310,-2.619,-3.353,0.901
2025-12-08T23:16:09.320,-0.742,-2.077,-0.221
2025-12-08T23:16:09.330,0.917,-1.072,-4.266
2025-12-08T23:16:09.340,2.076,0.044,-7.076
2025-12-08T23:16:09.350,2.925,0.959,-4.831
2025-12-08T23:16:09.360,3.425,1.38,1.036
2025-12-08T23:16:09.370,3.745,1.492,5.552
2025-12-08T23:16:09.380,3.865,0.883,5.458
2025-12-08T23:16:09.390,3.281,0.114,1.968
2025-12-08T23:16:09.400,2.182,-0.239,-1.296
2025-12-08T23:16:09.410,0.878,-0.246,-2.918
2025-12-08T23:16:09.420,-0.202,-0.233,-4.167
2025-12-08T23:16:09.430,-0.658,-0.995,-5.064
2025-12-08T23:16:09.440,-1.184,-2.218,-4.181
2025-12-08T23:16:09.450,-1.547,-3.168,-1.591
2025-12-08T23:16:09.460,-1.051,-4.065,1.22
2025-12-08T23:16:09.470,-0.032,-4.632,2.93
2025-12-08T23:16:09.480,1.264,-4.362,3.759
2025-12-08T23:16:09.490,2.21,-3.469,4.862
2025-12-08T23:16:09.500,2.544,-1.729,5.463
2025-12-08T23:16:09.510,2.795,0.507,4.044
2025-12-08T23:16:09.520,2.45,2.397,1.206
2025-12-08T23:16:09.530,0.881,4.268,-0.535
2025-12-08T23:16:09.540,-1.022,5.544,0.296
2025-12-08T23:16:09.550,-2.29,5.439,2.325
2025-12-08T23:16:09.560,-2.754,4.659,3.366
2025-12-08T23:16:09.570,-2.625,3.453,2.271
2025-12-08T23:16:09.580,-2.727,2.265,0.568
2025-12-08T23:16:09.590,-3.104,1.83,0.179
2025-12-08T23:16:09.600,-2.921,1.49,0.228
2025-12-08T23:16:09.610,-2.229,0.694,-0.002
2025-12-08T23:16:09.620,-1.377,-0.164,0.168
2025-12-08T23:16:09.630,-1.171,-0.681,0.647
2025-12-08T23:16:09.640,-1.869,-0.906,-0.243
2025-12-08T23:16:09.650,-1.911,-1.047,-3.312
2025-12-08T23:16:09.660,-0.829,-0.927,-6.0
2025-12-08T23:16:09.670,0.227,-0.059,-5.046
2025-12-08T23:16:09.680,0.305,1.486,-1.122
2025-12-08T23:16:09.690,-0.373,2.41,1.286
2025-12-08T23:16:09.700,-0.821,2.156,-0.257
2025-12-08T23:16:09.710,-0.911,1.328,-3.588
2025-12-08T23:16:09.720,-0.896,0.159,-5.328
2025-12-08T23:16:09.730,-0.941,-0.996,-4.04
2025-12-08T23:16:09.740,-0.932,-1.939,-1.119
2025-12-08T23:16:09.750,-0.623,-2.682,0.904
2025-12-08T23:16:09.760,-0.14,-3.15,0.945
2025-12-08T23:16:09.770,0.523,-3.102,-0.43
2025-12-08T23:16:09.780,1.327,-1.896,-2.523
2025-12-08T23:16:09.790,2.29,-0.052,-4.064
2025-12-08T23:16:09.800,3.371,1.22,-3.687
2025-12-08T23:16:09.810,3.948,1.871,-1.377
2025-12-08T23:16:09.820,3.342,2.208,2.197
2025-12-08T23:16:09.830,1.988,2.062,5.083
2025-12-08T23:16:09.840,1.072,0.928,5.075
2025-12-08T23:16:09.850,0.68,-0.927,3.129
2025-12-08T23:16:09.860,0.341,-2.129,2.301
2025-12-08T23:16:09.870,0.003,-2.329,3.27
2025-12-08T23:16:09.880,-0.396,-2.125,4.158
2025-12-08T23:16:09.890,-0.826,-1.783,3.34
2025-12-08T23:16:09.900,-1.227,-1.434,0.411
2025-12-08T23:16:09.910,-1.638,-1.058,-3.376
2025-12-08T23:16:09.920,-2.031,-0.839,-5.859
2025-12-08T23:16:09.930,-2.517,-0.794,-5.155
2025-12-08T23:16:09.940,-2.99,-0.765,-1.258
2025-12-08T23:16:09.950,-3.0,-1.029,3.484
2025-12-08T23:16:09.960,-2.585,-1.18,5.823
2025-12-08T23:16:09.970,-1.486,-0.715,3.386
2025-12-08T23:16:09.980,0.266,-0.429,-2.106
2025-12-08T23:16:09.990,1.568,-0.52,-6.127
2025-12-08T23:16:10.000,2.033,-0.465,-5.319
2025-12-08T23:16:10.010,1.616,-0.763,-0.35
2025-12-08T23:16:10.020,0.878,-1.595,3.894
2025-12-08T23:16:10.030,0.616,-2.26,4.077
2025-12-08T23:16:10.040,0.099,-2.338,0.738
2025-12-08T23:16:10.050,-1.102,-2.071,-2.701
2025-12-08T23:16:10.060,-2.299,-1.811,-3.036
2025-12-08T23:16:10.070,-2.861,-1.052,-0.838
2025-12-08T23:16:10.080,-2.413,0.483,1.167
2025-12-08T23:16:10.090,-0.936,1.973,0.262
2025-12-08T23:16:10.100,0.972,3.14,-2.594
2025-12-08T23:16:10.110,2.9,3.966,-3.975
2025-12-08T23:16:10.120,4.624,3.976,-2.586
2025-12-08T23:16:10.130,5.508,3.515,0.937
2025-12-08T23:16:10.140,5.365,2.596,3.972
2025-12-08T23:16:10.150,4.283,1.147,4.493
2025-12-08T23:16:10.160,2.865,0.121,3.569
2025-12-08T23:16:10.170,1.79,-0.393,3.113
2025-12-08T23:16:10.180,0.762,-0.915,3.772
2025-12-08T23:16:10.190,-0.384,-1.603,5.395
2025-12-08T23:16:10.200,-1.355,-1.947,6.447
2025-12-08T23:16:10.210,-1.718,-1.83,4.495
2025-12-08T23:16:10.220,-1.625,-1.986,-0.314
2025-12-08T23:16:10.230,-1.398,-1.88,-5.674
2025-12-08T23:16:10.240,-0.992,-1.221,-7.926
2025-12-08T23:16:10.250,-0.697,-0.528,-4.895
2025-12-08T23:16:10.260,-0.635,0.258,1.084
2025-12-08T23:16:10.270,-0.825,0.83,5.829
2025-12-08T23:16:10.280,-0.814,1.254,5.778
2025-12-08T23:16:10.290,-0.069,1.765,1.087
2025-12-08T23:16:10.300,0.976,1.898,-4.182
2025-12-08T23:16:10.310,1.816,1.296,-5.708
2025-12-08T23:16:10.320,1.962,-0.234,-2.884
2025-12-08T23:16:10.330,1.165,-1.96,0.514
2025-12-08T23:16:10.340,-0.069,-2.676,1.11
2025-12-08T23:16:10.350,-0.951,-2.57,-1.602
2025-12-08T23:16:10.360,-1.24,-2.28,-4.528
2025-12-08T23:16:10.370,-1.819,-2.152,-4.194
2025-12-08T23:16:10.380,-2.92,-2.472,-1.762
2025-12-08T23:16:10.390,-3.714,-2.746,0.407
2025-12-08T23:16:10.400,-4.131,-2.52,1.325
2025-12-08T23:16:10.410,-4.219,-1.937,0.326
2025-12-08T23:16:10.420,-3.798,-1.318,-1.082
2025-12-08T23:16:10.430,-2.882,-0.805,-0.617
2025-12-08T23:16:10.440,-1.617,-0.017,1.959
2025-12-08T23:16:10.450,-0.57,0.869,4.827
2025-12-08T23:16:10.460,0.192,1.246,5.6
2025-12-08T23:16:10.470,0.991,1.112,3.964
2025-12-08T23:16:10.480,1.997,0.984,1.081
2025-12-08T23:16:10.490,2.997,1.162,-1.748
2025-12-08T23:16:10.500,3.486,1.157,-3.918
2025-12-08T23:16:10.510,3.543,0.747,-5.46
2025-12-08T23:16:10.520,3.114,0.507,-5.305
2025-12-08T23:16:10.530,2.049,0.655,-3.047
2025-12-08T23:16:10.540,0.583,0.462,0.771
2025-12-08T23:16:10.550,-0.941,-0.22,5.799
2025-12-08T23:16:10.560,-2.3,-0.699,10.753
2025-12-08T23:16:10.570,-3.496,-0.929,13.31
2025-12-08T23:16:10.580,-4.081,-1.147,11.249
2025-12-08T23:16:10.590,-3.85,-1.25,4.55
2025-12-08T23:16:10.600,-3.095,-0.792,-4.425
2025-12-08T23:16:10.610,-2.039,-0.211,-11.786
2025-12-08T23:16:10.620,-1.27,-0.246,-13.5
2025-12-08T23:16:10.630,-0.993,-0.419,-8.598
2025-12-08T23:16:10.640,-0.765,-0.623,-0.31
2025-12-08T23:16:10.650,-0.243,-0.69,5.562
2025-12-08T23:16:10.660,0.883,-0.185,4.863
2025-12-08T23:16:10.670,2.428,0.727,-1.101
2025-12-08T23:16:10.680,3.599,2.099,-6.799
2025-12-08T23:16:10.690,3.522,3.286,-6.847
2025-12-08T23:16:10.700,1.987,3.245,-0.685
2025-12-08T23:16:10.710,0.117,2.255,6.902
2025-12-08T23:16:10.720,-1.043,0.919,10.554
2025-12-08T23:16:10.730,-1.372,-0.194,7.927
2025-12-08T23:16:10.740,-0.933,-0.313,1.465
2025-12-08T23:16:10.750,-0.321,0.302,-3.56
2025-12-08T23:16:10.760,-0.239,0.98,-4.719
2025-12-08T23:16:10.770,-0.482,1.321,-3.476
2025-12-08T23:16:10.780,-0.792,1.604,-2.367
2025-12-08T23:16:10.790,-1.113,2.323,-1.882
2025-12-08T23:16:10.800,-0.867,3.087,-0.821
2025-12-08T23:16:10.810,-0.034,4.079,1.163
2025-12-08T23:16:10.820,0.94,4.962,3.973
2025-12-08T23:16:10.830,2.009,4.788,6.073
2025-12-08T23:16:10.840,2.792,4.044,5.935
2025-12-08T23:16:10.850,3.353,2.869,4.349
2025-12-08T23:16:10.860,3.81,1.058,1.962
2025-12-08T23:16:10.870,3.901,-0.649,-0.541
2025-12-08T23:16:10.880,3.652,-1.498,-2.071
2025-12-08T23:16:10.890,2.476,-1.5,-2.376
2025-12-08T23:16:10.900,0.46,-1.385,-1.686
2025-12-08T23:16:10.910,-1.84,-1.447,-0.419
2025-12-08T23:16:10.920,-3.881,-1.36,0.815
2025-12-08T23:16:10.930,-4.444,-0.943,0.903
2025-12-08T23:16:10.940,-3.568,-0.018,-0.747
2025-12-08T23:16:10.950,-2.137,0.642,-3.667
2025-12-08T23:16:10.960,-0.544,0.418,-6.775
2025-12-08T23:16:10.970,0.91,0.17,-7.499
2025-12-08T23:16:10.980,1.375,-0.012,-3.751
2025-12-08T23:16:10.990,0.977,-0.232,2.24
2025-12-08T23:16:11.000,0.975,-0.564,6.5
2025-12-08T23:16:11.010,1.298,-1.315,6.531
2025-12-08T23:16:11.020,1.736,-1.749,1.83
2025-12-08T23:16:11.030,2.165,-1.509,-4.402
2025-12-08T23:16:11.040,2.319,-1.002,-8.788
2025-12-08T23:16:11.050,2.483,-1.032,-9.915
2025-12-08T23:16:11.060,2.569,-1.604,-7.678
2025-12-08T23:16:11.070,2.253,-1.644,-3.481
2025-12-08T23:16:11.080,1.563,-0.883,1.457
2025-12-08T23:16:11.090,1.138,0.155,4.833
2025-12-08T23:16:11.100,1.288,0.491,5.223
2025-12-08T23:16:11.110,1.629,-0.193,4.044
2025-12-08T23:16:11.120,1.243,-0.895,3.384
2025-12-08T23:16:11.130,-0.113,-0.685,4.373
2025-12-08T23:16:11.140,-0.864,0.014,5.699
2025-12-08T23:16:11.150,-0.585,0.449,5.578
2025-12-08T23:16:11.160,-0.356,0.931,3.627
2025-12-08T23:16:11.170,-0.478,1.57,0.745
2025-12-08T23:16:11.180,-0.751,2.127,-1.534
2025-12-08T23:16:11.190,-0.927,2.54,-1.784
2025-12-08T23:16:11.200,-1.018,2.707,0.295
2025-12-08T23:16:11.210,-1.405,2.304,3.291
2025-12-08T23:16:11.220,-2.127,1.233,5.327
2025-12-08T23:16:11.230,-2.719,0.253,4.604
2025-12-08T23:16:11.240,-2.9,-0.054,1.002
2025-12-08T23:16:11.250,-2.649,0.151,-2.973
2025-12-08T23:16:11.260,-2.155,0.376,-4.773
2025-12-08T23:16:11.270,-1.75,0.58,-4.306
2025-12-08T23:16:11.280,-1.356,0.749,-3.956
2025-12-08T23:16:11.290,-1.001,0.51,-6.115
2025-12-08T23:16:11.300,-0.895,-0.205,-9.766
2025-12-08T23:16:11.310,-0.781,-1.16,-11.505
2025-12-08T23:16:11.320,-0.447,-1.613,-9.155
2025-12-08T23:16:11.330,-0.003,-1.196,-3.892
2025-12-08T23:16:11.340,0.468,-0.251,-0.214
2025-12-08T23:16:11.350,1.187,0.712,-0.583
2025-12-08T23:16:11.360,2.257,1.661,-3.025
2025-12-08T23:16:11.370,3.098,2.596,-3.729
2025-12-08T23:16:11.380,3.507,2.648,-0.508
2025-12-08T23:16:11.390,4.033,1.89,4.85
2025-12-08T23:16:11.400,4.807,0.971,8.773
2025-12-08T23:16:11.410,5.447,0.421,8.359
2025-12-08T23:16:11.420,5.36,0.439,4.373
2025-12-08T23:16:11.430,4.243,0.424,0.551
2025-12-08T23:16:11.440,2.215,0.153,0.028
2025-12-08T23:16:11.450,-0.233,-0.542,3.262
2025-12-08T23:16:11.460,-2.308,-1.011,7.005
2025-12-08T23:16:11.470,-3.671,-0.903,7.543
2025-12-08T23:16:11.480,-3.706,-1.111,3.292
2025-12-08T23:16:11.490,-2.444,-1.368,-3.032
2025-12-08T23:16:11.500,-0.855,-1.316,-7.209
2025-12-08T23:16:11.510,0.436,-1.238,-7.575
2025-12-08T23:16:11.520,0.517,-1.186,-3.407
2025-12-08T23:16:11.530,-0.282,-1.616,2.916
2025-12-08T23:16:11.540,-1.204,-2.575,7.474
2025-12-08T23:16:11.550,-2.061,-2.81,8.125
2025-12-08T23:16:11.560,-1.954,-1.841,4.389
2025-12-08T23:16:11.570,-0.926,-0.534,-1.379
2025-12-08T23:16:11.580,0.173,0.432,-5.953
2025-12-08T23:16:11.590,0.428,0.647,-7.27
2025-12-08T23:16:11.600,-0.437,-0.109,-5.312
2025-12-08T23:16:11.610,-1.448,-1.506,-1.685
2025-12-08T23:16:11.620,-1.939,-2.247,1.363
2025-12-08T23:16:11.630,-1.857,-1.877,2.131
2025-12-08T23:16:11.640,-1.763,-1.071,0.827
2025-12-08T23:16:11.650,-2.193,-0.144,-1.422
2025-12-08T23:16:11.660,-2.808,0.81,-3.077
2025-12-08T23:16:11.670,-2.84,1.948,-3.814
2025-12-08T23:16:11.680,-1.894,2.481,-4.243
2025-12-08T23:16:11.690,-0.598,2.175,-4.509
2025-12-08T23:16:11.700,0.149,1.572,-3.963
2025-12-08T23:16:11.710,0.009,0.559,-1.384
2025-12-08T23:16:11.720,-0.489,-0.106,2.442
2025-12-08T23:16:11.730,-0.521,-0.483,5.94
2025-12-08T23:16:11.740,0.135,-0.92,7.79
2025-12-08T23:16:11.750,1.165,-0.794,7.295
2025-12-08T23:16:11.760,1.9,-0.12,5.241
2025-12-08T23:16:11.770,2.031,0.622,2.86
2025-12-08T23:16:11.780,1.678,0.978,1.353
2025-12-08T23:16:11.790,1.007,1.062,0.135
2025-12-08T23:16:11.800,0.063,0.901,-1.671
2025-12-08T23:16:11.810,-0.623,0.612,-3.42
2025-12-08T23:16:11.820,-0.568,1.015,-3.377
2025-12-08T23:16:11.830,-0.352,2.303,-0.732
2025-12-08T23:16:11.840,-0.173,3.478,2.381
2025-12-08T23:16:11.850,-0.085,3.659,3.94
2025-12-08T23:16:11.860,0.174,3.097,3.276
2025-12-08T23:16:11.870,0.861,1.678,0.851
2025-12-08T23:16:11.880,1.29,-0.786,-1.572
2025-12-08T23:16:11.890,1.563,-3.177,-2.319
2025-12-08T23:16:11.900,1.969,-4.569,-1.554
2025-12-08T23:16:11.910,2.326,-4.936,-1.012
2025-12-08T23:16:11.920,2.327,-4.197,-1.479
2025-12-08T23:16:11.930,1.734,-2.788,-2.618
2025-12-08T23:16:11.940,0.662,-1.747,-3.066
2025-12-08T23:16:11.950,-0.616,-1.182,-1.505
2025-12-08T23:16:11.960,-1.677,-0.901,1.667
2025-12-08T23:16:11.970,-2.271,-0.697,4.507
2025-12-08T23:16:11.980,-2.145,-0.075,5.236
2025-12-08T23:16:11.990,-1.417,0.762,3.856
2025-12-08T23:16:12.000,-0.368,1.486,1.148
2025-12-08T23:16:12.010,0.863,1.942,-1.629
2025-12-08T23:16:12.020,1.732,2.012,-3.345
2025-12-08T23:16:12.030,1.633,1.863,-3.178
2025-12-08T23:16:12.040,0.546,1.478,-0.782
2025-12-08T23:16:12.050,-0.631,0.968,1.898
2025-12-08T23:16:12.060,-1.332,0.831,2.727
2025-12-08T23:16:12.070,-1.767,0.798,1.696
2025-12-08T23:16:12.080,-1.791,0.378,-0.062
2025-12-08T23:16:12.090,-1.279,0.034,-0.869
2025-12-08T23:16:12.100,-0.519,0.203,-0.082
2025-12-08T23:16:12.110,-0.037,1.262,0.863
2025-12-08T23:16:12.120,0.034,2.638,0.599
2025-12-08T23:16:12.130,0.158,2.521,-0.886
2025-12-08T23:16:12.140,0.105,0.944,-1.953
2025-12-08T23:16:12.150,-0.357,-0.631,-1.158
2025-12-08T23:16:12.160,-1.095,-1.472,0.445
2025-12-08T23:16:12.170,-1.673,-1.837,1.809
2025-12-08T23:16:12.180,-1.399,-2.171,3.146
2025-12-08T23:16:12.190,-0.872,-2.028,4.074
2025-12-08T23:16:12.200,-0.572,-1.42,3.407
2025-12-08T23:16:12.210,-0.449,-0.57,0.696
2025-12-08T23:16:12.220,-0.332,0.47,-2.599
2025-12-08T23:16:12.230,0.036,0.827,-4.514
2025-12-08T23:16:12.240,0.31,0.405,-4.632
2025-12-08T23:16:12.250,0.378,-0.503,-3.408
2025-12-08T23:16:12.260,0.116,-1.724,-1.893
2025-12-08T23:16:12.270,-0.117,-2.401,-1.769
2025-12-08T23:16:12.280,0.11,-2.498,-3.412
2025-12-08T23:16:12.290,0.731,-2.476,-5.868
2025-12-08T23:16:12.300,1.586,-2.122,-7.065
2025-12-08T23:16:12.310,2.215,-1.323,-4.953
2025-12-08T23:16:12.320,2.301,-0.434,-0.086
2025-12-08T23:16:12.330,1.912,0.416,4.704
2025-12-08T23:16:12.340,1.825,1.365,6.697
2025-12-08T23:16:12.350,2.168,2.162,5.376
2025-12-08T23:16:12.360,2.378,2.228,2.09
2025-12-08T23:16:12.370,2.005,1.614,-0.373
2025-12-08T23:16:12.380,0.927,1.313,0.766
2025-12-08T23:16:12.390,0.071,1.593,4.583
2025-12-08T23:16:12.400,0.078,1.805,6.795
2025-12-08T23:16:12.410,0.592,1.541,5.097
2025-12-08T23:16:12.420,0.883,0.761,0.928
2025-12-08T23:16:12.430,0.677,0.071,-3.055
2025-12-08T23:16:12.440,0.203,-0.037,-3.563
2025-12-08T23:16:12.450,-0.282,0.335,-0.22
2025-12-08T23:16:12.460,-0.389,0.942,3.172
2025-12-08T23:16:12.470,-0.219,1.452,3.777
2025-12-08T23:16:12.480,-0.331,1.62,1.238
2025-12-08T23:16:12.490,-0.567,1.621,-2.214
2025-12-08T23:16:12.500,-0.41,1.865,-3.697
2025-12-08T23:16:12.510,-0.067,2.232,-3.471
2025-12-08T23:16:12.520,0.386,2.279,-3.264
2025-12-08T23:16:12.530,0.817,1.632,-3.017
2025-12-08T23:16:12.540,0.907,0.468,-2.028
2025-12-08T23:16:12.550,1.304,-0.67,-1.031
2025-12-08T23:16:12.560,2.143,-1.645,-0.731
2025-12-08T23:16:12.570,2.628,-2.52,-1.01
2025-12-08T23:16:12.580,2.617,-3.247,-1.022
2025-12-08T23:16:12.590,2.208,-3.497,0.46
2025-12-08T23:16:12.600,1.531,-3.246,2.545
2025-12-08T23:16:12.610,1.253,-2.797,3.041
2025-12-08T23:16:12.620,1.31,-2.255,1.559
2025-12-08T23:16:12.630,0.94,-1.567,-0.091
2025-12-08T23:16:12.640,0.119,-0.713,0.309
2025-12-08T23:16:12.650,-0.994,0.165,2.709
2025-12-08T23:16:12.660,-1.854,0.84,4.126
2025-12-08T23:16:12.670,-2.156,1.01,2.047
2025-12-08T23:16:12.680,-2.619,0.953,-2.388
2025-12-08T23:16:12.690,-3.075,0.781,-5.907
2025-12-08T23:16:12.700,-3.077,0.209,-6.256
2025-12-08T23:16:12.710,-2.761,-0.392,-3.302
2025-12-08T23:16:12.720,-2.369,-0.858,1.186
2025-12-08T23:16:12.730,-2.201,-1.209,4.494
2025-12-08T23:16:12.740,-2.014,-1.186,5.367
2025-12-08T23:16:12.750,-1.602,-0.802,4.354
2025-12-08T23:16:12.760,-1.161,-0.249,2.568
2025-12-08T23:16:12.770,-0.862,0.515,1.472
2025-12-08T23:16:12.780,-0.824,1.091,1.142
2025-12-08T23:16:12.790,-1.24,0.929,0.757
2025-12-08T23:16:12.800,-1.556,0.93,-0.269
2025-12-08T23:16:12.810,-1.028,1.601,-2.508
2025-12-08T23:16:12.820,-0.322,1.892,-4.493
2025-12-08T23:16:12.830,-0.182,1.335,-3.88
2025-12-08T23:16:12.840,-0.675,0.097,-0.413
2025-12-08T23:16:12.850,-1.456,-1.334,3.983
2025-12-08T23:16:12.860,-1.809,-2.356,6.195
2025-12-08T23:16:12.870,-1.695,-2.696,4.538
2025-12-08T23:16:12.880,-1.552,-2.053,0.505
2025-12-08T23:16:12.890,-1.555,-1.146,-2.902
2025-12-08T23:16:12.900,-1.88,-0.872,-4.304
2025-12-08T23:16:12.910,-2.21,-0.871,-4.173
2025-12-08T23:16:12.920,-2.174,-0.876,-3.317
2025-12-08T23:16:12.930,-1.81,-0.761,-3.334
2025-12-08T23:16:12.940,-0.323,-0.501,-4.361
2025-12-08T23:16:12.950,2.507,-0.445,-4.87
2025-12-08T23:16:12.960,5.405,-0.531,-4.19
2025-12-08T23:16:12.970,7.188,-0.551,-1.368
2025-12-08T23:16:12.980,7.27,-0.326,2.774
2025-12-08T23:16:12.990,6.13,0.154,5.22
2025-12-08T23:16:13.000,4.581,0.569,4.346
2025-12-08T23:16:13.010,2.661,0.901,1.108
2025-12-08T23:16:13.020,0.845,1.337,-1.697
2025-12-08T23:16:13.030,-0.35,2.063,-2.064
2025-12-08T23:16:13.040,-1.506,3.094,-0.592
2025-12-08T23:16:13.050,-2.366,3.917,-0.239
2025-12-08T23:16:13.060,-2.427,3.857,-2.65
2025-12-08T23:16:13.070,-1.938,2.568,-5.947
2025-12-08T23:16:13.080,-0.8,0.918,-7.151
2025-12-08T23:16:13.090,0.481,-0.091,-4.513
2025-12-08T23:16:13.100,1.29,-0.955,0.447
2025-12-08T23:16:13.110,1.602,-1.681,4.175
2025-12-08T23:16:13.120,1.427,-1.359,4.55
2025-12-08T23:16:13.130,1.027,-0.466,1.884
2025-12-08T23:16:13.140,0.714,-0.398,-1.425
2025-12-08T23:16:13.150,0.132,-1.04,-2.02
2025-12-08T23:16:13.160,-1.032,-1.427,0.416
2025-12-08T23:16:13.170,-2.018,-1.877,2.352
2025-12-08T23:16:13.180,-2.401,-2.377,1.396
2025-12-08T23:16:13.190,-2.206,-2.184,-1.785
2025-12-08T23:16:13.200,-1.36,-2.014,-4.656
2025-12-08T23:16:13.210,-0.166,-2.407,-4.572
2025-12-08T23:16:13.220,0.67,-2.702,-0.681
2025-12-08T23:16:13.230,0.371,-2.893,4.454
2025-12-08T23:16:13.240,-0.162,-2.799,6.735
2025-12-08T23:16:13.250,0.487,-1.665,5.623
2025-12-08T23:16:13.260,1.728,0.233,2.989
2025-12-08T23:16:13.270,2.482,2.044,1.079
2025-12-08T23:16:13.280,2.164,3.0,2.211
2025-12-08T23:16:13.290,0.733,2.889,5.553
2025-12-08T23:16:13.300,-0.665,2.488,7.845
2025-12-08T23:16:13.310,-1.27,2.262,6.65
2025-12-08T23:16:13.320,-1.6,2.023,2.008
2025-12-08T23:16:13.330,-2.247,1.283,-3.753
2025-12-08T23:16:13.340,-3.273,-0.16,-7.418
2025-12-08T23:16:13.350,-4.465,-1.195,-6.464
2025-12-08T23:16:13.360,-5.404,-1.488,-2.396
2025-12-08T23:16:13.370,-5.693,-1.894,0.827
2025-12-08T23:16:13.380,-5.409,-1.687,1.152
2025-12-08T23:16:13.390,-4.358,-0.92,-0.996
2025-12-08T23:16:13.400,-2.763,-0.787,-2.635
2025-12-08T23:16:13.410,-1.347,-0.507,-1.09
2025-12-08T23:16:13.420,0.155,0.363,2.292
2025-12-08T23:16:13.430,1.805,1.373,3.881
2025-12-08T23:16:13.440,2.987,2.334,2.533
2025-12-08T23:16:13.450,3.401,3.254,0.234
2025-12-08T23:16:13.460,3.283,4.209,-1.292
2025-12-08T23:16:13.470,2.865,4.215,-1.932
2025-12-08T23:16:13.480,2.093,3.235,-2.033
2025-12-08T23:16:13.490,0.949,2.083,-1.151
2025-12-08T23:16:13.500,0.21,0.756,0.719
2025-12-08T23:16:13.510,0.394,-0.194,2.458
2025-12-08T23:16:13.520,0.665,-0.129,2.615
2025-12-08T23:16:13.530,0.895,0.491,0.102
2025-12-08T23:16:13.540,1.023,0.878,-3.615
2025-12-08T23:16:13.550,0.832,0.76,-5.498
2025-12-08T23:16:13.560,0.253,-0.083,-4.379
2025-12-08T23:16:13.570,-1.027,-1.4,-0.944
2025-12-08T23:16:13.580,-1.843,-2.714,3.287
2025-12-08T23:16:13.590,-1.453,-3.922,6.231
2025-12-08T23:16:13.600,-0.34,-4.411,6.735
2025-12-08T23:16:13.610,1.111,-3.787,4.251
2025-12-08T23:16:13.620,2.526,-2.564,-0.57
2025-12-08T23:16:13.630,3.587,-1.543,-3.916
2025-12-08T23:16:13.640,3.61,-0.901,-2.98
2025-12-08T23:16:13.650,2.419,-0.54,1.529
2025-12-08T23:16:13.660,0.818,-0.398,6.415
2025-12-08T23:16:13.670,-0.433,-0.212,7.653
2025-12-08T23:16:13.680,-1.171,0.098,5.059
2025-12-08T23:16:13.690,-1.538,0.762,1.185
2025-12-08T23:16:13.700,-1.904,1.492,-1.789
2025-12-08T23:16:13.710,-2.177,1.627,-2.138
2025-12-08T23:16:13.720,-1.868,0.695,-0.544
2025-12-08T23:16:13.730,-1.17,-0.932,0.569
2025-12-08T23:16:13.740,-0.637,-1.857,-0.377
2025-12-08T23:16:13.750,-0.341,-1.708,-3.266
2025-12-08T23:16:13.760,0.45,-0.996,-5.795
2025-12-08T23:16:13.770,1.159,-0.237,-5.284
2025-12-08T23:16:13.780,0.563,0.558,-1.936
2025-12-08T23:16:13.790,-0.617,1.513,1.612
2025-12-08T23:16:13.800,-1.307,2.345,3.078
2025-12-08T23:16:13.810,-1.073,3.09,1.95
2025-12-08T23:16:13.820,-0.183,3.247,-0.498
2025-12-08T23:16:13.830,0.753,2.589,-2.463
2025-12-08T23:16:13.840,1.389,1.771,-3.188
2025-12-08T23:16:13.850,1.632,0.933,-2.922
2025-12-08T23:16:13.860,2.036,0.134,-1.696
2025-12-08T23:16:13.870,3.352,-0.581,-0.318
2025-12-08T23:16:13.880,5.068,-0.981,0.248
2025-12-08T23:16:13.890,5.6,-0.683,0.595
2025-12-08T23:16:13.900,4.693,-0.219,1.23
2025-12-08T23:16:13.910,3.15,0.005,2.516
2025-12-08T23:16:13.920,1.623,-0.029,4.409
2025-12-08T23:16:13.930,0.414,-0.282,5.665
2025-12-08T23:16:13.940,-0.516,-0.226,5.063
2025-12-08T23:16:13.950,-1.076,0.312,2.428
2025-12-08T23:16:13.960,-1.775,0.959,-0.877
2025-12-08T23:16:13.970,-2.857,1.104,-3.072
2025-12-08T23:16:13.980,-3.735,0.816,-4.081
2025-12-08T23:16:13.990,-4.151,0.521,-4.889
2025-12-08T23:16:14.000,-3.909,0.127,-5.966
2025-12-08T23:16:14.010,-2.927,-0.352,-7.481
2025-12-08T23:16:14.020,-1.645,-1.226,-8.655
2025-12-08T23:16:14.030,-0.565,-2.428,-8.548
2025-12-08T23:16:14.040,0.169,-2.994,-6.442
2025-12-08T23:16:14.050,0.693,-2.511,-2.104
2025-12-08T23:16:14.060,1.105,-2.058,2.436
2025-12-08T23:16:14.070,1.097,-2.438,4.871
2025-12-08T23:16:14.080,0.594,-2.424,4.206
2025-12-08T23:16:14.090,-0.028,-1.335,1.937
2025-12-08T23:16:14.100,-0.699,0.342,1.106
2025-12-08T23:16:14.110,-1.16,2.004,2.23
2025-12-08T23:16:14.120,-1.072,2.64,2.99
2025-12-08T23:16:14.130,-0.656,2.19,0.809
2025-12-08T23:16:14.140,-0.103,1.411,-2.88
2025-12-08T23:16:14.150,0.317,1.013,-3.104
2025-12-08T23:16:14.160,0.398,1.013,2.72
2025-12-08T23:16:14.170,0.544,0.555,11.135
2025-12-08T23:16:14.180,0.843,-0.143,14.919
2025-12-08T23:16:14.190,1.336,-0.386,11.34
2025-12-08T23:16:14.200,2.185,-0.337,4.315
2025-12-08T23:16:14.210,3.098,-0.165,-0.656
2025-12-08T23:16:14.220,3.706,0.032,-0.187
2025-12-08T23:16:14.230,3.617,0.16,2.943
2025-12-08T23:16:14.240,3.014,-0.015,3.007
2025-12-08T23:16:14.250,2.203,-0.72,-1.063
2025-12-08T23:16:14.260,1.477,-1.671,-6.22
2025-12-08T23:16:14.270,1.215,-2.098,-8.148
2025-12-08T23:16:14.280,0.938,-1.473,-4.891
2025-12-08T23:16:14.290,0.197,-0.425,0.723
2025-12-08T23:16:14.300,-0.617,0.319,4.329
2025-12-08T23:16:14.310,-1.261,0.769,3.944
2025-12-08T23:16:14.320,-2.232,1.015,0.868
2025-12-08T23:16:14.330,-3.001,1.125,-3.097
2025-12-08T23:16:14.340,-2.97,1.276,-5.966
2025-12-08T23:16:14.350,-3.067,1.652,-5.65
2025-12-08T23:16:14.360,-3.425,2.0,-3.436
2025-12-08T23:16:14.370,-3.748,2.048,-1.738
2025-12-08T23:16:14.380,-4.168,2.04,-1.754
2025-12-08T23:16:14.390,-4.438,1.828,-4.591
2025-12-08T23:16:14.400,-4.318,0.782,-8.175
2025-12-08T23:16:14.410,-3.914,-0.582,-8.267
2025-12-08T23:16:14.420,-3.587,-1.194,-3.93
2025-12-08T23:16:14.430,-3.357,-1.488,1.805
2025-12-08T23:16:14.440,-2.87,-1.898,4.417
2025-12-08T23:16:14.450,-1.935,-2.011,2.288
2025-12-08T23:16:14.460,-0.667,-1.568,-1.63
2025-12-08T23:16:14.470,0.719,-0.48,-3.615
2025-12-08T23:16:14.480,2.153,0.539,-2.371
2025-12-08T23:16:14.490,2.941,1.432,1.213
2025-12-08T23:16:14.500,2.298,2.636,4.907
2025-12-08T23:16:14.510,1.06,3.268,5.953
2025-12-08T23:16:14.520,0.402,3.325,3.479
2025-12-08T23:16:14.530,0.573,3.591,0.129
2025-12-08T23:16:14.540,1.0,4.091,-0.446
2025-12-08T23:16:14.550,0.899,4.358,2.189
2025-12-08T23:16:14.560,0.43,3.675,5.562
2025-12-08T23:16:14.570,0.251,2.218,6.924
2025-12-08T23:16:14.580,0.756,0.88,5.458
2025-12-08T23:16:14.590,1.811,-0.026,2.708
2025-12-08T23:16:14.600,2.9,-0.835,0.284
2025-12-08T23:16:14.610,3.159,-1.571,-0.756
2025-12-08T23:16:14.620,2.725,-1.964,-0.889
2025-12-08T23:16:14.630,2.869,-2.463,-0.668
2025-12-08T23:16:14.640,3.356,-3.07,0.453
2025-12-08T23:16:14.650,3.556,-2.9,1.782
2025-12-08T23:16:14.660,3.284,-2.429,2.814
2025-12-08T23:16:14.670,2.302,-2.304,3.493
2025-12-08T23:16:14.680,0.838,-2.039,4.199
2025-12-08T23:16:14.690,-1.038,-1.756,4.52
2025-12-08T23:16:14.700,-2.779,-1.718,2.065
2025-12-08T23:16:14.710,-3.534,-1.817,-3.074
2025-12-08T23:16:14.720,-3.347,-1.668,-8.262
2025-12-08T23:16:14.730,-2.946,-1.037,-10.725
2025-12-08T23:16:14.740,-2.492,-0.193,-10.302
2025-12-08T23:16:14.750,-1.678,0.557,-8.93
2025-12-08T23:16:14.760,-0.763,0.771,-6.289
2025-12-08T23:16:14.770,0.384,0.577,-1.862
2025-12-08T23:16:14.780,1.54,0.162,3.653
2025-12-08T23:16:14.790,2.18,-0.467,7.893
2025-12-08T23:16:14.800,2.747,-0.941,7.723
2025-12-08T23:16:14.810,2.83,-0.687,3.291
2025-12-08T23:16:14.820,1.917,0.095,-2.358
2025-12-08T23:16:14.830,0.508,0.251,-5.795
2025-12-08T23:16:14.840,-1.197,0.103,-5.583
2025-12-08T23:16:14.850,-2.854,-0.112,-3.329
2025-12-08T23:16:14.860,-3.783,-0.797,-2.162
2025-12-08T23:16:14.870,-4.023,-1.066,-3.024
2025-12-08T23:16:14.880,-4.201,-0.682,-4.298
2025-12-08T23:16:14.890,-4.093,-0.337,-4.964
2025-12-08T23:16:14.900,-3.391,-0.353,-4.302
2025-12-08T23:16:14.910,-2.376,-0.238,-2.079
2025-12-08T23:16:14.920,-1.067,0.203,1.084
2025-12-08T23:16:14.930,0.199,0.654,4.857
2025-12-08T23:16:14.940,0.984,0.868,8.66
2025-12-08T23:16:14.950,1.3,0.401,10.469
2025-12-08T23:16:14.960,1.575,-0.216,8.356
2025-12-08T23:16:14.970,1.723,-0.515,3.49
2025-12-08T23:16:14.980,1.343,-0.603,-1.774
2025-12-08T23:16:14.990,0.903,-0.201,-4.853
2025-12-08T23:16:15.000,0.27,0.882,-3.587
2025-12-08T23:16:15.010,-0.724,2.103,-0.967
2025-12-08T23:16:15.020,-1.173,2.079,-1.691
2025-12-08T23:16:15.030,-1.015,1.079,-5.725
2025-12-08T23:16:15.040,-0.694,0.283,-9.749
2025-12-08T23:16:15.050,-0.316,-0.738,-10.496
2025-12-08T23:16:15.060,-0.092,-1.866,-6.734
2025-12-08T23:16:15.070,0.086,-2.211,-0.743
2025-12-08T23:16:15.080,0.238,-2.311,3.123
2025-12-08T23:16:15.090,0.507,-2.501,3.393
2025-12-08T23:16:15.100,1.397,-1.841,2.419
2025-12-08T23:16:15.110,2.666,-0.555,2.684
2025-12-08T23:16:15.120,3.564,0.259,4.434
2025-12-08T23:16:15.130,4.081,0.238,6.135
2025-12-08T23:16:15.140,4.492,-0.21,6.691
2025-12-08T23:16:15.150,4.405,-0.787,5.774
2025-12-08T23:16:15.160,3.73,-1.364,3.339
2025-12-08T23:16:15.170,2.773,-1.268,0.011
2025-12-08T23:16:15.180,1.891,-0.897,-2.916
2025-12-08T23:16:15.190,0.935,-1.091,-3.453
2025-12-08T23:16:15.200,-0.662,-1.285,-0.234
2025-12-08T23:16:15.210,-2.416,-0.778,5.037
2025-12-08T23:16:15.220,-3.634,0.387,8.35
2025-12-08T23:16:15.230,-3.651,1.785,6.703
2025-12-08T23:16:15.240,-2.329,2.381,0.51
2025-12-08T23:16:15.250,-0.59,1.955,-6.214
2025-12-08T23:16:15.260,0.542,1.859,-9.002
2025-12-08T23:16:15.270,0.584,1.442,-6.607
2025-12-08T23:16:15.280,0.464,-0.425,-1.457
2025-12-08T23:16:15.290,0.819,-2.437,3.269
2025-12-08T23:16:15.300,1.162,-3.792,4.897
2025-12-08T23:16:15.310,1.388,-4.263,1.977
2025-12-08T23:16:15.320,1.648,-3.556,-3.063
2025-12-08T23:16:15.330,1.55,-2.13,-6.459
2025-12-08T23:16:15.340,0.781,-0.869,-7.015
2025-12-08T23:16:15.350,-0.041,-0.252,-5.483
2025-12-08T23:16:15.360,-0.514,0.18,-3.145
2025-12-08T23:16:15.370,-0.767,0.598,-0.73
2025-12-08T23:16:15.380,-1.093,0.8,2.346
2025-12-08T23:16:15.390,-2.141,0.797,6.535
2025-12-08T23:16:15.400,-3.484,0.243,10.126
2025-12-08T23:16:15.410,-3.796,-1.107,10.221
2025-12-08T23:16:15.420,-2.804,-2.612,5.83
2025-12-08T23:16:15.430,-1.162,-3.758,-0.011
2025-12-08T23:16:15.440,0.097,-4.557,-3.014
2025-12-08T23:16:15.450,0.52,-4.695,-2.03
2025-12-08T23:16:15.460,0.737,-4.47,0.596
2025-12-08T23:16:15.470,1.017,-4.092,1.109
2025-12-08T23:16:15.480,1.358,-2.808,-0.947
2025-12-08T23:16:15.490,1.671,-0.779,-2.327
2025-12-08T23:16:15.500,1.782,1.145,-1.172
2025-12-08T23:16:15.510,1.774,2.273,2.587
2025-12-08T23:16:15.520,1.316,2.539,6.63
2025-12-08T23:16:15.530,0.756,2.351,6.94
2025-12-08T23:16:15.540,1.005,1.863,2.7
2025-12-08T23:16:15.550,2.177,1.767,-3.456
2025-12-08T23:16:15.560,3.758,2.249,-7.319
2025-12-08T23:16:15.570,4.531,2.064,-7.129
2025-12-08T23:16:15.580,3.707,0.407,-4.72
2025-12-08T23:16:15.590,2.05,-1.537,-2.268
2025-12-08T23:16:15.600,0.594,-2.529,-1.847
2025-12-08T23:16:15.610,-0.254,-2.965,-2.494
2025-12-08T23:16:15.620,-0.243,-2.852,-1.722
2025-12-08T23:16:15.630,-0.054,-1.944,0.672
2025-12-08T23:16:15.640,-0.445,-0.683,3.66
2025-12-08T23:16:15.650,-0.762,0.573,4.834
2025-12-08T23:16:15.660,-0.942,1.807,3.288
2025-12-08T23:16:15.670,-1.258,2.635,0.913
2025-12-08T23:16:15.680,-1.438,2.333,-0.035
2025-12-08T23:16:15.690,-1.464,1.425,1.047
2025-12-08T23:16:15.700,-1.372,0.401,2.579
2025-12-08T23:16:15.710,-1.591,-0.569,3.424
2025-12-08T23:16:15.720,-1.931,-0.777,2.899
2025-12-08T23:16:15.730,-1.75,-0.759,1.238
2025-12-08T23:16:15.740,-1.308,-1.422,-0.029
2025-12-08T23:16:15.750,-0.571,-2.609,-0.21
2025-12-08T23:16:15.760,0.52,-3.342,0.935
2025-12-08T23:16:15.770,1.507,-2.683,2.376
2025-12-08T23:16:15.780,2.465,-0.986,1.656
2025-12-08T23:16:15.790,3.34,1.043,-1.96
2025-12-08T23:16:15.800,3.928,2.771,-6.317
2025-12-08T23:16:15.810,4.203,3.345,-8.66
2025-12-08T23:16:15.820,3.67,2.74,-7.276
2025-12-08T23:16:15.830,2.561,1.302,-1.794
2025-12-08T23:16:15.840,1.668,-0.473,5.147
2025-12-08T23:16:15.850,0.798,-1.552,9.993
2025-12-08T23:16:15.860,-0.193,-1.758,10.901
2025-12-08T23:16:15.870,-0.697,-1.361,7.322
2025-12-08T23:16:15.880,-0.713,-0.196,1.654
2025-12-08T23:16:15.890,-1.019,1.005,-2.544
2025-12-08T23:16:15.900,-1.643,1.005,-3.984
2025-12-08T23:16:15.910,-1.834,0.287,-2.718
2025-12-08T23:16:15.920,-1.094,-0.027,0.048
2025-12-08T23:16:15.930,0.539,-0.297,1.715
2025-12-08T23:16:15.940,2.927,-0.939,1.569
2025-12-08T23:16:15.950,5.299,-1.732,1.798
2025-12-08T23:16:15.960,6.429,-2.574,2.998
2025-12-08T23:16:15.970,6.438,-3.21,3.759
2025-12-08T23:16:15.980,5.738,-3.138,3.62
2025-12-08T23:16:15.990,4.397,-2.081,3.228
2025-12-08T23:16:16.000,2.603,-0.543,3.58
2025-12-08T23:16:16.010,0.197,0.413,4.097
2025-12-08T23:16:16.020,-2.124,0.316,2.751
2025-12-08T23:16:16.030,-3.812,-0.272,-1.16
2025-12-08T23:16:16.040,-5.466,-0.97,-5.931
2025-12-08T23:16:16.050,-6.724,-1.592,-8.935
2025-12-08T23:16:16.060,-6.873,-1.523,-8.976
2025-12-08T23:16:16.070,-6.393,-0.675,-6.928
2025-12-08T23:16:16.080,-5.514,0.418,-5.325
2025-12-08T23:16:16.090,-4.197,1.731,-5.893
2025-12-08T23:16:16.100,-2.896,3.302,-7.236
2025-12-08T23:16:16.110,-1.457,4.238,-7.468
2025-12-08T23:16:16.120,0.049,3.872,-5.544
2025-12-08T23:16:16.130,0.769,2.728,-0.915
2025-12-08T23:16:16.140,0.284,1.719,4.361
2025-12-08T23:16:16.150,-1.108,0.898,7.042
2025-12-08T23:16:16.160,-2.627,0.077,5.476
2025-12-08T23:16:16.170,-3.823,-0.553,0.251
2025-12-08T23:16:16.180,-4.446,-1.2,-5.453
2025-12-08T23:16:16.190,-4.334,-1.591,-8.307
2025-12-08T23:16:16.200,-3.906,-1.731,-7.465
2025-12-08T23:16:16.210,-3.236,-2.22,-4.429
2025-12-08T23:16:16.220,-1.875,-2.634,-1.357
2025-12-08T23:16:16.230,0.046,-2.634,0.699
2025-12-08T23:16:16.240,1.735,-2.121,2.176
2025-12-08T23:16:16.250,3.124,-1.325,4.04
2025-12-08T23:16:16.260,4.581,-0.879,6.597
2025-12-08T23:16:16.270,5.541,-0.179,9.448
2025-12-08T23:16:16.280,5.728,1.538,10.767
2025-12-08T23:16:16.290,5.625,3.682,9.001
2025-12-08T23:16:16.300,5.337,4.925,5.333
2025-12-08T23:16:16.310,4.919,4.572,1.283
2025-12-08T23:16:16.320,3.952,3.161,-1.502
2025-12-08T23:16:16.330,1.862,1.731,-2.213
2025-12-08T23:16:16.340,-0.198,0.355,-3.05
2025-12-08T23:16:16.350,-0.832,-1.552,-5.399
2025-12-08T23:16:16.360,-0.26,-2.661,-7.339
2025-12-08T23:16:16.370,0.427,-1.628,-6.477
2025-12-08T23:16:16.380,0.488,0.579,-3.387
2025-12-08T23:16:16.390,-0.176,2.922,0.155
2025-12-08T23:16:16.400,-1.177,4.85,2.676
2025-12-08T23:16:16.410,-1.856,6.011,3.072
2025-12-08T23:16:16.420,-1.966,6.14,2.714
2025-12-08T23:16:16.430,-1.242,5.11,3.06
2025-12-08T23:16:16.440,-0.109,3.929,4.419
2025-12-08T23:16:16.450,0.398,3.275,5.668
2025-12-08T23:16:16.460,0.483,2.586,4.409
2025-12-08T23:16:16.470,0.628,1.906,0.244
2025-12-08T23:16:16.480,0.619,1.437,-4.513
2025-12-08T23:16:16.490,0.148,0.272,-6.174
2025-12-08T23:16:16.500,-0.826,-1.655,-3.223
2025-12-08T23:16:16.510,-2.318,-3.227,2.383
2025-12-08T23:16:16.520,-3.539,-4.036,5.53
2025-12-08T23:16:16.530,-3.105,-3.764,1.766
2025-12-08T23:16:16.540,-1.093,-2.249,-5.851
2025-12-08T23:16:16.550,1.375,-0.037,-10.825
2025-12-08T23:16:16.560,3.202,1.967,-9.58
2025-12-08T23:16:16.570,3.949,3.073,-2.598
2025-12-08T23:16:16.580,4.045,3.616,5.883
2025-12-08T23:16:16.590,4.12,3.504,10.96
2025-12-08T23:16:16.600,4.462,2.633,10.324
2025-12-08T23:16:16.610,4.779,1.627,5.552
2025-12-08T23:16:16.620,5.086,0.278,-0.777
2025-12-08T23:16:16.630,5.194,-1.597,-6.089
2025-12-08T23:16:16.640,4.735,-3.544,-7.375
2025-12-08T23:16:16.650,4.153,-5.206,-4.338
2025-12-08T23:16:16.660,3.46,-6.321,1.097
2025-12-08T23:16:16.670,2.736,-6.955,5.955
2025-12-08T23:16:16.680,2.094,-7.209,6.903
2025-12-08T23:16:16.690,1.006,-6.517,3.642
2025-12-08T23:16:16.700,-0.191,-4.748,-0.8
2025-12-08T23:16:16.710,-0.954,-2.433,-3.444
2025-12-08T23:16:16.720,-1.288,-0.281,-3.735
2025-12-08T23:16:16.730,-1.333,0.82,-2.705
2025-12-08T23:16:16.740,-1.466,1.221,-1.012
2025-12-08T23:16:16.750,-1.685,1.396,0.762
2025-12-08T23:16:16.760,-1.647,1.341,1.016
2025-12-08T23:16:16.770,-1.102,1.271,-0.761
2025-12-08T23:16:16.780,-0.368,0.813,-3.407
2025-12-08T23:16:16.790,-0.133,-0.007,-6.188
2025-12-08T23:16:16.800,-0.204,-1.098,-7.834
2025-12-08T23:16:16.810,-0.475,-2.108,-6.911
2025-12-08T23:16:16.820,-1.069,-1.962,-3.411
2025-12-08T23:16:16.830,-1.445,-1.249,0.932
2025-12-08T23:16:16.840,-1.572,-0.999,2.685
2025-12-08T23:16:16.850,-1.16,-0.559,0.392
2025-12-08T23:16:16.860,0.241,0.565,-3.782
2025-12-08T23:16:16.870,1.947,1.739,-6.62
2025-12-08T23:16:16.880,3.402,2.197,-5.889
2025-12-08T23:16:16.890,4.331,1.909,-2.229
2025-12-08T23:16:16.900,4.219,1.296,1.64
2025-12-08T23:16:16.910,2.841,0.179,3.326
2025-12-08T23:16:16.920,0.803,-1.563,2.488
2025-12-08T23:16:16.930,-0.917,-3.348,1.197
2025-12-08T23:16:16.940,-2.006,-4.534,0.973
2025-12-08T23:16:16.950,-2.732,-4.604,1.207
2025-12-08T23:16:16.960,-3.096,-4.088,0.517
2025-12-08T23:16:16.970,-2.953,-3.801,-1.58
2025-12-08T23:16:16.980,-2.422,-2.832,-3.758
2025-12-08T23:16:16.990,-1.468,-0.935,-4.578
2025-12-08T23:16:17.000,-0.336,0.305,-4.232
2025-12-08T23:16:17.010,0.738,0.482,-3.422
2025-12-08T23:16:17.020,1.716,0.792,-2.198
2025-12-08T23:16:17.030,2.235,1.747,-0.728
2025-12-08T23:16:17.040,2.626,2.453,0.858
2025-12-08T23:16:17.050,2.898,2.605,3.072
2025-12-08T23:16:17.060,2.408,2.507,5.854
2025-12-08T23:16:17.070,1.585,1.566,8.166
2025-12-08T23:16:17.080,0.875,-0.098,9.197
2025-12-08T23:16:17.090,-0.105,-1.379,8.922
2025-12-08T23:16:17.100,-1.454,-1.962,7.525
2025-12-08T23:16:17.110,-2.881,-2.015,5.073
2025-12-08T23:16:17.120,-4.052,-1.723,1.809
2025-12-08T23:16:17.130,-4.859,-1.45,-1.45
2025-12-08T23:16:17.140,-5.546,-1.008,-3.94
2025-12-08T23:16:17.150,-5.853,-0.334,-5.64
2025-12-08T23:16:17.160,-5.517,-0.326,-6.139
2025-12-08T23:16:17.170,-4.786,-1.186,-5.363
2025-12-08T23:16:17.180,-3.691,-2.108,-4.122
2025-12-08T23:16:17.190,-2.212,-2.529,-2.64
2025-12-08T23:16:17.200,-0.427,-2.402,-1.408
2025-12-08T23:16:17.210,1.379,-1.398,-0.954
2025-12-08T23:16:17.220,2.652,0.721,-0.523
2025-12-08T23:16:17.230,3.114,2.674,-0.061
2025-12-08T23:16:17.240,3.171,3.286,-1.037
2025-12-08T23:16:17.250,3.018,2.962,-3.152
2025-12-08T23:16:17.260,2.374,2.438,-4.485
2025-12-08T23:16:17.270,1.227,2.058,-4.011
2025-12-08T23:16:17.280,-0.118,2.223,-1.718
2025-12-08T23:16:17.290,-0.805,2.933,1.179
2025-12-08T23:16:17.300,-0.556,3.199,3.689
2025-12-08T23:16:17.310,-0.114,3.182,5.356
2025-12-08T23:16:17.320,-0.136,3.07,6.97
2025-12-08T23:16:17.330,-0.603,1.786,9.163
2025-12-08T23:16:17.340,-0.887,-0.053,10.247
2025-12-08T23:16:17.350,-1.127,-1.473,9.808
2025-12-08T23:16:17.360,-1.534,-2.106,6.994
2025-12-08T23:16:17.370,-1.68,-2.005,1.992
2025-12-08T23:16:17.380,-2.078,-1.976,-1.966
2025-12-08T23:16:17.390,-2.855,-1.937,-4.122
2025-12-08T23:16:17.400,-3.244,-2.132,-4.971
2025-12-08T23:16:17.410,-3.603,-2.579,-5.374
2025-12-08T23:16:17.420,-4.293,-2.652,-6.301
2025-12-08T23:16:17.430,-4.597,-2.478,-7.349
2025-12-08T23:16:17.440,-4.188,-2.007,-7.326
2025-12-08T23:16:17.450,-3.526,-1.358,-5.074
2025-12-08T23:16:17.460,-2.637,-0.532,-1.757
2025-12-08T23:16:17.470,-1.586,0.262,0.975
2025-12-08T23:16:17.480,-0.685,0.593,1.572
2025-12-08T23:16:17.490,0.088,1.092,-0.35
2025-12-08T23:16:17.500,0.212,1.851,-2.144
2025-12-08T23:16:17.510,-0.039,2.347,-2.335
2025-12-08T23:16:17.520,-0.087,2.566,-1.086
2025-12-08T23:16:17.530,-0.285,2.412,0.868
2025-12-08T23:16:17.540,-0.442,1.693,2.078
2025-12-08T23:16:17.550,-0.642,0.751,1.803
2025-12-08T23:16:17.560,-1.512,-0.138,0.627
2025-12-08T23:16:17.570,-2.547,-1.656,-0.716
2025-12-08T23:16:17.580,-2.367,-3.883,-2.453
2025-12-08T23:16:17.590,-1.108,-5.686,-3.379
2025-12-08T23:16:17.600,0.252,-6.517,-2.231
2025-12-08T23:16:17.610,1.553,-6.967,-0.046
2025-12-08T23:16:17.620,2.589,-7.564,1.76
2025-12-08T23:16:17.630,3.394,-7.554,2.188
2025-12-08T23:16:17.640,4.303,-6.387,0.867
2025-12-08T23:16:17.650,5.445,-4.494,-1.761
2025-12-08T23:16:17.660,6.66,-2.31,-4.318
2025-12-08T23:16:17.670,7.493,-0.445,-6.246
2025-12-08T23:16:17.680,7.646,1.068,-7.109
2025-12-08T23:16:17.690,7.228,2.117,-5.176
2025-12-08T23:16:17.700,6.518,2.63,-0.895
2025-12-08T23:16:17.710,5.738,3.027,3.01
2025-12-08T23:16:17.720,4.862,2.927,4.143
2025-12-08T23:16:17.730,3.466,2.412,2.524
2025-12-08T23:16:17.740,1.177,1.601,0.975
2025-12-08T23:16:17.750,-1.818,0.245,1.498
2025-12-08T23:16:17.760,-4.449,-1.43,3.594
2025-12-08T23:16:17.770,-6.139,-3.338,5.525
2025-12-08T23:16:17.780,-7.56,-5.062,5.668
2025-12-08T23:16:17.790,-8.868,-6.278,3.663
2025-12-08T23:16:17.800,-9.271,-7.035,-0.122
2025-12-08T23:16:17.810,-8.307,-7.099,-4.452
2025-12-08T23:16:17.820,-6.107,-6.493,-7.193
2025-12-08T23:16:17.830,-3.436,-5.96,-7.097
2025-12-08T23:16:17.840,-1.336,-5.547,-4.042
2025-12-08T23:16:17.850,0.504,-4.684,-0.104
2025-12-08T23:16:17.860,2.505,-3.713,1.067
2025-12-08T23:16:17.870,4.331,-3.15,-1.32
2025-12-08T23:16:17.880,5.592,-3.064,-4.273
2025-12-08T23:16:17.890,5.681,-2.979,-3.877
2025-12-08T23:16:17.900,4.827,-2.403,0.737
2025-12-08T23:16:17.910,4.008,-1.314,6.2
2025-12-08T23:16:17.920,3.76,0.524,8.445
2025-12-08T23:16:17.930,3.485,3.444,5.621
2025-12-08T23:16:17.940,2.907,6.559,-0.826
2025-12-08T23:16:17.950,2.363,8.41,-6.873
2025-12-08T23:16:17.960,2.233,8.802,-8.838
2025-12-08T23:16:17.970,2.807,7.668,-5.123
2025-12-08T23:16:17.980,3.377,5.669,2.99
2025-12-08T23:16:17.990,3.923,3.913,11.65
2025-12-08T23:16:18.000,4.456,2.583,16.219
2025-12-08T23:16:18.010,4.871,2.386,14.243
2025-12-08T23:16:18.020,5.175,3.123,8.297
2025-12-08T23:16:18.030,4.816,3.676,3.274
2025-12-08T23:16:18.040,3.987,3.476,2.823
2025-12-08T23:16:18.050,2.895,2.754,7.079
2025-12-08T23:16:18.060,2.167,2.131,11.3
2025-12-08T23:16:18.070,1.488,1.704,10.66
2025-12-08T23:16:18.080,-0.203,2.012,5.031
2025-12-08T23:16:18.090,-2.758,2.656,-1.49
2025-12-08T23:16:18.100,-5.311,2.821,-5.173
2025-12-08T23:16:18.110,-6.973,2.798,-4.577
2025-12-08T23:16:18.120,-7.924,3.018,-1.262
2025-12-08T23:16:18.130,-7.327,3.566,-0.759
2025-12-08T23:16:18.140,-5.203,4.179,-5.473
2025-12-08T23:16:18.150,-2.55,5.55,-12.135
2025-12-08T23:16:18.160,-0.026,7.193,-15.783
2025-12-08T23:16:18.170,0.861,7.33,-13.046
2025-12-08T23:16:18.180,0.653,5.489,-5.126
2025-12-08T23:16:18.190,0.178,2.625,3.693
2025-12-08T23:16:18.200,0.238,0.469,9.181
2025-12-08T23:16:18.210,1.341,-0.506,10.152
2025-12-08T23:16:18.220,2.633,0.287,7.722
2025-12-08T23:16:18.230,3.586,2.831,4.378
2025-12-08T23:16:18.240,3.74,4.972,1.404
2025-12-08T23:16:18.250,3.488,5.62,-1.417
2025-12-08T23:16:18.260,2.842,5.638,-2.623
2025-12-08T23:16:18.270,2.101,5.735,-3.121
2025-12-08T23:16:18.280,1.63,5.133,-2.757
2025-12-08T23:16:18.290,1.235,3.957,-0.847
2025-12-08T23:16:18.300,1.088,2.674,0.502
2025-12-08T23:16:18.310,0.649,1.116,1.36
2025-12-08T23:16:18.320,-0.233,0.395,1.778
2025-12-08T23:16:18.330,-1.133,0.327,2.48
2025-12-08T23:16:18.340,-1.083,0.05,3.707
2025-12-08T23:16:18.350,-0.198,0.51,4.313
2025-12-08T23:16:18.360,0.334,2.253,4.533
2025-12-08T23:16:18.370,0.054,4.486,4.575
2025-12-08T23:16:18.380,-0.938,6.08,4.305
2025-12-08T23:16:18.390,-2.015,6.594,2.241
2025-12-08T23:16:18.400,-3.061,6.458,-1.98
2025-12-08T23:16:18.410,-3.919,6.209,-6.876
2025-12-08T23:16:18.420,-4.966,6.214,-9.02
2025-12-08T23:16:18.430,-6.438,6.741,-5.241
2025-12-08T23:16:18.440,-7.584,7.335,1.549
2025-12-08T23:16:18.450,-7.914,7.504,5.745
2025-12-08T23:16:18.460,-7.244,7.824,4.461
2025-12-08T23:16:18.470,-5.952,7.859,-0.15
2025-12-08T23:16:18.480,-4.42,6.925,-3.172
2025-12-08T23:16:18.490,-3.593,5.897,-1.632
2025-12-08T23:16:18.500,-3.955,4.942,2.287
2025-12-08T23:16:18.510,-4.756,3.409,3.141
2025-12-08T23:16:18.520,-5.461,0.959,-0.681
2025-12-08T23:16:18.530,-5.942,-1.58,-6.712
2025-12-08T23:16:18.540,-6.035,-2.938,-11.156
2025-12-08T23:16:18.550,-5.604,-2.946,-11.219
2025-12-08T23:16:18.560,-5.046,-1.927,-7.633
2025-12-08T23:16:18.570,-3.993,-0.692,-2.564
2025-12-08T23:16:18.580,-2.5,0.581,1.776
2025-12-08T23:16:18.590,-1.091,1.402,2.901
2025-12-08T23:16:18.600,0.582,0.941,0.916
2025-12-08T23:16:18.610,2.228,0.292,-0.958
2025-12-08T23:16:18.620,3.6,-0.257,0.338
2025-12-08T23:16:18.630,4.144,-0.888,5.477
2025-12-08T23:16:18.640,3.259,-0.931,11.621
2025-12-08T23:16:18.650,1.882,-0.361,13.676
2025-12-08T23:16:18.660,1.108,0.955,8.328
2025-12-08T23:16:18.670,0.953,2.738,-2.199
2025-12-08T23:16:18.680,1.019,4.43,-11.872
2025-12-08T23:16:18.690,1.182,5.3,-15.898
2025-12-08T23:16:18.700,1.707,4.446,-13.811
2025-12-08T23:16:18.710,2.602,2.341,-8.482
2025-12-08T23:16:18.720,2.958,-0.076,-3.276
2025-12-08T23:16:18.730,2.872,-2.519,-0.355
2025-12-08T23:16:18.740,2.643,-4.65,1.75
2025-12-08T23:16:18.750,1.694,-5.552,4.554
2025-12-08T23:16:18.760,0.444,-5.136,6.446
2025-12-08T23:16:18.770,-0.753,-4.062,5.469
2025-12-08T23:16:18.780,-1.207,-2.816,1.284
2025-12-08T23:16:18.790,-0.362,-1.918,-3.553
2025-12-08T23:16:18.800,0.718,-1.265,-6.618
2025-12-08T23:16:18.810,1.173,-1.397,-6.462
2025-12-08T23:16:18.820,0.88,-2.365,-3.534
2025-12-08T23:16:18.830,0.287,-3.4,-1.462
2025-12-08T23:16:18.840,-0.275,-4.912,-2.223
2025-12-08T23:16:18.850,-0.57,-6.739,-4.896
2025-12-08T23:16:18.860,-1.046,-8.41,-6.023
2025-12-08T23:16:18.870,-2.563,-9.495,-3.18
2025-12-08T23:16:18.880,-4.279,-9.843,1.166
2025-12-08T23:16:18.890,-5.0,-9.782,3.423
2025-12-08T23:16:18.900,-4.24,-8.881,2.262
2025-12-08T23:16:18.910,-2.517,-7.156,-0.692
2025-12-08T23:16:18.920,-0.498,-5.111,-2.546
2025-12-08T23:16:18.930,1.667,-3.077,-1.661
2025-12-08T23:16:18.940,3.543,-1.186,1.403
2025-12-08T23:16:18.950,5.008,0.472,4.822
2025-12-08T23:16:18.960,5.791,1.701,6.074
2025-12-08T23:16:18.970,6.129,2.561,3.558
2025-12-08T23:16:18.980,6.532,3.725,-0.347
2025-12-08T23:16:18.990,6.798,5.303,-1.957
2025-12-08T23:16:19.000,6.709,5.75,0.003
2025-12-08T23:16:19.010,5.872,4.768,4.135
2025-12-08T23:16:19.020,3.992,2.981,8.01
2025-12-08T23:16:19.030,1.475,0.618,9.347
2025-12-08T23:16:19.040,-0.606,-2.271,7.302
2025-12-08T23:16:19.050,-2.341,-5.844,4.658
2025-12-08T23:16:19.060,-4.623,-8.732,4.264
2025-12-08T23:16:19.070,-7.178,-10.115,5.967
2025-12-08T23:16:19.080,-9.229,-9.983,6.869
2025-12-08T23:16:19.090,-9.797,-8.46,3.27
2025-12-08T23:16:19.100,-8.383,-6.578,-4.056
2025-12-08T23:16:19.110,-5.641,-4.527,-10.309
2025-12-08T23:16:19.120,-2.289,-2.472,-11.045
2025-12-08T23:16:19.130,0.707,-0.658,-5.35
2025-12-08T23:16:19.140,2.51,1.06,2.763
2025-12-08T23:16:19.150,3.884,2.099,8.63
2025-12-08T23:16:19.160,4.956,2.1,10.648
2025-12-08T23:16:19.170,4.895,1.741,10.032
2025-12-08T23:16:19.180,3.637,0.863,8.612
2025-12-08T23:16:19.190,1.386,-0.669,5.886
2025-12-08T23:16:19.200,-0.749,-1.677,1.015
2025-12-08T23:16:19.210,-1.995,-2.048,-5.372
2025-12-08T23:16:19.220,-1.998,-1.917,-11.867
2025-12-08T23:16:19.230,-0.425,-1.758,-16.546
2025-12-08T23:16:19.240,1.621,-2.444,-18.657
2025-12-08T23:16:19.250,3.001,-3.811,-17.366
2025-12-08T23:16:19.260,3.458,-5.977,-11.607
2025-12-08T23:16:19.270,3.407,-8.27,-2.239
2025-12-08T23:16:19.280,3.084,-9.858,7.691
2025-12-08T23:16:19.290,2.707,-10.742,14.393
2025-12-08T23:16:19.300,2.724,-10.672,16.682
2025-12-08T23:16:19.310,2.656,-9.24,15.435
2025-12-08T23:16:19.320,1.661,-5.702,12.49
2025-12-08T23:16:19.330,-0.057,-1.213,9.203
2025-12-08T23:16:19.340,-0.745,2.218,5.06
2025-12-08T23:16:19.350,-0.175,4.613,0.954
2025-12-08T23:16:19.360,0.371,5.701,-2.0
2025-12-08T23:16:19.370,0.518,5.255,-4.078
2025-12-08T23:16:19.380,-0.199,4.065,-5.456
2025-12-08T23:16:19.390,-1.72,2.488,-5.927
2025-12-08T23:16:19.400,-3.653,1.27,-5.228
2025-12-08T23:16:19.410,-4.951,1.078,-3.808
2025-12-08T23:16:19.420,-4.7,1.912,-1.31
2025-12-08T23:16:19.430,-3.771,4.158,1.813
2025-12-08T23:16:19.440,-2.43,7.001,3.624
2025-12-08T23:16:19.450,-0.758,8.986,2.953
2025-12-08T23:16:19.460,1.144,10.07,-0.373
2025-12-08T23:16:19.470,3.353,9.639,-4.207
2025-12-08T23:16:19.480,4.987,7.192,-5.297
2025-12-08T23:16:19.490,5.572,3.717,-1.486
2025-12-08T23:16:19.500,4.774,0.183,5.28
2025-12-08T23:16:19.510,2.943,-2.875,9.863
2025-12-08T23:16:19.520,1.834,-5.56,8.682
2025-12-08T23:16:19.530,1.926,-7.17,1.619
2025-12-08T23:16:19.540,1.654,-6.623,-5.947
2025-12-08T23:16:19.550,0.436,-4.557,-8.449
2025-12-08T23:16:19.560,-0.459,-2.035,-5.655
2025-12-08T23:16:19.570,-0.353,0.031,-1.133
2025-12-08T23:16:19.580,0.725,0.785,0.709
2025-12-08T23:16:19.590,2.215,0.368,-0.784
2025-12-08T23:16:19.600,3.061,-0.054,-2.264
2025-12-08T23:16:19.610,2.515,0.563,-0.198
2025-12-08T23:16:19.620,0.667,1.811,5.879
2025-12-08T23:16:19.630,-1.492,2.91,12.313
2025-12-08T23:16:19.640,-3.352,3.764,14.113
2025-12-08T23:16:19.650,-4.549,3.933,9.468
2025-12-08T23:16:19.660,-5.46,3.343,0.519
2025-12-08T23:16:19.670,-5.905,2.289,-7.958
2025-12-08T23:16:19.680,-4.827,0.532,-12.455
2025-12-08T23:16:19.690,-3.255,-1.668,-12.888
2025-12-08T23:16:19.700,-2.312,-3.442,-8.69
2025-12-08T23:16:19.710,-2.221,-3.649,-1.251
2025-12-08T23:16:19.720,-3.043,-2.051,5.54
2025-12-08T23:16:19.730,-3.8,0.6,8.744
2025-12-08T23:16:19.740,-4.047,4.166,7.334
2025-12-08T23:16:19.750,-4.537,7.741,2.932
2025-12-08T23:16:19.760,-5.092,9.914,-2.518
2025-12-08T23:16:19.770,-4.767,10.529,-6.405
2025-12-08T23:16:19.780,-3.004,9.37,-7.424
2025-12-08T23:16:19.790,-0.023,6.358,-6.603
2025-12-08T23:16:19.800,2.706,3.07,-5.16
2025-12-08T23:16:19.810,4.557,1.019,-4.609
2025-12-08T23:16:19.820,5.685,0.508,-4.465
2025-12-08T23:16:19.830,6.037,1.655,-3.699
2025-12-08T23:16:19.840,6.011,3.43,-1.828
2025-12-08T23:16:19.850,5.871,4.951,0.982
2025-12-08T23:16:19.860,5.544,6.484,2.531
2025-12-08T23:16:19.870,4.79,6.935,2.607
2025-12-08T23:16:19.880,3.672,5.258,3.153
2025-12-08T23:16:19.890,2.606,1.631,4.837
2025-12-08T23:16:19.900,2.206,-2.934,6.101
2025-12-08T23:16:19.910,2.621,-6.609,5.02
2025-12-08T23:16:19.920,3.58,-8.489,2.131
2025-12-08T23:16:19.930,4.554,-9.113,-1.377
2025-12-08T23:16:19.940,4.377,-9.334,-3.02
2025-12-08T23:16:19.950,2.817,-8.753,-0.985
2025-12-08T23:16:19.960,0.832,-7.121,1.919
2025-12-08T23:16:19.970,-0.719,-5.03,2.696
2025-12-08T23:16:19.980,-1.925,-2.159,-0.134
2025-12-08T23:16:19.990,-2.877,1.495,-6.039
2025-12-08T23:16:20.000,-2.973,5.358,-12.873
2025-12-08T23:16:20.010,-2.412,9.28,-18.577
2025-12-08T23:16:20.020,-2.006,12.76,-20.589
2025-12-08T23:16:20.030,-2.179,14.338,-18.46
2025-12-08T23:16:20.040,-3.121,12.93,-13.099
2025-12-08T23:16:20.050,-4.245,9.163,-5.772
2025-12-08T23:16:20.060,-4.596,4.538,1.027
2025-12-08T23:16:20.070,-4.791,0.703,5.582
2025-12-08T23:16:20.080,-4.77,-1.461,5.902
2025-12-08T23:16:20.090,-3.281,-2.545,0.886
2025-12-08T23:16:20.100,-1.033,-2.164,-6.848
2025-12-08T23:16:20.110,1.168,0.456,-13.481
2025-12-08T23:16:20.120,3.186,3.295,-15.66
2025-12-08T23:16:20.130,4.592,4.643,-11.588
2025-12-08T23:16:20.140,4.837,4.624,-2.435
2025-12-08T23:16:20.150,3.517,3.506,7.82
2025-12-08T23:16:20.160,1.837,1.881,15.122
2025-12-08T23:16:20.170,0.821,-0.302,18.501
2025-12-08T23:16:20.180,-0.068,-3.063,17.638
2025-12-08T23:16:20.190,-0.823,-6.411,13.365
2025-12-08T23:16:20.200,-1.071,-10.442,8.378
2025-12-08T23:16:20.210,-0.989,-14.362,4.06
2025-12-08T23:16:20.220,-0.804,-17.448,1.011
2025-12-08T23:16:20.230,-0.494,-18.778,-1.635
2025-12-08T23:16:20.240,0.375,-17.933,-5.42
2025-12-08T23:16:20.250,1.789,-15.059,-9.95
2025-12-08T23:16:20.260,2.88,-10.101,-13.455
2025-12-08T23:16:20.270,3.282,-4.192,-14.373
2025-12-08T23:16:20.280,3.293,0.96,-11.757
2025-12-08T23:16:20.290,2.995,4.272,-5.888
2025-12-08T23:16:20.300,2.8,5.377,-0.585
2025-12-08T23:16:20.310,2.993,4.014,1.976
2025-12-08T23:16:20.320,2.925,0.923,3.996
2025-12-08T23:16:20.330,2.646,-2.16,6.038
2025-12-08T23:16:20.340,1.955,-5.539,7.721
2025-12-08T23:16:20.350,0.473,-8.626,7.833
2025-12-08T23:16:20.360,-0.633,-9.353,5.296
2025-12-08T23:16:20.370,-1.238,-8.068,2.148
2025-12-08T23:16:20.380,-2.045,-5.355,-0.051
2025-12-08T23:16:20.390,-3.346,-2.359,-0.855
2025-12-08T23:16:20.400,-5.531,-0.01,-1.7
2025-12-08T23:16:20.410,-8.216,2.777,-4.213
2025-12-08T23:16:20.420,-9.982,5.492,-7.137
2025-12-08T23:16:20.430,-9.614,7.459,-8.617
2025-12-08T23:16:20.440,-7.518,9.083,-5.571
2025-12-08T23:16:20.450,-4.301,9.686,2.207
2025-12-08T23:16:20.460,-0.605,9.04,10.056
2025-12-08T23:16:20.470,2.801,7.336,14.946
2025-12-08T23:16:20.480,5.945,4.625,16.425
2025-12-08T23:16:20.490,8.264,2.234,15.152
2025-12-08T23:16:20.500,9.426,1.027,12.326
2025-12-08T23:16:20.510,9.422,0.728,8.424
2025-12-08T23:16:20.520,7.498,0.778,4.169
2025-12-08T23:16:20.530,3.665,-0.333,1.325
2025-12-08T23:16:20.540,-1.289,-2.46,0.441
2025-12-08T23:16:20.550,-6.22,-3.741,1.482
2025-12-08T23:16:20.560,-9.695,-3.397,3.128
2025-12-08T23:16:20.570,-11.233,-1.857,2.048
2025-12-08T23:16:20.580,-10.751,-0.204,-1.051
2025-12-08T23:16:20.590,-8.484,1.444,-3.81
2025-12-08T23:16:20.600,-5.818,3.077,-5.137
2025-12-08T23:16:20.610,-3.724,3.777,-3.636
2025-12-08T23:16:20.620,-2.173,2.987,-0.342
2025-12-08T23:16:20.630,-1.064,0.826,2.729
2025-12-08T23:16:20.640,-0.31,-1.352,4.031
2025-12-08T23:16:20.650,0.354,-2.003,2.758
2025-12-08T23:16:20.660,0.862,-1.216,-1.674
2025-12-08T23:16:20.670,0.862,-0.212,-8.64
2025-12-08T23:16:20.680,0.448,0.162,-14.45
2025-12-08T23:16:20.690,-0.476,-0.763,-15.984
2025-12-08T23:16:20.700,-1.884,-3.274,-12.541
2025-12-08T23:16:20.710,-3.175,-5.965,-5.439
2025-12-08T23:16:20.720,-3.648,-7.277,1.698
2025-12-08T23:16:20.730,-2.588,-7.724,4.323
2025-12-08T23:16:20.740,-0.624,-8.017,2.239
2025-12-08T23:16:20.750,0.951,-6.882,-1.103
2025-12-08T23:16:20.760,1.501,-4.993,-2.228
2025-12-08T23:16:20.770,1.303,-3.717,1.413
2025-12-08T23:16:20.780,1.69,-1.937,7.841
2025-12-08T23:16:20.790,2.644,-0.086,13.118
2025-12-08T23:16:20.800,3.858,1.744,13.843
2025-12-08T23:16:20.810,5.982,3.501,9.825
2025-12-08T23:16:20.820,8.381,4.257,4.172
2025-12-08T23:16:20.830,9.835,4.551,-0.55
2025-12-08T23:16:20.840,9.736,3.804,-1.21
2025-12-08T23:16:20.850,8.444,2.269,1.747
2025-12-08T23:16:20.860,6.219,0.393,5.977
2025-12-08T23:16:20.870,3.013,-1.691,9.925
2025-12-08T23:16:20.880,-0.174,-2.365,10.384
2025-12-08T23:16:20.890,-2.283,-1.431,6.848
2025-12-08T23:16:20.900,-3.432,0.33,0.748
2025-12-08T23:16:20.910,-4.352,2.124,-5.703
2025-12-08T23:16:20.920,-5.36,3.962,-9.437
2025-12-08T23:16:20.930,-6.74,5.052,-9.566
2025-12-08T23:16:20.940,-7.736,4.344,-7.162
2025-12-08T23:16:20.950,-7.055,2.854,-3.804
2025-12-08T23:16:20.960,-4.635,1.193,-0.189
2025-12-08T23:16:20.970,-1.063,0.144,2.968
2025-12-08T23:16:20.980,2.063,0.059,5.051
2025-12-08T23:16:20.990,3.63,1.169,6.622
2025-12-08T23:16:21.000,3.619,3.094,7.508
2025-12-08T23:16:21.010,2.091,4.045,6.518
2025-12-08T23:16:21.020,-0.377,3.917,4.401
2025-12-08T23:16:21.030,-2.756,2.417,2.456
2025-12-08T23:16:21.040,-4.095,0.368,0.405
2025-12-08T23:16:21.050,-4.395,-0.284,-1.347
2025-12-08T23:16:21.060,-3.387,-0.156,-4.2
2025-12-08T23:16:21.070,-1.267,0.082,-9.143
2025-12-08T23:16:21.080,0.316,0.583,-12.564
2025-12-08T23:16:21.090,0.453,1.055,-11.259
2025-12-08T23:16:21.100,-0.771,1.39,-5.63
2025-12-08T23:16:21.110,-2.083,2.061,1.159
2025-12-08T23:16:21.120,-2.638,3.553,6.327
2025-12-08T23:16:21.130,-2.294,5.651,7.768
2025-12-08T23:16:21.140,-0.729,7.118,5.819
2025-12-08T23:16:21.150,0.612,7.103,4.379
2025-12-08T23:16:21.160,2.084,5.744,4.337
2025-12-08T23:16:21.170,4.937,3.642,4.62
2025-12-08T23:16:21.180,7.52,1.851,5.237
2025-12-08T23:16:21.190,9.157,-0.016,5.157
2025-12-08T23:16:21.200,9.689,-2.664,2.87
2025-12-08T23:16:21.210,8.806,-5.495,-0.858
2025-12-08T23:16:21.220,6.973,-8.107,-2.647
2025-12-08T23:16:21.230,4.538,-9.902,-0.972
2025-12-08T23:16:21.240,2.212,-9.806,3.469
2025-12-08T23:16:21.250,0.6,-7.801,8.008
2025-12-08T23:16:21.260,0.061,-4.782,8.071
2025-12-08T23:16:21.270,0.144,-0.406,2.143
2025-12-08T23:16:21.280,0.608,4.469,-7.176
2025-12-08T23:16:21.290,1.466,7.659,-15.048
2025-12-08T23:16:21.300,1.814,9.162,-17.259
2025-12-08T23:16:21.310,1.502,8.852,-12.668
2025-12-08T23:16:21.320,1.245,7.461,-3.938
2025-12-08T23:16:21.330,1.644,7.039,5.015
2025-12-08T23:16:21.340,2.235,8.41,11.011
2025-12-08T23:16:21.350,2.947,10.508,10.254
2025-12-08T23:16:21.360,4.265,11.209,3.992
2025-12-08T23:16:21.370,4.967,11.56,-1.949
2025-12-08T23:16:21.380,3.892,11.842,-4.152
2025-12-08T23:16:21.390,1.33,9.923,-2.627
2025-12-08T23:16:21.400,-1.687,6.669,-0.072
2025-12-08T23:16:21.410,-4.79,4.131,1.66
2025-12-08T23:16:21.420,-8.091,3.204,2.086
2025-12-08T23:16:21.430,-10.848,2.831,1.291
2025-12-08T23:16:21.440,-12.458,2.078,0.925
2025-12-08T23:16:21.450,-13.07,1.258,2.356
2025-12-08T23:16:21.460,-13.214,0.299,4.927
2025-12-08T23:16:21.470,-13.039,-0.142,6.191
2025-12-08T23:16:21.480,-11.896,0.414,3.46
2025-12-08T23:16:21.490,-9.456,1.739,-2.823
2025-12-08T23:16:21.500,-6.486,3.816,-8.815
2025-12-08T23:16:21.510,-3.895,6.144,-11.064
2025-12-08T23:16:21.520,-2.515,7.747,-7.77
2025-12-08T23:16:21.530,-2.821,8.133,-0.051
2025-12-08T23:16:21.540,-3.894,6.836,8.018
2025-12-08T23:16:21.550,-4.648,4.057,12.187
2025-12-08T23:16:21.560,-4.902,1.485,10.813
2025-12-08T23:16:21.570,-4.938,0.087,5.043
2025-12-08T23:16:21.580,-4.765,0.143,-3.012
2025-12-08T23:16:21.590,-4.467,1.491,-10.442
2025-12-08T23:16:21.600,-3.943,3.006,-15.55
2025-12-08T23:16:21.610,-3.048,4.491,-17.004
2025-12-08T23:16:21.620,-2.718,6.433,-13.031
2025-12-08T23:16:21.630,-2.939,8.191,-4.814
2025-12-08T23:16:21.640,-3.355,9.019,4.25
2025-12-08T23:16:21.650,-4.525,9.441,10.063
2025-12-08T23:16:21.660,-6.131,10.009,9.242
2025-12-08T23:16:21.670,-7.27,10.596,2.741
2025-12-08T23:16:21.680,-7.484,10.511,-3.828
2025-12-08T23:16:21.690,-7.176,9.164,-4.283
2025-12-08T23:16:21.700,-7.05,6.539,2.776
2025-12-08T23:16:21.710,-7.144,1.64,12.329
2025-12-08T23:16:21.720,-6.34,-5.326,17.954
2025-12-08T23:16:21.730,-3.746,-11.67,16.364
2025-12-08T23:16:21.740,-0.138,-16.207,9.096
2025-12-08T23:16:21.750,3.825,-19.351,0.779
2025-12-08T23:16:21.760,7.684,-20.565,-5.262
2025-12-08T23:16:21.770,10.066,-18.832,-7.18
2025-12-08T23:16:21.780,9.948,-14.854,-5.511
2025-12-08T23:16:21.790,7.692,-10.071,-2.872
2025-12-08T23:16:21.800,4.709,-4.939,-1.136
2025-12-08T23:16:21.810,2.422,-0.301,-0.792
2025-12-08T23:16:21.820,1.211,3.093,-0.675
2025-12-08T23:16:21.830,0.066,4.807,0.098
2025-12-08T23:16:21.840,-1.869,4.126,1.798
2025-12-08T23:16:21.850,-4.532,1.142,3.656
2025-12-08T23:16:21.860,-7.322,-2.593,4.542
2025-12-08T23:16:21.870,-8.999,-5.011,4.828
2025-12-08T23:16:21.880,-8.933,-5.773,2.768
2025-12-08T23:16:21.890,-6.923,-5.489,-3.322
2025-12-08T23:16:21.900,-4.051,-4.117,-10.552
2025-12-08T23:16:21.910,-2.231,-1.85,-14.787
2025-12-08T23:16:21.920,-1.203,0.766,-13.501
2025-12-08T23:16:21.930,-0.086,2.876,-6.935
2025-12-08T23:16:21.940,1.225,3.752,1.747
2025-12-08T23:16:21.950,2.646,3.828,8.325
2025-12-08T23:16:21.960,3.898,3.995,10.708
2025-12-08T23:16:21.970,4.194,4.855,10.75
2025-12-08T23:16:21.980,3.794,6.302,9.768
2025-12-08T23:16:21.990,3.388,7.63,7.461
2025-12-08T23:16:22.000,2.664,8.238,4.391
2025-12-08T23:16:22.010,2.428,6.864,0.276
2025-12-08T23:16:22.020,2.49,3.776,-4.361
2025-12-08T23:16:22.030,2.191,0.755,-8.325
2025-12-08T23:16:22.040,2.039,-2.823,-11.835
2025-12-08T23:16:22.050,2.376,-6.895,-14.511
2025-12-08T23:16:22.060,3.901,-9.767,-14.841
2025-12-08T23:16:22.070,6.532,-10.785,-12.016
2025-12-08T23:16:22.080,10.087,-8.886,-7.559
2025-12-08T23:16:22.090,13.809,-4.174,-2.65
2025-12-08T23:16:22.100,16.647,0.66,2.351
2025-12-08T23:16:22.110,18.617,3.261,6.507
2025-12-08T23:16:22.120,19.334,2.924,10.367
2025-12-08T23:16:22.130,19.043,0.016,13.906
2025-12-08T23:16:22.140,18.067,-4.524,15.893
2025-12-08T23:16:22.150,15.721,-9.249,15.903
2025-12-08T23:16:22.160,11.834,-11.984,13.444
2025-12-08T23:16:22.170,6.935,-11.292,7.775
2025-12-08T23:16:22.180,1.056,-8.152,-0.617
2025-12-08T23:16:22.190,-5.304,-4.751,-8.405
2025-12-08T23:16:22.200,-10.681,-2.531,-12.805
2025-12-08T23:16:22.210,-14.17,-1.669,-14.789
2025-12-08T23:16:22.220,-14.902,-1.484,-16.312
2025-12-08T23:16:22.230,-12.554,-1.784,-17.759
2025-12-08T23:16:22.240,-7.766,-2.962,-17.631
2025-12-08T23:16:22.250,-1.843,-4.588,-13.582
2025-12-08T23:16:22.260,3.841,-5.647,-4.318
2025-12-08T23:16:22.270,8.402,-5.139,7.777
2025-12-08T23:16:22.280,10.956,-3.072,17.788
2025-12-08T23:16:22.290,11.496,-0.506,23.536
2025-12-08T23:16:22.300,9.925,1.784,24.992
2025-12-08T23:16:22.310,6.767,2.927,21.594
2025-12-08T23:16:22.320,3.289,3.119,14.143
2025-12-08T23:16:22.330,-0.398,4.219,4.577
2025-12-08T23:16:22.340,-4.429,6.933,-4.557
2025-12-08T23:16:22.350,-8.546,9.432,-10.893
2025-12-08T23:16:22.360,-11.822,10.108,-14.028
2025-12-08T23:16:22.370,-13.841,9.366,-13.479
2025-12-08T23:16:22.380,-13.387,6.855,-10.51
2025-12-08T23:16:22.390,-9.464,2.957,-6.751
2025-12-08T23:16:22.400,-3.833,-0.018,-1.925
2025-12-08T23:16:22.410,2.872,-2.09,1.158
2025-12-08T23:16:22.420,10.476,-3.044,0.541
2025-12-08T23:16:22.430,16.965,-1.484,-0.985
2025-12-08T23:16:22.440,20.409,1.282,0.655
2025-12-08T23:16:22.450,19.755,3.664,7.345
2025-12-08T23:16:22.460,15.285,4.364,17.215
2025-12-08T23:16:22.470,8.487,3.297,25.728
2025-12-08T23:16:22.480,0.499,2.053,27.188
2025-12-08T23:16:22.490,-7.262,0.955,19.196
2025-12-08T23:16:22.500,-13.437,-0.286,4.941
2025-12-08T23:16:22.510,-18.248,-2.994,-9.95
2025-12-08T23:16:22.520,-21.311,-6.298,-21.429
2025-12-08T23:16:22.530,-21.89,-8.992,-26.726
2025-12-08T23:16:22.540,-19.716,-11.846,-26.362
2025-12-08T23:16:22.550,-15.11,-13.363,-22.607
2025-12-08T23:16:22.560,-9.686,-13.941,-15.082
2025-12-08T23:16:22.570,-5.034,-12.928,-5.666
2025-12-08T23:16:22.580,-1.342,-9.019,3.966
2025-12-08T23:16:22.590,2.928,-4.77,9.562
2025-12-08T23:16:22.600,8.072,-1.235,6.838
2025-12-08T23:16:22.610,12.627,1.4,1.622
2025-12-08T23:16:22.620,14.595,2.883,-0.466
2025-12-08T23:16:22.630,12.527,2.612,1.721
2025-12-08T23:16:22.640,7.344,1.837,6.803
2025-12-08T23:16:22.650,0.541,2.837,10.777
2025-12-08T23:16:22.660,-5.496,4.669,7.713
2025-12-08T23:16:22.670,-8.69,7.01,-3.691
2025-12-08T23:16:22.680,-9.009,9.02,-16.131
2025-12-08T23:16:22.690,-7.248,9.014,-24.066
2025-12-08T23:16:22.700,-5.534,6.588,-23.772
2025-12-08T23:16:22.710,-4.366,2.194,-14.58
2025-12-08T23:16:22.720,-2.769,-2.425,-1.435
2025-12-08T23:16:22.730,-0.929,-5.48,10.517
2025-12-08T23:16:22.740,0.837,-5.908,18.35
2025-12-08T23:16:22.750,1.306,-5.567,21.974
2025-12-08T23:16:22.760,0.166,-6.231,22.808
2025-12-08T23:16:22.770,-1.502,-6.978,23.181
2025-12-08T23:16:22.780,-3.077,-7.394,23.051
2025-12-08T23:16:22.790,-3.033,-7.711,20.054
2025-12-08T23:16:22.800,-0.921,-9.476,12.872
2025-12-08T23:16:22.810,1.401,-12.367,3.746
2025-12-08T23:16:22.820,2.451,-14.807,-4.709
2025-12-08T23:16:22.830,1.943,-17.27,-13.485
2025-12-08T23:16:22.840,0.533,-18.069,-21.695
2025-12-08T23:16:22.850,-0.945,-15.862,-26.875
2025-12-08T23:16:22.860,-1.775,-10.925,-27.205
2025-12-08T23:16:22.870,-1.343,-3.208,-24.064
2025-12-08T23:16:22.880,-0.086,5.362,-21.091
2025-12-08T23:16:22.890,1.677,12.408,-19.159
2025-12-08T23:16:22.900,4.849,15.768,-18.649
2025-12-08T23:16:22.910,9.356,14.516,-15.823
2025-12-08T23:16:22.920,13.147,11.211,-5.492
2025-12-08T23:16:22.930,13.216,8.327,11.216
2025-12-08T23:16:22.940,9.789,5.667,27.013
2025-12-08T23:16:22.950,6.081,3.504,32.602
2025-12-08T23:16:22.960,2.366,2.302,26.607
2025-12-08T23:16:22.970,-2.023,2.179,13.531
2025-12-08T23:16:22.980,-6.846,3.845,0.011
2025-12-08T23:16:22.990,-11.507,5.376,-7.447
2025-12-08T23:16:23.000,-15.367,5.471,-10.271
2025-12-08T23:16:23.010,-17.233,4.725,-12.145
2025-12-08T23:16:23.020,-15.217,3.111,-14.099
2025-12-08T23:16:23.030,-10.749,1.975,-14.316
2025-12-08T23:16:23.040,-5.57,0.537,-8.915
2025-12-08T23:16:23.050,-1.272,-2.522,3.191
2025-12-08T23:16:23.060,0.422,-6.4,19.022
2025-12-08T23:16:23.070,0.471,-10.161,32.075
2025-12-08T23:16:23.080,-0.443,-11.684,35.765
2025-12-08T23:16:23.090,-1.925,-10.665,27.703
2025-12-08T23:16:23.100,-3.688,-8.178,12.668
2025-12-08T23:16:23.110,-5.154,-5.152,-3.132
2025-12-08T23:16:23.120,-5.974,-3.646,-15.382
2025-12-08T23:16:23.130,-6.003,-4.083,-21.497
2025-12-08T23:16:23.140,-4.822,-5.084,-24.54
2025-12-08T23:16:23.150,-4.031,-5.599,-24.296
2025-12-08T23:16:23.160,-3.805,-5.651,-20.238
2025-12-08T23:16:23.170,-3.232,-6.388,-14.361
2025-12-08T23:16:23.180,-3.648,-6.57,-4.323
2025-12-08T23:16:23.190,-5.355,-4.451,7.114
2025-12-08T23:16:23.200,-7.441,-2.837,14.13
2025-12-08T23:16:23.210,-9.226,-1.809,14.339
2025-12-08T23:16:23.220,-9.052,0.354,9.327
2025-12-08T23:16:23.230,-6.676,2.116,2.078
2025-12-08T23:16:23.240,-2.817,3.67,-5.66
2025-12-08T23:16:23.250,2.285,3.794,-10.156
2025-12-08T23:16:23.260,6.388,2.587,-11.416
2025-12-08T23:16:23.270,8.587,2.915,-10.12
2025-12-08T23:16:23.280,9.36,3.62,-7.155
2025-12-08T23:16:23.290,8.804,4.728,-5.978
2025-12-08T23:16:23.300,8.198,7.092,-4.927
2025-12-08T23:16:23.310,6.672,9.427,-3.068
2025-12-08T23:16:23.320,3.953,12.023,-0.008
2025-12-08T23:16:23.330,1.975,12.675,4.876
2025-12-08T23:16:23.340,0.991,9.096,8.763
2025-12-08T23:16:23.350,0.994,3.518,11.378
2025-12-08T23:16:23.360,1.067,-3.602,14.025
2025-12-08T23:16:23.370,1.158,-11.95,17.448
2025-12-08T23:16:23.380,1.845,-19.246,20.449
2025-12-08T23:16:23.390,1.755,-24.67,21.387
2025-12-08T23:16:23.400,1.605,-27.463,18.953
2025-12-08T23:16:23.410,2.501,-27.346,11.155
2025-12-08T23:16:23.420,3.785,-25.276,-0.342
2025-12-08T23:16:23.430,4.486,-21.665,-11.901
2025-12-08T23:16:23.440,4.477,-16.974,-20.359
2025-12-08T23:16:23.450,5.095,-12.764,-24.43
2025-12-08T23:16:23.460,6.158,-9.163,-23.459
2025-12-08T23:16:23.470,6.974,-5.742,-17.46
2025-12-08T23:16:23.480,7.551,-3.521,-8.807
2025-12-08T23:16:23.490,6.706,-1.973,0.887
2025-12-08T23:16:23.500,4.497,-0.944,9.146
2025-12-08T23:16:23.510,2.871,-1.135,12.095
2025-12-08T23:16:23.520,1.848,-1.583,8.491
2025-12-08T23:16:23.530,0.754,-1.836,0.088
2025-12-08T23:16:23.540,0.358,-1.091,-11.386
2025-12-08T23:16:23.550,0.724,0.983,-21.037
2025-12-08T23:16:23.560,1.256,3.515,-25.235
2025-12-08T23:16:23.570,2.089,6.463,-25.933
2025-12-08T23:16:23.580,3.09,9.384,-22.847
2025-12-08T23:16:23.590,3.983,11.619,-15.785
2025-12-08T23:16:23.600,5.854,12.54,-5.975
2025-12-08T23:16:23.610,8.642,13.389,3.909
2025-12-08T23:16:23.620,11.75,15.574,10.65
2025-12-08T23:16:23.630,15.028,17.88,14.233
2025-12-08T23:16:23.640,17.668,19.693,16.419
2025-12-08T23:16:23.650,20.026,20.718,19.289
2025-12-08T23:16:23.660,21.135,21.026,22.366
2025-12-08T23:16:23.670,19.844,19.834,24.986
2025-12-08T23:16:23.680,15.556,15.282,27.43
2025-12-08T23:16:23.690,7.883,8.083,29.492
2025-12-08T23:16:23.700,-0.83,-0.551,29.217
2025-12-08T23:16:23.710,-7.856,-9.155,23.478
2025-12-08T23:16:23.720,-11.486,-14.5,13.644
2025-12-08T23:16:23.730,-12.336,-15.388,1.701
2025-12-08T23:16:23.740,-10.83,-13.064,-11.254
2025-12-08T23:16:23.750,-7.445,-8.861,-19.168
2025-12-08T23:16:23.760,-4.219,-5.12,-19.2
2025-12-08T23:16:23.770,-1.557,-1.909,-14.926
2025-12-08T23:16:23.780,0.187,2.411,-7.386
2025-12-08T23:16:23.790,1.924,6.264,0.707
2025-12-08T23:16:23.800,4.499,8.844,5.733
2025-12-08T23:16:23.810,6.668,10.814,7.166
2025-12-08T23:16:23.820,8.209,11.702,4.436
2025-12-08T23:16:23.830,8.49,10.91,-0.621
2025-12-08T23:16:23.840,6.056,7.683,-5.522
2025-12-08T23:16:23.850,0.432,3.274,-7.759
2025-12-08T23:16:23.860,-7.692,0.362,-7.902
2025-12-08T23:16:23.870,-14.901,-1.561,-9.001
2025-12-08T23:16:23.880,-18.561,-3.23,-11.566
2025-12-08T23:16:23.890,-19.141,-3.422,-16.575
2025-12-08T23:16:23.900,-16.889,-3.459,-22.635
2025-12-08T23:16:23.910,-14.125,-3.866,-26.034
2025-12-08T23:16:23.920,-11.92,-3.333,-23.38
2025-12-08T23:16:23.930,-9.277,-1.792,-14.967
2025-12-08T23:16:23.940,-7.32,1.518,-3.392
2025-12-08T23:16:23.950,-5.552,6.002,10.219
2025-12-08T23:16:23.960,-3.348,11.14,20.906
2025-12-08T23:16:23.970,-0.637,15.934,27.159
2025-12-08T23:16:23.980,2.183,18.576,32.574
2025-12-08T23:16:23.990,4.031,20.415,36.021
2025-12-08T23:16:24.000,6.052,21.207,34.965
2025-12-08T23:16:24.010,6.966,20.575,30.302
2025-12-08T23:16:24.020,3.908,19.329,22.104
2025-12-08T23:16:24.030,-1.469,16.141,9.857
2025-12-08T23:16:24.040,-6.489,11.196,-1.964
2025-12-08T23:16:24.050,-9.962,6.285,-10.306
2025-12-08T23:16:24.060,-10.915,1.216,-14.43
2025-12-08T23:16:24.070,-9.74,-3.687,-14.385
2025-12-08T23:16:24.080,-6.77,-6.238,-13.536
2025-12-08T23:16:24.090,-1.763,-6.855,-13.853
2025-12-08T23:16:24.100,4.543,-5.689,-16.695
2025-12-08T23:16:24.110,11.881,-3.78,-19.011
2025-12-08T23:16:24.120,18.946,-3.599,-16.552
2025-12-08T23:16:24.130,23.016,-4.498,-9.664
2025-12-08T23:16:24.140,22.646,-6.25,1.464
2025-12-08T23:16:24.150,18.322,-9.073,12.756
2025-12-08T23:16:24.160,12.923,-13.323,19.013
2025-12-08T23:16:24.170,7.923,-15.954,17.77
2025-12-08T23:16:24.180,3.169,-14.707,8.915
2025-12-08T23:16:24.190,-0.625,-11.954,-3.855
2025-12-08T23:16:24.200,-3.714,-7.797,-16.963
2025-12-08T23:16:24.210,-5.678,-3.717,-28.214
2025-12-08T23:16:24.220,-6.798,-0.353,-35.81
2025-12-08T23:16:24.230,-7.763,1.321,-38.088
2025-12-08T23:16:24.240,-7.509,-1.048,-33.445
2025-12-08T23:16:24.250,-6.121,-5.933,-20.469
2025-12-08T23:16:24.260,-3.108,-10.3,-3.071
2025-12-08T23:16:24.270,1.589,-10.825,10.154
2025-12-08T23:16:24.280,6.482,-8.402,13.294
2025-12-08T23:16:24.290,11.343,-3.641,7.946
2025-12-08T23:16:24.300,15.596,4.382,1.903
2025-12-08T23:16:24.310,17.909,12.638,0.237
2025-12-08T23:16:24.320,16.77,19.154,5.783
2025-12-08T23:16:24.330,12.669,23.681,15.153
2025-12-08T23:16:24.340,8.321,26.192,19.694
2025-12-08T23:16:24.350,5.119,27.066,15.784
2025-12-08T23:16:24.360,2.797,27.15,5.144
2025-12-08T23:16:24.370,0.318,25.442,-5.443
2025-12-08T23:16:24.380,-1.801,20.567,-11.587
2025-12-08T23:16:24.390,-3.92,14.629,-11.318
2025-12-08T23:16:24.400,-5.963,9.254,-6.614
2025-12-08T23:16:24.410,-4.581,4.042,-2.979
2025-12-08T23:16:24.420,-0.408,-0.813,2.099
2025-12-08T23:16:24.430,3.972,-2.905,10.053
2025-12-08T23:16:24.440,7.308,-2.259,17.2
2025-12-08T23:16:24.450,8.894,-1.025,19.881
2025-12-08T23:16:24.460,9.388,1.578,16.624
2025-12-08T23:16:24.470,8.228,4.954,9.897
2025-12-08T23:16:24.480,4.655,7.294,2.017
2025-12-08T23:16:24.490,-0.963,7.545,-3.236
2025-12-08T23:16:24.500,-7.07,5.239,-3.232
2025-12-08T23:16:24.510,-12.226,1.571,0.148
2025-12-08T23:16:24.520,-15.921,-2.176,3.783
2025-12-08T23:16:24.530,-18.234,-5.099,4.723
2025-12-08T23:16:24.540,-18.891,-7.194,0.66
2025-12-08T23:16:24.550,-17.322,-9.827,-7.711
2025-12-08T23:16:24.560,-14.944,-13.975,-14.816
2025-12-08T23:16:24.570,-11.821,-18.099,-16.301
2025-12-08T23:16:24.580,-8.175,-20.113,-12.56
2025-12-08T23:16:24.590,-4.875,-18.443,-7.637
2025-12-08T23:16:24.600,-0.508,-13.77,-5.39
2025-12-08T23:16:24.610,3.609,-8.971,-4.668
2025-12-08T23:16:24.620,5.904,-3.729,-3.601
2025-12-08T23:16:24.630,7.348,1.964,-0.09
2025-12-08T23:16:24.640,7.93,6.48,5.879
2025-12-08T23:16:24.650,7.998,8.992,10.28
2025-12-08T23:16:24.660,8.119,9.047,13.738
2025-12-08T23:16:24.670,6.998,6.527,17.241
2025-12-08T23:16:24.680,3.594,2.334,18.495
2025-12-08T23:16:24.690,-1.029,-0.044,16.36
2025-12-08T23:16:24.700,-5.438,-0.294,10.121
2025-12-08T23:16:24.710,-8.103,0.639,1.831
2025-12-08T23:16:24.720,-8.707,2.739,-4.429
2025-12-08T23:16:24.730,-9.502,4.486,-4.7
2025-12-08T23:16:24.740,-10.676,6.927,0.844
2025-12-08T23:16:24.750,-10.82,8.945,7.986
2025-12-08T23:16:24.760,-9.778,8.756,14.801
2025-12-08T23:16:24.770,-7.853,7.05,19.51
2025-12-08T23:16:24.780,-6.285,2.44,21.574
2025-12-08T23:16:24.790,-5.428,-3.609,21.901
2025-12-08T23:16:24.800,-5.238,-8.036,21.106
2025-12-08T23:16:24.810,-5.289,-11.446,19.24
2025-12-08T23:16:24.820,-4.928,-14.031,14.999
2025-12-08T23:16:24.830,-5.269,-14.546,10.397
2025-12-08T23:16:24.840,-7.06,-13.482,6.241
2025-12-08T23:16:24.850,-10.04,-12.592,0.937
2025-12-08T23:16:24.860,-12.984,-12.17,-6.033
2025-12-08T23:16:24.870,-14.504,-12.08,-16.699
2025-12-08T23:16:24.880,-13.746,-12.791,-29.807
2025-12-08T23:16:24.890,-11.115,-14.634,-39.877
2025-12-08T23:16:24.900,-7.475,-18.483,-43.048
2025-12-08T23:16:24.910,-3.757,-22.639,-37.359
2025-12-08T23:16:24.920,-1.531,-24.1,-23.255
2025-12-08T23:16:24.930,0.433,-23.197,-8.203
2025-12-08T23:16:24.940,3.062,-20.895,0.72
2025-12-08T23:16:24.950,5.881,-16.642,3.331
2025-12-08T23:16:24.960,9.076,-10.684,1.837
2025-12-08T23:16:24.970,12.608,-5.285,-1.189
2025-12-08T23:16:24.980,15.922,-0.159,-5.66
2025-12-08T23:16:24.990,16.954,5.142,-9.167
2025-12-08T23:16:25.000,15.218,7.607,-9.177
2025-12-08T23:16:25.010,11.083,6.815,-6.035
2025-12-08T23:16:25.020,5.376,3.894,1.697
2025-12-08T23:16:25.030,-0.257,-0.231,10.712
2025-12-08T23:16:25.040,-4.848,-3.441,16.624
2025-12-08T23:16:25.050,-5.877,-4.23,18.17
2025-12-08T23:16:25.060,-2.121,-2.449,14.531
2025-12-08T23:16:25.070,4.544,1.229,7.891
2025-12-08T23:16:25.080,11.002,6.008,2.551
2025-12-08T23:16:25.090,14.006,9.447,2.557
2025-12-08T23:16:25.100,13.157,9.189,9.434
2025-12-08T23:16:25.110,10.101,5.906,21.759
2025-12-08T23:16:25.120,5.37,2.516,34.706
2025-12-08T23:16:25.130,0.009,1.4,41.295
2025-12-08T23:16:25.140,-4.087,2.174,37.194
2025-12-08T23:16:25.150,-6.76,4.388,23.913
2025-12-08T23:16:25.160,-8.012,7.733,6.473
2025-12-08T23:16:25.170,-7.834,11.822,-9.522
2025-12-08T23:16:25.180,-7.511,16.391,-19.986
2025-12-08T23:16:25.190,-8.125,19.118,-24.662
2025-12-08T23:16:25.200,-10.124,18.841,-23.942
2025-12-08T23:16:25.210,-11.805,15.789,-19.949
2025-12-08T23:16:25.220,-11.172,11.186,-15.754
2025-12-08T23:16:25.230,-9.209,6.916,-12.498
2025-12-08T23:16:25.240,-7.006,2.092,-11.927
2025-12-08T23:16:25.250,-5.695,-3.148,-13.271
2025-12-08T23:16:25.260,-6.062,-7.768,-13.119
2025-12-08T23:16:25.270,-6.803,-11.994,-10.579
2025-12-08T23:16:25.280,-5.789,-14.841,-7.29
2025-12-08T23:16:25.290,-2.255,-15.335,-4.564
2025-12-08T23:16:25.300,1.955,-13.515,-4.394
2025-12-08T23:16:25.310,5.74,-10.708,-7.382
2025-12-08T23:16:25.320,7.952,-7.64,-10.869
2025-12-08T23:16:25.330,7.663,-4.006,-11.946
2025-12-08T23:16:25.340,6.34,-0.611,-8.077
2025-12-08T23:16:25.350,4.76,1.941,-0.727
2025-12-08T23:16:25.360,3.231,3.054,6.649
2025-12-08T23:16:25.370,1.65,3.192,10.897
2025-12-08T23:16:25.380,-0.121,2.945,11.198
2025-12-08T23:16:25.390,-2.016,2.333,11.164
2025-12-08T23:16:25.400,-3.88,2.327,11.944
2025-12-08T23:16:25.410,-4.963,2.037,14.148
2025-12-08T23:16:25.420,-5.805,1.743,17.591
2025-12-08T23:16:25.430,-5.376,1.351,20.138
2025-12-08T23:16:25.440,-2.125,-0.944,19.122
2025-12-08T23:16:25.450,1.887,-2.897,11.769
2025-12-08T23:16:25.460,4.764,-2.991,0.553
2025-12-08T23:16:25.470,6.709,-2.617,-11.373
2025-12-08T23:16:25.480,6.832,-3.149,-18.94
2025-12-08T23:16:25.490,3.824,-4.201,-16.349
2025-12-08T23:16:25.500,-0.149,-4.188,-5.925
2025-12-08T23:16:25.510,-2.169,-2.082,6.242
2025-12-08T23:16:25.520,-1.518,2.398,13.74
2025-12-08T23:16:25.530,0.985,5.838,12.432
2025-12-08T23:16:25.540,2.419,6.32,3.823
2025-12-08T23:16:25.550,1.372,4.986,-6.588
2025-12-08T23:16:25.560,-0.835,1.7,-14.482
2025-12-08T23:16:25.570,-3.476,-2.222,-17.617
2025-12-08T23:16:25.580,-6.292,-5.104,-15.844
2025-12-08T23:16:25.590,-9.105,-5.596,-13.941
2025-12-08T23:16:25.600,-11.389,-3.15,-15.596
2025-12-08T23:16:25.610,-11.82,1.3,-21.457
2025-12-08T23:16:25.620,-9.81,6.616,-29.076
2025-12-08T23:16:25.630,-5.968,10.358,-32.103
2025-12-08T23:16:25.640,-1.896,11.546,-27.82
2025-12-08T23:16:25.650,1.504,10.224,-17.682
2025-12-08T23:16:25.660,4.931,5.716,-5.269
2025-12-08T23:16:25.670,8.135,-0.658,5.593
2025-12-08T23:16:25.680,10.0,-7.233,13.505
2025-12-08T23:16:25.690,10.193,-13.251,17.374
2025-12-08T23:16:25.700,9.222,-17.317,17.217
2025-12-08T23:16:25.710,8.011,-17.233,14.366
2025-12-08T23:16:25.720,7.45,-11.983,10.87
2025-12-08T23:16:25.730,7.309,-3.48,7.262
2025-12-08T23:16:25.740,6.738,5.214,2.035
2025-12-08T23:16:25.750,6.166,11.801,-4.721
2025-12-08T23:16:25.760,5.825,15.031,-11.159
2025-12-08T23:16:25.770,5.656,14.903,-13.281
2025-12-08T23:16:25.780,5.337,13.46,-8.004
2025-12-08T23:16:25.790,4.351,13.009,4.803
2025-12-08T23:16:25.800,4.16,13.736,20.545
2025-12-08T23:16:25.810,5.27,15.365,31.485
2025-12-08T23:16:25.820,6.12,17.329,34.108
2025-12-08T23:16:25.830,5.534,17.699,28.795
2025-12-08T23:16:25.840,3.099,15.574,20.374
2025-12-08T23:16:25.850,-0.114,12.345,12.946
2025-12-08T23:16:25.860,-2.82,9.156,8.337
2025-12-08T23:16:25.870,-4.956,5.935,7.834
2025-12-08T23:16:25.880,-6.298,2.486,6.422
2025-12-08T23:16:25.890,-6.14,-1.454,0.831
2025-12-08T23:16:25.900,-4.781,-4.075,-7.363
2025-12-08T23:16:25.910,-3.378,-3.755,-14.925
2025-12-08T23:16:25.920,-2.346,-2.062,-18.854
2025-12-08T23:16:25.930,-1.144,0.528,-19.39
2025-12-08T23:16:25.940,1.028,3.097,-17.074
2025-12-08T23:16:25.950,3.857,4.518,-13.269
2025-12-08T23:16:25.960,6.033,4.777,-8.264
2025-12-08T23:16:25.970,6.739,2.867,-1.522
2025-12-08T23:16:25.980,5.778,0.308,7.315
2025-12-08T23:16:25.990,3.45,-1.956,16.616
2025-12-08T23:16:26.000,-0.125,-4.984,20.348
2025-12-08T23:16:26.010,-4.127,-8.561,15.759
2025-12-08T23:16:26.020,-7.309,-11.897,5.651
2025-12-08T23:16:26.030,-9.385,-13.658,-5.448
2025-12-08T23:16:26.040,-10.347,-13.196,-13.678
2025-12-08T23:16:26.050,-10.868,-11.159,-16.744
2025-12-08T23:16:26.060,-11.424,-8.38,-15.515
2025-12-08T23:16:26.070,-11.382,-4.797,-13.136
2025-12-08T23:16:26.080,-9.759,-1.61,-11.829
2025-12-08T23:16:26.090,-6.966,0.213,-10.991
2025-12-08T23:16:26.100,-3.38,1.345,-5.727
2025-12-08T23:16:26.110,0.969,0.992,6.593
2025-12-08T23:16:26.120,4.605,-0.152,21.602
2025-12-08T23:16:26.130,8.137,1.016,30.95
2025-12-08T23:16:26.140,11.537,5.012,30.349
2025-12-08T23:16:26.150,13.018,8.482,21.44
2025-12-08T23:16:26.160,11.853,9.229,8.729
2025-12-08T23:16:26.170,8.132,7.01,-0.763
2025-12-08T23:16:26.180,4.229,2.252,-5.114
2025-12-08T23:16:26.190,1.431,-3.674,-6.013
2025-12-08T23:16:26.200,-0.235,-9.555,-5.476
2025-12-08T23:16:26.210,-1.295,-13.39,-6.268
2025-12-08T23:16:26.220,-2.804,-14.782,-9.53
2025-12-08T23:16:26.230,-3.587,-14.433,-15.786
2025-12-08T23:16:26.240,-3.253,-12.382,-21.28
2025-12-08T23:16:26.250,-2.698,-9.281,-20.498
2025-12-08T23:16:26.260,-2.242,-6.679,-11.47
2025-12-08T23:16:26.270,-1.756,-5.859,1.197
2025-12-08T23:16:26.280,-0.173,-5.259,10.062
2025-12-08T23:16:26.290,3.06,-3.214,12.179
2025-12-08T23:16:26.300,6.328,0.661,7.215
2025-12-08T23:16:26.310,7.92,5.557,-0.572
2025-12-08T23:16:26.320,6.853,9.818,-6.638
2025-12-08T23:16:26.330,2.205,11.439,-9.406
2025-12-08T23:16:26.340,-4.641,8.03,-7.434
2025-12-08T23:16:26.350,-11.83,1.068,-1.775
2025-12-08T23:16:26.360,-17.91,-6.717,3.712
2025-12-08T23:16:26.370,-21.258,-13.454,3.587
2025-12-08T23:16:26.380,-21.882,-17.104,-3.828
2025-12-08T23:16:26.390,-19.84,-17.659,-16.915
2025-12-08T23:16:26.400,-16.353,-15.44,-29.554
2025-12-08T23:16:26.410,-12.248,-11.939,-34.542
2025-12-08T23:16:26.420,-6.938,-10.46,-30.649
2025-12-08T23:16:26.430,-2.017,-11.883,-17.167
2025-12-08T23:16:26.440,2.415,-13.854,1.828
2025-12-08T23:16:26.450,7.418,-13.705,17.863
2025-12-08T23:16:26.460,12.235,-10.272,24.235
2025-12-08T23:16:26.470,16.135,-3.79,19.207
2025-12-08T23:16:26.480,18.103,4.094,8.301
2025-12-08T23:16:26.490,17.144,10.673,-0.85
2025-12-08T23:16:26.500,13.383,15.346,-3.748
2025-12-08T23:16:26.510,9.252,17.455,-3.154
2025-12-08T23:16:26.520,7.201,15.02,-3.188
2025-12-08T23:16:26.530,6.117,10.451,-5.478
2025-12-08T23:16:26.540,4.158,5.558,-8.521
2025-12-08T23:16:26.550,1.776,0.266,-9.205
2025-12-08T23:16:26.560,1.095,-3.807,-7.748
2025-12-08T23:16:26.570,2.895,-5.867,-4.329
2025-12-08T23:16:26.580,5.408,-4.334,0.228
2025-12-08T23:16:26.590,8.081,0.837,4.328
2025-12-08T23:16:26.600,11.742,8.808,6.045
2025-12-08T23:16:26.610,15.99,18.602,4.842
2025-12-08T23:16:26.620,19.561,26.417,3.083
2025-12-08T23:16:26.630,20.83,30.411,3.104
2025-12-08T23:16:26.640,19.25,30.721,7.03
2025-12-08T23:16:26.650,15.825,26.678,14.226
2025-12-08T23:16:26.660,10.227,19.218,22.107
2025-12-08T23:16:26.670,1.758,10.437,28.1
2025-12-08T23:16:26.680,-7.372,0.501,29.396
2025-12-08T23:16:26.690,-15.107,-9.269,23.988
2025-12-08T23:16:26.700,-20.458,-17.042,13.41
2025-12-08T23:16:26.710,-22.957,-23.384,0.837
2025-12-08T23:16:26.720,-24.33,-27.836,-11.442
2025-12-08T23:16:26.730,-25.064,-30.405,-19.658
2025-12-08T23:16:26.740,-24.9,-30.891,-23.097
2025-12-08T23:16:26.750,-23.867,-28.091,-23.115
2025-12-08T23:16:26.760,-20.762,-22.27,-20.219
2025-12-08T23:16:26.770,-15.802,-15.643,-16.011
2025-12-08T23:16:26.780,-10.141,-10.755,-10.1
2025-12-08T23:16:26.790,-4.705,-5.881,-1.437
2025-12-08T23:16:26.800,0.098,-0.271,6.616
2025-12-08T23:16:26.810,4.837,5.674,9.733
2025-12-08T23:16:26.820,9.029,13.374,7.818
2025-12-08T23:16:26.830,12.076,19.99,0.476
2025-12-08T23:16:26.840,13.571,23.929,-9.205
2025-12-08T23:16:26.850,12.3,25.454,-13.92
2025-12-08T23:16:26.860,9.215,22.825,-13.039
2025-12-08T23:16:26.870,5.517,17.915,-8.876
2025-12-08T23:16:26.880,1.762,13.567,-4.97
2025-12-08T23:16:26.890,0.095,10.354,-5.353
2025-12-08T23:16:26.900,0.645,8.492,-8.937
2025-12-08T23:16:26.910,1.273,8.38,-12.468
2025-12-08T23:16:26.920,0.551,9.055,-11.4
2025-12-08T23:16:26.930,-0.055,7.818,-2.834
2025-12-08T23:16:26.940,1.016,4.603,11.518
2025-12-08T23:16:26.950,3.742,1.05,26.998
2025-12-08T23:16:26.960,9.14,-2.253,36.665
2025-12-08T23:16:26.970,15.407,-4.595,37.743
2025-12-08T23:16:26.980,19.835,-5.478,33.828
2025-12-08T23:16:26.990,21.836,-4.988,27.717
2025-12-08T23:16:27.000,21.222,-3.515,20.905
2025-12-08T23:16:27.010,18.785,-2.069,14.061
2025-12-08T23:16:27.020,14.279,-2.025,6.893
2025-12-08T23:16:27.030,8.472,-3.117,1.859
2025-12-08T23:16:27.040,3.815,-5.28,0.422
2025-12-08T23:16:27.050,0.94,-8.369,1.701
2025-12-08T23:16:27.060,-0.922,-9.577,4.936
2025-12-08T23:16:27.070,-2.335,-9.084,6.867
2025-12-08T23:16:27.080,-3.46,-8.287,5.388
2025-12-08T23:16:27.090,-4.64,-6.942,3.325
2025-12-08T23:16:27.100,-5.301,-7.24,1.564
2025-12-08T23:16:27.110,-4.023,-8.049,-1.093
2025-12-08T23:16:27.120,-0.569,-7.099,-4.862
2025-12-08T23:16:27.130,3.376,-5.737,-11.427
2025-12-08T23:16:27.140,6.7,-3.079,-19.257
2025-12-08T23:16:27.150,8.873,0.002,-25.568
2025-12-08T23:16:27.160,9.181,2.425,-28.58
2025-12-08T23:16:27.170,7.34,5.276,-26.774
2025-12-08T23:16:27.180,2.121,6.527,-21.695
2025-12-08T23:16:27.190,-5.236,5.838,-14.978
2025-12-08T23:16:27.200,-12.373,3.263,-8.755
2025-12-08T23:16:27.210,-19.394,-1.418,-2.837
2025-12-08T23:16:27.220,-25.482,-6.382,0.761
2025-12-08T23:16:27.230,-27.705,-10.941,-0.625
2025-12-08T23:16:27.240,-25.838,-13.292,-1.556
2025-12-08T23:16:27.250,-22.788,-12.654,-2.012
2025-12-08T23:16:27.260,-18.469,-10.594,-3.249
2025-12-08T23:16:27.270,-12.851,-7.52,-2.563
2025-12-08T23:16:27.280,-6.522,-4.045,-1.871
2025-12-08T23:16:27.290,-0.179,-1.213,1.134
2025-12-08T23:16:27.300,4.864,0.19,9.304
2025-12-08T23:16:27.310,9.486,-0.391,19.795
2025-12-08T23:16:27.320,12.616,-1.209,28.872
2025-12-08T23:16:27.330,14.603,-0.23,33.608
2025-12-08T23:16:27.340,16.016,2.362,34.228
2025-12-08T23:16:27.350,15.125,5.023,31.485
2025-12-08T23:16:27.360,12.606,6.639,27.817
2025-12-08T23:16:27.370,8.6,9.104,22.591
2025-12-08T23:16:27.380,4.871,11.988,12.629
2025-12-08T23:16:27.390,3.225,12.759,1.488
2025-12-08T23:16:27.400,2.198,12.317,-7.04
2025-12-08T23:16:27.410,0.657,10.95,-9.801
2025-12-08T23:16:27.420,-2.059,9.562,-8.08
2025-12-08T23:16:27.430,-5.744,10.005,-7.292
2025-12-08T23:16:27.440,-9.262,11.985,-9.602
2025-12-08T23:16:27.450,-11.366,15.421,-15.631
2025-12-08T23:16:27.460,-12.664,19.145,-20.809
2025-12-08T23:16:27.470,-13.612,20.955,-20.775
2025-12-08T23:16:27.480,-12.81,19.697,-16.002
2025-12-08T23:16:27.490,-10.289,14.482,-9.148
2025-12-08T23:16:27.500,-5.901,7.388,-2.949
2025-12-08T23:16:27.510,-0.252,0.92,1.196
2025-12-08T23:16:27.520,4.177,-5.728,2.006
2025-12-08T23:16:27.530,7.596,-11.071,1.184
2025-12-08T23:16:27.540,11.348,-13.811,-0.009
2025-12-08T23:16:27.550,13.556,-14.298,-2.677
2025-12-08T23:16:27.560,12.502,-12.253,-6.065
2025-12-08T23:16:27.570,9.285,-9.844,-8.485
2025-12-08T23:16:27.580,6.328,-7.057,-8.393
2025-12-08T23:16:27.590,5.755,-3.309,-4.617
2025-12-08T23:16:27.600,6.538,0.36,0.35
2025-12-08T23:16:27.610,7.14,3.531,4.532
2025-12-08T23:16:27.620,6.623,4.873,9.13
2025-12-08T23:16:27.630,4.24,4.824,12.309
2025-12-08T23:16:27.640,1.484,2.991,13.688
2025-12-08T23:16:27.650,-0.943,0.257,14.803
2025-12-08T23:16:27.660,-3.116,-1.996,15.345
2025-12-08T23:16:27.670,-5.346,-4.633,15.579
2025-12-08T23:16:27.680,-7.356,-5.027,13.745
2025-12-08T23:16:27.690,-8.355,-2.728,7.772
2025-12-08T23:16:27.700,-9.016,0.689,-1.897
2025-12-08T23:16:27.710,-9.765,3.771,-13.234
2025-12-08T23:16:27.720,-12.119,5.064,-20.981
2025-12-08T23:16:27.730,-15.807,5.829,-21.886
2025-12-08T23:16:27.740,-18.084,5.553,-18.426
2025-12-08T23:16:27.750,-16.966,4.251,-14.271
2025-12-08T23:16:27.760,-11.858,3.044,-12.74
2025-12-08T23:16:27.770,-5.835,2.295,-12.75
2025-12-08T23:16:27.780,-0.741,2.143,-12.266
2025-12-08T23:16:27.790,4.472,2.03,-12.392
2025-12-08T23:16:27.800,10.443,1.332,-13.355
2025-12-08T23:16:27.810,15.805,-0.991,-15.083
2025-12-08T23:16:27.820,18.009,-4.213,-14.639
2025-12-08T23:16:27.830,17.408,-7.502,-10.169
2025-12-08T23:16:27.840,15.249,-10.287,-3.781
2025-12-08T23:16:27.850,12.823,-11.585,0.762
2025-12-08T23:16:27.860,10.526,-11.41,-0.166
2025-12-08T23:16:27.870,7.328,-9.661,-3.876
2025-12-08T23:16:27.880,3.931,-7.414,-6.267
2025-12-08T23:16:27.890,1.576,-5.365,-6.338
2025-12-08T23:16:27.900,1.182,-2.967,-4.307
2025-12-08T23:16:27.910,2.65,0.072,-0.542
2025-12-08T23:16:27.920,4.797,2.669,3.089
2025-12-08T23:16:27.930,6.537,2.886,5.107
2025-12-08T23:16:27.940,7.19,0.623,8.005
2025-12-08T23:16:27.950,6.403,-3.721,12.715
2025-12-08T23:16:27.960,3.672,-8.137,20.126
2025-12-08T23:16:27.970,-0.016,-10.728,28.506
2025-12-08T23:16:27.980,-3.655,-12.343,31.564
2025-12-08T23:16:27.990,-7.444,-12.24,28.172
2025-12-08T23:16:28.000,-10.858,-10.472,21.2
2025-12-08T23:16:28.010,-13.908,-8.501,14.103
2025-12-08T23:16:28.020,-16.013,-7.101,8.402
2025-12-08T23:16:28.030,-16.237,-7.829,3.932
2025-12-08T23:16:28.040,-15.331,-9.546,0.666
2025-12-08T23:16:28.050,-13.592,-10.697,-2.472
2025-12-08T23:16:28.060,-11.229,-11.351,-5.377
2025-12-08T23:16:28.070,-8.162,-10.433,-8.769
2025-12-08T23:16:28.080,-4.063,-7.989,-12.667
2025-12-08T23:16:28.090,0.428,-4.427,-14.876
2025-12-08T23:16:28.100,4.396,0.648,-14.577
2025-12-08T23:16:28.110,6.778,7.27,-11.149
2025-12-08T23:16:28.120,7.384,13.911,-6.351
2025-12-08T23:16:28.130,6.368,17.685,-3.746
2025-12-08T23:16:28.140,4.08,16.789,-4.088
2025-12-08T23:16:28.150,1.124,11.717,-6.713
2025-12-08T23:16:28.160,-1.672,5.217,-9.238
2025-12-08T23:16:28.170,-2.758,-0.612,-9.149
2025-12-08T23:16:28.180,-1.502,-4.776,-8.176
2025-12-08T23:16:28.190,1.589,-6.828,-7.63
2025-12-08T23:16:28.200,4.091,-6.965,-5.856
2025-12-08T23:16:28.210,4.685,-5.257,-2.929
2025-12-08T23:16:28.220,5.566,-3.505,1.081
2025-12-08T23:16:28.230,7.513,-2.308,6.878
2025-12-08T23:16:28.240,9.762,-0.64,13.365
2025-12-08T23:16:28.250,11.236,0.375,18.505
2025-12-08T23:16:28.260,10.927,0.115,20.5
2025-12-08T23:16:28.270,9.493,-0.407,20.176
2025-12-08T23:16:28.280,7.527,-0.623,19.067
2025-12-08T23:16:28.290,4.991,-0.88,17.254
2025-12-08T23:16:28.300,1.926,-0.951,14.202
2025-12-08T23:16:28.310,-1.014,-0.771,8.011
2025-12-08T23:16:28.320,-3.184,0.009,-0.606
2025-12-08T23:16:28.330,-5.06,2.678,-7.241
2025-12-08T23:16:28.340,-7.347,5.239,-10.475
2025-12-08T23:16:28.350,-10.42,5.849,-11.829
2025-12-08T23:16:28.360,-13.8,5.177,-10.987
2025-12-08T23:16:28.370,-15.943,3.924,-9.232
2025-12-08T23:16:28.380,-15.587,3.58,-8.522
2025-12-08T23:16:28.390,-13.652,4.105,-8.302
2025-12-08T23:16:28.400,-11.118,4.204,-9.116
2025-12-08T23:16:28.410,-7.507,3.329,-10.366
2025-12-08T23:16:28.420,-2.764,2.734,-11.949
2025-12-08T23:16:28.430,3.457,2.933,-14.839
2025-12-08T23:16:28.440,10.232,3.829,-15.548
2025-12-08T23:16:28.450,15.497,7.013,-10.697
2025-12-08T23:16:28.460,18.119,10.586,-2.024
2025-12-08T23:16:28.470,17.916,12.414,7.133
2025-12-08T23:16:28.480,15.579,12.79,16.058
2025-12-08T23:16:28.490,11.722,12.456,23.059
2025-12-08T23:16:28.500,7.29,12.44,23.373
2025-12-08T23:16:28.510,2.1,11.885,16.158
2025-12-08T23:16:28.520,-3.595,11.19,5.02
2025-12-08T23:16:28.530,-8.273,10.394,-6.857
2025-12-08T23:16:28.540,-11.628,8.807,-14.689
2025-12-08T23:16:28.550,-13.804,7.589,-14.892
2025-12-08T23:16:28.560,-14.716,6.004,-10.048
2025-12-08T23:16:28.570,-13.185,3.774,-3.746
2025-12-08T23:16:28.580,-9.406,2.142,1.379
2025-12-08T23:16:28.590,-4.43,0.381,3.078
2025-12-08T23:16:28.600,1.904,-1.998,1.681
2025-12-08T23:16:28.610,8.508,-5.246,0.589
2025-12-08T23:16:28.620,13.763,-9.406,2.424
2025-12-08T23:16:28.630,17.777,-12.435,6.615
2025-12-08T23:16:28.640,21.101,-13.465,11.685
2025-12-08T23:16:28.650,23.326,-12.323,13.797
2025-12-08T23:16:28.660,23.505,-9.388,12.481
2025-12-08T23:16:28.670,19.528,-6.773,10.964
2025-12-08T23:16:28.680,12.422,-4.956,8.763
2025-12-08T23:16:28.690,5.759,-3.655,6.214
2025-12-08T23:16:28.700,1.36,-2.244,3.08
2025-12-08T23:16:28.710,0.273,0.352,-2.047
2025-12-08T23:16:28.720,0.935,2.718,-8.04
2025-12-08T23:16:28.730,1.054,3.292,-12.855
2025-12-08T23:16:28.740,0.005,2.929,-13.974
2025-12-08T23:16:28.750,-1.511,1.913,-11.562
2025-12-08T23:16:28.760,-2.988,0.685,-7.628
2025-12-08T23:16:28.770,-4.295,0.665,-2.296
2025-12-08T23:16:28.780,-5.095,1.943,3.376
2025-12-08T23:16:28.790,-5.976,4.454,5.951
2025-12-08T23:16:28.800,-7.133,6.924,4.313
2025-12-08T23:16:28.810,-9.224,7.71,0.116
2025-12-08T23:16:28.820,-11.914,7.594,-3.255
2025-12-08T23:16:28.830,-14.311,6.715,-2.194
2025-12-08T23:16:28.840,-16.331,4.791,0.966
2025-12-08T23:16:28.850,-17.319,3.123,1.195
2025-12-08T23:16:28.860,-17.645,2.133,-3.065
2025-12-08T23:16:28.870,-17.761,0.814,-10.047
2025-12-08T23:16:28.880,-17.789,-1.207,-16.113
2025-12-08T23:16:28.890,-16.758,-3.543,-18.612
2025-12-08T23:16:28.900,-13.093,-6.484,-17.909
2025-12-08T23:16:28.910,-7.627,-9.818,-15.389
2025-12-08T23:16:28.920,-2.705,-13.029,-10.581
2025-12-08T23:16:28.930,0.151,-16.022,-2.721
2025-12-08T23:16:28.940,1.092,-17.476,6.706
2025-12-08T23:16:28.950,1.113,-17.217,14.177
2025-12-08T23:16:28.960,0.569,-14.998,16.661
2025-12-08T23:16:28.970,-1.1,-10.397,13.553
2025-12-08T23:16:28.980,-3.958,-5.681,7.379
2025-12-08T23:16:28.990,-7.808,-2.612,1.305
2025-12-08T23:16:29.000,-11.491,-2.034,-3.208
2025-12-08T23:16:29.010,-13.214,-3.023,-5.97
2025-12-08T23:16:29.020,-12.777,-4.134,-8.583
2025-12-08T23:16:29.030,-10.607,-6.074,-11.468
2025-12-08T23:16:29.040,-8.021,-8.222,-13.999
2025-12-08T23:16:29.050,-6.534,-8.667,-15.467
2025-12-08T23:16:29.060,-6.292,-7.242,-13.293
2025-12-08T23:16:29.070,-6.277,-4.757,-7.215
2025-12-08T23:16:29.080,-5.013,-1.504,0.627
2025-12-08T23:16:29.090,-2.123,1.664,7.961
2025-12-08T23:16:29.100,1.612,4.531,11.257
2025-12-08T23:16:29.110,5.082,6.971,8.879
2025-12-08T23:16:29.120,7.672,8.661,3.437
2025-12-08T23:16:29.130,9.529,10.458,-1.34
2025-12-08T23:16:29.140,11.097,12.231,-3.496
2025-12-08T23:16:29.150,11.81,13.85,-1.95
2025-12-08T23:16:29.160,11.018,14.551,2.874
2025-12-08T23:16:29.170,8.517,13.383,8.194
2025-12-08T23:16:29.180,3.937,11.173,11.837
2025-12-08T23:16:29.190,-1.851,9.244,14.0
2025-12-08T23:16:29.200,-8.116,8.562,15.985
2025-12-08T23:16:29.210,-13.53,8.54,17.727
2025-12-08T23:16:29.220,-16.868,8.939,18.282
2025-12-08T23:16:29.230,-17.664,9.061,15.654
2025-12-08T23:16:29.240,-14.726,7.772,8.861
2025-12-08T23:16:29.250,-9.454,6.022,1.447
2025-12-08T23:16:29.260,-3.413,4.398,-2.583
2025-12-08T23:16:29.270,3.381,2.811,-2.369
2025-12-08T23:16:29.280,10.141,2.038,-0.286
2025-12-08T23:16:29.290,15.347,3.333,1.827
2025-12-08T23:16:29.300,17.955,6.549,2.626
2025-12-08T23:16:29.310,18.058,10.247,1.359
2025-12-08T23:16:29.320,15.425,13.141,0.954
2025-12-08T23:16:29.330,11.308,14.055,2.36
2025-12-08T23:16:29.340,6.659,12.574,4.048
2025-12-08T23:16:29.350,1.464,10.146,3.998
2025-12-08T23:16:29.360,-3.237,7.38,0.726
2025-12-08T23:16:29.370,-6.858,3.494,-4.739
2025-12-08T23:16:29.380,-7.981,0.041,-10.998
2025-12-08T23:16:29.390,-6.332,-2.91,-16.474
2025-12-08T23:16:29.400,-3.179,-5.064,-19.974
2025-12-08T23:16:29.410,-0.238,-5.663,-19.792
2025-12-08T23:16:29.420,0.704,-7.619,-15.241
2025-12-08T23:16:29.430,-0.193,-9.821,-8.017
2025-12-08T23:16:29.440,-2.624,-9.975,0.843
2025-12-08T23:16:29.450,-5.94,-8.819,9.764
2025-12-08T23:16:29.460,-8.572,-7.155,15.423
2025-12-08T23:16:29.470,-9.542,-5.176,15.585
2025-12-08T23:16:29.480,-9.936,-1.749,11.232
2025-12-08T23:16:29.490,-10.419,2.856,4.207
2025-12-08T23:16:29.500,-10.429,7.461,-2.622
2025-12-08T23:16:29.510,-10.028,10.438,-6.939
2025-12-08T23:16:29.520,-8.301,11.552,-8.92
2025-12-08T23:16:29.530,-6.137,11.06,-8.935
2025-12-08T23:16:29.540,-4.195,8.328,-9.06
2025-12-08T23:16:29.550,-1.518,4.924,-8.476
2025-12-08T23:16:29.560,1.988,2.095,-4.412
2025-12-08T23:16:29.570,6.313,0.713,1.216
2025-12-08T23:16:29.580,10.683,1.784,4.76
2025-12-08T23:16:29.590,15.697,5.271,4.93
2025-12-08T23:16:29.600,20.702,9.848,4.484
2025-12-08T23:16:29.610,23.67,14.137,6.152
2025-12-08T23:16:29.620,24.395,16.953,11.725
2025-12-08T23:16:29.630,23.155,16.725,19.818
2025-12-08T23:16:29.640,20.262,14.182,25.703
2025-12-08T23:16:29.650,16.662,9.716,27.37
2025-12-08T23:16:29.660,13.947,3.266,23.401
2025-12-08T23:16:29.670,11.455,-4.079,15.888
2025-12-08T23:16:29.680,8.475,-11.805,9.471
2025-12-08T23:16:29.690,5.054,-18.38,5.33
2025-12-08T23:16:29.700,1.509,-22.879,3.291
2025-12-08T23:16:29.710,-1.691,-25.849,2.578
2025-12-08T23:16:29.720,-5.303,-26.873,1.991
2025-12-08T23:16:29.730,-8.419,-26.008,1.003
2025-12-08T23:16:29.740,-10.554,-23.608,-1.055
2025-12-08T23:16:29.750,-11.449,-18.915,-4.215
2025-12-08T23:16:29.760,-11.387,-13.728,-6.988
2025-12-08T23:16:29.770,-11.657,-10.842,-9.755
2025-12-08T23:16:29.780,-12.406,-9.553,-10.473
2025-12-08T23:16:29.790,-13.937,-8.486,-8.282
2025-12-08T23:16:29.800,-14.966,-7.346,-8.002
2025-12-08T23:16:29.810,-14.866,-6.133,-10.044
2025-12-08T23:16:29.820,-14.455,-5.003,-14.158
2025-12-08T23:16:29.830,-14.131,-4.293,-19.254
2025-12-08T23:16:29.840,-14.187,-3.946,-21.533
2025-12-08T23:16:29.850,-14.026,-2.576,-20.628
2025-12-08T23:16:29.860,-11.823,0.803,-19.238
2025-12-08T23:16:29.870,-6.348,5.997,-20.425
2025-12-08T23:16:29.880,0.753,12.397,-22.782
2025-12-08T23:16:29.890,7.78,18.194,-22.399
2025-12-08T23:16:29.900,13.325,21.117,-14.982
2025-12-08T23:16:29.910,16.605,21.2,0.057
2025-12-08T23:16:29.920,18.29,19.926,17.352
2025-12-08T23:16:29.930,19.217,17.262,30.392
2025-12-08T23:16:29.940,20.019,12.927,35.673
2025-12-08T23:16:29.950,19.4,6.964,36.367
2025-12-08T23:16:29.960,17.122,0.932,34.679
2025-12-08T23:16:29.970,14.568,-2.057,31.164
2025-12-08T23:16:29.980,12.166,-2.797,26.799
2025-12-08T23:16:29.990,10.06,-2.965,18.555
2025-12-08T23:16:30.000,7.738,-2.472,7.134
2025-12-08T23:16:30.010,4.266,-2.647,-2.64
2025-12-08T23:16:30.020,-0.809,-5.259,-8.89
2025-12-08T23:16:30.030,-6.339,-10.488,-10.601
2025-12-08T23:16:30.040,-10.155,-14.674,-6.78
2025-12-08T23:16:30.050,-11.539,-15.403,-0.299
2025-12-08T23:16:30.060,-10.529,-13.844,4.677
2025-12-08T23:16:30.070,-7.759,-10.578,7.907
2025-12-08T23:16:30.080,-5.044,-7.179,9.819
2025-12-08T23:16:30.090,-2.581,-5.94,8.889
2025-12-08T23:16:30.100,-0.288,-7.006,5.668
2025-12-08T23:16:30.110,0.985,-8.883,3.05
2025-12-08T23:16:30.120,1.156,-11.392,2.52
2025-12-08T23:16:30.130,0.443,-13.827,3.296
2025-12-08T23:16:30.140,-0.138,-14.118,0.431
2025-12-08T23:16:30.150,-0.722,-12.527,-10.514
2025-12-08T23:16:30.160,-2.203,-10.52,-27.571
2025-12-08T23:16:30.170,-3.879,-8.679,-44.859
2025-12-08T23:16:30.180,-6.194,-7.006,-54.491
2025-12-08T23:16:30.190,-9.441,-5.256,-52.166
2025-12-08T23:16:30.200,-10.193,-3.577,-40.063
2025-12-08T23:16:30.210,-5.922,-3.096,-25.037
2025-12-08T23:16:30.220,1.128,-3.54,-10.467
2025-12-08T23:16:30.230,7.947,-3.733,4.167
2025-12-08T23:16:30.240,12.671,-3.086,13.407
2025-12-08T23:16:30.250,15.049,-0.934,15.125
2025-12-08T23:16:30.260,16.988,2.604,12.591
2025-12-08T23:16:30.270,18.451,7.09,9.895
2025-12-08T23:16:30.280,17.29,10.517,12.116
2025-12-08T23:16:30.290,14.764,11.237,19.794
2025-12-08T23:16:30.300,13.175,9.579,27.767
2025-12-08T23:16:30.310,10.525,6.045,28.927
2025-12-08T23:16:30.320,6.384,0.572,24.596
2025-12-08T23:16:30.330,1.966,-6.619,17.752
2025-12-08T23:16:30.340,-3.746,-13.905,10.386
2025-12-08T23:16:30.350,-8.634,-19.745,6.95
2025-12-08T23:16:30.360,-11.822,-21.664,5.223
2025-12-08T23:16:30.370,-13.371,-20.114,3.781
2025-12-08T23:16:30.380,-11.322,-17.138,0.212
2025-12-08T23:16:30.390,-7.378,-12.258,-6.302
2025-12-08T23:16:30.400,-2.005,-6.595,-10.773
2025-12-08T23:16:30.410,3.268,-1.424,-11.613
2025-12-08T23:16:30.420,6.43,3.105,-8.364
2025-12-08T23:16:30.430,9.777,8.348,-3.98
2025-12-08T23:16:30.440,12.505,14.496,-1.225
2025-12-08T23:16:30.450,13.444,19.818,-2.067
2025-12-08T23:16:30.460,12.53,23.504,-6.942
2025-12-08T23:16:30.470,9.716,24.794,-13.939
2025-12-08T23:16:30.480,6.462,23.174,-21.425
2025-12-08T23:16:30.490,2.585,18.076,-25.165
2025-12-08T23:16:30.500,-2.155,10.757,-25.657
2025-12-08T23:16:30.510,-7.019,2.324,-21.964
2025-12-08T23:16:30.520,-11.288,-6.07,-14.485
2025-12-08T23:16:30.530,-14.466,-12.37,-8.427
2025-12-08T23:16:30.540,-15.927,-16.081,-4.983
2025-12-08T23:16:30.550,-14.655,-15.194,-5.779
2025-12-08T23:16:30.560,-11.601,-10.345,-8.405
2025-12-08T23:16:30.570,-9.521,-4.921,-6.561
2025-12-08T23:16:30.580,-9.043,-0.046,2.664
2025-12-08T23:16:30.590,-8.718,2.697,15.292
2025-12-08T23:16:30.600,-7.883,3.144,24.367
2025-12-08T23:16:30.610,-6.0,2.895,25.507
2025-12-08T23:16:30.620,-3.382,2.204,18.118
2025-12-08T23:16:30.630,-0.967,2.022,7.49
2025-12-08T23:16:30.640,0.69,2.341,0.08
2025-12-08T23:16:30.650,0.418,1.654,-2.178
2025-12-08T23:16:30.660,-1.948,-0.33,-1.437
2025-12-08T23:16:30.670,-5.968,-3.304,1.256
2025-12-08T23:16:30.680,-10.437,-5.951,3.17
2025-12-08T23:16:30.690,-14.072,-8.58,1.978
2025-12-08T23:16:30.700,-16.235,-10.818,0.028
2025-12-08T23:16:30.710,-14.871,-11.642,-1.423
2025-12-08T23:16:30.720,-10.644,-12.671,-3.325
2025-12-08T23:16:30.730,-5.091,-12.561,-5.241
2025-12-08T23:16:30.740,2.075,-11.224,-5.694
2025-12-08T23:16:30.750,9.224,-10.327,-7.044
2025-12-08T23:16:30.760,15.625,-8.692,-7.583
2025-12-08T23:16:30.770,20.794,-5.475,-4.374
2025-12-08T23:16:30.780,23.738,-1.586,-0.114
2025-12-08T23:16:30.790,24.193,1.438,5.365
2025-12-08T23:16:30.800,22.133,4.012,10.877
2025-12-08T23:16:30.810,19.061,5.615,13.194
2025-12-08T23:16:30.820,15.616,6.892,11.025
2025-12-08T23:16:30.830,12.558,9.309,4.862
2025-12-08T23:16:30.840,9.235,11.104,-3.386
2025-12-08T23:16:30.850,3.643,12.004,-10.782
2025-12-08T23:16:30.860,-3.581,11.115,-12.481
2025-12-08T23:16:30.870,-12.245,7.8,-7.7
2025-12-08T23:16:30.880,-20.274,2.819,0.793
2025-12-08T23:16:30.890,-25.148,-2.998,9.891
2025-12-08T23:16:30.900,-26.525,-6.73,15.124
2025-12-08T23:16:30.910,-23.681,-8.027,14.128
2025-12-08T23:16:30.920,-17.901,-6.778,7.735
2025-12-08T23:16:30.930,-11.357,-2.921,0.0
2025-12-08T23:16:30.940,-5.676,0.993,-5.005
2025-12-08T23:16:30.950,-1.378,4.809,-5.68
2025-12-08T23:16:30.960,1.263,8.916,-1.04
2025-12-08T23:16:30.970,1.834,12.729,5.16
2025-12-08T23:16:30.980,1.561,15.263,7.495
2025-12-08T23:16:30.990,0.943,15.999,5.124
2025-12-08T23:16:31.000,0.069,15.777,-0.574
2025-12-08T23:16:31.010,-0.853,14.782,-6.452
2025-12-08T23:16:31.020,-1.854,12.958,-9.623
2025-12-08T23:16:31.030,-1.979,9.641,-10.264
2025-12-08T23:16:31.040,-0.548,5.171,-10.808
2025-12-08T23:16:31.050,1.878,1.691,-12.875
2025-12-08T23:16:31.060,4.261,-0.302,-16.021
2025-12-08T23:16:31.070,6.338,-1.169,-19.168
2025-12-08T23:16:31.080,8.421,-0.655,-19.733
2025-12-08T23:16:31.090,10.265,0.819,-17.04
2025-12-08T23:16:31.100,11.664,2.385,-12.862
2025-12-08T23:16:31.110,12.746,3.516,-6.694
2025-12-08T23:16:31.120,13.361,3.724,0.651
2025-12-08T23:16:31.130,13.826,3.066,6.561
2025-12-08T23:16:31.140,14.956,2.577,10.697
2025-12-08T23:16:31.150,16.731,1.976,11.802
2025-12-08T23:16:31.160,17.909,0.578,9.8
2025-12-08T23:16:31.170,17.536,-0.537,7.744
2025-12-08T23:16:31.180,15.678,-1.863,4.657
2025-12-08T23:16:31.190,12.937,-4.222,-0.238
2025-12-08T23:16:31.200,10.288,-6.658,-3.572
2025-12-08T23:16:31.210,7.47,-8.236,-3.927
2025-12-08T23:16:31.220,3.958,-8.269,-1.261
2025-12-08T23:16:31.230,0.074,-6.619,2.899
2025-12-08T23:16:31.240,-3.725,-2.813,6.321
2025-12-08T23:16:31.250,-5.927,2.047,8.562
2025-12-08T23:16:31.260,-6.104,6.461,9.352
2025-12-08T23:16:31.270,-5.128,10.222,10.002
2025-12-08T23:16:31.280,-3.379,11.423,11.118
2025-12-08T23:16:31.290,-1.948,9.856,12.493
2025-12-08T23:16:31.300,-1.522,7.372,14.983
2025-12-08T23:16:31.310,-1.505,4.631,15.576
2025-12-08T23:16:31.320,-1.492,2.734,11.9
2025-12-08T23:16:31.330,-1.702,3.03,4.465
2025-12-08T23:16:31.340,-2.534,4.826,-5.097
2025-12-08T23:16:31.350,-4.494,7.079,-10.636
2025-12-08T23:16:31.360,-7.177,9.249,-8.861
2025-12-08T23:16:31.370,-8.835,10.319,-1.786
2025-12-08T23:16:31.380,-8.82,11.314,5.458
2025-12-08T23:16:31.390,-7.541,12.372,7.109
2025-12-08T23:16:31.400,-5.342,11.945,3.449
2025-12-08T23:16:31.410,-3.538,10.727,-1.992
2025-12-08T23:16:31.420,-3.254,8.867,-4.744
2025-12-08T23:16:31.430,-3.809,6.148,-3.517
2025-12-08T23:16:31.440,-3.893,3.869,-1.509
2025-12-08T23:16:31.450,-3.404,2.589,0.977
2025-12-08T23:16:31.460,-2.842,2.196,3.771
2025-12-08T23:16:31.470,-1.834,2.543,4.221
2025-12-08T23:16:31.480,-0.054,2.759,2.021
2025-12-08T23:16:31.490,2.326,3.009,-2.16
2025-12-08T23:16:31.500,4.942,3.755,-6.701
2025-12-08T23:16:31.510,7.102,4.506,-8.6
2025-12-08T23:16:31.520,8.279,5.117,-8.321
2025-12-08T23:16:31.530,8.199,5.005,-6.427
2025-12-08T23:16:31.540,7.037,4.256,-3.159
2025-12-08T23:16:31.550,4.726,3.145,0.801
2025-12-08T23:16:31.560,1.227,1.463,6.737
2025-12-08T23:16:31.570,-2.71,-0.634,14.246
2025-12-08T23:16:31.580,-6.659,-3.597,22.139
2025-12-08T23:16:31.590,-9.618,-7.566,26.587
2025-12-08T23:16:31.600,-10.61,-11.59,23.852
2025-12-08T23:16:31.610,-9.871,-14.069,14.824
2025-12-08T23:16:31.620,-7.847,-15.328,2.624
2025-12-08T23:16:31.630,-5.85,-16.019,-5.962
2025-12-08T23:16:31.640,-5.533,-15.913,-7.125
2025-12-08T23:16:31.650,-6.704,-16.375,-3.274
2025-12-08T23:16:31.660,-7.294,-17.274,1.194
2025-12-08T23:16:31.670,-6.459,-17.932,1.641
2025-12-08T23:16:31.680,-4.695,-17.984,-3.163
2025-12-08T23:16:31.690,-1.87,-16.205,-9.522
2025-12-08T23:16:31.700,1.4,-12.749,-12.124
2025-12-08T23:16:31.710,4.305,-8.703,-9.755
2025-12-08T23:16:31.720,6.575,-4.637,-5.059
2025-12-08T23:16:31.730,7.761,-0.883,-1.381
2025-12-08T23:16:31.740,7.067,0.754,0.845
2025-12-08T23:16:31.750,4.19,0.065,3.828
2025-12-08T23:16:31.760,-0.03,-1.056,7.606
2025-12-08T23:16:31.770,-4.517,-1.593,9.929
2025-12-08T23:16:31.780,-7.356,-1.254,7.466
2025-12-08T23:16:31.790,-7.928,-1.156,-0.405
2025-12-08T23:16:31.800,-7.11,-1.669,-10.749
2025-12-08T23:16:31.810,-4.818,-2.34,-19.006
2025-12-08T23:16:31.820,-1.586,-2.497,-20.625
2025-12-08T23:16:31.830,2.06,-1.998,-14.033
2025-12-08T23:16:31.840,4.862,-1.852,0.148
2025-12-08T23:16:31.850,5.274,-2.428,17.608
2025-12-08T23:16:31.860,4.632,-4.022,31.017
2025-12-08T23:16:31.870,4.27,-5.085,34.902
2025-12-08T23:16:31.880,4.381,-4.496,29.199
2025-12-08T23:16:31.890,5.121,-2.598,19.449
2025-12-08T23:16:31.900,5.164,0.001,11.439
2025-12-08T23:16:31.910,3.161,1.602,7.868
2025-12-08T23:16:31.920,0.35,2.958,5.945
2025-12-08T23:16:31.930,-1.405,4.009,0.971
2025-12-08T23:16:31.940,-2.113,3.5,-6.529
2025-12-08T23:16:31.950,-2.529,1.953,-12.537
2025-12-08T23:16:31.960,-3.561,0.087,-12.999
2025-12-08T23:16:31.970,-4.589,-0.407,-9.213
2025-12-08T23:16:31.980,-3.143,0.839,-6.398
2025-12-08T23:16:31.990,0.593,3.746,-6.111
2025-12-08T23:16:32.000,4.318,7.97,-7.994
2025-12-08T23:16:32.010,6.699,11.086,-9.594
2025-12-08T23:16:32.020,7.305,12.0,-6.497
2025-12-08T23:16:32.030,6.602,11.81,2.149
2025-12-08T23:16:32.040,5.649,11.719,12.776
2025-12-08T23:16:32.050,5.069,11.505,19.037
2025-12-08T23:16:32.060,4.652,10.792,15.875
2025-12-08T23:16:32.070,3.857,9.682,5.349
2025-12-08T23:16:32.080,1.126,8.548,-5.217
2025-12-08T23:16:32.090,-3.94,7.913,-10.719
2025-12-08T23:16:32.100,-8.476,7.694,-11.315
2025-12-08T23:16:32.110,-10.606,8.077,-9.922
2025-12-08T23:16:32.120,-10.909,8.731,-9.649
2025-12-08T23:16:32.130,-9.824,9.144,-12.454
2025-12-08T23:16:32.140,-8.128,9.407,-15.272
2025-12-08T23:16:32.150,-6.728,9.431,-13.743
2025-12-08T23:16:32.160,-5.414,9.258,-7.403
2025-12-08T23:16:32.170,-4.94,8.67,3.768
2025-12-08T23:16:32.180,-6.034,7.514,15.988
2025-12-08T23:16:32.190,-7.993,5.752,23.998
2025-12-08T23:16:32.200,-10.353,3.102,25.975
2025-12-08T23:16:32.210,-11.974,0.37,21.251
2025-12-08T23:16:32.220,-11.705,-1.452,12.24
2025-12-08T23:16:32.230,-9.451,-2.626,1.063
2025-12-08T23:16:32.240,-5.616,-3.262,-10.729
2025-12-08T23:16:32.250,-0.753,-2.647,-21.191
2025-12-08T23:16:32.260,3.817,-0.58,-29.059
2025-12-08T23:16:32.270,6.463,2.062,-31.598
2025-12-08T23:16:32.280,7.444,4.532,-27.82
2025-12-08T23:16:32.290,7.737,6.175,-18.878
2025-12-08T23:16:32.300,7.516,6.744,-6.922
2025-12-08T23:16:32.310,6.092,6.977,5.817
2025-12-08T23:16:32.320,3.829,6.493,15.969
2025-12-08T23:16:32.330,2.398,4.883,19.763
2025-12-08T23:16:32.340,2.105,2.637,17.497
2025-12-08T23:16:32.350,2.172,-0.214,10.813
2025-12-08T23:16:32.360,1.676,-2.142,2.97
2025-12-08T23:16:32.370,0.624,-2.165,-2.262
2025-12-08T23:16:32.380,-0.247,-1.399,-5.583
2025-12-08T23:16:32.390,-0.063,-0.515,-9.2
2025-12-08T23:16:32.400,0.665,-0.359,-12.969
2025-12-08T23:16:32.410,0.258,-0.49,-16.015
2025-12-08T23:16:32.420,-1.016,-0.288,-17.937
2025-12-08T23:16:32.430,-2.413,0.157,-17.109
2025-12-08T23:16:32.440,-3.25,0.762,-11.845
2025-12-08T23:16:32.450,-3.678,0.153,-2.978
2025-12-08T23:16:32.460,-3.714,-1.332,6.349
2025-12-08T23:16:32.470,-1.837,-3.32,12.644
2025-12-08T23:16:32.480,1.075,-4.945,13.967
2025-12-08T23:16:32.490,3.967,-5.868,11.344
2025-12-08T23:16:32.500,5.92,-8.145,7.993
2025-12-08T23:16:32.510,5.596,-10.601,6.348
2025-12-08T23:16:32.520,4.458,-12.638,5.552
2025-12-08T23:16:32.530,3.792,-13.802,2.664
2025-12-08T23:16:32.540,3.443,-13.067,-3.62
2025-12-08T23:16:32.550,2.495,-11.462,-11.571
2025-12-08T23:16:32.560,0.221,-9.101,-16.632
2025-12-08T23:16:32.570,-3.124,-7.5,-14.979
2025-12-08T23:16:32.580,-6.512,-7.212,-6.698
2025-12-08T23:16:32.590,-8.547,-7.448,4.702
2025-12-08T23:16:32.600,-9.356,-7.841,14.483
2025-12-08T23:16:32.610,-8.181,-7.408,18.054
2025-12-08T23:16:32.620,-4.775,-6.214,12.825
2025-12-08T23:16:32.630,-0.833,-3.804,1.565
2025-12-08T23:16:32.640,2.832,-0.905,-11.029
2025-12-08T23:16:32.650,4.986,1.288,-20.278
2025-12-08T23:16:32.660,5.786,3.005,-22.644
2025-12-08T23:16:32.670,5.643,3.585,-19.077
2025-12-08T23:16:32.680,3.962,3.406,-13.223
2025-12-08T23:16:32.690,2.181,3.032,-9.219
2025-12-08T23:16:32.700,0.726,2.945,-8.521
2025-12-08T23:16:32.710,-0.881,3.692,-9.534
2025-12-08T23:16:32.720,-2.994,3.64,-8.834
2025-12-08T23:16:32.730,-6.089,1.997,-5.022
2025-12-08T23:16:32.740,-8.428,-0.879,-0.608
2025-12-08T23:16:32.750,-9.055,-3.411,2.296
2025-12-08T23:16:32.760,-8.076,-3.854,1.722
2025-12-08T23:16:32.770,-5.824,-2.962,-1.728
2025-12-08T23:16:32.780,-3.809,-1.287,-4.891
2025-12-08T23:16:32.790,-2.438,-0.393,-5.324
2025-12-08T23:16:32.800,-2.379,-0.683,-1.12
2025-12-08T23:16:32.810,-4.166,-0.051,7.439
2025-12-08T23:16:32.820,-5.761,1.712,16.447
2025-12-08T23:16:32.830,-5.041,4.315,19.919
2025-12-08T23:16:32.840,-1.831,7.163,16.032
2025-12-08T23:16:32.850,3.231,9.586,7.953
2025-12-08T23:16:32.860,8.631,10.693,0.945
2025-12-08T23:16:32.870,12.795,8.808,-1.511
2025-12-08T23:16:32.880,15.498,3.913,0.075
2025-12-08T23:16:32.890,16.493,-2.736,4.892
2025-12-08T23:16:32.900,16.177,-9.704,10.578
2025-12-08T23:16:32.910,15.119,-15.321,14.205
2025-12-08T23:16:32.920,13.439,-17.621,14.106
2025-12-08T23:16:32.930,11.327,-15.833,10.239
2025-12-08T23:16:32.940,8.712,-11.266,4.092
2025-12-08T23:16:32.950,5.296,-5.942,-2.686
2025-12-08T23:16:32.960,0.967,-1.265,-7.45
2025-12-08T23:16:32.970,-2.669,2.47,-9.878
2025-12-08T23:16:32.980,-4.722,4.817,-10.627
2025-12-08T23:16:32.990,-5.504,5.136,-9.424
2025-12-08T23:16:33.000,-4.998,3.389,-5.717
2025-12-08T23:16:33.010,-3.629,0.28,1.068
2025-12-08T23:16:33.020,-2.2,-2.638,9.229
2025-12-08T23:16:33.030,-2.021,-4.376,17.084
2025-12-08T23:16:33.040,-3.63,-5.442,22.438
2025-12-08T23:16:33.050,-6.584,-6.306,23.379
2025-12-08T23:16:33.060,-9.576,-6.77,19.835
2025-12-08T23:16:33.070,-11.657,-6.595,11.921
2025-12-08T23:16:33.080,-13.144,-5.189,1.956
2025-12-08T23:16:33.090,-14.225,-2.442,-7.414
2025-12-08T23:16:33.100,-15.645,0.737,-14.313
2025-12-08T23:16:33.110,-17.737,3.43,-16.146
2025-12-08T23:16:33.120,-19.566,4.916,-12.632
2025-12-08T23:16:33.130,-19.951,5.221,-6.068
2025-12-08T23:16:33.140,-17.651,5.489,0.286
2025-12-08T23:16:33.150,-12.473,6.449,3.062
2025-12-08T23:16:33.160,-5.948,7.494,2.19
2025-12-08T23:16:33.170,-0.186,8.012,0.453
2025-12-08T23:16:33.180,3.983,8.351,-0.499
2025-12-08T23:16:33.190,6.14,9.085,0.052
2025-12-08T23:16:33.200,5.628,10.159,2.212
2025-12-08T23:16:33.210,4.215,11.086,3.825
2025-12-08T23:16:33.220,3.193,11.212,3.866
2025-12-08T23:16:33.230,2.107,9.343,2.744
2025-12-08T23:16:33.240,1.718,5.273,-0.665
2025-12-08T23:16:33.250,1.867,0.52,-4.763
2025-12-08T23:16:33.260,2.653,-3.625,-7.144
2025-12-08T23:16:33.270,4.732,-6.278,-8.137
2025-12-08T23:16:33.280,7.731,-7.13,-8.333
2025-12-08T23:16:33.290,11.41,-6.713,-8.575
2025-12-08T23:16:33.300,15.008,-5.876,-8.483
2025-12-08T23:16:33.310,17.52,-4.761,-6.439
2025-12-08T23:16:33.320,18.493,-2.937,-1.036
2025-12-08T23:16:33.330,18.887,-1.74,6.754
2025-12-08T23:16:33.340,19.193,-1.76,13.591
2025-12-08T23:16:33.350,18.808,-2.037,17.716
2025-12-08T23:16:33.360,17.183,-2.226,18.301
2025-12-08T23:16:33.370,13.872,-1.252,15.144
2025-12-08T23:16:33.380,9.606,0.918,9.246
2025-12-08T23:16:33.390,4.935,2.806,2.135
2025-12-08T23:16:33.400,0.1,3.667,-4.017
2025-12-08T23:16:33.410,-4.847,3.521,-7.826
2025-12-08T23:16:33.420,-8.968,2.427,-9.627
2025-12-08T23:16:33.430,-11.48,0.43,-10.791
2025-12-08T23:16:33.440,-12.643,-2.007,-11.575
2025-12-08T23:16:33.450,-12.02,-4.77,-11.073
2025-12-08T23:16:33.460,-10.469,-7.264,-9.452
2025-12-08T23:16:33.470,-8.565,-8.334,-7.038
2025-12-08T23:16:33.480,-7.083,-7.683,-4.134
2025-12-08T23:16:33.490,-6.637,-6.232,-1.661
2025-12-08T23:16:33.500,-6.485,-4.987,-0.33
2025-12-08T23:16:33.510,-6.591,-3.637,-0.897
2025-12-08T23:16:33.520,-6.018,-2.558,-3.233
2025-12-08T23:16:33.530,-4.12,-1.977,-7.855
2025-12-08T23:16:33.540,-1.013,-1.236,-14.648
2025-12-08T23:16:33.550,2.629,-0.813,-20.598
2025-12-08T23:16:33.560,6.096,-1.199,-24.838
2025-12-08T23:16:33.570,8.749,-1.944,-26.047
2025-12-08T23:16:33.580,9.713,-1.759,-21.995
2025-12-08T23:16:33.590,9.789,-0.489,-14.169
2025-12-08T23:16:33.600,9.428,1.049,-4.613
2025-12-08T23:16:33.610,9.043,2.986,4.393
2025-12-08T23:16:33.620,8.697,5.354,11.22
2025-12-08T23:16:33.630,7.574,8.091,15.67
2025-12-08T23:16:33.640,6.537,10.624,18.005
2025-12-08T23:16:33.650,6.336,12.009,19.187
2025-12-08T23:16:33.660,6.674,11.364,19.073
2025-12-08T23:16:33.670,6.901,8.284,18.059
2025-12-08T23:16:33.680,6.46,4.531,16.838
2025-12-08T23:16:33.690,6.404,0.979,15.216
2025-12-08T23:16:33.700,7.777,-2.404,13.028
2025-12-08T23:16:33.710,9.389,-4.411,10.244
2025-12-08T23:16:33.720,10.187,-5.474,7.854
2025-12-08T23:16:33.730,9.432,-5.898,5.975
2025-12-08T23:16:33.740,6.332,-5.81,4.568
2025-12-08T23:16:33.750,2.581,-5.416,3.145
2025-12-08T23:16:33.760,0.24,-3.765,0.545
2025-12-08T23:16:33.770,-0.747,-1.845,-2.266
2025-12-08T23:16:33.780,-1.96,-0.409,-3.732
2025-12-08T23:16:33.790,-4.753,0.327,-2.109
2025-12-08T23:16:33.800,-8.114,0.216,0.927
2025-12-08T23:16:33.810,-10.382,0.171,1.885
2025-12-08T23:16:33.820,-10.964,-0.177,-0.748
2025-12-08T23:16:33.830,-9.945,-1.411,-8.23
2025-12-08T23:16:33.840,-8.784,-3.935,-16.762
2025-12-08T23:16:33.850,-8.155,-7.36,-20.815
2025-12-08T23:16:33.860,-7.243,-10.484,-18.947
2025-12-08T23:16:33.870,-6.116,-12.48,-12.712
2025-12-08T23:16:33.880,-4.229,-12.61,-6.241
2025-12-08T23:16:33.890,-1.429,-11.471,-3.414
2025-12-08T23:16:33.900,0.891,-9.292,-4.129
2025-12-08T23:16:33.910,1.874,-5.487,-4.098
2025-12-08T23:16:33.920,1.488,-1.054,-1.215
2025-12-08T23:16:33.930,0.209,2.941,3.249
2025-12-08T23:16:33.940,-1.759,5.371,7.552
2025-12-08T23:16:33.950,-3.649,4.61,9.122
2025-12-08T23:16:33.960,-4.987,1.056,7.816
2025-12-08T23:16:33.970,-5.836,-3.324,6.346
2025-12-08T23:16:33.980,-5.822,-7.033,5.786
2025-12-08T23:16:33.990,-5.863,-10.078,5.447
2025-12-08T23:16:34.000,-6.175,-12.288,4.634
2025-12-08T23:16:34.010,-5.722,-12.31,2.544
2025-12-08T23:16:34.020,-3.678,-9.995,-0.492
2025-12-08T23:16:34.030,0.209,-5.832,-2.765
2025-12-08T23:16:34.040,4.718,-0.568,-3.427
2025-12-08T23:16:34.050,8.729,4.65,-2.524
2025-12-08T23:16:34.060,11.3,9.172,0.739
2025-12-08T23:16:34.070,11.642,11.983,5.895
2025-12-08T23:16:34.080,10.51,11.796,11.436
2025-12-08T23:16:34.090,8.646,8.691,17.256
2025-12-08T23:16:34.100,5.823,4.976,21.982
2025-12-08T23:16:34.110,2.902,2.151,23.075
2025-12-08T23:16:34.120,1.494,-0.114,18.744
2025-12-08T23:16:34.130,1.876,-1.59,9.215
2025-12-08T23:16:34.140,3.583,-2.165,-2.529
2025-12-08T23:16:34.150,5.587,-2.196,-12.934
2025-12-08T23:16:34.160,6.766,-2.147,-19.881
2025-12-08T23:16:34.170,6.839,-2.228,-22.435
2025-12-08T23:16:34.180,5.619,-2.397,-20.525
2025-12-08T23:16:34.190,3.775,-2.342,-16.594
2025-12-08T23:16:34.200,2.257,-1.277,-11.977
2025-12-08T23:16:34.210,0.288,0.488,-6.373
2025-12-08T23:16:34.220,-2.845,2.058,-0.676
2025-12-08T23:16:34.230,-6.415,2.529,4.78
2025-12-08T23:16:34.240,-9.366,1.479,8.162
2025-12-08T23:16:34.250,-10.64,-0.515,7.906
2025-12-08T23:16:34.260,-9.834,-3.697,5.581
2025-12-08T23:16:34.270,-7.583,-7.763,3.103
2025-12-08T23:16:34.280,-4.404,-11.907,1.475
2025-12-08T23:16:34.290,-1.024,-16.893,0.747
2025-12-08T23:16:34.300,1.802,-22.151,-0.145
2025-12-08T23:16:34.310,4.166,-25.887,-1.509
2025-12-08T23:16:34.320,5.814,-26.841,-2.09
2025-12-08T23:16:34.330,6.594,-23.702,-1.563
2025-12-08T23:16:34.340,6.688,-17.758,0.52
2025-12-08T23:16:34.350,5.981,-10.885,4.326
2025-12-08T23:16:34.360,4.646,-3.298,8.329
2025-12-08T23:16:34.370,3.182,4.007,10.763
2025-12-08T23:16:34.380,2.195,9.996,10.559
2025-12-08T23:16:34.390,1.671,13.293,9.06
2025-12-08T23:16:34.400,1.028,12.964,8.221
2025-12-08T23:16:34.410,-0.023,9.855,8.937
2025-12-08T23:16:34.420,-1.348,5.128,10.543
2025-12-08T23:16:34.430,-2.622,0.571,9.861
2025-12-08T23:16:34.440,-3.217,-1.782,5.155
2025-12-08T23:16:34.450,-2.892,-1.882,-2.194
2025-12-08T23:16:34.460,-2.288,-0.626,-9.056
2025-12-08T23:16:34.470,-1.649,1.903,-11.822
2025-12-08T23:16:34.480,-0.733,5.508,-10.212
2025-12-08T23:16:34.490,0.401,9.923,-5.345
2025-12-08T23:16:34.500,1.391,14.699,1.46
2025-12-08T23:16:34.510,2.609,18.972,7.523
2025-12-08T23:16:34.520,4.907,21.635,12.461
2025-12-08T23:16:34.530,7.279,22.65,16.167
2025-12-08T23:16:34.540,7.795,21.876,18.216
2025-12-08T23:16:34.550,6.32,17.964,18.896
2025-12-08T23:16:34.560,3.51,11.767,18.563
2025-12-08T23:16:34.570,0.093,4.806,17.459
2025-12-08T23:16:34.580,-3.136,-1.478,13.841
2025-12-08T23:16:34.590,-5.876,-5.555,7.544
2025-12-08T23:16:34.600,-7.301,-7.818,-0.014
2025-12-08T23:16:34.610,-7.968,-9.066,-7.636
2025-12-08T23:16:34.620,-9.064,-9.273,-13.656
2025-12-08T23:16:34.630,-10.164,-7.867,-17.172
2025-12-08T23:16:34.640,-9.818,-5.289,-18.71
2025-12-08T23:16:34.650,-7.063,-2.663,-18.483
2025-12-08T23:16:34.660,-3.641,-0.185,-14.341
2025-12-08T23:16:34.670,-0.295,1.981,-7.042
2025-12-08T23:16:34.680,2.949,3.34,0.632
2025-12-08T23:16:34.690,5.529,4.89,5.828
2025-12-08T23:16:34.700,7.911,6.857,4.773
2025-12-08T23:16:34.710,8.888,7.897,-0.396
2025-12-08T23:16:34.720,8.053,8.221,-5.348
2025-12-08T23:16:34.730,6.051,7.515,-8.339
2025-12-08T23:16:34.740,2.863,6.112,-9.167
2025-12-08T23:16:34.750,-0.776,4.983,-10.347
2025-12-08T23:16:34.760,-3.907,3.917,-13.587
2025-12-08T23:16:34.770,-6.272,3.784,-17.949
2025-12-08T23:16:34.780,-8.589,4.359,-21.277
2025-12-08T23:16:34.790,-10.435,3.901,-21.778
2025-12-08T23:16:34.800,-11.316,2.334,-17.557
2025-12-08T23:16:34.810,-11.811,0.986,-8.036
2025-12-08T23:16:34.820,-11.805,0.302,2.971
2025-12-08T23:16:34.830,-10.977,1.077,11.316
2025-12-08T23:16:34.840,-8.872,3.667,14.901
2025-12-08T23:16:34.850,-5.764,6.506,13.071
2025-12-08T23:16:34.860,-3.216,8.977,7.984
2025-12-08T23:16:34.870,-2.655,10.677,4.107
2025-12-08T23:16:34.880,-3.668,11.642,3.766
2025-12-08T23:16:34.890,-4.953,12.448,4.533
2025-12-08T23:16:34.900,-6.373,13.159,3.751
2025-12-08T23:16:34.910,-7.641,13.182,0.083
2025-12-08T23:16:34.920,-9.006,11.367,-5.668
2025-12-08T23:16:34.930,-10.888,8.583,-9.092
2025-12-08T23:16:34.940,-12.351,5.531,-8.184
2025-12-08T23:16:34.950,-12.899,2.547,-5.259
2025-12-08T23:16:34.960,-12.452,0.685,-2.347
2025-12-08T23:16:34.970,-11.455,-0.279,-0.628
2025-12-08T23:16:34.980,-10.079,-0.421,-1.245
2025-12-08T23:16:34.990,-7.953,0.057,-2.905
2025-12-08T23:16:35.000,-5.492,1.047,-4.503
2025-12-08T23:16:35.010,-2.577,2.274,-6.268
2025-12-08T23:16:35.020,-0.056,3.447,-6.258
2025-12-08T23:16:35.030,0.806,4.895,-4.594
2025-12-08T23:16:35.040,1.123,4.999,-3.141
2025-12-08T23:16:35.050,1.631,3.221,-2.49
2025-12-08T23:16:35.060,2.232,0.832,-2.819
2025-12-08T23:16:35.070,3.425,-2.289,-3.093
2025-12-08T23:16:35.080,5.233,-5.464,-2.401
2025-12-08T23:16:35.090,7.443,-7.204,-0.618
2025-12-08T23:16:35.100,9.848,-7.293,0.69
2025-12-08T23:16:35.110,11.869,-6.165,0.569
2025-12-08T23:16:35.120,12.434,-4.459,0.758
2025-12-08T23:16:35.130,11.275,-3.352,2.527
2025-12-08T23:16:35.140,9.466,-3.651,5.023
2025-12-08T23:16:35.150,7.807,-4.543,7.018
2025-12-08T23:16:35.160,7.212,-5.031,8.526
2025-12-08T23:16:35.170,8.164,-5.378,8.95
2025-12-08T23:16:35.180,9.894,-5.392,8.584
2025-12-08T23:16:35.190,11.597,-4.961,7.938
2025-12-08T23:16:35.200,12.387,-4.701,6.431
2025-12-08T23:16:35.210,11.506,-4.558,5.472
2025-12-08T23:16:35.220,9.357,-4.654,6.079
2025-12-08T23:16:35.230,7.224,-4.604,7.379
2025-12-08T23:16:35.240,5.73,-3.733,8.012
2025-12-08T23:16:35.250,4.922,-2.404,6.366
2025-12-08T23:16:35.260,4.618,-0.884,2.178
2025-12-08T23:16:35.270,4.228,0.72,-2.881
2025-12-08T23:16:35.280,3.559,1.488,-7.334
2025-12-08T23:16:35.290,2.16,0.189,-9.251
2025-12-08T23:16:35.300,0.191,-2.67,-6.303
2025-12-08T23:16:35.310,-1.106,-6.071,0.615
2025-12-08T23:16:35.320,-1.515,-9.518,8.303
2025-12-08T23:16:35.330,-1.274,-12.328,13.143
2025-12-08T23:16:35.340,-0.42,-13.878,12.389
2025-12-08T23:16:35.350,0.533,-13.39,6.343
2025-12-08T23:16:35.360,1.098,-11.35,-2.113
2025-12-08T23:16:35.370,1.422,-9.057,-9.396
2025-12-08T23:16:35.380,1.397,-7.643,-13.213
2025-12-08T23:16:35.390,0.623,-7.006,-13.293
2025-12-08T23:16:35.400,-0.833,-6.175,-10.027
2025-12-08T23:16:35.410,-2.338,-5.336,-4.707
2025-12-08T23:16:35.420,-2.68,-4.229,0.664
2025-12-08T23:16:35.430,-1.539,-2.828,4.62
2025-12-08T23:16:35.440,0.624,-1.814,5.193
2025-12-08T23:16:35.450,2.942,-1.25,2.679
2025-12-08T23:16:35.460,4.667,-0.647,-0.193
2025-12-08T23:16:35.470,5.978,0.214,-2.244
2025-12-08T23:16:35.480,6.84,1.142,-2.912
2025-12-08T23:16:35.490,7.438,2.376,-2.916
2025-12-08T23:16:35.500,6.993,3.978,-3.464
2025-12-08T23:16:35.510,4.397,5.49,-4.101
2025-12-08T23:16:35.520,0.203,5.54,-3.947
2025-12-08T23:16:35.530,-4.21,3.609,-2.24
2025-12-08T23:16:35.540,-7.574,1.284,0.721
2025-12-08T23:16:35.550,-10.005,0.064,3.986
2025-12-08T23:16:35.560,-11.394,-0.311,5.929
2025-12-08T23:16:35.570,-11.839,-0.129,5.106
2025-12-08T23:16:35.580,-11.729,1.136,2.069
2025-12-08T23:16:35.590,-10.5,2.693,-2.569
2025-12-08T23:16:35.600,-8.606,4.087,-7.068
2025-12-08T23:16:35.610,-6.578,4.618,-7.995
2025-12-08T23:16:35.620,-5.239,3.241,-4.143
2025-12-08T23:16:35.630,-5.482,0.818,2.534
2025-12-08T23:16:35.640,-6.291,-1.321,8.737
2025-12-08T23:16:35.650,-6.655,-2.177,10.97
2025-12-08T23:16:35.660,-6.609,-1.645,7.688
2025-12-08T23:16:35.670,-6.102,-0.13,1.179
2025-12-08T23:16:35.680,-5.37,1.998,-4.924
2025-12-08T23:16:35.690,-4.882,4.882,-8.524
2025-12-08T23:16:35.700,-4.357,8.035,-9.291
2025-12-08T23:16:35.710,-3.874,10.201,-8.297
2025-12-08T23:16:35.720,-3.26,10.859,-6.982
2025-12-08T23:16:35.730,-2.347,9.961,-4.888
2025-12-08T23:16:35.740,-2.035,8.905,-1.269
2025-12-08T23:16:35.750,-1.93,8.234,2.336
2025-12-08T23:16:35.760,-1.636,8.005,5.099
2025-12-08T23:16:35.770,-1.712,9.067,6.721
2025-12-08T23:16:35.780,-1.812,10.491,6.69
2025-12-08T23:16:35.790,-1.642,11.297,5.797
2025-12-08T23:16:35.800,-1.362,11.286,5.182
2025-12-08T23:16:35.810,-1.203,10.608,5.962
2025-12-08T23:16:35.820,-1.42,9.384,8.14
2025-12-08T23:16:35.830,-1.903,7.294,10.076
2025-12-08T23:16:35.840,-2.295,5.286,10.146
2025-12-08T23:16:35.850,-2.588,4.676,8.826
2025-12-08T23:16:35.860,-3.105,5.241,7.106
2025-12-08T23:16:35.870,-3.505,6.378,5.271
2025-12-08T23:16:35.880,-3.928,7.927,4.35
2025-12-08T23:16:35.890,-4.46,9.286,3.131
2025-12-08T23:16:35.900,-4.051,10.032,-0.206
2025-12-08T23:16:35.910,-2.733,10.316,-4.4
2025-12-08T23:16:35.920,-0.799,9.93,-7.706
2025-12-08T23:16:35.930,1.663,8.719,-9.261
2025-12-08T23:16:35.940,4.242,6.656,-8.867
2025-12-08T23:16:35.950,6.37,3.265,-6.017
2025-12-08T23:16:35.960,7.149,-1.333,-0.733
2025-12-08T23:16:35.970,7.046,-6.325,4.891
2025-12-08T23:16:35.980,7.281,-11.311,7.856
2025-12-08T23:16:35.990,8.347,-15.379,5.71
2025-12-08T23:16:36.000,9.376,-17.212,-0.667
2025-12-08T23:16:36.010,8.864,-17.23,-8.214
2025-12-08T23:16:36.020,6.946,-16.77,-14.54
2025-12-08T23:16:36.030,4.725,-16.297,-17.874
2025-12-08T23:16:36.040,2.873,-15.243,-18.285
2025-12-08T23:16:36.050,1.765,-13.479,-16.648
2025-12-08T23:16:36.060,1.688,-12.253,-14.342
2025-12-08T23:16:36.070,2.045,-11.378,-12.024
2025-12-08T23:16:36.080,2.0,-9.955,-9.814
2025-12-08T23:16:36.090,2.03,-8.254,-9.321
2025-12-08T23:16:36.100,2.192,-6.385,-9.2
2025-12-08T23:16:36.110,2.364,-5.048,-8.019
2025-12-08T23:16:36.120,3.158,-5.155,-6.073
2025-12-08T23:16:36.130,4.07,-6.586,-3.262
2025-12-08T23:16:36.140,4.493,-8.286,-0.955
2025-12-08T23:16:36.150,4.497,-9.084,0.88
2025-12-08T23:16:36.160,4.532,-8.828,1.969
2025-12-08T23:16:36.170,5.091,-8.375,1.892
2025-12-08T23:16:36.180,5.433,-8.102,1.143
2025-12-08T23:16:36.190,4.932,-7.563,-0.249
2025-12-08T23:16:36.200,4.167,-6.363,-1.406
2025-12-08T23:16:36.210,3.883,-4.038,-2.332
2025-12-08T23:16:36.220,4.198,-0.924,-2.746
2025-12-08T23:16:36.230,4.818,2.415,-3.02
2025-12-08T23:16:36.240,5.482,5.351,-3.271
2025-12-08T23:16:36.250,6.257,7.137,-2.437
2025-12-08T23:16:36.260,7.153,7.841,-0.871
2025-12-08T23:16:36.270,7.89,7.377,1.605
2025-12-08T23:16:36.280,8.241,6.302,3.842
2025-12-08T23:16:36.290,7.527,5.435,4.651
2025-12-08T23:16:36.300,5.718,4.563,4.44
2025-12-08T23:16:36.310,3.492,3.311,3.035
2025-12-08T23:16:36.320,0.904,1.961,0.944
2025-12-08T23:16:36.330,-1.896,0.446,-1.208
2025-12-08T23:16:36.340,-4.488,-1.435,-2.844
2025-12-08T23:16:36.350,-6.027,-2.346,-3.905
2025-12-08T23:16:36.360,-5.858,-1.485,-4.779
2025-12-08T23:16:36.370,-4.696,0.696,-5.16
2025-12-08T23:16:36.380,-3.514,2.759,-5.149
2025-12-08T23:16:36.390,-2.706,3.487,-4.087
2025-12-08T23:16:36.400,-2.563,3.306,-0.756
2025-12-08T23:16:36.410,-3.238,2.321,4.697
2025-12-08T23:16:36.420,-4.215,0.547,10.505
2025-12-08T23:16:36.430,-4.57,-1.716,14.005
2025-12-08T23:16:36.440,-4.435,-3.49,13.768
2025-12-08T23:16:36.450,-4.385,-3.807,9.607
2025-12-08T23:16:36.460,-4.122,-3.384,3.797
2025-12-08T23:16:36.470,-3.516,-2.735,-0.666
2025-12-08T23:16:36.480,-3.062,-1.967,-2.875
2025-12-08T23:16:36.490,-3.308,-1.701,-2.107
2025-12-08T23:16:36.500,-3.979,-2.551,-0.046
2025-12-08T23:16:36.510,-4.568,-4.522,2.212
2025-12-08T23:16:36.520,-5.044,-6.718,5.296
2025-12-08T23:16:36.530,-5.062,-8.236,7.81
2025-12-08T23:16:36.540,-4.254,-8.676,8.716
2025-12-08T23:16:36.550,-2.335,-8.085,7.414
2025-12-08T23:16:36.560,0.508,-6.95,4.846
2025-12-08T23:16:36.570,3.481,-5.493,2.875
2025-12-08T23:16:36.580,6.236,-3.632,2.602
2025-12-08T23:16:36.590,8.779,-2.044,3.902
2025-12-08T23:16:36.600,10.959,-0.996,5.558
2025-12-08T23:16:36.610,12.398,0.173,7.665
2025-12-08T23:16:36.620,12.446,1.137,10.003
2025-12-08T23:16:36.630,11.061,1.651,11.093
2025-12-08T23:16:36.640,8.952,2.289,9.945
2025-12-08T23:16:36.650,6.659,3.265,7.583
2025-12-08T23:16:36.660,4.939,4.108,5.471
2025-12-08T23:16:36.670,4.111,3.416,4.377
2025-12-08T23:16:36.680,3.792,1.048,5.01
2025-12-08T23:16:36.690,3.723,-1.175,7.127
2025-12-08T23:16:36.700,3.5,-2.342,10.016
2025-12-08T23:16:36.710,2.855,-2.691,12.539
2025-12-08T23:16:36.720,2.071,-2.654,13.088
2025-12-08T23:16:36.730,1.438,-2.579,10.854
2025-12-08T23:16:36.740,0.333,-2.333,7.187
2025-12-08T23:16:36.750,-1.68,-1.916,4.432
2025-12-08T23:16:36.760,-4.129,-1.306,3.942
2025-12-08T23:16:36.770,-6.839,-0.293,5.242
2025-12-08T23:16:36.780,-9.599,1.203,6.54
2025-12-08T23:16:36.790,-11.764,3.083,6.333
2025-12-08T23:16:36.800,-12.973,4.971,4.689
2025-12-08T23:16:36.810,-13.403,6.754,2.941
2025-12-08T23:16:36.820,-13.353,7.803,0.153
2025-12-08T23:16:36.830,-12.829,7.818,-4.643
2025-12-08T23:16:36.840,-12.036,7.611,-9.287
2025-12-08T23:16:36.850,-11.225,7.262,-12.278
2025-12-08T23:16:36.860,-9.728,6.998,-13.713
2025-12-08T23:16:36.870,-6.829,7.7,-14.689
2025-12-08T23:16:36.880,-2.399,9.671,-16.544
2025-12-08T23:16:36.890,2.879,11.925,-18.572
2025-12-08T23:16:36.900,7.599,13.54,-18.055
2025-12-08T23:16:36.910,11.212,14.694,-13.246
2025-12-08T23:16:36.920,13.367,15.014,-5.85
2025-12-08T23:16:36.930,14.001,14.207,0.837
2025-12-08T23:16:36.940,13.713,12.365,4.417
2025-12-08T23:16:36.950,12.452,9.874,5.13
2025-12-08T23:16:36.960,10.201,7.35,4.843
2025-12-08T23:16:36.970,6.971,4.459,4.198
2025-12-08T23:16:36.980,3.309,1.4,4.043
2025-12-08T23:16:36.990,0.002,-1.321,4.517
2025-12-08T23:16:37.000,-2.815,-3.14,4.531
2025-12-08T23:16:37.010,-4.875,-3.314,3.912
2025-12-08T23:16:37.020,-6.81,-3.092,2.042
2025-12-08T23:16:37.030,-8.718,-3.33,-0.895
2025-12-08T23:16:37.040,-9.809,-3.149,-2.642
2025-12-08T23:16:37.050,-9.981,-2.369,-2.421
2025-12-08T23:16:37.060,-8.791,-0.981,-1.417
2025-12-08T23:16:37.070,-6.245,0.772,-0.112
2025-12-08T23:16:37.080,-3.095,2.134,1.009
2025-12-08T23:16:37.090,-0.092,2.847,1.654
2025-12-08T23:16:37.100,2.591,2.591,2.718
2025-12-08T23:16:37.110,5.167,1.253,3.834
2025-12-08T23:16:37.120,7.178,-0.485,3.551
2025-12-08T23:16:37.130,8.323,-2.67,1.722
2025-12-08T23:16:37.140,8.583,-5.279,-0.687
2025-12-08T23:16:37.150,7.953,-7.244,-3.409
2025-12-08T23:16:37.160,6.806,-8.382,-6.762
2025-12-08T23:16:37.170,4.867,-8.626,-10.314
2025-12-08T23:16:37.180,1.623,-8.123,-13.013
2025-12-08T23:16:37.190,-2.383,-7.551,-13.305
2025-12-08T23:16:37.200,-6.353,-6.839,-11.41
2025-12-08T23:16:37.210,-9.338,-6.375,-9.399
2025-12-08T23:16:37.220,-10.624,-5.836,-8.364
2025-12-08T23:16:37.230,-10.089,-4.882,-8.313
2025-12-08T23:16:37.240,-7.632,-5.125,-7.339
2025-12-08T23:16:37.250,-3.894,-6.607,-4.179
2025-12-08T23:16:37.260,0.018,-7.77,-0.001
2025-12-08T23:16:37.270,3.201,-8.286,4.06
2025-12-08T23:16:37.280,4.919,-8.601,7.283
2025-12-08T23:16:37.290,5.187,-8.903,10.022
2025-12-08T23:16:37.300,5.08,-8.645,11.892
2025-12-08T23:16:37.310,5.184,-7.617,11.223
2025-12-08T23:16:37.320,5.296,-6.411,7.094
2025-12-08T23:16:37.330,5.124,-5.724,0.437
2025-12-08T23:16:37.340,3.894,-5.762,-5.691
2025-12-08T23:16:37.350,1.637,-5.932,-9.134
2025-12-08T23:16:37.360,-0.95,-6.767,-9.825
2025-12-08T23:16:37.370,-3.475,-8.649,-8.282
2025-12-08T23:16:37.380,-5.301,-10.368,-5.175
2025-12-08T23:16:37.390,-5.765,-11.77,-1.361
2025-12-08T23:16:37.400,-5.058,-12.408,2.169
2025-12-08T23:16:37.410,-3.953,-11.393,3.393
2025-12-08T23:16:37.420,-2.717,-9.371,1.14
2025-12-08T23:16:37.430,-1.602,-6.639,-2.845
2025-12-08T23:16:37.440,-1.133,-3.542,-6.059
2025-12-08T23:16:37.450,-1.895,-0.803,-6.592
2025-12-08T23:16:37.460,-3.979,1.522,-4.124
2025-12-08T23:16:37.470,-7.028,2.818,-0.2
2025-12-08T23:16:37.480,-10.208,3.265,2.377
2025-12-08T23:16:37.490,-12.294,3.77,1.791
2025-12-08T23:16:37.500,-13.396,4.161,-1.374
2025-12-08T23:16:37.510,-13.835,4.379,-5.79
2025-12-08T23:16:37.520,-13.949,4.5,-9.063
2025-12-08T23:16:37.530,-14.604,3.613,-9.533
2025-12-08T23:16:37.540,-15.46,0.94,-8.027
2025-12-08T23:16:37.550,-15.591,-2.257,-5.75
2025-12-08T23:16:37.560,-14.771,-4.538,-3.343
2025-12-08T23:16:37.570,-13.091,-5.207,-1.514
2025-12-08T23:16:37.580,-10.554,-4.376,-1.267
2025-12-08T23:16:37.590,-7.491,-3.016,-2.974
2025-12-08T23:16:37.600,-4.348,-0.427,-5.497
2025-12-08T23:16:37.610,-1.177,3.34,-7.032
2025-12-08T23:16:37.620,2.157,7.188,-7.19
2025-12-08T23:16:37.630,5.126,10.808,-6.283
2025-12-08T23:16:37.640,7.094,13.362,-4.755
2025-12-08T23:16:37.650,8.269,14.2,-3.432
2025-12-08T23:16:37.660,8.919,13.162,-1.801
2025-12-08T23:16:37.670,9.417,11.035,1.166
2025-12-08T23:16:37.680,9.564,8.512,5.574
2025-12-08T23:16:37.690,9.21,5.969,9.55
2025-12-08T23:16:37.700,9.093,3.467,10.946
2025-12-08T23:16:37.710,8.986,0.594,9.951
2025-12-08T23:16:37.720,8.385,-1.697,7.796
2025-12-08T23:16:37.730,7.212,-2.829,6.101
2025-12-08T23:16:37.740,5.345,-2.895,5.487
2025-12-08T23:16:37.750,3.635,-2.537,5.774
2025-12-08T23:16:37.760,2.504,-2.225,6.996
2025-12-08T23:16:37.770,0.945,-1.165,8.845
2025-12-08T23:16:37.780,-1.149,0.139,10.629
2025-12-08T23:16:37.790,-3.047,1.179,11.525
2025-12-08T23:16:37.800,-4.213,1.896,12.174
2025-12-08T23:16:37.810,-4.052,1.68,12.737
2025-12-08T23:16:37.820,-2.527,0.271,13.139
2025-12-08T23:16:37.830,0.096,-1.942,13.446
2025-12-08T23:16:37.840,3.283,-4.042,12.027
2025-12-08T23:16:37.850,5.486,-5.856,9.401
2025-12-08T23:16:37.860,5.924,-7.119,6.35
2025-12-08T23:16:37.870,5.278,-7.83,2.881
2025-12-08T23:16:37.880,4.096,-7.897,0.417
2025-12-08T23:16:37.890,2.89,-6.379,-1.061
2025-12-08T23:16:37.900,1.839,-3.655,-1.347
2025-12-08T23:16:37.910,0.847,-0.398,0.054
2025-12-08T23:16:37.920,-0.102,2.972,2.872
2025-12-08T23:16:37.930,-0.954,6.108,6.123
2025-12-08T23:16:37.940,-1.37,8.574,7.473
2025-12-08T23:16:37.950,-1.234,10.046,6.071
2025-12-08T23:16:37.960,-0.223,10.853,3.484
2025-12-08T23:16:37.970,1.466,10.8,2.744
2025-12-08T23:16:37.980,3.491,9.782,4.197
2025-12-08T23:16:37.990,6.113,7.832,5.423
2025-12-08T23:16:38.000,8.993,5.759,5.423
2025-12-08T23:16:38.010,11.436,4.177,3.93
2025-12-08T23:16:38.020,12.77,2.733,1.989
2025-12-08T23:16:38.030,12.645,1.596,0.787
2025-12-08T23:16:38.040,11.221,0.294,0.217
2025-12-08T23:16:38.050,9.516,-1.024,-0.558
2025-12-08T23:16:38.060,8.217,-1.697,-2.538
2025-12-08T23:16:38.070,7.34,-1.437,-5.872
2025-12-08T23:16:38.080,7.094,0.259,-9.994
2025-12-08T23:16:38.090,6.846,2.617,-13.573
2025-12-08T23:16:38.100,6.432,4.455,-15.439
2025-12-08T23:16:38.110,5.685,5.074,-13.882
2025-12-08T23:16:38.120,3.967,4.672,-8.728
2025-12-08T23:16:38.130,1.745,3.688,-2.939
2025-12-08T23:16:38.140,-0.196,2.385,0.77
2025-12-08T23:16:38.150,-1.165,1.581,0.678
2025-12-08T23:16:38.160,-1.311,1.167,-2.872
2025-12-08T23:16:38.170,-1.423,0.915,-8.189
2025-12-08T23:16:38.180,-1.868,0.994,-13.489
2025-12-08T23:16:38.190,-2.73,1.265,-16.809
2025-12-08T23:16:38.200,-3.717,1.473,-17.609
2025-12-08T23:16:38.210,-3.837,1.249,-16.294
2025-12-08T23:16:38.220,-2.269,0.827,-13.948
2025-12-08T23:16:38.230,0.239,0.533,-11.717
2025-12-08T23:16:38.240,2.282,0.291,-9.518
2025-12-08T23:16:38.250,3.032,-0.629,-7.365
2025-12-08T23:16:38.260,2.372,-2.283,-5.035
2025-12-08T23:16:38.270,0.733,-3.65,-1.991
2025-12-08T23:16:38.280,-0.933,-4.392,0.972
2025-12-08T23:16:38.290,-1.912,-4.667,3.28
2025-12-08T23:16:38.300,-2.41,-4.69,4.173
2025-12-08T23:16:38.310,-2.301,-4.202,2.456
2025-12-08T23:16:38.320,-1.537,-3.32,-1.319
2025-12-08T23:16:38.330,-0.581,-2.03,-5.3
2025-12-08T23:16:38.340,0.781,-0.654,-6.352
2025-12-08T23:16:38.350,2.404,-0.487,-2.626
2025-12-08T23:16:38.360,3.348,-1.142,4.358
2025-12-08T23:16:38.370,3.448,-1.997,11.949
2025-12-08T23:16:38.380,3.217,-2.423,16.82
2025-12-08T23:16:38.390,3.329,-2.039,16.973
2025-12-08T23:16:38.400,4.229,-0.919,14.097
2025-12-08T23:16:38.410,5.288,1.265,11.012
2025-12-08T23:16:38.420,5.728,3.453,9.612
2025-12-08T23:16:38.430,5.132,5.078,9.78
2025-12-08T23:16:38.440,3.614,5.983,9.149
2025-12-08T23:16:38.450,1.948,5.995,5.674
2025-12-08T23:16:38.460,0.673,5.7,-1.239
2025-12-08T23:16:38.470,-0.114,5.166,-9.128
2025-12-08T23:16:38.480,-0.81,4.436,-14.179
2025-12-08T23:16:38.490,-1.483,3.669,-15.165
2025-12-08T23:16:38.500,-2.069,2.882,-13.048
2025-12-08T23:16:38.510,-2.758,1.325,-10.629
2025-12-08T23:16:38.520,-3.451,-1.141,-10.026
2025-12-08T23:16:38.530,-4.04,-3.306,-11.232
2025-12-08T23:16:38.540,-4.091,-4.703,-12.711
2025-12-08T23:16:38.550,-3.587,-5.064,-12.758
2025-12-08T23:16:38.560,-2.814,-4.101,-11.024
2025-12-08T23:16:38.570,-1.865,-2.073,-8.048
2025-12-08T23:16:38.580,-0.993,0.574,-6.065
2025-12-08T23:16:38.590,-0.415,2.666,-5.864
2025-12-08T23:16:38.600,-0.236,3.357,-5.908
2025-12-08T23:16:38.610,-0.281,2.882,-4.48
2025-12-08T23:16:38.620,-0.565,1.665,-1.547
2025-12-08T23:16:38.630,-0.947,0.768,0.794
2025-12-08T23:16:38.640,-1.328,1.018,1.926
2025-12-08T23:16:38.650,-1.373,2.612,0.935
2025-12-08T23:16:38.660,-0.747,4.95,-1.502
2025-12-08T23:16:38.670,-0.106,6.505,-2.781
2025-12-08T23:16:38.680,0.157,6.787,-2.222
2025-12-08T23:16:38.690,-0.304,5.854,0.997
2025-12-08T23:16:38.700,-1.559,4.24,5.594
2025-12-08T23:16:38.710,-3.022,2.555,8.366
2025-12-08T23:16:38.720,-3.796,0.721,7.562
2025-12-08T23:16:38.730,-3.942,-0.426,4.122
2025-12-08T23:16:38.740,-4.377,-0.159,0.442
2025-12-08T23:16:38.750,-4.575,0.959,-2.151
2025-12-08T23:16:38.760,-4.645,2.665,-2.836
2025-12-08T23:16:38.770,-5.206,5.045,-2.116
2025-12-08T23:16:38.780,-5.979,7.016,-1.13
2025-12-08T23:16:38.790,-6.677,8.046,-0.483
2025-12-08T23:16:38.800,-6.802,8.608,0.175
2025-12-08T23:16:38.810,-6.359,8.693,1.111
2025-12-08T23:16:38.820,-5.663,8.545,1.829
2025-12-08T23:16:38.830,-4.911,8.299,2.64
2025-12-08T23:16:38.840,-3.8,7.827,3.183
2025-12-08T23:16:38.850,-2.372,7.05,3.371
2025-12-08T23:16:38.860,-0.936,6.131,2.889
2025-12-08T23:16:38.870,0.793,5.267,1.462
2025-12-08T23:16:38.880,2.299,4.586,0.472
2025-12-08T23:16:38.890,3.374,4.303,0.123
2025-12-08T23:16:38.900,4.008,3.897,0.283
2025-12-08T23:16:38.910,4.056,3.296,0.269
2025-12-08T23:16:38.920,3.783,2.586,-0.112
2025-12-08T23:16:38.930,2.686,1.801,0.456
2025-12-08T23:16:38.940,0.48,1.612,2.6
2025-12-08T23:16:38.950,-2.418,1.825,6.229
2025-12-08T23:16:38.960,-5.013,1.8,9.387
2025-12-08T23:16:38.970,-6.553,1.272,10.51
2025-12-08T23:16:38.980,-7.385,0.151,9.423
2025-12-08T23:16:38.990,-7.766,-1.73,6.909
2025-12-08T23:16:39.000,-7.765,-4.492,5.106
2025-12-08T23:16:39.010,-7.539,-7.723,5.135
2025-12-08T23:16:39.020,-7.357,-10.637,6.954
2025-12-08T23:16:39.030,-7.287,-12.794,8.489
2025-12-08T23:16:39.040,-6.994,-14.062,7.058
2025-12-08T23:16:39.050,-6.378,-13.869,2.594
2025-12-08T23:16:39.060,-5.535,-11.913,-3.251
2025-12-08T23:16:39.070,-4.276,-8.872,-8.137
2025-12-08T23:16:39.080,-2.52,-5.675,-10.263
2025-12-08T23:16:39.090,-0.762,-2.589,-9.622
2025-12-08T23:16:39.100,0.428,0.087,-7.085
2025-12-08T23:16:39.110,0.729,1.824,-3.509
2025-12-08T23:16:39.120,-0.195,2.158,0.213
2025-12-08T23:16:39.130,-2.38,0.797,3.259
2025-12-08T23:16:39.140,-4.993,-1.462,4.88
2025-12-08T23:16:39.150,-7.142,-3.738,4.319
2025-12-08T23:16:39.160,-8.189,-5.588,1.548
2025-12-08T23:16:39.170,-7.805,-6.648,-1.964
2025-12-08T23:16:39.180,-6.554,-6.783,-4.977
2025-12-08T23:16:39.190,-4.886,-6.106,-6.73
2025-12-08T23:16:39.200,-2.735,-5.411,-6.517
2025-12-08T23:16:39.210,-0.217,-5.085,-5.08
2025-12-08T23:16:39.220,2.285,-4.595,-2.448
2025-12-08T23:16:39.230,4.355,-4.044,1.782
2025-12-08T23:16:39.240,5.916,-3.715,6.345
2025-12-08T23:16:39.250,7.572,-3.192,10.365
2025-12-08T23:16:39.260,9.662,-1.995,13.25
2025-12-08T23:16:39.270,11.614,-0.12,14.107
2025-12-08T23:16:39.280,13.173,1.793,13.037
2025-12-08T23:16:39.290,13.838,3.577,11.4
2025-12-08T23:16:39.300,13.2,4.537,10.442
2025-12-08T23:16:39.310,11.642,4.078,9.766
2025-12-08T23:16:39.320,8.929,3.054,9.361
2025-12-08T23:16:39.330,5.355,1.57,9.246
2025-12-08T23:16:39.340,2.107,-0.322,8.533
2025-12-08T23:16:39.350,-0.073,-2.229,7.941
2025-12-08T23:16:39.360,-1.202,-3.75,7.553
2025-12-08T23:16:39.370,-1.912,-4.772,6.358
2025-12-08T23:16:39.380,-2.815,-5.51,4.51
2025-12-08T23:16:39.390,-3.889,-5.875,2.803
2025-12-08T23:16:39.400,-4.551,-6.289,1.847
2025-12-08T23:16:39.410,-4.6,-6.527,1.594
2025-12-08T23:16:39.420,-3.898,-6.189,2.121
2025-12-08T23:16:39.430,-2.837,-5.421,2.121
2025-12-08T23:16:39.440,-2.099,-4.573,0.467
2025-12-08T23:16:39.450,-1.677,-4.361,-1.811
2025-12-08T23:16:39.460,-1.703,-4.55,-4.654
2025-12-08T23:16:39.470,-1.887,-4.447,-7.386
2025-12-08T23:16:39.480,-2.28,-3.721,-8.895
2025-12-08T23:16:39.490,-3.038,-2.517,-9.918
2025-12-08T23:16:39.500,-3.669,-1.474,-10.625
2025-12-08T23:16:39.510,-4.23,-0.653,-10.838
2025-12-08T23:16:39.520,-4.44,0.368,-10.724
2025-12-08T23:16:39.530,-3.897,1.802,-10.134
2025-12-08T23:16:39.540,-2.83,3.468,-8.824
2025-12-08T23:16:39.550,-1.413,4.682,-6.85
2025-12-08T23:16:39.560,-0.0,5.103,-4.541
2025-12-08T23:16:39.570,0.778,4.913,-1.218
2025-12-08T23:16:39.580,1.406,4.138,2.982
2025-12-08T23:16:39.590,2.755,2.868,6.484
2025-12-08T23:16:39.600,4.684,1.498,8.747
2025-12-08T23:16:39.610,7.196,0.153,9.112
2025-12-08T23:16:39.620,9.727,-1.181,7.313
2025-12-08T23:16:39.630,10.804,-1.705,5.291
2025-12-08T23:16:39.640,10.46,-1.354,4.311
2025-12-08T23:16:39.650,9.83,-0.976,3.955
2025-12-08T23:16:39.660,8.938,-0.386,4.227
2025-12-08T23:16:39.670,7.622,0.31,4.959
2025-12-08T23:16:39.680,5.852,0.134,5.736
2025-12-08T23:16:39.690,3.732,-0.643,7.061
2025-12-08T23:16:39.700,1.945,-0.908,9.212
2025-12-08T23:16:39.710,0.704,-0.362,10.762
2025-12-08T23:16:39.720,0.487,1.092,9.714
2025-12-08T23:16:39.730,1.352,2.854,5.759
2025-12-08T23:16:39.740,2.738,4.057,0.075
2025-12-08T23:16:39.750,4.251,4.624,-5.103
2025-12-08T23:16:39.760,5.18,4.499,-7.54
2025-12-08T23:16:39.770,5.399,4.029,-7.135
2025-12-08T23:16:39.780,5.116,3.487,-5.403
2025-12-08T23:16:39.790,4.694,3.07,-4.076
2025-12-08T23:16:39.800,4.35,2.683,-4.081
2025-12-08T23:16:39.810,4.017,1.849,-5.179
2025-12-08T23:16:39.820,3.526,0.597,-6.657
2025-12-08T23:16:39.830,2.776,-1.167,-7.866
2025-12-08T23:16:39.840,1.904,-3.154,-8.339
2025-12-08T23:16:39.850,0.767,-5.103,-7.978
2025-12-08T23:16:39.860,-0.142,-6.815,-7.181
2025-12-08T23:16:39.870,-0.382,-7.54,-6.498
2025-12-08T23:16:39.880,-0.207,-7.138,-6.398
2025-12-08T23:16:39.890,-0.191,-5.599,-6.552
2025-12-08T23:16:39.900,-0.62,-3.534,-6.683
2025-12-08T23:16:39.910,-1.284,-2.062,-6.736
2025-12-08T23:16:39.920,-2.368,-1.1,-5.574
2025-12-08T23:16:39.930,-3.587,-0.515,-3.332
2025-12-08T23:16:39.940,-4.492,-0.029,-0.789
2025-12-08T23:16:39.950,-4.902,0.765,1.951
2025-12-08T23:16:39.960,-4.846,1.393,3.403
2025-12-08T23:16:39.970,-4.453,1.948,3.016
2025-12-08T23:16:39.980,-3.678,2.558,1.946
2025-12-08T23:16:39.990,-2.856,2.592,1.263
2025-12-08T23:16:40.000,-2.37,1.704,1.589
2025-12-08T23:16:40.010,-2.606,0.053,2.503
2025-12-08T23:16:40.020,-3.125,-1.898,3.409
2025-12-08T23:16:40.030,-3.414,-3.082,4.424
2025-12-08T23:16:40.040,-3.668,-2.839,5.244
2025-12-08T23:16:40.050,-3.674,-1.737,4.693
2025-12-08T23:16:40.060,-3.765,0.017,2.753
2025-12-08T23:16:40.070,-4.447,2.1,0.329
2025-12-08T23:16:40.080,-5.929,3.682,-1.633
2025-12-08T23:16:40.090,-8.191,4.418,-2.503
2025-12-08T23:16:40.100,-10.499,4.443,-2.525
2025-12-08T23:16:40.110,-12.285,3.822,-2.114
2025-12-08T23:16:40.120,-12.807,2.408,-2.012
2025-12-08T23:16:40.130,-11.771,0.856,-2.261
2025-12-08T23:16:40.140,-10.223,-0.515,-3.011
2025-12-08T23:16:40.150,-9.163,-1.668,-4.504
2025-12-08T23:16:40.160,-8.821,-2.132,-6.182
2025-12-08T23:16:40.170,-8.991,-2.19,-7.727
2025-12-08T23:16:40.180,-9.561,-1.542,-8.093
2025-12-08T23:16:40.190,-10.362,0.234,-6.986
2025-12-08T23:16:40.200,-11.131,2.365,-6.036
2025-12-08T23:16:40.210,-11.11,4.439,-7.024
2025-12-08T23:16:40.220,-9.96,6.035,-9.184
2025-12-08T23:16:40.230,-8.678,6.708,-10.156
2025-12-08T23:16:40.240,-7.282,6.579,-8.772
2025-12-08T23:16:40.250,-5.653,5.699,-5.043
2025-12-08T23:16:40.260,-4.108,4.94,-1.149
2025-12-08T23:16:40.270,-2.231,4.985,0.905
2025-12-08T23:16:40.280,-0.36,5.772,0.952
2025-12-08T23:16:40.290,1.25,7.159,-0.136
2025-12-08T23:16:40.300,2.918,8.127,-0.519
2025-12-08T23:16:40.310,4.451,8.244,0.689
2025-12-08T23:16:40.320,5.97,7.975,2.998
2025-12-08T23:16:40.330,7.723,7.551,5.141
2025-12-08T23:16:40.340,8.992,7.21,6.498
2025-12-08T23:16:40.350,9.203,7.084,7.212
2025-12-08T23:16:40.360,8.696,6.758,7.521
2025-12-08T23:16:40.370,7.601,5.617,8.413
2025-12-08T23:16:40.380,6.214,3.85,9.615
2025-12-08T23:16:40.390,5.176,1.664,9.916
2025-12-08T23:16:40.400,4.596,-1.045,9.096
2025-12-08T23:16:40.410,4.669,-3.664,6.992
2025-12-08T23:16:40.420,5.436,-5.673,3.92
2025-12-08T23:16:40.430,6.042,-7.005,0.988
2025-12-08T23:16:40.440,5.678,-7.635,-0.909
2025-12-08T23:16:40.450,4.182,-7.665,-1.68
2025-12-08T23:16:40.460,2.066,-6.928,-1.642
2025-12-08T23:16:40.470,-0.138,-5.448,-1.056
2025-12-08T23:16:40.480,-2.344,-3.585,-0.375
2025-12-08T23:16:40.490,-4.292,-1.756,-0.174
2025-12-08T23:16:40.500,-5.698,-0.785,-1.683
2025-12-08T23:16:40.510,-5.995,-1.018,-5.685
2025-12-08T23:16:40.520,-4.845,-1.784,-10.936
2025-12-08T23:16:40.530,-3.161,-2.397,-15.202
2025-12-08T23:16:40.540,-1.669,-2.983,-16.474
2025-12-08T23:16:40.550,-0.396,-3.635,-14.396
2025-12-08T23:16:40.560,0.825,-4.101,-10.696
2025-12-08T23:16:40.570,2.309,-4.484,-7.128
2025-12-08T23:16:40.580,3.897,-4.15,-4.618
2025-12-08T23:16:40.590,5.331,-2.517,-2.831
2025-12-08T23:16:40.600,6.855,-0.195,-0.911
2025-12-08T23:16:40.610,8.68,2.314,0.303
2025-12-08T23:16:40.620,10.351,4.818,0.95
2025-12-08T23:16:40.630,11.193,6.917,2.536
2025-12-08T23:16:40.640,11.138,7.77,4.878
2025-12-08T23:16:40.650,10.369,7.105,7.879
2025-12-08T23:16:40.660,8.917,5.566,11.696
2025-12-08T23:16:40.670,7.107,3.815,15.176
2025-12-08T23:16:40.680,5.186,2.36,17.336
2025-12-08T23:16:40.690,3.141,1.644,17.505
2025-12-08T23:16:40.700,1.441,2.017,14.266
2025-12-08T23:16:40.710,0.289,2.973,7.701
2025-12-08T23:16:40.720,-0.826,3.923,0.562
2025-12-08T23:16:40.730,-1.992,4.267,-4.13
2025-12-08T23:16:40.740,-2.925,3.27,-5.049
2025-12-08T23:16:40.750,-3.573,1.999,-3.353
2025-12-08T23:16:40.760,-3.143,1.55,-1.276
2025-12-08T23:16:40.770,-1.252,1.391,0.018
2025-12-08T23:16:40.780,0.89,1.536,0.208
2025-12-08T23:16:40.790,2.99,2.425,-0.574
2025-12-08T23:16:40.800,4.633,3.298,-1.188
2025-12-08T23:16:40.810,4.774,3.737,-0.597
2025-12-08T23:16:40.820,4.116,3.773,0.883
2025-12-08T23:16:40.830,3.51,2.78,2.625
2025-12-08T23:16:40.840,3.051,0.852,3.7
2025-12-08T23:16:40.850,2.644,-1.454,2.897
2025-12-08T23:16:40.860,1.942,-3.321,0.999
2025-12-08T23:16:40.870,0.879,-4.183,-0.899
2025-12-08T23:16:40.880,-0.222,-4.341,-2.953
2025-12-08T23:16:40.890,-1.294,-4.046,-4.827
2025-12-08T23:16:40.900,-2.37,-3.746,-6.112
2025-12-08T23:16:40.910,-3.068,-3.859,-5.624
2025-12-08T23:16:40.920,-2.913,-4.313,-3.071
2025-12-08T23:16:40.930,-1.156,-4.54,-0.134
2025-12-08T23:16:40.940,2.143,-4.548,1.766
2025-12-08T23:16:40.950,6.093,-4.848,1.518
2025-12-08T23:16:40.960,9.855,-5.085,0.638
2025-12-08T23:16:40.970,12.14,-4.818,1.7
2025-12-08T23:16:40.980,12.774,-4.058,4.659
2025-12-08T23:16:40.990,12.46,-3.493,8.135
2025-12-08T23:16:41.000,11.736,-3.598,10.363
2025-12-08T23:16:41.010,11.42,-3.829,10.879
2025-12-08T23:16:41.020,11.566,-3.679,10.156
2025-12-08T23:16:41.030,11.447,-2.995,8.212
2025-12-08T23:16:41.040,10.411,-1.952,5.973
2025-12-08T23:16:41.050,8.504,-0.588,4.524
2025-12-08T23:16:41.060,6.143,0.997,4.339
2025-12-08T23:16:41.070,3.548,2.453,5.524
2025-12-08T23:16:41.080,1.197,3.641,6.923
2025-12-08T23:16:41.090,-0.553,4.407,7.405
2025-12-08T23:16:41.100,-1.535,4.809,6.996
2025-12-08T23:16:41.110,-1.577,4.87,5.738
2025-12-08T23:16:41.120,-1.09,4.601,4.091
2025-12-08T23:16:41.130,-0.948,4.082,2.244
2025-12-08T23:16:41.140,-1.026,3.188,-0.392
2025-12-08T23:16:41.150,-0.776,2.008,-3.147
2025-12-08T23:16:41.160,-0.553,0.717,-5.733
2025-12-08T23:16:41.170,-0.459,-0.735,-7.959
2025-12-08T23:16:41.180,-0.576,-2.506,-9.087
2025-12-08T23:16:41.190,-1.132,-4.502,-9.85
2025-12-08T23:16:41.200,-2.203,-6.424,-10.374
2025-12-08T23:16:41.210,-3.821,-7.814,-11.528
2025-12-08T23:16:41.220,-5.401,-8.409,-14.339
2025-12-08T23:16:41.230,-6.469,-8.455,-17.814
2025-12-08T23:16:41.240,-7.158,-7.999,-20.883
2025-12-08T23:16:41.250,-7.671,-7.208,-21.58
2025-12-08T23:16:41.260,-7.772,-6.27,-18.924
2025-12-08T23:16:41.270,-7.596,-4.656,-13.574
2025-12-08T23:16:41.280,-7.289,-2.389,-7.49
2025-12-08T23:16:41.290,-6.035,-0.543,-4.076
2025-12-08T23:16:41.300,-3.681,0.588,-4.428
2025-12-08T23:16:41.310,-0.785,1.189,-7.065
2025-12-08T23:16:41.320,2.221,1.089,-9.616
2025-12-08T23:16:41.330,4.909,0.704,-9.844
2025-12-08T23:16:41.340,6.914,0.217,-6.619
2025-12-08T23:16:41.350,7.685,-0.65,-0.894
2025-12-08T23:16:41.360,6.806,-1.682,4.872
2025-12-08T23:16:41.370,4.841,-2.583,8.706
2025-12-08T23:16:41.380,2.925,-3.51,9.45
2025-12-08T23:16:41.390,1.402,-4.475,7.254
2025-12-08T23:16:41.400,0.218,-5.007,3.475
2025-12-08T23:16:41.410,-0.728,-5.267,-0.151
2025-12-08T23:16:41.420,-1.772,-5.435,-2.483
2025-12-08T23:16:41.430,-2.751,-5.329,-3.393
2025-12-08T23:16:41.440,-3.499,-5.213,-3.46
2025-12-08T23:16:41.450,-3.996,-5.148,-2.804
2025-12-08T23:16:41.460,-3.845,-5.192,-1.076
2025-12-08T23:16:41.470,-3.29,-5.398,1.522
2025-12-08T23:16:41.480,-2.882,-5.373,4.259
2025-12-08T23:16:41.490,-2.517,-4.672,5.898
2025-12-08T23:16:41.500,-2.437,-3.121,6.011
2025-12-08T23:16:41.510,-2.772,-1.27,4.108
2025-12-08T23:16:41.520,-3.33,0.15,1.181
2025-12-08T23:16:41.530,-4.51,0.793,0.118
2025-12-08T23:16:41.540,-6.494,0.523,0.946
2025-12-08T23:16:41.550,-9.116,-0.474,2.546
2025-12-08T23:16:41.560,-11.954,-1.332,3.644
2025-12-08T23:16:41.570,-14.38,-1.435,2.379
2025-12-08T23:16:41.580,-15.85,-1.331,-1.603
2025-12-08T23:16:41.590,-16.456,-1.188,-7.045
2025-12-08T23:16:41.600,-16.968,-0.732,-11.467
2025-12-08T23:16:41.610,-17.408,-0.333,-12.792
2025-12-08T23:16:41.620,-17.512,-0.255,-10.246
2025-12-08T23:16:41.630,-17.058,-0.207,-4.456
2025-12-08T23:16:41.640,-15.653,0.123,2.725
2025-12-08T23:16:41.650,-13.329,0.822,8.792
2025-12-08T23:16:41.660,-10.681,1.9,11.741
2025-12-08T23:16:41.670,-8.503,3.107,11.741
2025-12-08T23:16:41.680,-6.833,4.367,10.512
2025-12-08T23:16:41.690,-5.159,5.808,8.777
2025-12-08T23:16:41.700,-3.222,7.298,6.512
2025-12-08T23:16:41.710,-1.202,8.344,5.163
2025-12-08T23:16:41.720,0.764,8.626,5.501
2025-12-08T23:16:41.730,2.559,8.763,7.268
2025-12-08T23:16:41.740,4.25,8.901,9.874
2025-12-08T23:16:41.750,6.088,8.625,11.232
2025-12-08T23:16:41.760,7.779,8.166,10.412
2025-12-08T23:16:41.770,8.707,7.782,8.672
2025-12-08T23:16:41.780,7.946,7.204,8.195
2025-12-08T23:16:41.790,5.76,6.182,10.294
2025-12-08T23:16:41.800,3.275,5.299,14.212
2025-12-08T23:16:41.810,1.244,5.146,17.05
2025-12-08T23:16:41.820,0.342,5.64,15.787
2025-12-08T23:16:41.830,-0.077,6.476,10.649
2025-12-08T23:16:41.840,-0.619,7.422,3.542
2025-12-08T23:16:41.850,-1.228,8.147,-2.872
2025-12-08T23:16:41.860,-2.095,8.259,-6.18
2025-12-08T23:16:41.870,-3.373,7.659,-6.348
2025-12-08T23:16:41.880,-5.266,6.214,-4.71
2025-12-08T23:16:41.890,-7.419,4.078,-2.61
2025-12-08T23:16:41.900,-9.12,1.697,-1.415
2025-12-08T23:16:41.910,-9.846,-0.328,-2.346
2025-12-08T23:16:41.920,-9.548,-1.347,-4.377
2025-12-08T23:16:41.930,-8.576,-1.539,-5.956
2025-12-08T23:16:41.940,-7.538,-1.803,-6.815
2025-12-08T23:16:41.950,-6.769,-2.306,-6.816
2025-12-08T23:16:41.960,-6.202,-2.092,-6.32
2025-12-08T23:16:41.970,-5.714,-1.044,-6.287
2025-12-08T23:16:41.980,-4.798,0.032,-7.426
2025-12-08T23:16:41.990,-3.602,0.73,-8.884
2025-12-08T23:16:42.000,-2.579,1.086,-9.308
2025-12-08T23:16:42.010,-1.943,1.281,-7.579
2025-12-08T23:16:42.020,-1.749,1.258,-3.617
2025-12-08T23:16:42.030,-1.564,1.017,0.574
2025-12-08T23:16:42.040,-1.36,0.827,3.033
2025-12-08T23:16:42.050,-1.085,0.685,3.439
2025-12-08T23:16:42.060,-0.693,0.278,2.549
2025-12-08T23:16:42.070,-0.308,-0.075,0.71
2025-12-08T23:16:42.080,0.391,0.01,-0.873
2025-12-08T23:16:42.090,1.825,0.446,-1.345
2025-12-08T23:16:42.100,4.004,1.271,-1.409
2025-12-08T23:16:42.110,6.205,2.289,-0.442
2025-12-08T23:16:42.120,7.95,3.125,1.345
2025-12-08T23:16:42.130,9.081,3.335,2.971
2025-12-08T23:16:42.140,9.141,2.946,4.355
2025-12-08T23:16:42.150,8.107,2.246,5.445
2025-12-08T23:16:42.160,6.33,1.006,6.84
2025-12-08T23:16:42.170,4.561,-0.738,8.576
2025-12-08T23:16:42.180,3.308,-2.555,10.455
2025-12-08T23:16:42.190,2.408,-4.199,11.785
2025-12-08T23:16:42.200,2.099,-5.658,11.033
2025-12-08T23:16:42.210,2.062,-6.679,7.852
2025-12-08T23:16:42.220,2.016,-7.017,3.105
2025-12-08T23:16:42.230,2.263,-6.744,-1.633
2025-12-08T23:16:42.240,2.543,-6.046,-4.966
2025-12-08T23:16:42.250,2.982,-4.852,-5.679
2025-12-08T23:16:42.260,3.575,-3.116,-3.781
2025-12-08T23:16:42.270,3.913,-1.132,-1.304
2025-12-08T23:16:42.280,3.973,0.828,0.264
2025-12-08T23:16:42.290,3.932,1.965,0.717
2025-12-08T23:16:42.300,3.611,1.568,0.711
2025-12-08T23:16:42.310,2.66,-0.295,1.288
2025-12-08T23:16:42.320,1.153,-2.727,2.951
2025-12-08T23:16:42.330,-0.857,-4.724,4.689
2025-12-08T23:16:42.340,-2.884,-6.305,4.486
2025-12-08T23:16:42.350,-4.425,-7.64,1.598
2025-12-08T23:16:42.360,-5.152,-8.892,-3.163
2025-12-08T23:16:42.370,-4.952,-9.975,-7.79
2025-12-08T23:16:42.380,-4.0,-10.567,-10.369
2025-12-08T23:16:42.390,-2.282,-10.962,-10.501
2025-12-08T23:16:42.400,-0.524,-11.514,-8.814
2025-12-08T23:16:42.410,1.177,-12.272,-6.284
2025-12-08T23:16:42.420,3.198,-12.823,-3.438
2025-12-08T23:16:42.430,5.431,-12.83,-0.208
2025-12-08T23:16:42.440,8.127,-12.415,3.68
2025-12-08T23:16:42.450,10.911,-11.076,7.542
2025-12-08T23:16:42.460,12.859,-8.551,10.267
2025-12-08T23:16:42.470,13.563,-5.647,11.059
2025-12-08T23:16:42.480,13.517,-3.218,9.181
2025-12-08T23:16:42.490,13.303,-2.062,5.103
2025-12-08T23:16:42.500,13.293,-2.162,-0.377
2025-12-08T23:16:42.510,13.264,-2.969,-5.832
2025-12-08T23:16:42.520,12.687,-4.326,-9.527
2025-12-08T23:16:42.530,11.94,-5.713,-10.413
2025-12-08T23:16:42.540,11.205,-6.55,-7.819
2025-12-08T23:16:42.550,10.501,-6.498,-3.227
2025-12-08T23:16:42.560,9.771,-5.064,1.083
2025-12-08T23:16:42.570,8.846,-2.449,3.908
2025-12-08T23:16:42.580,7.846,0.542,4.843
2025-12-08T23:16:42.590,6.898,3.767,3.988
2025-12-08T23:16:42.600,6.482,6.579,2.213
2025-12-08T23:16:42.610,6.504,8.452,0.471
2025-12-08T23:16:42.620,6.468,9.557,-0.862
2025-12-08T23:16:42.630,6.192,9.191,-0.936
2025-12-08T23:16:42.640,5.584,7.42,-0.237
2025-12-08T23:16:42.650,4.732,5.039,-0.087
2025-12-08T23:16:42.660,3.59,2.779,-1.109
2025-12-08T23:16:42.670,2.155,0.799,-3.266
2025-12-08T23:16:42.680,0.846,-1.012,-5.59
2025-12-08T23:16:42.690,-0.137,-1.812,-7.13
2025-12-08T23:16:42.700,-1.097,-1.349,-7.489
2025-12-08T23:16:42.710,-1.768,0.392,-7.569
2025-12-08T23:16:42.720,-2.117,3.064,-7.882
2025-12-08T23:16:42.730,-2.471,5.922,-8.324
2025-12-08T23:16:42.740,-2.815,8.491,-8.672
2025-12-08T23:16:42.750,-3.548,10.053,-7.889
2025-12-08T23:16:42.760,-4.537,10.682,-5.807
2025-12-08T23:16:42.770,-5.306,10.563,-2.83
2025-12-08T23:16:42.780,-5.421,9.958,-0.069
2025-12-08T23:16:42.790,-4.492,9.133,0.874
2025-12-08T23:16:42.800,-2.665,7.907,-0.51
2025-12-08T23:16:42.810,-0.499,6.49,-3.589
2025-12-08T23:16:42.820,0.951,4.767,-6.4
2025-12-08T23:16:42.830,1.329,2.677,-6.437
2025-12-08T23:16:42.840,0.95,0.559,-2.786
2025-12-08T23:16:42.850,0.192,-0.968,2.85
2025-12-08T23:16:42.860,-0.649,-1.448,7.67
2025-12-08T23:16:42.870,-1.382,-1.176,9.642
2025-12-08T23:16:42.880,-1.914,-0.424,8.667
2025-12-08T23:16:42.890,-2.686,0.653,6.515
2025-12-08T23:16:42.900,-3.4,1.53,5.343
2025-12-08T23:16:42.910,-3.598,1.492,5.71
2025-12-08T23:16:42.920,-3.49,0.701,6.817
2025-12-08T23:16:42.930,-3.025,-0.48,7.663
2025-12-08T23:16:42.940,-1.985,-1.912,6.452
2025-12-08T23:16:42.950,-0.402,-3.269,3.02
2025-12-08T23:16:42.960,1.104,-4.541,-0.688
2025-12-08T23:16:42.970,1.734,-5.847,-2.879
2025-12-08T23:16:42.980,1.073,-7.447,-2.504
2025-12-08T23:16:42.990,-0.674,-8.975,-0.135
2025-12-08T23:16:43.000,-2.604,-9.797,2.349
2025-12-08T23:16:43.010,-3.684,-9.778,2.896
2025-12-08T23:16:43.020,-3.956,-8.943,1.195
2025-12-08T23:16:43.030,-3.672,-7.809,-2.072
2025-12-08T23:16:43.040,-2.62,-6.912,-5.672
2025-12-08T23:16:43.050,-1.17,-6.305,-7.559
2025-12-08T23:16:43.060,0.465,-6.128,-7.095
2025-12-08T23:16:43.070,2.088,-6.522,-5.041
2025-12-08T23:16:43.080,3.676,-6.86,-3.257
2025-12-08T23:16:43.090,5.407,-6.617,-3.106
2025-12-08T23:16:43.100,7.0,-5.919,-4.525
2025-12-08T23:16:43.110,8.066,-5.173,-5.976
2025-12-08T23:16:43.120,7.986,-4.486,-5.271
2025-12-08T23:16:43.130,6.829,-3.742,-2.723
2025-12-08T23:16:43.140,5.183,-3.179,0.005
2025-12-08T23:16:43.150,3.533,-2.677,1.399
2025-12-08T23:16:43.160,2.472,-1.96,0.796
2025-12-08T23:16:43.170,2.054,-1.224,-0.717
2025-12-08T23:16:43.180,1.967,-1.011,-1.898
2025-12-08T23:16:43.190,2.12,-1.465,-2.157
2025-12-08T23:16:43.200,2.418,-2.404,-1.554
2025-12-08T23:16:43.210,2.818,-3.374,-0.602
2025-12-08T23:16:43.220,3.458,-3.792,0.266
2025-12-08T23:16:43.230,3.983,-3.894,0.924
2025-12-08T23:16:43.240,4.113,-3.683,1.658
2025-12-08T23:16:43.250,4.226,-3.149,2.701
2025-12-08T23:16:43.260,4.591,-2.439,3.822
2025-12-08T23:16:43.270,5.197,-1.489,4.674
2025-12-08T23:16:43.280,5.771,-0.653,4.834
2025-12-08T23:16:43.290,6.132,0.046,4.44
2025-12-08T23:16:43.300,6.322,0.507,4.392
2025-12-08T23:16:43.310,5.908,0.61,5.04
2025-12-08T23:16:43.320,4.695,0.755,5.81
2025-12-08T23:16:43.330,3.514,0.69,5.449
2025-12-08T23:16:43.340,2.79,0.193,2.974
2025-12-08T23:16:43.350,2.4,-0.466,-0.995
2025-12-08T23:16:43.360,2.153,-1.441,-4.377
2025-12-08T23:16:43.370,1.647,-2.406,-5.513
2025-12-08T23:16:43.380,0.87,-2.735,-4.41
2025-12-08T23:16:43.390,-0.18,-2.551,-2.091
2025-12-08T23:16:43.400,-1.319,-2.06,-0.34
2025-12-08T23:16:43.410,-2.025,-0.977,-0.416
2025-12-08T23:16:43.420,-2.317,0.958,-2.096
2025-12-08T23:16:43.430,-2.764,3.416,-4.186
2025-12-08T23:16:43.440,-3.748,5.531,-4.772
2025-12-08T23:16:43.450,-4.998,6.346,-3.286
2025-12-08T23:16:43.460,-6.192,5.947,-0.8
2025-12-08T23:16:43.470,-6.903,4.672,0.844
2025-12-08T23:16:43.480,-6.826,2.531,-0.009
2025-12-08T23:16:43.490,-6.043,-0.098,-2.376
2025-12-08T23:16:43.500,-4.763,-2.874,-4.087
2025-12-08T23:16:43.510,-3.713,-4.985,-3.734
2025-12-08T23:16:43.520,-3.065,-5.936,-1.462
2025-12-08T23:16:43.530,-2.433,-5.896,0.719
2025-12-08T23:16:43.540,-1.601,-5.081,1.62
2025-12-08T23:16:43.550,-0.426,-3.963,1.738
2025-12-08T23:16:43.560,0.52,-2.456,1.932
2025-12-08T23:16:43.570,0.964,-0.558,2.482
2025-12-08T23:16:43.580,1.082,1.118,3.044
2025-12-08T23:16:43.590,0.817,1.891,3.421
2025-12-08T23:16:43.600,0.242,1.895,3.773
2025-12-08T23:16:43.610,-0.71,1.845,4.602
2025-12-08T23:16:43.620,-1.648,1.708,5.486
2025-12-08T23:16:43.630,-1.837,1.435,5.055
2025-12-08T23:16:43.640,-1.617,1.128,3.465
2025-12-08T23:16:43.650,-1.794,0.963,1.741
2025-12-08T23:16:43.660,-2.323,0.828,0.457
2025-12-08T23:16:43.670,-2.779,0.39,0.046
2025-12-08T23:16:43.680,-2.624,-0.162,0.158
2025-12-08T23:16:43.690,-1.525,-1.007,0.377
2025-12-08T23:16:43.700,0.204,-2.135,0.604
2025-12-08T23:16:43.710,2.248,-3.444,0.918
2025-12-08T23:16:43.720,4.32,-4.711,1.696
2025-12-08T23:16:43.730,5.931,-5.394,3.437
2025-12-08T23:16:43.740,6.552,-6.088,6.406
2025-12-08T23:16:43.750,6.044,-6.894,9.45
2025-12-08T23:16:43.760,4.782,-7.036,10.945
2025-12-08T23:16:43.770,3.521,-6.532,9.338
2025-12-08T23:16:43.780,2.892,-5.445,4.775
2025-12-08T23:16:43.790,2.596,-3.692,-0.066
2025-12-08T23:16:43.800,2.051,-1.595,-3.529
2025-12-08T23:16:43.810,1.14,0.458,-5.08
2025-12-08T23:16:43.820,0.277,2.038,-5.355
2025-12-08T23:16:43.830,-0.183,2.924,-5.664
2025-12-08T23:16:43.840,-0.5,3.457,-5.706
2025-12-08T23:16:43.850,-0.751,3.597,-4.954
2025-12-08T23:16:43.860,-0.458,3.084,-3.674
2025-12-08T23:16:43.870,0.522,2.035,-2.534
2025-12-08T23:16:43.880,2.058,0.701,-1.937
2025-12-08T23:16:43.890,4.031,-0.621,-1.682
2025-12-08T23:16:43.900,5.653,-1.897,-1.111
2025-12-08T23:16:43.910,6.434,-3.001,-0.204
2025-12-08T23:16:43.920,6.573,-3.906,0.067
2025-12-08T23:16:43.930,6.092,-4.629,-0.839
2025-12-08T23:16:43.940,5.014,-5.023,-2.828
2025-12-08T23:16:43.950,3.104,-5.039,-5.06
2025-12-08T23:16:43.960,0.63,-4.598,-6.713
2025-12-08T23:16:43.970,-1.271,-4.054,-7.583
2025-12-08T23:16:43.980,-2.074,-3.471,-7.783
2025-12-08T23:16:43.990,-2.102,-2.684,-7.229
2025-12-08T23:16:44.000,-1.667,-2.003,-5.876
2025-12-08T23:16:44.010,-0.885,-1.466,-4.654
2025-12-08T23:16:44.020,-0.249,-0.901,-3.556
2025-12-08T23:16:44.030,-0.4,-0.197,-1.918
2025-12-08T23:16:44.040,-1.252,0.277,0.008
2025-12-08T23:16:44.050,-2.312,0.316,1.884
2025-12-08T23:16:44.060,-3.289,0.446,3.189
2025-12-08T23:16:44.070,-3.837,0.939,2.847
2025-12-08T23:16:44.080,-3.969,1.762,0.758
2025-12-08T23:16:44.090,-4.078,2.79,-1.639
2025-12-08T23:16:44.100,-4.026,3.695,-3.439
2025-12-08T23:16:44.110,-3.903,4.312,-3.847
2025-12-08T23:16:44.120,-4.099,4.617,-2.608
2025-12-08T23:16:44.130,-4.513,4.504,-0.839
2025-12-08T23:16:44.140,-5.093,4.358,0.765
2025-12-08T23:16:44.150,-5.639,4.433,1.934
2025-12-08T23:16:44.160,-5.769,4.467,2.854
2025-12-08T23:16:44.170,-5.406,4.82,3.548
2025-12-08T23:16:44.180,-4.616,5.763,4.046
2025-12-08T23:16:44.190,-3.616,6.769,4.463
2025-12-08T23:16:44.200,-2.571,7.324,4.27
2025-12-08T23:16:44.210,-1.509,7.438,3.926
2025-12-08T23:16:44.220,-0.592,7.493,4.229
2025-12-08T23:16:44.230,0.144,7.637,4.913
2025-12-08T23:16:44.240,0.99,7.556,4.827
2025-12-08T23:16:44.250,2.087,7.014,3.519
2025-12-08T23:16:44.260,3.19,6.29,1.957
2025-12-08T23:16:44.270,3.712,5.94,1.082
2025-12-08T23:16:44.280,3.556,5.832,1.302
2025-12-08T23:16:44.290,3.305,5.578,1.905
2025-12-08T23:16:44.300,3.096,5.678,2.526
2025-12-08T23:16:44.310,2.929,6.407,3.3
2025-12-08T23:16:44.320,2.885,7.253,3.706
2025-12-08T23:16:44.330,3.1,7.818,3.361
2025-12-08T23:16:44.340,3.587,8.371,2.022
2025-12-08T23:16:44.350,4.113,9.028,0.088
2025-12-08T23:16:44.360,4.67,9.267,-1.827
2025-12-08T23:16:44.370,4.814,9.024,-2.902
2025-12-08T23:16:44.380,4.574,8.232,-2.977
2025-12-08T23:16:44.390,4.436,6.819,-2.94
2025-12-08T23:16:44.400,4.323,5.029,-2.891
2025-12-08T23:16:44.410,4.054,3.023,-3.005
2025-12-08T23:16:44.420,3.384,1.289,-3.015
2025-12-08T23:16:44.430,2.382,0.128,-2.327
2025-12-08T23:16:44.440,1.145,-0.172,-1.233
2025-12-08T23:16:44.450,0.027,0.542,-0.106
2025-12-08T23:16:44.460,-0.645,2.083,0.105
2025-12-08T23:16:44.470,-0.902,4.45,-1.251
2025-12-08T23:16:44.480,-0.446,7.008,-3.536
2025-12-08T23:16:44.490,0.425,9.134,-5.392
2025-12-08T23:16:44.500,1.27,10.778,-5.434
2025-12-08T23:16:44.510,1.939,11.524,-3.763
2025-12-08T23:16:44.520,2.296,11.131,-2.155
2025-12-08T23:16:44.530,2.709,9.986,-2.122
2025-12-08T23:16:44.540,3.519,8.638,-3.393
2025-12-08T23:16:44.550,4.617,7.567,-4.774
2025-12-08T23:16:44.560,5.452,6.795,-5.173
2025-12-08T23:16:44.570,5.304,5.652,-4.042
2025-12-08T23:16:44.580,4.015,3.717,-1.712
2025-12-08T23:16:44.590,2.016,1.257,1.202
2025-12-08T23:16:44.600,-0.253,-1.355,3.795
2025-12-08T23:16:44.610,-2.24,-3.634,4.565
2025-12-08T23:16:44.620,-3.427,-5.264,2.585
2025-12-08T23:16:44.630,-3.704,-6.176,-1.324
2025-12-08T23:16:44.640,-3.15,-6.332,-5.578
2025-12-08T23:16:44.650,-2.189,-6.173,-8.15
2025-12-08T23:16:44.660,-1.459,-6.173,-7.233
2025-12-08T23:16:44.670,-1.207,-6.363,-3.153
2025-12-08T23:16:44.680,-1.272,-6.477,2.31
2025-12-08T23:16:44.690,-1.464,-6.121,7.13
2025-12-08T23:16:44.700,-1.573,-5.575,9.548
2025-12-08T23:16:44.710,-1.49,-5.272,9.054
2025-12-08T23:16:44.720,-1.766,-5.014,7.3
2025-12-08T23:16:44.730,-3.159,-4.714,6.48
2025-12-08T23:16:44.740,-5.409,-4.519,6.682
2025-12-08T23:16:44.750,-7.636,-4.522,6.699
2025-12-08T23:16:44.760,-9.307,-4.602,5.477
2025-12-08T23:16:44.770,-10.513,-4.456,2.64
2025-12-08T23:16:44.780,-11.793,-4.276,-0.559
2025-12-08T23:16:44.790,-13.15,-4.465,-2.287
2025-12-08T23:16:44.800,-14.126,-4.793,-2.413
2025-12-08T23:16:44.810,-14.35,-5.286,-1.814
2025-12-08T23:16:44.820,-13.845,-6.121,-1.21
2025-12-08T23:16:44.830,-13.126,-6.782,-0.66
2025-12-08T23:16:44.840,-12.425,-7.012,0.485
2025-12-08T23:16:44.850,-11.605,-6.583,2.047
2025-12-08T23:16:44.860,-10.655,-5.47,3.465
2025-12-08T23:16:44.870,-9.718,-4.176,3.717
2025-12-08T23:16:44.880,-8.741,-2.982,2.408
2025-12-08T23:16:44.890,-7.741,-2.281,1.157
2025-12-08T23:16:44.900,-6.927,-2.026,0.835
2025-12-08T23:16:44.910,-6.515,-2.175,1.235
2025-12-08T23:16:44.920,-6.386,-2.9,1.477
2025-12-08T23:16:44.930,-5.779,-3.735,0.903
2025-12-08T23:16:44.940,-4.493,-4.278,0.016
2025-12-08T23:16:44.950,-2.584,-4.391,-1.453
2025-12-08T23:16:44.960,-0.264,-4.313,-3.361
2025-12-08T23:16:44.970,1.509,-4.197,-4.165
2025-12-08T23:16:44.980,2.297,-4.17,-2.324
2025-12-08T23:16:44.990,2.264,-4.48,2.267
2025-12-08T23:16:45.000,2.155,-4.686,7.64
2025-12-08T23:16:45.010,2.566,-4.229,11.144
2025-12-08T23:16:45.020,3.006,-2.947,11.111
2025-12-08T23:16:45.030,3.035,-1.051,8.243
2025-12-08T23:16:45.040,2.479,1.307,4.832
2025-12-08T23:16:45.050,1.438,3.735,2.968
2025-12-08T23:16:45.060,0.389,5.737,2.396
2025-12-08T23:16:45.070,-0.488,7.349,1.177
2025-12-08T23:16:45.080,-1.271,8.549,-1.141
2025-12-08T23:16:45.090,-1.793,9.532,-4.498
2025-12-08T23:16:45.100,-1.921,10.228,-8.309
2025-12-08T23:16:45.110,-1.861,10.417,-10.656
2025-12-08T23:16:45.120,-1.647,10.317,-9.815
2025-12-08T23:16:45.130,-1.368,10.002,-5.835
2025-12-08T23:16:45.140,-1.267,9.687,-0.807
2025-12-08T23:16:45.150,-1.433,9.637,2.872
2025-12-08T23:16:45.160,-1.741,10.147,3.613
2025-12-08T23:16:45.170,-1.746,11.101,1.816
2025-12-08T23:16:45.180,-1.562,11.864,-0.757
2025-12-08T23:16:45.190,-1.66,12.226,-2.306
2025-12-08T23:16:45.200,-2.026,12.041,-2.08
2025-12-08T23:16:45.210,-2.22,11.226,-1.265
2025-12-08T23:16:45.220,-1.918,10.117,-0.782
2025-12-08T23:16:45.230,-1.232,9.032,-0.922
2025-12-08T23:16:45.240,-0.206,8.057,-1.368
2025-12-08T23:16:45.250,0.761,6.794,-1.494
2025-12-08T23:16:45.260,1.319,5.012,-0.99
2025-12-08T23:16:45.270,1.372,3.195,1.215
2025-12-08T23:16:45.280,0.94,1.452,4.682
2025-12-08T23:16:45.290,0.647,-0.515,7.729
2025-12-08T23:16:45.300,0.822,-2.494,9.325
2025-12-08T23:16:45.310,1.639,-3.977,8.617
2025-12-08T23:16:45.320,3.175,-4.777,6.347
2025-12-08T23:16:45.330,4.963,-4.991,3.924
2025-12-08T23:16:45.340,6.323,-5.044,2.375
2025-12-08T23:16:45.350,6.698,-5.635,2.38
2025-12-08T23:16:45.360,6.003,-6.519,3.471
2025-12-08T23:16:45.370,4.742,-7.212,4.807
2025-12-08T23:16:45.380,3.591,-7.514,5.205
2025-12-08T23:16:45.390,2.619,-6.962,4.004
2025-12-08T23:16:45.400,1.95,-5.887,1.623
2025-12-08T23:16:45.410,1.608,-4.642,-1.477
2025-12-08T23:16:45.420,1.349,-3.384,-4.511
2025-12-08T23:16:45.430,1.299,-2.211,-6.474
2025-12-08T23:16:45.440,1.22,-0.81,-6.825
2025-12-08T23:16:45.450,0.869,0.815,-5.824
2025-12-08T23:16:45.460,0.271,2.736,-4.083
2025-12-08T23:16:45.470,-0.453,4.339,-2.43
2025-12-08T23:16:45.480,-1.177,5.173,-1.541
2025-12-08T23:16:45.490,-1.971,5.696,-1.448
2025-12-08T23:16:45.500,-2.665,5.818,-2.097
2025-12-08T23:16:45.510,-3.195,5.569,-3.095
2025-12-08T23:16:45.520,-3.268,5.238,-3.734
2025-12-08T23:16:45.530,-2.683,5.002,-3.732
2025-12-08T23:16:45.540,-1.803,4.857,-3.559
2025-12-08T23:16:45.550,-0.845,4.68,-3.336
2025-12-08T23:16:45.560,0.118,4.707,-2.576
2025-12-08T23:16:45.570,1.048,5.032,-1.087
2025-12-08T23:16:45.580,1.677,5.363,0.932
2025-12-08T23:16:45.590,2.126,5.431,2.526
2025-12-08T23:16:45.600,2.64,5.078,2.99
2025-12-08T23:16:45.610,3.219,4.29,2.389
2025-12-08T23:16:45.620,3.76,3.326,1.501
2025-12-08T23:16:45.630,3.748,2.294,1.109
2025-12-08T23:16:45.640,3.146,0.987,1.218
2025-12-08T23:16:45.650,1.815,-0.373,1.877
2025-12-08T23:16:45.660,0.049,-1.615,2.803
2025-12-08T23:16:45.670,-1.261,-3.148,3.4
2025-12-08T23:16:45.680,-1.974,-4.659,2.848
2025-12-08T23:16:45.690,-2.12,-5.731,1.227
2025-12-08T23:16:45.700,-2.026,-6.496,-0.678
2025-12-08T23:16:45.710,-1.952,-6.764,-2.433
2025-12-08T23:16:45.720,-1.875,-6.573,-2.915
2025-12-08T23:16:45.730,-1.789,-6.127,-2.143
2025-12-08T23:16:45.740,-1.711,-5.493,-1.134
2025-12-08T23:16:45.750,-1.681,-4.482,-0.058
2025-12-08T23:16:45.760,-1.744,-3.113,1.091
2025-12-08T23:16:45.770,-2.187,-1.986,2.044
2025-12-08T23:16:45.780,-3.059,-1.12,2.431
2025-12-08T23:16:45.790,-4.314,-0.187,2.146
2025-12-08T23:16:45.800,-5.626,0.704,1.201
2025-12-08T23:16:45.810,-6.636,1.213,-0.108
2025-12-08T23:16:45.820,-7.299,1.031,-1.621
2025-12-08T23:16:45.830,-7.39,0.103,-3.161
2025-12-08T23:16:45.840,-7.083,-1.066,-4.303
2025-12-08T23:16:45.850,-6.468,-1.913,-4.895
2025-12-08T23:16:45.860,-5.668,-2.137,-4.696
2025-12-08T23:16:45.870,-5.108,-1.462,-3.857
2025-12-08T23:16:45.880,-4.741,-0.366,-2.974
2025-12-08T23:16:45.890,-4.367,0.636,-2.558
2025-12-08T23:16:45.900,-3.79,1.458,-2.404
2025-12-08T23:16:45.910,-2.903,1.93,-1.964
2025-12-08T23:16:45.920,-1.811,2.219,-1.093
2025-12-08T23:16:45.930,-0.751,2.549,0.264
2025-12-08T23:16:45.940,0.199,2.773,1.607
2025-12-08T23:16:45.950,0.623,2.543,2.479
2025-12-08T23:16:45.960,-0.304,1.909,2.528
2025-12-08T23:16:45.970,-2.252,0.988,1.531
2025-12-08T23:16:45.980,-4.055,-0.196,0.086
2025-12-08T23:16:45.990,-4.78,-1.382,-1.178
2025-12-08T23:16:46.000,-4.245,-2.424,-1.855
2025-12-08T23:16:46.010,-3.081,-3.302,-2.115
2025-12-08T23:16:46.020,-1.81,-4.154,-2.024
2025-12-08T23:16:46.030,-0.535,-4.742,-1.453
2025-12-08T23:16:46.040,0.989,-4.754,-0.884
2025-12-08T23:16:46.050,2.765,-4.393,-0.273
2025-12-08T23:16:46.060,4.438,-3.878,0.368
2025-12-08T23:16:46.070,5.699,-3.223,0.813
2025-12-08T23:16:46.080,6.215,-2.156,1.125
2025-12-08T23:16:46.090,5.998,-0.672,0.783
2025-12-08T23:16:46.100,5.368,0.721,-0.412
2025-12-08T23:16:46.110,4.407,1.672,-2.271
2025-12-08T23:16:46.120,2.93,2.289,-4.359
2025-12-08T23:16:46.130,1.063,2.393,-6.062
2025-12-08T23:16:46.140,-0.76,1.622,-7.831
2025-12-08T23:16:46.150,-2.096,0.347,-9.73
2025-12-08T23:16:46.160,-2.565,-0.89,-11.311
2025-12-08T23:16:46.170,-2.393,-1.669,-12.116
2025-12-08T23:16:46.180,-2.152,-1.994,-11.222
2025-12-08T23:16:46.190,-2.05,-2.259,-8.757
2025-12-08T23:16:46.200,-2.046,-2.558,-5.456
2025-12-08T23:16:46.210,-1.946,-2.911,-2.246
2025-12-08T23:16:46.220,-1.54,-3.195,-0.297
2025-12-08T23:16:46.230,-0.864,-3.074,0.358
2025-12-08T23:16:46.240,-0.144,-2.208,0.779
2025-12-08T23:16:46.250,0.491,-0.96,1.3
2025-12-08T23:16:46.260,1.139,-0.148,1.463
2025-12-08T23:16:46.270,1.729,0.386,0.983
2025-12-08T23:16:46.280,2.297,0.613,-0.718
2025-12-08T23:16:46.290,2.844,-0.071,-3.129
2025-12-08T23:16:46.300,3.045,-1.379,-5.232
2025-12-08T23:16:46.310,3.209,-2.814,-6.71
2025-12-08T23:16:46.320,3.439,-3.903,-7.509
2025-12-08T23:16:46.330,3.523,-4.634,-8.381
2025-12-08T23:16:46.340,3.534,-5.497,-9.216
2025-12-08T23:16:46.350,3.525,-6.328,-9.316
2025-12-08T23:16:46.360,3.792,-6.917,-8.295
2025-12-08T23:16:46.370,4.351,-7.142,-5.9
2025-12-08T23:16:46.380,5.075,-6.934,-2.972
2025-12-08T23:16:46.390,5.51,-6.314,-0.494
2025-12-08T23:16:46.400,5.424,-5.584,0.872
2025-12-08T23:16:46.410,5.38,-5.091,0.575
2025-12-08T23:16:46.420,5.548,-4.645,-0.677
2025-12-08T23:16:46.430,5.763,-4.524,-1.213
2025-12-08T23:16:46.440,5.765,-4.877,-0.449
2025-12-08T23:16:46.450,5.573,-5.364,1.445
2025-12-08T23:16:46.460,5.252,-5.603,3.897
2025-12-08T23:16:46.470,4.979,-5.381,5.498
2025-12-08T23:16:46.480,5.016,-4.739,5.939
2025-12-08T23:16:46.490,5.146,-3.195,5.598
2025-12-08T23:16:46.500,5.404,-1.007,4.77
2025-12-08T23:16:46.510,5.538,1.255,4.185
2025-12-08T23:16:46.520,5.239,3.573,4.141
2025-12-08T23:16:46.530,4.558,5.587,4.616
2025-12-08T23:16:46.540,3.451,7.12,5.48
2025-12-08T23:16:46.550,2.128,7.88,6.541
2025-12-08T23:16:46.560,0.753,7.933,7.415
2025-12-08T23:16:46.570,-0.578,7.729,7.829
2025-12-08T23:16:46.580,-1.673,7.113,7.216
2025-12-08T23:16:46.590,-2.244,6.122,4.821
2025-12-08T23:16:46.600,-2.11,5.067,1.261
2025-12-08T23:16:46.610,-1.299,4.534,-2.215
2025-12-08T23:16:46.620,0.109,4.842,-4.324
2025-12-08T23:16:46.630,1.914,5.534,-4.859
2025-12-08T23:16:46.640,3.813,6.353,-4.354
2025-12-08T23:16:46.650,5.329,6.957,-2.695
2025-12-08T23:16:46.660,6.358,7.104,-0.218
2025-12-08T23:16:46.670,6.871,7.226,2.658
2025-12-08T23:16:46.680,6.641,7.437,5.517
2025-12-08T23:16:46.690,5.756,7.308,7.92
2025-12-08T23:16:46.700,4.366,6.668,9.469
2025-12-08T23:16:46.710,2.752,5.739,9.854
2025-12-08T23:16:46.720,1.115,4.8,8.991
2025-12-08T23:16:46.730,-0.463,3.869,6.793
2025-12-08T23:16:46.740,-1.879,2.629,4.135
2025-12-08T23:16:46.750,-3.099,1.245,1.681
2025-12-08T23:16:46.760,-3.764,0.093,-0.282
2025-12-08T23:16:46.770,-3.808,-1.036,-1.745
2025-12-08T23:16:46.780,-3.541,-1.898,-2.984
2025-12-08T23:16:46.790,-3.052,-2.314,-3.314
2025-12-08T23:16:46.800,-2.444,-2.644,-2.679
2025-12-08T23:16:46.810,-1.852,-2.672,-1.086
2025-12-08T23:16:46.820,-1.463,-2.319,1.456
2025-12-08T23:16:46.830,-1.17,-1.807,3.956
2025-12-08T23:16:46.840,-0.671,-1.234,5.763
2025-12-08T23:16:46.850,0.005,-0.535,6.277
2025-12-08T23:16:46.860,0.817,0.392,5.131
2025-12-08T23:16:46.870,1.505,1.079,2.392
2025-12-08T23:16:46.880,1.852,1.111,-1.027
2025-12-08T23:16:46.890,1.95,0.515,-3.779
2025-12-08T23:16:46.900,1.94,-0.31,-5.487
2025-12-08T23:16:46.910,1.987,-1.155,-6.236
2025-12-08T23:16:46.920,1.826,-2.122,-6.201
2025-12-08T23:16:46.930,1.653,-2.889,-5.337
2025-12-08T23:16:46.940,2.093,-3.216,-3.424
2025-12-08T23:16:46.950,3.113,-2.958,-0.284
2025-12-08T23:16:46.960,4.441,-2.459,3.506
2025-12-08T23:16:46.970,5.867,-2.385,6.33
2025-12-08T23:16:46.980,7.255,-2.827,7.545
2025-12-08T23:16:46.990,8.254,-3.672,7.652
2025-12-08T23:16:47.000,8.635,-4.777,7.153
2025-12-08T23:16:47.010,8.613,-6.024,6.951
2025-12-08T23:16:47.020,8.259,-6.875,7.614
2025-12-08T23:16:47.030,7.458,-6.993,8.182
2025-12-08T23:16:47.040,6.388,-6.36,7.517
2025-12-08T23:16:47.050,5.32,-4.94,5.455
2025-12-08T23:16:47.060,4.516,-3.204,2.524
2025-12-08T23:16:47.070,4.135,-1.348,-0.02
2025-12-08T23:16:47.080,3.457,0.373,-0.85
2025-12-08T23:16:47.090,2.49,1.572,-0.086
2025-12-08T23:16:47.100,1.692,2.185,1.185
2025-12-08T23:16:47.110,0.829,2.56,2.384
2025-12-08T23:16:47.120,0.113,2.867,3.161
2025-12-08T23:16:47.130,-0.79,2.64,3.952
2025-12-08T23:16:47.140,-2.044,2.213,5.53
2025-12-08T23:16:47.150,-3.221,1.461,7.192
2025-12-08T23:16:47.160,-4.151,0.13,7.346
2025-12-08T23:16:47.170,-4.678,-1.236,5.326
2025-12-08T23:16:47.180,-5.225,-2.495,2.036
2025-12-08T23:16:47.190,-6.095,-3.296,-1.307
2025-12-08T23:16:47.200,-7.212,-3.879,-3.731
2025-12-08T23:16:47.210,-8.376,-4.29,-5.198
2025-12-08T23:16:47.220,-9.41,-4.119,-6.332
2025-12-08T23:16:47.230,-10.446,-3.664,-7.176
2025-12-08T23:16:47.240,-11.33,-2.832,-7.932
2025-12-08T23:16:47.250,-11.712,-1.72,-7.851
2025-12-08T23:16:47.260,-11.578,-0.687,-5.802
2025-12-08T23:16:47.270,-11.357,0.267,-2.266
2025-12-08T23:16:47.280,-11.241,1.153,1.576
2025-12-08T23:16:47.290,-10.834,1.797,3.919
2025-12-08T23:16:47.300,-9.853,1.939,3.367
2025-12-08T23:16:47.310,-8.783,1.793,0.47
2025-12-08T23:16:47.320,-8.2,1.718,-3.166
2025-12-08T23:16:47.330,-7.927,1.809,-6.311
2025-12-08T23:16:47.340,-7.72,2.25,-8.241
2025-12-08T23:16:47.350,-7.761,3.082,-8.577
2025-12-08T23:16:47.360,-8.157,3.692,-7.597
2025-12-08T23:16:47.370,-8.515,3.597,-5.842
2025-12-08T23:16:47.380,-8.494,2.972,-4.18
2025-12-08T23:16:47.390,-7.996,2.103,-3.296
2025-12-08T23:16:47.400,-6.836,1.514,-2.822
2025-12-08T23:16:47.410,-4.993,1.765,-2.179
2025-12-08T23:16:47.420,-2.657,2.601,-1.199
2025-12-08T23:16:47.430,-0.587,3.609,-0.365
2025-12-08T23:16:47.440,0.805,4.536,-0.525
2025-12-08T23:16:47.450,1.761,4.958,-1.92
2025-12-08T23:16:47.460,2.457,5.045,-3.65
2025-12-08T23:16:47.470,3.247,5.135,-4.231
2025-12-08T23:16:47.480,3.962,5.361,-3.581
2025-12-08T23:16:47.490,4.555,5.856,-2.762
2025-12-08T23:16:47.500,5.197,6.468,-2.495
2025-12-08T23:16:47.510,5.759,7.034,-3.082
2025-12-08T23:16:47.520,6.398,7.534,-3.45
2025-12-08T23:16:47.530,6.983,7.889,-2.213
2025-12-08T23:16:47.540,7.352,7.683,0.733
2025-12-08T23:16:47.550,7.652,6.871,4.344
2025-12-08T23:16:47.560,8.205,5.728,7.03
2025-12-08T23:16:47.570,8.932,4.572,7.945
2025-12-08T23:16:47.580,9.338,3.946,7.021
2025-12-08T23:16:47.590,9.276,3.604,5.274
2025-12-08T23:16:47.600,8.794,3.216,3.982
2025-12-08T23:16:47.610,7.993,2.843,3.838
2025-12-08T23:16:47.620,6.821,2.515,4.873
2025-12-08T23:16:47.630,5.56,2.313,5.863
2025-12-08T23:16:47.640,4.495,2.127,6.127
2025-12-08T23:16:47.650,3.676,1.773,5.623
2025-12-08T23:16:47.660,3.289,1.027,4.349
2025-12-08T23:16:47.670,3.104,-0.125,2.763
2025-12-08T23:16:47.680,2.765,-1.605,1.266
2025-12-08T23:16:47.690,2.088,-2.975,0.289
2025-12-08T23:16:47.700,1.132,-3.866,-0.137
2025-12-08T23:16:47.710,0.197,-4.559,-0.253
2025-12-08T23:16:47.720,-0.424,-5.166,-0.091
2025-12-08T23:16:47.730,-0.806,-5.78,0.418
2025-12-08T23:16:47.740,-1.024,-6.311,0.983
2025-12-08T23:16:47.750,-0.916,-6.611,0.878
2025-12-08T23:16:47.760,-0.542,-6.759,-0.252
2025-12-08T23:16:47.770,0.121,-6.786,-2.115
2025-12-08T23:16:47.780,0.881,-6.666,-4.08
2025-12-08T23:16:47.790,1.44,-6.301,-5.332
2025-12-08T23:16:47.800,1.717,-5.829,-5.147
2025-12-08T23:16:47.810,1.477,-5.39,-3.698
2025-12-08T23:16:47.820,0.578,-5.087,-1.884
2025-12-08T23:16:47.830,-0.714,-5.104,-0.37
2025-12-08T23:16:47.840,-2.144,-5.53,0.671
2025-12-08T23:16:47.850,-3.67,-6.012,1.44
2025-12-08T23:16:47.860,-4.823,-6.1,1.937
2025-12-08T23:16:47.870,-5.207,-5.933,1.291
2025-12-08T23:16:47.880,-5.052,-5.414,-1.023
2025-12-08T23:16:47.890,-4.782,-4.488,-3.878
2025-12-08T23:16:47.900,-4.607,-3.434,-6.193
2025-12-08T23:16:47.910,-4.368,-2.085,-7.254
2025-12-08T23:16:47.920,-4.217,-0.429,-6.546
2025-12-08T23:16:47.930,-4.119,1.319,-5.132
2025-12-08T23:16:47.940,-3.678,3.073,-4.048
2025-12-08T23:16:47.950,-2.938,4.859,-3.393
2025-12-08T23:16:47.960,-1.72,6.858,-3.587
2025-12-08T23:16:47.970,-0.056,8.906,-4.542
2025-12-08T23:16:47.980,1.403,10.749,-5.379
2025-12-08T23:16:47.990,2.404,12.069,-5.53
2025-12-08T23:16:48.000,2.771,12.556,-4.579
2025-12-08T23:16:48.010,2.42,12.481,-2.546
2025-12-08T23:16:48.020,1.812,12.01,-0.29
2025-12-08T23:16:48.030,1.159,11.347,1.325
2025-12-08T23:16:48.040,0.543,10.724,1.85
2025-12-08T23:16:48.050,0.246,10.17,1.405
2025-12-08T23:16:48.060,0.3,10.064,0.385
2025-12-08T23:16:48.070,0.54,10.224,-0.553
2025-12-08T23:16:48.080,0.77,10.126,-0.545
2025-12-08T23:16:48.090,0.921,9.709,0.653
2025-12-08T23:16:48.100,1.31,9.192,2.752
2025-12-08T23:16:48.110,2.334,8.857,4.96
2025-12-08T23:16:48.120,3.941,8.478,6.248
2025-12-08T23:16:48.130,5.8,7.836,6.379
2025-12-08T23:16:48.140,7.446,6.784,6.022
2025-12-08T23:16:48.150,8.474,4.906,5.837
2025-12-08T23:16:48.160,8.669,2.57,6.234
2025-12-08T23:16:48.170,7.977,0.38,7.431
2025-12-08T23:16:48.180,6.812,-1.686,8.646
2025-12-08T23:16:48.190,5.453,-3.355,9.01
2025-12-08T23:16:48.200,3.965,-4.324,8.283
2025-12-08T23:16:48.210,2.511,-4.701,6.276
2025-12-08T23:16:48.220,1.155,-4.616,3.562
2025-12-08T23:16:48.230,-0.007,-4.194,1.541
2025-12-08T23:16:48.240,-1.03,-3.545,1.311
2025-12-08T23:16:48.250,-1.955,-3.143,2.679
2025-12-08T23:16:48.260,-2.578,-3.313,4.68
2025-12-08T23:16:48.270,-2.572,-3.76,6.527
2025-12-08T23:16:48.280,-1.919,-3.997,7.547
2025-12-08T23:16:48.290,-1.034,-3.889,7.809
2025-12-08T23:16:48.300,-0.313,-3.871,7.829
2025-12-08T23:16:48.310,0.03,-4.101,7.881
2025-12-08T23:16:48.320,0.043,-4.525,7.944
2025-12-08T23:16:48.330,-0.146,-5.151,7.514
2025-12-08T23:16:48.340,-0.214,-5.951,6.105
2025-12-08T23:16:48.350,-0.054,-6.903,3.448
2025-12-08T23:16:48.360,0.123,-7.603,-0.058
2025-12-08T23:16:48.370,0.293,-7.738,-3.47
2025-12-08T23:16:48.380,0.204,-7.534,-6.05
2025-12-08T23:16:48.390,-0.069,-7.285,-7.354
2025-12-08T23:16:48.400,-0.321,-7.021,-7.279
2025-12-08T23:16:48.410,-0.474,-6.585,-6.338
2025-12-08T23:16:48.420,-0.176,-5.908,-5.638
2025-12-08T23:16:48.430,0.274,-5.115,-5.211
2025-12-08T23:16:48.440,0.593,-4.447,-4.616
2025-12-08T23:16:48.450,0.792,-4.204,-3.65
2025-12-08T23:16:48.460,0.713,-4.233,-1.739
2025-12-08T23:16:48.470,0.546,-4.145,0.413
2025-12-08T23:16:48.480,0.406,-3.988,1.418
2025-12-08T23:16:48.490,0.102,-3.758,0.698
2025-12-08T23:16:48.500,-0.467,-3.487,-1.61
2025-12-08T23:16:48.510,-1.015,-3.198,-4.681
2025-12-08T23:16:48.520,-1.567,-2.995,-7.285
2025-12-08T23:16:48.530,-2.199,-3.146,-8.583
2025-12-08T23:16:48.540,-2.64,-3.706,-8.744
2025-12-08T23:16:48.550,-2.982,-4.743,-8.032
2025-12-08T23:16:48.560,-3.015,-5.77,-6.756
2025-12-08T23:16:48.570,-2.513,-6.447,-6.191
2025-12-08T23:16:48.580,-1.577,-6.814,-7.085
2025-12-08T23:16:48.590,-0.376,-6.625,-8.758
2025-12-08T23:16:48.600,0.69,-6.111,-10.268
2025-12-08T23:16:48.610,1.391,-5.631,-10.727
2025-12-08T23:16:48.620,1.612,-5.234,-10.1
2025-12-08T23:16:48.630,1.552,-4.869,-8.94
2025-12-08T23:16:48.640,1.522,-4.655,-7.748
2025-12-08T23:16:48.650,1.616,-4.545,-6.865
2025-12-08T23:16:48.660,2.018,-4.138,-6.019
2025-12-08T23:16:48.670,2.755,-3.387,-5.636
2025-12-08T23:16:48.680,3.427,-2.545,-5.811
2025-12-08T23:16:48.690,3.453,-2.118,-5.595
2025-12-08T23:16:48.700,2.696,-2.341,-4.186
2025-12-08T23:16:48.710,1.614,-3.175,-1.084
2025-12-08T23:16:48.720,0.908,-4.537,2.853
2025-12-08T23:16:48.730,0.98,-5.648,6.132
2025-12-08T23:16:48.740,1.557,-6.002,7.917
2025-12-08T23:16:48.750,2.215,-5.689,8.002
2025-12-08T23:16:48.760,2.685,-4.821,6.887
2025-12-08T23:16:48.770,2.575,-3.727,5.579
2025-12-08T23:16:48.780,1.711,-2.683,4.934
2025-12-08T23:16:48.790,0.303,-2.028,5.246
2025-12-08T23:16:48.800,-1.523,-1.874,6.288
2025-12-08T23:16:48.810,-3.542,-1.848,7.185
2025-12-08T23:16:48.820,-5.196,-1.822,6.891
2025-12-08T23:16:48.830,-6.18,-1.649,4.669
2025-12-08T23:16:48.840,-6.532,-1.031,1.213
2025-12-08T23:16:48.850,-6.376,-0.153,-1.564
2025-12-08T23:16:48.860,-6.091,0.708,-2.574
2025-12-08T23:16:48.870,-6.039,1.452,-1.391
2025-12-08T23:16:48.880,-6.247,1.815,1.16
2025-12-08T23:16:48.890,-6.627,1.803,3.441
2025-12-08T23:16:48.900,-7.205,1.789,5.046
2025-12-08T23:16:48.910,-7.943,1.959,5.699
2025-12-08T23:16:48.920,-8.564,2.25,5.059
2025-12-08T23:16:48.930,-8.911,2.625,3.253
2025-12-08T23:16:48.940,-9.047,3.023,1.036
2025-12-08T23:16:48.950,-9.314,3.28,-0.092
2025-12-08T23:16:48.960,-9.764,3.407,0.151
2025-12-08T23:16:48.970,-9.846,3.515,0.971
2025-12-08T23:16:48.980,-9.372,3.883,1.604
2025-12-08T23:16:48.990,-8.441,4.425,0.866
2025-12-08T23:16:49.000,-7.546,4.551,-1.161
2025-12-08T23:16:49.010,-7.154,4.272,-2.631
2025-12-08T23:16:49.020,-6.941,3.531,-2.691
2025-12-08T23:16:49.030,-6.818,2.551,-1.585
2025-12-08T23:16:49.040,-6.864,2.27,0.334
2025-12-08T23:16:49.050,-6.876,2.697,1.802
2025-12-08T23:16:49.060,-6.849,3.435,1.844
2025-12-08T23:16:49.070,-6.678,4.343,0.697
2025-12-08T23:16:49.080,-6.104,5.112,-1.024
2025-12-08T23:16:49.090,-5.28,5.39,-2.282
2025-12-08T23:16:49.100,-4.286,4.938,-2.458
2025-12-08T23:16:49.110,-2.86,3.905,-1.891
2025-12-08T23:16:49.120,-1.045,2.661,-1.276
2025-12-08T23:16:49.130,0.812,1.612,-0.99
2025-12-08T23:16:49.140,2.147,1.032,-0.681
2025-12-08T23:16:49.150,2.668,0.89,0.005
2025-12-08T23:16:49.160,2.505,1.224,1.497
2025-12-08T23:16:49.170,1.919,1.942,3.708
2025-12-08T23:16:49.180,1.365,2.764,5.48
2025-12-08T23:16:49.190,0.966,3.455,5.748
2025-12-08T23:16:49.200,0.723,3.771,3.844
2025-12-08T23:16:49.210,0.779,3.785,0.328
2025-12-08T23:16:49.220,1.202,3.468,-3.157
2025-12-08T23:16:49.230,1.9,2.894,-5.211
2025-12-08T23:16:49.240,2.607,2.482,-5.373
2025-12-08T23:16:49.250,3.257,2.133,-4.706
2025-12-08T23:16:49.260,3.874,1.68,-4.181
2025-12-08T23:16:49.270,4.689,1.166,-3.639
2025-12-08T23:16:49.280,5.822,0.688,-2.706
2025-12-08T23:16:49.290,6.91,0.479,-1.204
2025-12-08T23:16:49.300,7.688,0.571,0.393
2025-12-08T23:16:49.310,8.016,0.754,1.457
2025-12-08T23:16:49.320,7.905,0.941,1.965
2025-12-08T23:16:49.330,7.321,1.205,2.388
2025-12-08T23:16:49.340,6.322,1.555,3.384
2025-12-08T23:16:49.350,5.128,2.092,4.67
2025-12-08T23:16:49.360,3.75,2.711,5.496
2025-12-08T23:16:49.370,2.493,3.193,5.659
2025-12-08T23:16:49.380,1.691,3.61,4.826
2025-12-08T23:16:49.390,1.409,3.716,3.281
2025-12-08T23:16:49.400,1.83,3.204,1.536
2025-12-08T23:16:49.410,2.695,2.374,-0.128
2025-12-08T23:16:49.420,3.321,1.623,-0.956
2025-12-08T23:16:49.430,3.357,1.052,-0.729
2025-12-08T23:16:49.440,2.861,0.831,0.426
2025-12-08T23:16:49.450,2.291,1.245,1.96
2025-12-08T23:16:49.460,1.941,2.378,2.822
2025-12-08T23:16:49.470,1.8,3.803,2.519
2025-12-08T23:16:49.480,1.669,4.836,1.509
2025-12-08T23:16:49.490,1.074,5.203,0.857
2025-12-08T23:16:49.500,0.248,4.878,0.844
2025-12-08T23:16:49.510,-0.337,4.018,1.053
2025-12-08T23:16:49.520,-0.752,2.925,1.045
2025-12-08T23:16:49.530,-1.175,1.764,0.805
2025-12-08T23:16:49.540,-1.905,0.687,1.094
2025-12-08T23:16:49.550,-2.889,-0.246,2.275
2025-12-08T23:16:49.560,-3.644,-0.908,3.775
2025-12-08T23:16:49.570,-3.994,-1.22,4.891
2025-12-08T23:16:49.580,-4.254,-1.246,5.233
2025-12-08T23:16:49.590,-4.569,-1.127,4.738
2025-12-08T23:16:49.600,-4.88,-1.217,4.234
2025-12-08T23:16:49.610,-5.201,-1.52,4.365
2025-12-08T23:16:49.620,-5.459,-1.868,4.454
2025-12-08T23:16:49.630,-5.612,-2.0,3.789
2025-12-08T23:16:49.640,-5.59,-1.584,1.939
2025-12-08T23:16:49.650,-5.372,-0.889,-0.976
2025-12-08T23:16:49.660,-5.053,-0.31,-4.098
2025-12-08T23:16:49.670,-4.748,-0.084,-6.495
2025-12-08T23:16:49.680,-4.567,-0.184,-7.645
2025-12-08T23:16:49.690,-4.537,-0.401,-7.657
2025-12-08T23:16:49.700,-4.67,-0.958,-6.613
2025-12-08T23:16:49.710,-4.735,-1.899,-5.386
2025-12-08T23:16:49.720,-4.548,-2.867,-4.647
2025-12-08T23:16:49.730,-4.242,-3.471,-3.908
2025-12-08T23:16:49.740,-3.762,-3.585,-3.412
2025-12-08T23:16:49.750,-3.088,-3.678,-3.109
2025-12-08T23:16:49.760,-2.356,-4.017,-2.786
2025-12-08T23:16:49.770,-1.68,-4.563,-2.643
2025-12-08T23:16:49.780,-1.303,-5.275,-2.547
2025-12-08T23:16:49.790,-1.292,-5.843,-2.246
2025-12-08T23:16:49.800,-1.384,-6.264,-1.36
2025-12-08T23:16:49.810,-1.377,-6.58,-0.163
2025-12-08T23:16:49.820,-1.471,-6.731,0.983
2025-12-08T23:16:49.830,-1.726,-6.983,1.163
2025-12-08T23:16:49.840,-2.045,-7.129,-0.328
2025-12-08T23:16:49.850,-2.552,-6.72,-2.443
2025-12-08T23:16:49.860,-3.101,-6.016,-4.479
2025-12-08T23:16:49.870,-3.577,-5.486,-5.889
2025-12-08T23:16:49.880,-3.934,-5.17,-6.394
2025-12-08T23:16:49.890,-3.95,-5.033,-6.612
2025-12-08T23:16:49.900,-3.491,-5.094,-6.839
2025-12-08T23:16:49.910,-2.754,-5.061,-6.753
2025-12-08T23:16:49.920,-1.999,-4.732,-5.946
2025-12-08T23:16:49.930,-1.319,-4.338,-4.635
2025-12-08T23:16:49.940,-0.973,-3.956,-3.08
2025-12-08T23:16:49.950,-0.848,-3.693,-1.884
2025-12-08T23:16:49.960,-0.73,-3.885,-1.438
2025-12-08T23:16:49.970,-0.448,-4.319,-1.184
2025-12-08T23:16:49.980,0.262,-4.667,-0.827
2025-12-08T23:16:49.990,1.118,-4.963,-0.234
2025-12-08T23:16:50.000,1.845,-5.07,0.583
2025-12-08T23:16:50.010,2.214,-4.922,1.612
2025-12-08T23:16:50.020,2.155,-4.832,2.538
2025-12-08T23:16:50.030,2.073,-4.866,2.524
2025-12-08T23:16:50.040,2.272,-4.711,1.463
2025-12-08T23:16:50.050,2.823,-4.351,-0.204
2025-12-08T23:16:50.060,3.617,-3.941,-1.865
2025-12-08T23:16:50.070,4.534,-3.492,-2.9
2025-12-08T23:16:50.080,5.51,-2.918,-3.377
2025-12-08T23:16:50.090,6.501,-2.156,-3.768
2025-12-08T23:16:50.100,7.435,-1.238,-4.172
2025-12-08T23:16:50.110,8.327,-0.369,-4.057
2025-12-08T23:16:50.120,9.127,0.139,-2.985
2025-12-08T23:16:50.130,9.657,0.379,-1.25
2025-12-08T23:16:50.140,9.945,0.689,0.578
2025-12-08T23:16:50.150,9.97,1.285,1.92
2025-12-08T23:16:50.160,9.923,1.914,2.406
2025-12-08T23:16:50.170,10.026,2.281,2.115
2025-12-08T23:16:50.180,10.046,2.449,1.6
2025-12-08T23:16:50.190,9.713,2.413,1.806
2025-12-08T23:16:50.200,8.929,2.432,2.817
2025-12-08T23:16:50.210,8.039,2.762,3.824
2025-12-08T23:16:50.220,7.386,3.511,4.157
2025-12-08T23:16:50.230,6.965,4.598,3.38
2025-12-08T23:16:50.240,6.802,5.592,1.793
2025-12-08T23:16:50.250,6.83,6.398,0.433
2025-12-08T23:16:50.260,7.028,7.065,0.2
2025-12-08T23:16:50.270,7.135,7.464,1.174
2025-12-08T23:16:50.280,6.796,7.316,2.64
2025-12-08T23:16:50.290,6.134,6.461,3.808
2025-12-08T23:16:50.300,5.326,5.329,4.449
2025-12-08T23:16:50.310,4.552,4.415,4.629
2025-12-08T23:16:50.320,3.913,3.938,4.274
2025-12-08T23:16:50.330,3.366,3.997,3.488
2025-12-08T23:16:50.340,2.904,4.495,2.537
2025-12-08T23:16:50.350,2.531,5.098,1.4
2025-12-08T23:16:50.360,2.333,5.545,0.027
2025-12-08T23:16:50.370,2.18,5.717,-1.227
2025-12-08T23:16:50.380,2.031,5.618,-1.816
2025-12-08T23:16:50.390,1.868,5.374,-1.084
2025-12-08T23:16:50.400,1.443,5.015,1.11
2025-12-08T23:16:50.410,0.946,4.499,3.612
2025-12-08T23:16:50.420,0.765,3.966,5.247
2025-12-08T23:16:50.430,0.92,3.649,5.849
2025-12-08T23:16:50.440,1.016,3.287,5.924
2025-12-08T23:16:50.450,0.714,2.421,6.206
2025-12-08T23:16:50.460,0.134,1.189,6.741
2025-12-08T23:16:50.470,-0.455,0.042,6.862
2025-12-08T23:16:50.480,-0.824,-0.704,5.925
2025-12-08T23:16:50.490,-0.975,-1.119,4.071
2025-12-08T23:16:50.500,-0.963,-1.551,2.182
2025-12-08T23:16:50.510,-0.872,-2.008,1.192
2025-12-08T23:16:50.520,-1.072,-2.229,1.599
2025-12-08T23:16:50.530,-1.451,-2.274,2.651
2025-12-08T23:16:50.540,-1.559,-2.249,3.441
2025-12-08T23:16:50.550,-1.407,-2.043,3.817
2025-12-08T23:16:50.560,-1.214,-1.738,3.679
2025-12-08T23:16:50.570,-1.177,-1.354,3.329
2025-12-08T23:16:50.580,-1.235,-0.777,3.266
2025-12-08T23:16:50.590,-1.245,-0.12,3.179
2025-12-08T23:16:50.600,-1.304,0.38,2.567
2025-12-08T23:16:50.610,-1.527,0.482,1.653
2025-12-08T23:16:50.620,-1.907,0.285,0.555
2025-12-08T23:16:50.630,-2.354,-0.089,-0.263
2025-12-08T23:16:50.640,-2.759,-0.769,-0.379
2025-12-08T23:16:50.650,-2.856,-1.687,-0.369
2025-12-08T23:16:50.660,-2.651,-2.661,-0.614
2025-12-08T23:16:50.670,-2.322,-3.311,-1.299
2025-12-08T23:16:50.680,-2.04,-3.326,-1.902
2025-12-08T23:16:50.690,-2.11,-2.622,-1.761
2025-12-08T23:16:50.700,-2.401,-1.382,-0.965
2025-12-08T23:16:50.710,-2.74,-0.159,0.248
2025-12-08T23:16:50.720,-3.072,0.976,1.232
2025-12-08T23:16:50.730,-3.389,2.0,1.429
2025-12-08T23:16:50.740,-3.547,2.734,0.375
2025-12-08T23:16:50.750,-3.188,3.075,-1.689
2025-12-08T23:16:50.760,-2.597,2.834,-3.783
2025-12-08T23:16:50.770,-2.277,2.286,-4.901
2025-12-08T23:16:50.780,-2.406,1.691,-4.147
2025-12-08T23:16:50.790,-2.824,1.371,-1.948
2025-12-08T23:16:50.800,-3.171,1.502,0.363
2025-12-08T23:16:50.810,-3.198,1.935,1.564
2025-12-08T23:16:50.820,-2.939,2.817,1.527
2025-12-08T23:16:50.830,-2.556,3.901,0.846
2025-12-08T23:16:50.840,-1.916,4.809,-0.165
2025-12-08T23:16:50.850,-1.008,5.603,-0.954
2025-12-08T23:16:50.860,0.018,6.309,-1.448
2025-12-08T23:16:50.870,0.957,6.838,-1.828
2025-12-08T23:16:50.880,1.687,7.237,-2.057
2025-12-08T23:16:50.890,2.263,7.474,-1.985
2025-12-08T23:16:50.900,2.638,7.347,-1.27
2025-12-08T23:16:50.910,2.757,6.806,-0.009
2025-12-08T23:16:50.920,2.533,5.997,1.282
2025-12-08T23:16:50.930,2.23,5.293,1.589
2025-12-08T23:16:50.940,2.06,4.811,0.209
2025-12-08T23:16:50.950,1.891,4.4,-2.237
2025-12-08T23:16:50.960,1.568,3.998,-4.264
2025-12-08T23:16:50.970,0.981,3.541,-4.719
2025-12-08T23:16:50.980,0.316,3.051,-3.704
2025-12-08T23:16:50.990,-0.296,2.695,-2.001
2025-12-08T23:16:51.000,-0.643,2.703,-0.417
2025-12-08T23:16:51.010,-0.623,3.101,0.485
2025-12-08T23:16:51.020,-0.476,3.689,0.562
2025-12-08T23:16:51.030,-0.36,4.117,-0.077
2025-12-08T23:16:51.040,-0.348,4.11,-1.117
2025-12-08T23:16:51.050,-0.46,3.698,-2.131
2025-12-08T23:16:51.060,-0.92,3.062,-2.684
2025-12-08T23:16:51.070,-1.755,2.299,-2.278
2025-12-08T23:16:51.080,-2.809,1.45,-1.168
2025-12-08T23:16:51.090,-3.982,0.559,-0.413
2025-12-08T23:16:51.100,-5.1,-0.44,-0.685
2025-12-08T23:16:51.110,-6.018,-1.441,-2.592
2025-12-08T23:16:51.120,-6.46,-2.342,-6.006
2025-12-08T23:16:51.130,-6.559,-2.943,-9.735
2025-12-08T23:16:51.140,-6.529,-3.138,-12.939
2025-12-08T23:16:51.150,-6.191,-3.256,-14.997
2025-12-08T23:16:51.160,-5.728,-3.167,-15.593
2025-12-08T23:16:51.170,-5.372,-2.964,-14.726
2025-12-08T23:16:51.180,-4.909,-3.098,-12.69
2025-12-08T23:16:51.190,-4.183,-3.439,-10.24
2025-12-08T23:16:51.200,-3.306,-3.87,-7.95
2025-12-08T23:16:51.210,-2.356,-4.422,-6.227
2025-12-08T23:16:51.220,-1.565,-5.089,-5.202
2025-12-08T23:16:51.230,-0.963,-5.721,-4.666
2025-12-08T23:16:51.240,-0.371,-6.28,-4.281
2025-12-08T23:16:51.250,0.141,-6.899,-3.881
2025-12-08T23:16:51.260,0.665,-7.375,-3.475
2025-12-08T23:16:51.270,1.169,-7.603,-2.998
2025-12-08T23:16:51.280,1.827,-7.673,-2.841
2025-12-08T23:16:51.290,2.66,-7.602,-2.871
2025-12-08T23:16:51.300,3.393,-7.408,-2.54
2025-12-08T23:16:51.310,4.244,-7.294,-1.833
2025-12-08T23:16:51.320,4.916,-7.507,-0.281
2025-12-08T23:16:51.330,5.241,-7.931,1.864
2025-12-08T23:16:51.340,5.271,-8.405,3.785
2025-12-08T23:16:51.350,4.939,-8.729,5.251
2025-12-08T23:16:51.360,4.584,-8.725,5.753
2025-12-08T23:16:51.370,4.121,-8.407,5.326
2025-12-08T23:16:51.380,3.539,-7.866,4.381
2025-12-08T23:16:51.390,2.884,-7.47,3.117
2025-12-08T23:16:51.400,2.04,-7.242,2.004
2025-12-08T23:16:51.410,1.084,-6.875,1.389
2025-12-08T23:16:51.420,0.35,-6.444,1.109
2025-12-08T23:16:51.430,0.187,-5.988,1.124
2025-12-08T23:16:51.440,0.332,-5.292,1.814
2025-12-08T23:16:51.450,0.584,-4.399,2.982
2025-12-08T23:16:51.460,0.76,-3.633,4.267
2025-12-08T23:16:51.470,0.842,-3.056,5.749
2025-12-08T23:16:51.480,1.241,-2.773,7.338
2025-12-08T23:16:51.490,1.956,-2.793,8.937
2025-12-08T23:16:51.500,2.697,-2.627,10.484
2025-12-08T23:16:51.510,3.337,-2.142,11.516
2025-12-08T23:16:51.520,3.979,-1.472,11.72
2025-12-08T23:16:51.530,4.39,-0.646,11.495
2025-12-08T23:16:51.540,4.295,0.083,11.122
2025-12-08T23:16:51.550,3.774,0.65,10.69
2025-12-08T23:16:51.560,3.005,1.108,10.356
2025-12-08T23:16:51.570,2.349,1.261,9.909
2025-12-08T23:16:51.580,1.903,1.197,9.486
2025-12-08T23:16:51.590,1.656,1.097,9.688
2025-12-08T23:16:51.600,1.529,0.828,10.306
2025-12-08T23:16:51.610,1.271,0.23,11.059
2025-12-08T23:16:51.620,0.775,-0.458,12.094
2025-12-08T23:16:51.630,0.075,-0.879,12.886
2025-12-08T23:16:51.640,-0.687,-1.132,13.042
2025-12-08T23:16:51.650,-1.495,-1.058,12.565
2025-12-08T23:16:51.660,-2.347,-0.731,11.567
2025-12-08T23:16:51.670,-3.387,-0.424,10.253
2025-12-08T23:16:51.680,-4.634,-0.011,8.472
2025-12-08T23:16:51.690,-5.776,0.204,6.21
2025-12-08T23:16:51.700,-6.821,0.348,3.708
2025-12-08T23:16:51.710,-7.843,0.557,1.51
2025-12-08T23:16:51.720,-8.79,0.646,0.139
2025-12-08T23:16:51.730,-9.55,0.865,-0.381
2025-12-08T23:16:51.740,-9.995,1.426,-0.503
2025-12-08T23:16:51.750,-10.235,2.302,-0.694
2025-12-08T23:16:51.760,-10.406,3.098,-0.978
2025-12-08T23:16:51.770,-10.74,3.714,-1.261
2025-12-08T23:16:51.780,-11.323,4.048,-1.369
2025-12-08T23:16:51.790,-11.714,4.029,-1.377
2025-12-08T23:16:51.800,-11.681,3.79,-1.511
2025-12-08T23:16:51.810,-11.299,3.19,-1.935
2025-12-08T23:16:51.820,-10.864,2.449,-2.631
2025-12-08T23:16:51.830,-10.642,1.698,-3.249
2025-12-08T23:16:51.840,-10.357,0.969,-3.689
2025-12-08T23:16:51.850,-10.102,0.363,-3.837
2025-12-08T23:16:51.860,-9.917,-0.142,-3.501
2025-12-08T23:16:51.870,-9.4,-0.359,-2.715
2025-12-08T23:16:51.880,-8.48,-0.13,-1.87
2025-12-08T23:16:51.890,-7.112,0.547,-1.373
2025-12-08T23:16:51.900,-5.402,1.481,-1.086
2025-12-08T23:16:51.910,-3.754,2.374,-0.709
2025-12-08T23:16:51.920,-2.465,3.222,0.055
2025-12-08T23:16:51.930,-1.498,3.983,1.394
2025-12-08T23:16:51.940,-0.584,4.291,2.895
2025-12-08T23:16:51.950,0.43,4.36,3.91
2025-12-08T23:16:51.960,1.411,4.417,4.288
2025-12-08T23:16:51.970,2.325,4.311,3.86
2025-12-08T23:16:51.980,3.19,4.19,2.791
2025-12-08T23:16:51.990,4.017,4.147,1.535
2025-12-08T23:16:52.000,4.914,4.151,-0.016
2025-12-08T23:16:52.010,5.734,4.004,-1.544
2025-12-08T23:16:52.020,6.455,3.651,-2.451
2025-12-08T23:16:52.030,7.051,3.208,-2.273
2025-12-08T23:16:52.040,7.451,2.818,-0.886
2025-12-08T23:16:52.050,7.706,2.574,1.038
2025-12-08T23:16:52.060,7.953,2.238,2.616
2025-12-08T23:16:52.070,8.481,1.775,2.879
2025-12-08T23:16:52.080,9.01,1.308,1.893
2025-12-08T23:16:52.090,9.247,0.908,0.797
2025-12-08T23:16:52.100,9.203,0.642,0.297
2025-12-08T23:16:52.110,8.878,0.514,0.783
2025-12-08T23:16:52.120,8.544,0.49,1.43
2025-12-08T23:16:52.130,8.414,0.558,0.546
2025-12-08T23:16:52.140,8.596,0.856,-2.007
2025-12-08T23:16:52.150,8.913,1.434,-5.094
2025-12-08T23:16:52.160,9.085,2.029,-7.117
2025-12-08T23:16:52.170,9.092,2.327,-6.892
2025-12-08T23:16:52.180,8.877,2.378,-4.88
2025-12-08T23:16:52.190,8.491,2.305,-2.43
2025-12-08T23:16:52.200,8.087,2.101,-0.929
2025-12-08T23:16:52.210,7.703,1.889,-1.04
2025-12-08T23:16:52.220,7.467,1.765,-2.24
2025-12-08T23:16:52.230,7.379,1.631,-3.64
2025-12-08T23:16:52.240,7.35,1.369,-4.663
2025-12-08T23:16:52.250,7.422,1.027,-5.422
2025-12-08T23:16:52.260,7.603,0.631,-6.58
2025-12-08T23:16:52.270,7.968,0.267,-8.315
2025-12-08T23:16:52.280,8.251,0.133,-10.03
2025-12-08T23:16:52.290,8.156,0.193,-10.891
2025-12-08T23:16:52.300,7.741,0.321,-9.959
2025-12-08T23:16:52.310,6.996,0.458,-7.217
2025-12-08T23:16:52.320,6.25,0.565,-3.89
2025-12-08T23:16:52.330,5.785,0.761,-1.506
2025-12-08T23:16:52.340,5.555,1.038,-0.979
2025-12-08T23:16:52.350,5.454,1.051,-1.774
2025-12-08T23:16:52.360,5.266,0.693,-2.915
2025-12-08T23:16:52.370,4.859,0.035,-3.512
2025-12-08T23:16:52.380,4.135,-0.869,-2.98
2025-12-08T23:16:52.390,3.147,-1.816,-1.802
2025-12-08T23:16:52.400,2.056,-2.43,-0.767
2025-12-08T23:16:52.410,0.97,-2.265,-0.254
2025-12-08T23:16:52.420,-0.133,-1.434,-0.332
2025-12-08T23:16:52.430,-1.315,-0.385,-0.842
2025-12-08T23:16:52.440,-2.695,0.495,-1.072
2025-12-08T23:16:52.450,-4.102,0.765,-1.001
2025-12-08T23:16:52.460,-4.896,0.317,-1.554
2025-12-08T23:16:52.470,-5.127,-0.413,-2.67
2025-12-08T23:16:52.480,-5.191,-1.044,-3.647
2025-12-08T23:16:52.490,-5.337,-1.902,-3.68
2025-12-08T23:16:52.500,-5.782,-3.221,-2.145
2025-12-08T23:16:52.510,-6.305,-4.823,0.193
2025-12-08T23:16:52.520,-6.505,-6.396,1.508
2025-12-08T23:16:52.530,-6.248,-7.515,0.597
2025-12-08T23:16:52.540,-5.884,-8.016,-2.297
2025-12-08T23:16:52.550,-5.656,-7.93,-5.812
2025-12-08T23:16:52.560,-5.624,-7.481,-8.328
2025-12-08T23:16:52.570,-5.842,-6.823,-8.935
2025-12-08T23:16:52.580,-6.095,-6.217,-7.688
2025-12-08T23:16:52.590,-6.216,-5.804,-5.492
2025-12-08T23:16:52.600,-6.223,-5.186,-3.008
2025-12-08T23:16:52.610,-6.004,-4.275,-0.549
2025-12-08T23:16:52.620,-5.613,-3.125,1.365
2025-12-08T23:16:52.630,-5.321,-1.905,2.702
2025-12-08T23:16:52.640,-5.011,-0.956,3.459
2025-12-08T23:16:52.650,-4.579,-0.419,3.358
2025-12-08T23:16:52.660,-4.027,-0.31,2.664
2025-12-08T23:16:52.670,-3.409,-0.384,2.071
2025-12-08T23:16:52.680,-2.909,-0.747,1.945
2025-12-08T23:16:52.690,-2.645,-1.652,2.435
2025-12-08T23:16:52.700,-2.613,-2.747,3.28
2025-12-08T23:16:52.710,-2.355,-3.635,3.517
2025-12-08T23:16:52.720,-1.63,-3.946,2.77
2025-12-08T23:16:52.730,-0.646,-3.544,1.443
2025-12-08T23:16:52.740,0.276,-2.787,0.084
2025-12-08T23:16:52.750,0.792,-1.88,-0.584
2025-12-08T23:16:52.760,0.932,-1.093,-0.043
2025-12-08T23:16:52.770,0.985,-0.675,1.382
2025-12-08T23:16:52.780,1.16,-0.519,2.766
2025-12-08T23:16:52.790,1.464,-0.496,3.381
2025-12-08T23:16:52.800,1.895,-0.289,2.709
2025-12-08T23:16:52.810,2.301,0.33,0.888
2025-12-08T23:16:52.820,2.488,1.369,-1.286
2025-12-08T23:16:52.830,2.315,2.599,-3.06
2025-12-08T23:16:52.840,1.859,3.604,-3.81
2025-12-08T23:16:52.850,1.406,4.356,-3.552
2025-12-08T23:16:52.860,1.011,4.796,-2.692
2025-12-08T23:16:52.870,0.805,4.839,-1.75
2025-12-08T23:16:52.880,0.875,4.82,-1.168
2025-12-08T23:16:52.890,1.239,4.989,-1.115
2025-12-08T23:16:52.900,1.871,5.306,-1.694
2025-12-08T23:16:52.910,2.506,5.642,-2.245
2025-12-08T23:16:52.920,3.061,5.918,-1.903
2025-12-08T23:16:52.930,3.465,6.213,-0.622
2025-12-08T23:16:52.940,3.527,6.554,1.215
2025-12-08T23:16:52.950,3.269,6.855,2.983
2025-12-08T23:16:52.960,2.935,7.153,3.869
2025-12-08T23:16:52.970,2.718,7.445,3.439
2025-12-08T23:16:52.980,2.561,7.618,2.014
2025-12-08T23:16:52.990,2.361,7.579,0.278
2025-12-08T23:16:53.000,2.158,7.225,-1.133
2025-12-08T23:16:53.010,1.983,6.755,-1.557
2025-12-08T23:16:53.020,1.918,6.412,-0.806
2025-12-08T23:16:53.030,2.255,6.198,0.484
2025-12-08T23:16:53.040,2.991,6.034,1.761
2025-12-08T23:16:53.050,3.776,5.732,2.679
2025-12-08T23:16:53.060,4.387,5.273,3.321
2025-12-08T23:16:53.070,4.609,4.793,3.999
2025-12-08T23:16:53.080,4.52,4.402,4.247
2025-12-08T23:16:53.090,4.363,4.047,3.74
2025-12-08T23:16:53.100,4.128,3.72,2.715
2025-12-08T23:16:53.110,3.918,3.605,1.891
2025-12-08T23:16:53.120,3.709,3.58,1.87
2025-12-08T23:16:53.130,3.406,3.653,2.308
2025-12-08T23:16:53.140,3.013,3.632,2.661
2025-12-08T23:16:53.150,2.472,2.986,2.482
2025-12-08T23:16:53.160,1.837,2.018,2.032
2025-12-08T23:16:53.170,1.149,1.184,1.885
2025-12-08T23:16:53.180,0.621,0.357,1.756
2025-12-08T23:16:53.190,0.381,-0.576,1.407
2025-12-08T23:16:53.200,0.078,-1.421,1.291
2025-12-08T23:16:53.210,-0.519,-2.051,1.725
2025-12-08T23:16:53.220,-1.438,-2.41,2.533
2025-12-08T23:16:53.230,-2.558,-2.331,3.221
2025-12-08T23:16:53.240,-3.644,-1.935,3.278
2025-12-08T23:16:53.250,-4.852,-1.53,2.69
2025-12-08T23:16:53.260,-6.363,-1.395,1.882
2025-12-08T23:16:53.270,-7.954,-1.561,1.112
2025-12-08T23:16:53.280,-9.399,-1.791,0.251
2025-12-08T23:16:53.290,-10.506,-2.001,-0.742
2025-12-08T23:16:53.300,-11.163,-2.249,-1.752
2025-12-08T23:16:53.310,-11.489,-2.353,-2.402
2025-12-08T23:16:53.320,-11.661,-2.051,-2.37
2025-12-08T23:16:53.330,-11.871,-1.468,-1.996
2025-12-08T23:16:53.340,-12.093,-0.654,-1.625
2025-12-08T23:16:53.350,-12.045,0.258,-1.507
2025-12-08T23:16:53.360,-11.626,0.945,-1.708
2025-12-08T23:16:53.370,-11.0,1.357,-2.002
2025-12-08T23:16:53.380,-10.252,1.53,-2.292
2025-12-08T23:16:53.390,-9.332,1.603,-2.574
2025-12-08T23:16:53.400,-8.244,1.605,-3.013
2025-12-08T23:16:53.410,-6.987,1.423,-3.453
2025-12-08T23:16:53.420,-5.701,0.966,-3.35
2025-12-08T23:16:53.430,-4.668,0.24,-2.484
2025-12-08T23:16:53.440,-3.98,-0.576,-1.039
2025-12-08T23:16:53.450,-3.489,-1.199,0.328
2025-12-08T23:16:53.460,-3.049,-1.363,0.924
2025-12-08T23:16:53.470,-2.69,-1.076,0.813
2025-12-08T23:16:53.480,-2.33,-0.442,0.294
2025-12-08T23:16:53.490,-1.87,0.134,-0.244
2025-12-08T23:16:53.500,-1.45,0.436,-0.385
2025-12-08T23:16:53.510,-0.966,0.719,-0.039
2025-12-08T23:16:53.520,-0.226,0.805,1.0
2025-12-08T23:16:53.530,0.721,0.547,2.347
2025-12-08T23:16:53.540,1.949,0.044,3.428
2025-12-08T23:16:53.550,3.256,-0.589,4.211
2025-12-08T23:16:53.560,4.174,-1.195,4.472
2025-12-08T23:16:53.570,4.64,-1.89,4.204
2025-12-08T23:16:53.580,4.686,-2.643,3.767
2025-12-08T23:16:53.590,4.494,-3.113,3.446
2025-12-08T23:16:53.600,4.234,-3.259,3.232
2025-12-08T23:16:53.610,3.888,-3.279,2.963
2025-12-08T23:16:53.620,3.642,-3.164,2.277
2025-12-08T23:16:53.630,3.452,-3.011,0.949
2025-12-08T23:16:53.640,3.26,-2.842,-0.697
2025-12-08T23:16:53.650,3.149,-2.589,-1.994
2025-12-08T23:16:53.660,3.071,-2.431,-2.221
2025-12-08T23:16:53.670,3.059,-2.46,-1.539
2025-12-08T23:16:53.680,3.151,-2.835,-0.623
2025-12-08T23:16:53.690,3.547,-3.527,-0.078
2025-12-08T23:16:53.700,4.305,-4.337,-0.292
2025-12-08T23:16:53.710,5.041,-5.177,-0.738
2025-12-08T23:16:53.720,5.553,-5.912,-0.72
2025-12-08T23:16:53.730,5.986,-6.61,-0.214
2025-12-08T23:16:53.740,6.43,-7.276,0.249
2025-12-08T23:16:53.750,6.648,-7.727,-0.077
2025-12-08T23:16:53.760,6.484,-7.818,-1.43
2025-12-08T23:16:53.770,6.032,-7.665,-2.953
2025-12-08T23:16:53.780,5.317,-7.487,-3.417
2025-12-08T23:16:53.790,4.568,-7.163,-2.451
2025-12-08T23:16:53.800,3.992,-6.482,-0.7
2025-12-08T23:16:53.810,3.517,-5.346,0.847
2025-12-08T23:16:53.820,3.324,-4.129,1.629
2025-12-08T23:16:53.830,3.457,-3.252,1.559
2025-12-08T23:16:53.840,3.753,-2.538,0.818
2025-12-08T23:16:53.850,4.129,-1.885,0.098
2025-12-08T23:16:53.860,4.345,-1.35,0.234
2025-12-08T23:16:53.870,4.331,-1.035,1.216
2025-12-08T23:16:53.880,4.061,-1.054,2.533
2025-12-08T23:16:53.890,3.372,-1.32,3.56
2025-12-08T23:16:53.900,2.263,-1.864,3.682
2025-12-08T23:16:53.910,0.996,-2.629,3.025
2025-12-08T23:16:53.920,-0.002,-3.322,1.861
2025-12-08T23:16:53.930,-0.674,-3.649,0.387
2025-12-08T23:16:53.940,-1.15,-3.588,-1.275
2025-12-08T23:16:53.950,-1.627,-3.465,-3.072
2025-12-08T23:16:53.960,-2.346,-3.346,-4.063
2025-12-08T23:16:53.970,-3.197,-3.095,-3.705
2025-12-08T23:16:53.980,-4.008,-2.572,-2.677
2025-12-08T23:16:53.990,-4.578,-1.766,-1.958
2025-12-08T23:16:54.000,-4.838,-1.003,-2.258
2025-12-08T23:16:54.010,-5.019,-0.454,-3.124
2025-12-08T23:16:54.020,-5.262,-0.021,-3.481
2025-12-08T23:16:54.030,-5.462,0.347,-2.871
2025-12-08T23:16:54.040,-5.407,0.555,-1.762
2025-12-08T23:16:54.050,-5.142,0.672,-1.001
2025-12-08T23:16:54.060,-4.774,0.731,-0.981
2025-12-08T23:16:54.070,-4.345,0.441,-1.743
2025-12-08T23:16:54.080,-3.953,-0.248,-2.809
2025-12-08T23:16:54.090,-3.606,-1.051,-3.202
2025-12-08T23:16:54.100,-3.346,-1.655,-2.301
2025-12-08T23:16:54.110,-3.12,-2.1,-0.475
2025-12-08T23:16:54.120,-2.781,-2.431,1.25
2025-12-08T23:16:54.130,-2.235,-2.422,1.992
2025-12-08T23:16:54.140,-1.523,-2.079,1.242
2025-12-08T23:16:54.150,-0.683,-1.531,-0.39
2025-12-08T23:16:54.160,0.237,-0.969,-1.182
2025-12-08T23:16:54.170,1.023,-0.542,-0.349
2025-12-08T23:16:54.180,1.845,-0.086,1.324
2025-12-08T23:16:54.190,2.786,0.613,2.635
2025-12-08T23:16:54.200,3.635,1.477,2.525
2025-12-08T23:16:54.210,4.315,2.374,1.147
2025-12-08T23:16:54.220,4.811,3.25,-0.295
2025-12-08T23:16:54.230,5.328,3.824,-1.038
2025-12-08T23:16:54.240,5.704,4.149,-0.463
2025-12-08T23:16:54.250,5.642,4.457,1.399
2025-12-08T23:16:54.260,5.372,4.644,3.341
2025-12-08T23:16:54.270,5.216,4.881,4.201
2025-12-08T23:16:54.280,5.21,5.146,3.614
2025-12-08T23:16:54.290,5.19,5.223,2.123
2025-12-08T23:16:54.300,5.048,5.144,0.873
2025-12-08T23:16:54.310,4.697,4.898,0.885
2025-12-08T23:16:54.320,4.114,4.475,2.053
2025-12-08T23:16:54.330,3.192,3.881,2.986
2025-12-08T23:16:54.340,2.118,3.416,2.494
2025-12-08T23:16:54.350,1.16,3.307,0.478
2025-12-08T23:16:54.360,0.286,3.487,-2.244
2025-12-08T23:16:54.370,-0.487,3.889,-4.288
2025-12-08T23:16:54.380,-1.219,4.273,-5.244
2025-12-08T23:16:54.390,-1.823,4.632,-5.708
2025-12-08T23:16:54.400,-2.228,5.169,-6.233
2025-12-08T23:16:54.410,-2.347,5.735,-7.336
2025-12-08T23:16:54.420,-2.189,6.076,-8.628
2025-12-08T23:16:54.430,-2.008,6.213,-9.419
2025-12-08T23:16:54.440,-1.809,5.934,-9.524
2025-12-08T23:16:54.450,-1.628,5.312,-8.736
2025-12-08T23:16:54.460,-1.395,4.791,-7.094
2025-12-08T23:16:54.470,-1.093,4.319,-4.955
2025-12-08T23:16:54.480,-0.741,4.096,-2.933
2025-12-08T23:16:54.490,-0.25,4.29,-1.58
2025-12-08T23:16:54.500,0.159,4.648,-1.181
2025-12-08T23:16:54.510,0.484,4.934,-1.565
2025-12-08T23:16:54.520,0.81,4.927,-2.027
2025-12-08T23:16:54.530,1.005,4.585,-1.853
2025-12-08T23:16:54.540,1.112,4.116,-0.935
2025-12-08T23:16:54.550,1.266,3.653,0.044
2025-12-08T23:16:54.560,1.619,3.089,0.607
2025-12-08T23:16:54.570,2.148,2.658,0.652
2025-12-08T23:16:54.580,2.738,2.41,0.275
2025-12-08T23:16:54.590,3.266,2.282,0.03
2025-12-08T23:16:54.600,3.711,2.387,-0.114
2025-12-08T23:16:54.610,4.272,2.54,-0.457
2025-12-08T23:16:54.620,4.717,2.772,-0.845
2025-12-08T23:16:54.630,4.887,3.034,-1.248
2025-12-08T23:16:54.640,5.046,3.128,-1.473
2025-12-08T23:16:54.650,5.091,3.014,-1.182
2025-12-08T23:16:54.660,4.75,2.779,-0.364
2025-12-08T23:16:54.670,3.851,2.457,0.573
2025-12-08T23:16:54.680,2.445,1.977,1.31
2025-12-08T23:16:54.690,0.82,1.552,1.828
2025-12-08T23:16:54.700,-0.65,1.252,1.971
2025-12-08T23:16:54.710,-1.836,1.102,1.637
2025-12-08T23:16:54.720,-2.687,0.998,0.615
2025-12-08T23:16:54.730,-3.159,0.662,-0.95
2025-12-08T23:16:54.740,-3.503,0.171,-2.317
2025-12-08T23:16:54.750,-3.665,-0.489,-3.009
2025-12-08T23:16:54.760,-3.669,-1.381,-2.846
2025-12-08T23:16:54.770,-3.549,-2.231,-2.25
2025-12-08T23:16:54.780,-3.256,-2.741,-1.68
2025-12-08T23:16:54.790,-3.137,-2.865,-1.422
2025-12-08T23:16:54.800,-3.276,-2.854,-1.57
2025-12-08T23:16:54.810,-3.66,-2.988,-1.455
2025-12-08T23:16:54.820,-4.195,-3.313,-0.696
2025-12-08T23:16:54.830,-4.81,-3.758,0.626
2025-12-08T23:16:54.840,-5.491,-4.363,1.755
2025-12-08T23:16:54.850,-5.992,-5.26,1.648
2025-12-08T23:16:54.860,-6.253,-6.258,0.268
2025-12-08T23:16:54.870,-6.223,-7.003,-1.739
2025-12-08T23:16:54.880,-5.857,-7.44,-3.22
2025-12-08T23:16:54.890,-5.172,-7.606,-3.452
2025-12-08T23:16:54.900,-4.301,-7.476,-2.553
2025-12-08T23:16:54.910,-3.387,-7.023,-0.972
2025-12-08T23:16:54.920,-2.438,-6.416,0.456
2025-12-08T23:16:54.930,-1.463,-5.78,1.329
2025-12-08T23:16:54.940,-0.376,-5.191,1.708
2025-12-08T23:16:54.950,0.654,-4.828,1.861
2025-12-08T23:16:54.960,1.443,-4.684,2.399
2025-12-08T23:16:54.970,1.997,-4.795,3.652
2025-12-08T23:16:54.980,2.217,-5.186,5.476
2025-12-08T23:16:54.990,2.131,-5.628,7.222
2025-12-08T23:16:55.000,1.829,-5.811,7.951
2025-12-08T23:16:55.010,1.394,-5.62,7.293
2025-12-08T23:16:55.020,0.824,-5.03,5.6
2025-12-08T23:16:55.030,0.191,-3.993,3.561
2025-12-08T23:16:55.040,-0.401,-2.612,1.952
2025-12-08T23:16:55.050,-1.077,-1.155,1.256
2025-12-08T23:16:55.060,-1.698,-0.028,1.421
2025-12-08T23:16:55.070,-1.969,0.847,2.106
2025-12-08T23:16:55.080,-1.759,1.739,2.841
2025-12-08T23:16:55.090,-1.104,2.553,3.244
2025-12-08T23:16:55.100,-0.305,3.39,3.417
2025-12-08T23:16:55.110,0.397,4.149,3.722
2025-12-08T23:16:55.120,0.96,4.645,4.274
2025-12-08T23:16:55.130,1.448,5.148,4.828
2025-12-08T23:16:55.140,1.964,5.72,4.861
2025-12-08T23:16:55.150,2.436,6.192,4.222
2025-12-08T23:16:55.160,2.558,6.575,3.291
2025-12-08T23:16:55.170,2.228,6.853,2.305
2025-12-08T23:16:55.180,1.647,6.775,1.416
2025-12-08T23:16:55.190,1.031,6.365,0.717
2025-12-08T23:16:55.200,0.544,5.887,0.173
2025-12-08T23:16:55.210,0.22,5.483,-0.262
2025-12-08T23:16:55.220,0.141,5.234,-0.729
2025-12-08T23:16:55.230,0.396,5.006,-1.408
2025-12-08T23:16:55.240,0.807,4.691,-2.206
2025-12-08T23:16:55.250,1.144,4.245,-2.66
2025-12-08T23:16:55.260,1.325,3.748,-2.437
2025-12-08T23:16:55.270,1.368,3.267,-1.376
2025-12-08T23:16:55.280,1.424,2.638,0.182
2025-12-08T23:16:55.290,1.623,1.919,1.496
2025-12-08T23:16:55.300,1.959,1.113,2.098
2025-12-08T23:16:55.310,2.403,0.215,1.795
2025-12-08T23:16:55.320,2.788,-0.565,0.906
2025-12-08T23:16:55.330,3.064,-1.137,-0.232
2025-12-08T23:16:55.340,3.253,-1.513,-1.337
2025-12-08T23:16:55.350,3.184,-1.635,-1.912
2025-12-08T23:16:55.360,2.885,-1.571,-1.885
2025-12-08T23:16:55.370,2.579,-1.689,-1.549
2025-12-08T23:16:55.380,2.431,-1.958,-1.053
2025-12-08T23:16:55.390,2.398,-1.994,-0.48
2025-12-08T23:16:55.400,2.393,-1.634,0.03
2025-12-08T23:16:55.410,2.288,-0.991,0.598
2025-12-08T23:16:55.420,1.898,-0.392,1.241
2025-12-08T23:16:55.430,1.277,0.074,1.555
2025-12-08T23:16:55.440,0.533,0.396,1.166
2025-12-08T23:16:55.450,-0.326,0.461,0.095
2025-12-08T23:16:55.460,-1.232,0.219,-1.242
2025-12-08T23:16:55.470,-1.834,-0.209,-2.149
2025-12-08T23:16:55.480,-1.989,-0.65,-2.083
2025-12-08T23:16:55.490,-1.932,-1.053,-1.302
2025-12-08T23:16:55.500,-1.78,-1.219,-0.297
2025-12-08T23:16:55.510,-1.721,-1.172,0.643
2025-12-08T23:16:55.520,-1.85,-1.093,1.452
2025-12-08T23:16:55.530,-2.115,-1.043,2.398
2025-12-08T23:16:55.540,-2.62,-1.106,3.652
2025-12-08T23:16:55.550,-3.296,-1.334,5.161
2025-12-08T23:16:55.560,-3.875,-1.751,6.705
2025-12-08T23:16:55.570,-4.208,-2.058,7.91
2025-12-08T23:16:55.580,-4.189,-2.11,8.047
2025-12-08T23:16:55.590,-3.815,-1.925,6.676
2025-12-08T23:16:55.600,-3.268,-1.541,4.354
2025-12-08T23:16:55.610,-2.67,-1.248,2.101
2025-12-08T23:16:55.620,-2.149,-1.066,1.009
2025-12-08T23:16:55.630,-1.685,-0.956,1.416
2025-12-08T23:16:55.640,-1.218,-0.854,2.74
2025-12-08T23:16:55.650,-0.912,-0.614,4.105
2025-12-08T23:16:55.660,-0.863,-0.303,5.034
2025-12-08T23:16:55.670,-1.089,-0.139,5.567
2025-12-08T23:16:55.680,-1.299,-0.174,5.598
2025-12-08T23:16:55.690,-1.181,-0.216,5.357
2025-12-08T23:16:55.700,-0.749,-0.283,4.802
2025-12-08T23:16:55.710,-0.105,-0.364,3.779
2025-12-08T23:16:55.720,0.422,-0.362,2.869
2025-12-08T23:16:55.730,0.657,-0.391,2.125
2025-12-08T23:16:55.740,0.708,-0.548,1.491
2025-12-08T23:16:55.750,0.736,-0.799,0.913
2025-12-08T23:16:55.760,0.806,-1.141,0.265
2025-12-08T23:16:55.770,0.815,-1.434,-0.156
2025-12-08T23:16:55.780,0.662,-1.369,-0.47
2025-12-08T23:16:55.790,0.321,-1.045,-0.776
2025-12-08T23:16:55.800,-0.077,-0.493,-0.959
2025-12-08T23:16:55.810,-0.549,0.41,-0.95
2025-12-08T23:16:55.820,-1.059,1.346,-0.739
2025-12-08T23:16:55.830,-1.443,2.117,-0.623
2025-12-08T23:16:55.840,-1.729,2.592,-0.742
2025-12-08T23:16:55.850,-1.916,2.654,-1.195
2025-12-08T23:16:55.860,-2.045,2.45,-2.088
2025-12-08T23:16:55.870,-2.224,2.013,-3.256
2025-12-08T23:16:55.880,-2.583,1.438,-4.509
2025-12-08T23:16:55.890,-3.079,0.89,-5.676
2025-12-08T23:16:55.900,-3.447,0.31,-6.601
2025-12-08T23:16:55.910,-3.484,-0.217,-7.133
2025-12-08T23:16:55.920,-3.249,-0.398,-7.05
2025-12-08T23:16:55.930,-2.949,-0.174,-6.481
2025-12-08T23:16:55.940,-2.522,0.255,-5.824
2025-12-08T23:16:55.950,-2.015,0.835,-5.041
2025-12-08T23:16:55.960,-1.63,1.594,-4.361
2025-12-08T23:16:55.970,-1.425,2.354,-4.262
2025-12-08T23:16:55.980,-1.382,2.992,-4.537
2025-12-08T23:16:55.990,-1.401,3.455,-4.721
2025-12-08T23:16:56.000,-1.558,3.439,-4.302
2025-12-08T23:16:56.010,-1.962,2.791,-3.271
2025-12-08T23:16:56.020,-2.365,1.774,-2.415
2025-12-08T23:16:56.030,-2.492,0.749,-2.303
2025-12-08T23:16:56.040,-2.381,0.096,-3.067
2025-12-08T23:16:56.050,-2.053,-0.06,-4.472
2025-12-08T23:16:56.060,-1.739,0.076,-5.788
2025-12-08T23:16:56.070,-1.726,0.258,-6.447
2025-12-08T23:16:56.080,-1.936,0.296,-6.329
2025-12-08T23:16:56.090,-2.416,0.12,-5.383
2025-12-08T23:16:56.100,-2.999,-0.272,-3.88
2025-12-08T23:16:56.110,-3.415,-0.718,-2.309
2025-12-08T23:16:56.120,-3.64,-0.977,-1.231
2025-12-08T23:16:56.130,-3.64,-1.053,-1.161
2025-12-08T23:16:56.140,-3.528,-1.137,-1.992
2025-12-08T23:16:56.150,-3.415,-1.293,-3.314
2025-12-08T23:16:56.160,-3.412,-1.461,-4.477
2025-12-08T23:16:56.170,-3.466,-1.682,-5.006
2025-12-08T23:16:56.180,-3.536,-1.916,-4.715
2025-12-08T23:16:56.190,-3.817,-2.073,-3.358
2025-12-08T23:16:56.200,-4.299,-2.137,-1.524
2025-12-08T23:16:56.210,-4.802,-2.021,-0.16
2025-12-08T23:16:56.220,-5.017,-1.632,0.059
2025-12-08T23:16:56.230,-4.785,-0.997,-0.969
2025-12-08T23:16:56.240,-4.281,-0.229,-2.357
2025-12-08T23:16:56.250,-3.75,0.475,-3.297
2025-12-08T23:16:56.260,-3.23,0.928,-3.485
2025-12-08T23:16:56.270,-2.567,1.206,-3.037
2025-12-08T23:16:56.280,-1.741,1.495,-2.353
2025-12-08T23:16:56.290,-0.838,1.808,-1.696
2025-12-08T23:16:56.300,-0.109,2.003,-1.156
2025-12-08T23:16:56.310,0.259,1.95,-0.66
2025-12-08T23:16:56.320,0.337,1.635,-0.226
2025-12-08T23:16:56.330,0.347,1.088,0.006
2025-12-08T23:16:56.340,0.482,0.335,0.01
2025-12-08T23:16:56.350,0.767,-0.526,-0.265
2025-12-08T23:16:56.360,1.212,-1.359,-0.59
2025-12-08T23:16:56.370,1.725,-2.073,-0.51
2025-12-08T23:16:56.380,2.345,-2.576,-0.003
2025-12-08T23:16:56.390,3.032,-2.751,0.913
2025-12-08T23:16:56.400,3.629,-2.66,1.985
2025-12-08T23:16:56.410,4.253,-2.582,2.467
2025-12-08T23:16:56.420,5.003,-2.584,2.091
2025-12-08T23:16:56.430,5.847,-2.608,1.257
2025-12-08T23:16:56.440,6.514,-2.715,0.436
2025-12-08T23:16:56.450,6.948,-2.97,-0.043
2025-12-08T23:16:56.460,7.201,-3.398,0.126
2025-12-08T23:16:56.470,7.272,-3.878,0.793
2025-12-08T23:16:56.480,7.309,-4.484,1.6
2025-12-08T23:16:56.490,7.158,-5.217,2.196
2025-12-08T23:16:56.500,6.941,-5.946,2.162
2025-12-08T23:16:56.510,6.817,-6.552,1.506
2025-12-08T23:16:56.520,6.719,-6.769,0.434
2025-12-08T23:16:56.530,6.637,-6.741,-0.768
2025-12-08T23:16:56.540,6.48,-6.54,-1.846
2025-12-08T23:16:56.550,6.367,-6.207,-2.488
2025-12-08T23:16:56.560,6.295,-5.91,-2.655
2025-12-08T23:16:56.570,6.254,-5.563,-2.633
2025-12-08T23:16:56.580,6.159,-5.224,-2.268
2025-12-08T23:16:56.590,5.77,-4.777,-1.51
2025-12-08T23:16:56.600,5.214,-4.138,-0.394
2025-12-08T23:16:56.610,4.613,-3.432,0.883
2025-12-08T23:16:56.620,4.061,-2.79,1.817
2025-12-08T23:16:56.630,3.585,-2.381,2.29
2025-12-08T23:16:56.640,3.064,-2.231,2.449
2025-12-08T23:16:56.650,2.487,-2.292,2.357
2025-12-08T23:16:56.660,1.903,-2.333,1.993
2025-12-08T23:16:56.670,1.328,-2.262,1.617
2025-12-08T23:16:56.680,0.718,-2.219,1.618
2025-12-08T23:16:56.690,0.129,-2.316,2.268
2025-12-08T23:16:56.700,-0.314,-2.404,3.474
2025-12-08T23:16:56.710,-0.521,-2.049,4.679
2025-12-08T23:16:56.720,-0.527,-1.104,5.521
2025-12-08T23:16:56.730,-0.365,0.219,5.893
2025-12-08T23:16:56.740,-0.162,1.519,6.031
2025-12-08T23:16:56.750,-0.235,2.561,6.251
2025-12-08T23:16:56.760,-0.589,3.245,6.535
2025-12-08T23:16:56.770,-1.134,3.46,6.675
2025-12-08T23:16:56.780,-1.789,3.359,6.333
2025-12-08T23:16:56.790,-2.377,3.023,5.594
2025-12-08T23:16:56.800,-2.906,2.437,4.746
2025-12-08T23:16:56.810,-3.249,1.542,3.871
2025-12-08T23:16:56.820,-3.328,0.298,3.244
2025-12-08T23:16:56.830,-3.188,-1.034,2.921
2025-12-08T23:16:56.840,-2.705,-2.265,2.486
2025-12-08T23:16:56.850,-2.025,-3.335,1.785
2025-12-08T23:16:56.860,-1.469,-4.225,1.211
2025-12-08T23:16:56.870,-1.109,-4.987,1.143
2025-12-08T23:16:56.880,-0.8,-5.422,1.705
2025-12-08T23:16:56.890,-0.289,-5.188,2.422
2025-12-08T23:16:56.900,0.384,-4.465,2.371
2025-12-08T23:16:56.910,0.893,-3.742,1.44
2025-12-08T23:16:56.920,1.109,-3.102,0.465
2025-12-08T23:16:56.930,1.079,-2.598,0.103
2025-12-08T23:16:56.940,0.972,-2.336,0.264
2025-12-08T23:16:56.950,1.029,-2.295,0.608
2025-12-08T23:16:56.960,1.314,-2.283,0.751
2025-12-08T23:16:56.970,1.613,-1.879,0.494
2025-12-08T23:16:56.980,1.654,-1.099,-0.068
2025-12-08T23:16:56.990,1.486,-0.275,-0.902
2025-12-08T23:16:57.000,1.324,0.459,-1.579
2025-12-08T23:16:57.010,1.233,1.077,-1.554
2025-12-08T23:16:57.020,1.243,1.688,-0.982
2025-12-08T23:16:57.030,1.522,2.283,-0.483
2025-12-08T23:16:57.040,2.077,2.72,-0.578
2025-12-08T23:16:57.050,2.72,3.093,-1.384
2025-12-08T23:16:57.060,3.3,3.396,-2.238
2025-12-08T23:16:57.070,3.575,3.472,-2.189
2025-12-08T23:16:57.080,3.516,3.463,-1.313
2025-12-08T23:16:57.090,3.372,3.429,-0.312
2025-12-08T23:16:57.100,3.277,3.287,0.125
2025-12-08T23:16:57.110,3.175,3.122,-0.449
2025-12-08T23:16:57.120,2.883,2.968,-1.602
2025-12-08T23:16:57.130,2.337,2.896,-2.832
2025-12-08T23:16:57.140,1.557,2.804,-3.915
2025-12-08T23:16:57.150,0.602,2.477,-4.436
2025-12-08T23:16:57.160,-0.501,2.012,-4.131
2025-12-08T23:16:57.170,-1.794,1.471,-3.069
2025-12-08T23:16:57.180,-3.018,0.865,-2.0
2025-12-08T23:16:57.190,-3.956,0.265,-1.58
2025-12-08T23:16:57.200,-4.57,-0.177,-1.861
2025-12-08T23:16:57.210,-4.693,-0.46,-2.713
2025-12-08T23:16:57.220,-4.472,-0.856,-3.63
2025-12-08T23:16:57.230,-4.155,-1.269,-4.243
2025-12-08T23:16:57.240,-3.938,-1.674,-4.369
2025-12-08T23:16:57.250,-4.107,-2.098,-3.842
2025-12-08T23:16:57.260,-4.622,-2.336,-2.76
2025-12-08T23:16:57.270,-5.247,-2.419,-1.616
2025-12-08T23:16:57.280,-5.716,-2.296,-1.09
2025-12-08T23:16:57.290,-5.81,-1.951,-1.493
2025-12-08T23:16:57.300,-5.588,-1.512,-2.665
2025-12-08T23:16:57.310,-5.219,-1.158,-3.883
2025-12-08T23:16:57.320,-4.664,-0.966,-4.514
2025-12-08T23:16:57.330,-3.901,-0.962,-4.217
2025-12-08T23:16:57.340,-3.07,-1.152,-3.08
2025-12-08T23:16:57.350,-2.176,-1.185,-1.658
2025-12-08T23:16:57.360,-1.297,-1.058,-0.336
2025-12-08T23:16:57.370,-0.536,-0.864,0.346
2025-12-08T23:16:57.380,0.221,-0.593,0.356
2025-12-08T23:16:57.390,0.872,-0.325,0.256
2025-12-08T23:16:57.400,1.224,-0.041,0.146
2025-12-08T23:16:57.410,1.388,0.098,0.094
2025-12-08T23:16:57.420,1.397,0.257,0.212
2025-12-08T23:16:57.430,1.221,0.615,0.296
2025-12-08T23:16:57.440,1.076,1.05,0.401
2025-12-08T23:16:57.450,1.013,1.479,0.73
2025-12-08T23:16:57.460,0.922,1.762,1.132
2025-12-08T23:16:57.470,0.89,1.937,1.509
2025-12-08T23:16:57.480,0.961,2.198,1.603
2025-12-08T23:16:57.490,1.164,2.592,1.046
2025-12-08T23:16:57.500,1.563,3.044,-0.042
2025-12-08T23:16:57.510,1.838,3.482,-1.087
2025-12-08T23:16:57.520,1.787,3.721,-1.48
2025-12-08T23:16:57.530,1.507,3.837,-1.093
2025-12-08T23:16:57.540,1.031,4.227,-0.396
2025-12-08T23:16:57.550,0.549,4.877,-0.149
2025-12-08T23:16:57.560,0.065,5.5,-0.554
2025-12-08T23:16:57.570,-0.447,5.897,-1.227
2025-12-08T23:16:57.580,-0.928,5.951,-1.723
2025-12-08T23:16:57.590,-1.373,5.632,-1.854
2025-12-08T23:16:57.600,-1.527,5.022,-1.89
2025-12-08T23:16:57.610,-1.373,4.342,-2.258
2025-12-08T23:16:57.620,-1.145,3.779,-2.897
2025-12-08T23:16:57.630,-1.076,3.459,-3.186
2025-12-08T23:16:57.640,-1.259,3.482,-2.933
2025-12-08T23:16:57.650,-1.527,3.691,-2.273
2025-12-08T23:16:57.660,-1.789,4.023,-1.377
2025-12-08T23:16:57.670,-2.142,4.529,-0.339
2025-12-08T23:16:57.680,-2.662,5.083,0.949
2025-12-08T23:16:57.690,-3.339,5.642,2.311
2025-12-08T23:16:57.700,-4.094,6.04,3.416
2025-12-08T23:16:57.710,-4.702,6.189,3.988
2025-12-08T23:16:57.720,-5.149,6.158,4.066
2025-12-08T23:16:57.730,-5.355,5.798,3.799
2025-12-08T23:16:57.740,-5.133,5.098,3.336
2025-12-08T23:16:57.750,-4.563,4.378,2.918
2025-12-08T23:16:57.760,-3.642,3.93,2.782
2025-12-08T23:16:57.770,-2.679,3.774,3.114
2025-12-08T23:16:57.780,-1.905,3.78,3.739
2025-12-08T23:16:57.790,-1.182,3.743,4.52
2025-12-08T23:16:57.800,-0.605,3.692,5.386
2025-12-08T23:16:57.810,-0.192,3.613,6.268
2025-12-08T23:16:57.820,0.076,3.241,7.128
2025-12-08T23:16:57.830,0.139,2.652,7.641
2025-12-08T23:16:57.840,-0.046,1.908,7.759
2025-12-08T23:16:57.850,-0.487,1.053,7.38
2025-12-08T23:16:57.860,-1.01,0.122,6.238
2025-12-08T23:16:57.870,-1.483,-0.934,4.739
2025-12-08T23:16:57.880,-1.804,-1.681,3.28
2025-12-08T23:16:57.890,-1.978,-2.084,2.163
2025-12-08T23:16:57.900,-2.072,-2.359,1.532
2025-12-08T23:16:57.910,-2.092,-2.395,1.052
2025-12-08T23:16:57.920,-2.219,-2.386,0.678
2025-12-08T23:16:57.930,-2.39,-2.393,0.162
2025-12-08T23:16:57.940,-2.387,-2.487,-0.513
2025-12-08T23:16:57.950,-2.13,-2.507,-0.849
2025-12-08T23:16:57.960,-1.669,-2.122,-0.88
2025-12-08T23:16:57.970,-1.141,-1.457,-0.685
2025-12-08T23:16:57.980,-0.537,-0.608,-0.353
2025-12-08T23:16:57.990,-0.077,0.079,-0.077
2025-12-08T23:16:58.000,0.155,0.399,-0.047
2025-12-08T23:16:58.010,0.328,0.446,-0.618
2025-12-08T23:16:58.020,0.584,0.35,-1.812
2025-12-08T23:16:58.030,1.102,0.318,-3.218
2025-12-08T23:16:58.040,1.724,0.466,-4.369
2025-12-08T23:16:58.050,2.332,1.001,-5.03
2025-12-08T23:16:58.060,2.926,1.83,-5.238
2025-12-08T23:16:58.070,3.49,2.857,-4.958
2025-12-08T23:16:58.080,4.117,3.917,-4.021
2025-12-08T23:16:58.090,4.801,4.662,-2.532
2025-12-08T23:16:58.100,5.502,5.008,-0.844
2025-12-08T23:16:58.110,6.169,5.182,0.454
2025-12-08T23:16:58.120,6.772,5.581,0.915
2025-12-08T23:16:58.130,7.297,6.042,0.662
2025-12-08T23:16:58.140,7.624,6.323,0.03
2025-12-08T23:16:58.150,7.563,6.358,-0.412
2025-12-08T23:16:58.160,7.167,6.059,-0.483
2025-12-08T23:16:58.170,6.671,5.479,-0.533
2025-12-08T23:16:58.180,6.254,4.651,-0.819
2025-12-08T23:16:58.190,5.979,3.836,-1.594
2025-12-08T23:16:58.200,5.744,3.018,-2.686
2025-12-08T23:16:58.210,5.443,2.151,-3.718
2025-12-08T23:16:58.220,4.965,1.638,-4.293
2025-12-08T23:16:58.230,4.431,1.691,-4.223
2025-12-08T23:16:58.240,4.004,2.19,-4.019
2025-12-08T23:16:58.250,3.551,2.798,-3.894
2025-12-08T23:16:58.260,3.066,3.325,-3.623
2025-12-08T23:16:58.270,2.386,3.75,-2.949
2025-12-08T23:16:58.280,1.617,3.932,-1.999
2025-12-08T23:16:58.290,1.18,3.806,-1.483
2025-12-08T23:16:58.300,1.013,3.41,-1.807
2025-12-08T23:16:58.310,0.988,2.79,-2.892
2025-12-08T23:16:58.320,0.977,1.953,-4.224
2025-12-08T23:16:58.330,0.968,0.938,-5.305
2025-12-08T23:16:58.340,1.053,-0.208,-6.016
2025-12-08T23:16:58.350,1.129,-1.341,-6.138
2025-12-08T23:16:58.360,1.125,-2.294,-5.545
2025-12-08T23:16:58.370,1.059,-3.061,-4.311
2025-12-08T23:16:58.380,1.131,-3.547,-2.738
2025-12-08T23:16:58.390,1.4,-3.644,-1.39
2025-12-08T23:16:58.400,1.7,-3.444,-0.485
2025-12-08T23:16:58.410,1.795,-3.185,0.389
2025-12-08T23:16:58.420,1.492,-2.913,1.611
2025-12-08T23:16:58.430,0.88,-2.54,3.013
2025-12-08T23:16:58.440,0.095,-2.039,4.028
2025-12-08T23:16:58.450,-0.697,-1.401,4.055
2025-12-08T23:16:58.460,-1.452,-0.813,3.194
2025-12-08T23:16:58.470,-2.242,-0.259,2.233
2025-12-08T23:16:58.480,-3.08,0.294,1.88
2025-12-08T23:16:58.490,-3.951,0.688,2.275
2025-12-08T23:16:58.500,-4.645,0.886,3.161
2025-12-08T23:16:58.510,-5.121,0.876,4.111
2025-12-08T23:16:58.520,-5.367,0.967,4.579
2025-12-08T23:16:58.530,-5.312,1.365,4.534
2025-12-08T23:16:58.540,-5.066,1.928,4.197
2025-12-08T23:16:58.550,-4.721,2.412,3.864
2025-12-08T23:16:58.560,-4.563,2.59,4.236
2025-12-08T23:16:58.570,-4.743,2.433,5.419
2025-12-08T23:16:58.580,-5.076,1.942,6.661
2025-12-08T23:16:58.590,-5.383,1.3,7.21
2025-12-08T23:16:58.600,-5.577,0.652,6.564
2025-12-08T23:16:58.610,-5.766,0.03,4.679
2025-12-08T23:16:58.620,-5.969,-0.487,2.527
2025-12-08T23:16:58.630,-6.148,-0.811,0.906
2025-12-08T23:16:58.640,-6.28,-0.986,-0.127
2025-12-08T23:16:58.650,-6.202,-1.026,-0.507
2025-12-08T23:16:58.660,-5.722,-0.73,-0.684
2025-12-08T23:16:58.670,-4.911,-0.363,-0.923
2025-12-08T23:16:58.680,-3.991,-0.064,-1.077
2025-12-08T23:16:58.690,-3.007,0.182,-1.035
2025-12-08T23:16:58.700,-2.06,0.147,-0.414
2025-12-08T23:16:58.710,-1.257,-0.015,1.068
2025-12-08T23:16:58.720,-0.616,-0.227,3.084
2025-12-08T23:16:58.730,-0.043,-0.413,4.342
2025-12-08T23:16:58.740,0.551,-0.442,4.167
2025-12-08T23:16:58.750,0.981,-0.378,3.25
2025-12-08T23:16:58.760,1.078,-0.434,2.343
2025-12-08T23:16:58.770,0.907,-0.71,2.146
2025-12-08T23:16:58.780,0.656,-1.007,2.757
2025-12-08T23:16:58.790,0.558,-1.195,3.266
2025-12-08T23:16:58.800,0.662,-1.099,3.105
2025-12-08T23:16:58.810,0.82,-0.793,2.542
2025-12-08T23:16:58.820,1.041,-0.453,1.932
2025-12-08T23:16:58.830,1.35,-0.011,1.67
2025-12-08T23:16:58.840,1.714,0.578,2.053
2025-12-08T23:16:58.850,2.164,1.265,2.938
2025-12-08T23:16:58.860,2.634,1.952,3.906
2025-12-08T23:16:58.870,3.055,2.709,4.306
2025-12-08T23:16:58.880,3.423,3.376,3.696
2025-12-08T23:16:58.890,3.678,3.749,2.36
2025-12-08T23:16:58.900,3.706,3.89,0.96
2025-12-08T23:16:58.910,3.485,3.859,-0.082
2025-12-08T23:16:58.920,2.98,3.773,-0.681
2025-12-08T23:16:58.930,2.171,3.729,-0.96
2025-12-08T23:16:58.940,1.19,3.842,-1.091
2025-12-08T23:16:58.950,0.202,4.028,-1.164
2025-12-08T23:16:58.960,-0.723,4.076,-1.255
2025-12-08T23:16:58.970,-1.664,4.004,-1.392
2025-12-08T23:16:58.980,-2.609,3.8,-1.552
2025-12-08T23:16:58.990,-3.414,3.544,-1.739
2025-12-08T23:16:59.000,-3.749,3.454,-2.076
2025-12-08T23:16:59.010,-3.402,3.519,-2.566
2025-12-08T23:16:59.020,-2.67,3.581,-2.977
2025-12-08T23:16:59.030,-1.938,3.458,-2.915
2025-12-08T23:16:59.040,-1.517,3.035,-2.078
2025-12-08T23:16:59.050,-1.404,2.311,-0.797
2025-12-08T23:16:59.060,-1.316,1.31,0.318
2025-12-08T23:16:59.070,-1.171,0.148,0.73
2025-12-08T23:16:59.080,-1.01,-0.983,0.246
2025-12-08T23:16:59.090,-0.945,-1.895,-0.851
2025-12-08T23:16:59.100,-0.992,-2.571,-2.157
2025-12-08T23:16:59.110,-1.083,-3.199,-3.321
2025-12-08T23:16:59.120,-1.247,-3.835,-4.124
2025-12-08T23:16:59.130,-1.469,-4.422,-4.165
2025-12-08T23:16:59.140,-1.7,-5.064,-3.375
2025-12-08T23:16:59.150,-1.843,-5.761,-2.323
2025-12-08T23:16:59.160,-1.823,-6.343,-1.56
2025-12-08T23:16:59.170,-1.63,-6.769,-1.514
2025-12-08T23:16:59.180,-1.255,-6.99,-2.283
2025-12-08T23:16:59.190,-0.873,-7.014,-3.362
2025-12-08T23:16:59.200,-0.522,-6.858,-4.142
2025-12-08T23:16:59.210,-0.039,-6.554,-4.347
2025-12-08T23:16:59.220,0.433,-6.32,-3.875
2025-12-08T23:16:59.230,0.645,-6.073,-2.978
2025-12-08T23:16:59.240,0.575,-5.77,-2.11
2025-12-08T23:16:59.250,0.35,-5.494,-1.564
2025-12-08T23:16:59.260,0.036,-5.24,-1.487
2025-12-08T23:16:59.270,-0.261,-5.203,-1.861
2025-12-08T23:16:59.280,-0.467,-5.315,-2.463
2025-12-08T23:16:59.290,-0.653,-5.409,-2.851
2025-12-08T23:16:59.300,-0.814,-5.489,-3.021
2025-12-08T23:16:59.310,-1.047,-5.585,-3.031
2025-12-08T23:16:59.320,-1.354,-5.692,-2.697
2025-12-08T23:16:59.330,-1.637,-5.74,-2.208
2025-12-08T23:16:59.340,-1.867,-5.662,-1.756
2025-12-08T23:16:59.350,-1.892,-5.372,-1.588
2025-12-08T23:16:59.360,-1.834,-4.95,-1.769
2025-12-08T23:16:59.370,-1.868,-4.427,-2.026
2025-12-08T23:16:59.380,-1.973,-3.947,-2.114
2025-12-08T23:16:59.390,-2.144,-3.661,-1.765
2025-12-08T23:16:59.400,-2.207,-3.464,-1.06
2025-12-08T23:16:59.410,-2.069,-3.31,-0.31
2025-12-08T23:16:59.420,-1.816,-2.975,0.108
2025-12-08T23:16:59.430,-1.593,-2.475,0.066
2025-12-08T23:16:59.440,-1.45,-1.997,-0.121
2025-12-08T23:16:59.450,-1.284,-1.598,-0.313
2025-12-08T23:16:59.460,-1.067,-1.26,-0.435
2025-12-08T23:16:59.470,-0.763,-0.966,-0.524
2025-12-08T23:16:59.480,-0.484,-0.906,-0.742
2025-12-08T23:16:59.490,-0.378,-1.02,-0.891
2025-12-08T23:16:59.500,-0.478,-1.289,-0.775
2025-12-08T23:16:59.510,-0.841,-1.749,-0.21
2025-12-08T23:16:59.520,-1.288,-2.342,0.894
2025-12-08T23:16:59.530,-1.651,-2.934,2.239
2025-12-08T23:16:59.540,-1.894,-3.272,3.256
2025-12-08T23:16:59.550,-1.88,-3.419,3.268
2025-12-08T23:16:59.560,-1.609,-3.444,2.323
2025-12-08T23:16:59.570,-1.181,-3.517,1.17
2025-12-08T23:16:59.580,-0.73,-3.8,0.638
2025-12-08T23:16:59.590,-0.363,-4.186,1.126
2025-12-08T23:16:59.600,0.056,-4.488,2.092
2025-12-08T23:16:59.610,0.668,-4.565,2.705
2025-12-08T23:16:59.620,1.468,-4.444,2.57
2025-12-08T23:16:59.630,2.242,-4.176,2.198
2025-12-08T23:16:59.640,2.742,-3.903,2.325
2025-12-08T23:16:59.650,2.906,-3.616,3.279
2025-12-08T23:16:59.660,2.834,-3.247,4.858
2025-12-08T23:16:59.670,2.771,-2.895,6.15
2025-12-08T23:16:59.680,2.873,-2.649,6.498
2025-12-08T23:16:59.690,3.158,-2.601,5.676
2025-12-08T23:16:59.700,3.428,-2.69,4.28
2025-12-08T23:16:59.710,3.573,-2.834,3.361
2025-12-08T23:16:59.720,3.734,-3.101,3.252
2025-12-08T23:16:59.730,3.91,-3.481,3.802
2025-12-08T23:16:59.740,4.185,-3.802,4.413
2025-12-08T23:16:59.750,4.488,-4.053,4.729
2025-12-08T23:16:59.760,4.767,-4.294,4.836
2025-12-08T23:16:59.770,5.133,-4.475,4.956
2025-12-08T23:16:59.780,5.444,-4.579,5.342
2025-12-08T23:16:59.790,5.633,-4.576,5.752
2025-12-08T23:16:59.800,5.622,-4.629,5.799
2025-12-08T23:16:59.810,5.483,-4.894,5.143
2025-12-08T23:16:59.820,5.275,-5.191,3.971
2025-12-08T23:16:59.830,4.854,-5.325,2.855
2025-12-08T23:16:59.840,4.383,-5.255,1.929
2025-12-08T23:16:59.850,3.971,-4.866,1.326
2025-12-08T23:16:59.860,3.66,-4.203,0.956
2025-12-08T23:16:59.870,3.369,-3.635,0.623
2025-12-08T23:16:59.880,2.965,-3.292,0.296
2025-12-08T23:16:59.890,2.553,-3.045,-0.094
2025-12-08T23:16:59.900,2.169,-2.808,-0.369
2025-12-08T23:16:59.910,1.903,-2.557,-0.566
2025-12-08T23:16:59.920,1.667,-2.286,-0.805
2025-12-08T23:16:59.930,1.379,-2.071,-1.056
2025-12-08T23:16:59.940,1.274,-2.074,-1.234
2025-12-08T23:16:59.950,1.456,-2.179,-0.973
2025-12-08T23:16:59.960,1.94,-2.157,-0.319
2025-12-08T23:16:59.970,2.577,-2.013,0.39
2025-12-08T23:16:59.980,3.166,-1.823,0.913
2025-12-08T23:16:59.990,3.691,-1.573,0.911
2025-12-08T23:17:00.000,4.194,-1.121,0.328
2025-12-08T23:17:00.010,4.633,-0.31,-0.542
2025-12-08T23:17:00.020,4.817,0.776,-1.416
2025-12-08T23:17:00.030,4.657,1.795,-2.095
2025-12-08T23:17:00.040,4.256,2.553,-2.303
2025-12-08T23:17:00.050,3.76,3.107,-2.013
2025-12-08T23:17:00.060,3.382,3.4,-1.428
2025-12-08T23:17:00.070,3.315,3.364,-0.702
2025-12-08T23:17:00.080,3.518,3.198,-0.02
2025-12-08T23:17:00.090,3.868,3.116,0.431
2025-12-08T23:17:00.100,4.267,3.137,0.264
2025-12-08T23:17:00.110,4.654,3.231,-0.503
2025-12-08T23:17:00.120,4.982,3.522,-1.207
2025-12-08T23:17:00.130,5.073,4.14,-1.25
2025-12-08T23:17:00.140,4.959,4.83,-0.485
2025-12-08T23:17:00.150,4.737,5.306,0.504
2025-12-08T23:17:00.160,4.38,5.608,1.131
2025-12-08T23:17:00.170,3.959,5.704,1.188
2025-12-08T23:17:00.180,3.445,5.577,0.985
2025-12-08T23:17:00.190,2.757,5.355,1.276
2025-12-08T23:17:00.200,1.905,5.099,2.157
2025-12-08T23:17:00.210,1.004,4.775,3.011
2025-12-08T23:17:00.220,0.182,4.379,3.03
2025-12-08T23:17:00.230,-0.696,4.073,2.061
2025-12-08T23:17:00.240,-1.745,3.922,0.665
2025-12-08T23:17:00.250,-2.699,3.753,-0.774
2025-12-08T23:17:00.260,-3.394,3.485,-1.947
2025-12-08T23:17:00.270,-3.931,3.258,-2.84
2025-12-08T23:17:00.280,-4.211,3.195,-3.624
2025-12-08T23:17:00.290,-4.177,3.171,-4.187
2025-12-08T23:17:00.300,-3.867,3.193,-4.333
2025-12-08T23:17:00.310,-3.305,3.406,-3.885
2025-12-08T23:17:00.320,-2.683,3.736,-3.266
2025-12-08T23:17:00.330,-2.198,4.073,-2.99
2025-12-08T23:17:00.340,-1.978,4.304,-2.899
2025-12-08T23:17:00.350,-2.061,4.342,-2.887
2025-12-08T23:17:00.360,-2.258,4.165,-2.82
2025-12-08T23:17:00.370,-2.439,3.823,-2.571
2025-12-08T23:17:00.380,-2.572,3.505,-2.497
2025-12-08T23:17:00.390,-2.609,3.237,-2.8
2025-12-08T23:17:00.400,-2.72,3.027,-3.241
2025-12-08T23:17:00.410,-2.93,2.93,-3.571
2025-12-08T23:17:00.420,-3.214,2.777,-3.777
2025-12-08T23:17:00.430,-3.576,2.497,-3.79
2025-12-08T23:17:00.440,-3.735,2.077,-3.393
2025-12-08T23:17:00.450,-3.68,1.582,-2.59
2025-12-08T23:17:00.460,-3.453,1.293,-1.422
2025-12-08T23:17:00.470,-3.154,1.302,-0.175
2025-12-08T23:17:00.480,-3.018,1.466,0.572
2025-12-08T23:17:00.490,-2.984,1.518,0.704
2025-12-08T23:17:00.500,-2.995,1.371,0.433
2025-12-08T23:17:00.510,-3.002,1.108,-0.085
2025-12-08T23:17:00.520,-3.072,0.755,-0.587
2025-12-08T23:17:00.530,-3.334,0.428,-0.97
2025-12-08T23:17:00.540,-3.803,0.191,-1.348
2025-12-08T23:17:00.550,-4.522,0.051,-1.643
2025-12-08T23:17:00.560,-5.371,-0.033,-1.915
2025-12-08T23:17:00.570,-6.252,-0.039,-2.279
2025-12-08T23:17:00.580,-7.103,0.146,-2.523
2025-12-08T23:17:00.590,-7.723,0.382,-2.617
2025-12-08T23:17:00.600,-7.994,0.515,-2.705
2025-12-08T23:17:00.610,-7.932,0.649,-2.776
2025-12-08T23:17:00.620,-7.572,0.8,-2.681
2025-12-08T23:17:00.630,-7.002,0.918,-2.32
2025-12-08T23:17:00.640,-6.329,1.033,-1.757
2025-12-08T23:17:00.650,-5.592,1.107,-1.152
2025-12-08T23:17:00.660,-4.754,1.188,-0.73
2025-12-08T23:17:00.670,-3.876,1.257,-0.469
2025-12-08T23:17:00.680,-3.088,1.215,-0.36
2025-12-08T23:17:00.690,-2.395,1.063,-0.462
2025-12-08T23:17:00.700,-1.901,0.722,-0.56
2025-12-08T23:17:00.710,-1.579,0.194,-0.701
2025-12-08T23:17:00.720,-1.277,-0.465,-0.831
2025-12-08T23:17:00.730,-1.073,-1.085,-0.703
2025-12-08T23:17:00.740,-0.899,-1.48,-0.451
2025-12-08T23:17:00.750,-0.617,-1.682,-0.181
2025-12-08T23:17:00.760,-0.308,-1.686,-0.073
2025-12-08T23:17:00.770,-0.071,-1.646,-0.289
2025-12-08T23:17:00.780,0.052,-1.705,-0.669
2025-12-08T23:17:00.790,0.137,-1.87,-0.927
2025-12-08T23:17:00.800,0.35,-2.105,-0.724
2025-12-08T23:17:00.810,0.765,-2.122,-0.105
2025-12-08T23:17:00.820,1.361,-2.01,0.578
2025-12-08T23:17:00.830,2.032,-2.012,1.163
2025-12-08T23:17:00.840,2.558,-1.943,1.753
2025-12-08T23:17:00.850,2.788,-1.803,2.542
2025-12-08T23:17:00.860,2.788,-1.727,3.449
2025-12-08T23:17:00.870,2.63,-1.711,4.142
2025-12-08T23:17:00.880,2.335,-1.839,4.218
2025-12-08T23:17:00.890,1.969,-2.137,3.505
2025-12-08T23:17:00.900,1.599,-2.421,2.374
2025-12-08T23:17:00.910,1.316,-2.491,1.336
2025-12-08T23:17:00.920,1.195,-2.268,0.51
2025-12-08T23:17:00.930,1.263,-1.821,-0.241
2025-12-08T23:17:00.940,1.417,-1.316,-1.044
2025-12-08T23:17:00.950,1.541,-0.847,-1.768
2025-12-08T23:17:00.960,1.589,-0.486,-2.033
2025-12-08T23:17:00.970,1.563,-0.172,-1.848
2025-12-08T23:17:00.980,1.656,0.276,-1.599
2025-12-08T23:17:00.990,1.939,0.86,-1.603
2025-12-08T23:17:01.000,2.216,1.482,-1.983
2025-12-08T23:17:01.010,2.289,1.903,-2.531
2025-12-08T23:17:01.020,2.081,2.001,-2.79
2025-12-08T23:17:01.030,1.689,1.864,-2.577
2025-12-08T23:17:01.040,1.276,1.54,-2.148
2025-12-08T23:17:01.050,1.032,1.278,-1.774
2025-12-08T23:17:01.060,1.019,1.2,-1.496
2025-12-08T23:17:01.070,1.133,1.284,-1.28
2025-12-08T23:17:01.080,1.327,1.583,-1.215
2025-12-08T23:17:01.090,1.681,2.004,-1.281
2025-12-08T23:17:01.100,2.203,2.445,-1.351
2025-12-08T23:17:01.110,2.881,2.83,-1.199
2025-12-08T23:17:01.120,3.67,3.257,-0.503
2025-12-08T23:17:01.130,4.341,3.824,0.589
2025-12-08T23:17:01.140,4.762,4.424,1.494
2025-12-08T23:17:01.150,4.925,4.943,1.884
2025-12-08T23:17:01.160,4.842,5.246,1.852
2025-12-08T23:17:01.170,4.547,5.399,1.386
2025-12-08T23:17:01.180,4.164,5.469,0.497
2025-12-08T23:17:01.190,3.776,5.527,-0.454
2025-12-08T23:17:01.200,3.27,5.724,-1.181
2025-12-08T23:17:01.210,2.653,5.792,-1.587
2025-12-08T23:17:01.220,1.942,5.62,-1.611
2025-12-08T23:17:01.230,1.209,5.383,-1.45
2025-12-08T23:17:01.240,0.677,5.1,-1.507
2025-12-08T23:17:01.250,0.401,4.864,-1.797
2025-12-08T23:17:01.260,0.367,4.668,-1.979
2025-12-08T23:17:01.270,0.536,4.392,-1.816
2025-12-08T23:17:01.280,0.845,4.254,-1.232
2025-12-08T23:17:01.290,1.268,4.445,-0.389
2025-12-08T23:17:01.300,1.81,4.774,0.26
2025-12-08T23:17:01.310,2.359,5.166,0.619
2025-12-08T23:17:01.320,2.679,5.523,0.975
2025-12-08T23:17:01.330,2.761,5.578,1.413
2025-12-08T23:17:01.340,2.56,5.378,2.045
2025-12-08T23:17:01.350,1.997,4.937,2.597
2025-12-08T23:17:01.360,1.292,4.095,2.589
2025-12-08T23:17:01.370,0.614,3.089,2.016
2025-12-08T23:17:01.380,0.012,2.33,1.09
2025-12-08T23:17:01.390,-0.363,1.863,0.035
2025-12-08T23:17:01.400,-0.41,1.538,-0.932
2025-12-08T23:17:01.410,-0.279,1.302,-1.35
2025-12-08T23:17:01.420,-0.204,1.089,-0.944
2025-12-08T23:17:01.430,-0.167,0.681,0.093
2025-12-08T23:17:01.440,-0.034,0.089,1.378
2025-12-08T23:17:01.450,0.158,-0.319,2.534
2025-12-08T23:17:01.460,0.328,-0.449,3.388
2025-12-08T23:17:01.470,0.392,-0.487,3.895
2025-12-08T23:17:01.480,0.284,-0.507,4.242
2025-12-08T23:17:01.490,0.064,-0.56,4.397
2025-12-08T23:17:01.500,-0.204,-0.757,4.299
2025-12-08T23:17:01.510,-0.527,-1.086,4.054
2025-12-08T23:17:01.520,-0.941,-1.471,3.662
2025-12-08T23:17:01.530,-1.308,-1.913,3.256
2025-12-08T23:17:01.540,-1.603,-2.347,2.701
2025-12-08T23:17:01.550,-1.938,-2.645,2.063
2025-12-08T23:17:01.560,-2.24,-2.89,1.567
2025-12-08T23:17:01.570,-2.562,-3.304,1.326
2025-12-08T23:17:01.580,-2.838,-3.937,1.58
2025-12-08T23:17:01.590,-2.909,-4.678,2.138
2025-12-08T23:17:01.600,-2.798,-5.217,2.834
2025-12-08T23:17:01.610,-2.556,-5.353,3.233
2025-12-08T23:17:01.620,-2.261,-5.106,2.974
2025-12-08T23:17:01.630,-1.937,-4.571,2.398
2025-12-08T23:17:01.640,-1.845,-3.984,1.897
2025-12-08T23:17:01.650,-2.124,-3.403,1.966
2025-12-08T23:17:01.660,-2.519,-2.822,2.431
2025-12-08T23:17:01.670,-2.865,-2.292,2.785
2025-12-08T23:17:01.680,-3.077,-1.827,2.785
2025-12-08T23:17:01.690,-3.139,-1.39,2.251
2025-12-08T23:17:01.700,-3.079,-1.013,1.53
2025-12-08T23:17:01.710,-2.883,-0.756,0.843
2025-12-08T23:17:01.720,-2.575,-0.52,0.328
2025-12-08T23:17:01.730,-2.306,-0.404,0.177
2025-12-08T23:17:01.740,-2.151,-0.405,0.29
2025-12-08T23:17:01.750,-1.956,-0.442,0.516
2025-12-08T23:17:01.760,-1.606,-0.418,0.579
2025-12-08T23:17:01.770,-1.086,-0.268,0.324
2025-12-08T23:17:01.780,-0.541,-0.155,-0.352
2025-12-08T23:17:01.790,-0.2,-0.057,-1.279
2025-12-08T23:17:01.800,-0.16,-0.037,-1.849
2025-12-08T23:17:01.810,-0.345,-0.162,-1.772
2025-12-08T23:17:01.820,-0.64,-0.339,-1.311
2025-12-08T23:17:01.830,-1.064,-0.486,-0.899
2025-12-08T23:17:01.840,-1.538,-0.588,-0.868
2025-12-08T23:17:01.850,-1.922,-0.799,-1.305
2025-12-08T23:17:01.860,-2.116,-1.177,-1.928
2025-12-08T23:17:01.870,-2.028,-1.64,-2.526
2025-12-08T23:17:01.880,-1.682,-2.232,-3.031
2025-12-08T23:17:01.890,-1.113,-3.037,-3.211
2025-12-08T23:17:01.900,-0.461,-3.746,-2.886
2025-12-08T23:17:01.910,0.09,-4.202,-2.087
2025-12-08T23:17:01.920,0.508,-4.509,-1.126
2025-12-08T23:17:01.930,0.826,-4.67,-0.282
2025-12-08T23:17:01.940,1.175,-4.724,0.279
2025-12-08T23:17:01.950,1.732,-4.484,0.198
2025-12-08T23:17:01.960,2.539,-3.91,-0.666
2025-12-08T23:17:01.970,3.407,-3.102,-2.012
2025-12-08T23:17:01.980,4.133,-2.269,-3.316
2025-12-08T23:17:01.990,4.652,-1.755,-3.889
2025-12-08T23:17:02.000,5.041,-1.494,-3.527
2025-12-08T23:17:02.010,5.439,-1.517,-2.529
2025-12-08T23:17:02.020,5.817,-1.889,-1.287
2025-12-08T23:17:02.030,6.104,-2.311,-0.252
2025-12-08T23:17:02.040,6.273,-2.623,0.493
2025-12-08T23:17:02.050,6.24,-2.871,1.02
2025-12-08T23:17:02.060,5.98,-3.105,1.34
2025-12-08T23:17:02.070,5.547,-3.417,1.484
2025-12-08T23:17:02.080,5.053,-3.906,1.431
2025-12-08T23:17:02.090,4.606,-4.449,1.222
2025-12-08T23:17:02.100,4.096,-4.791,1.159
2025-12-08T23:17:02.110,3.392,-4.973,1.542
2025-12-08T23:17:02.120,2.623,-5.035,2.319
2025-12-08T23:17:02.130,1.912,-4.787,3.243
2025-12-08T23:17:02.140,1.306,-4.333,3.724
2025-12-08T23:17:02.150,0.913,-3.851,3.405
2025-12-08T23:17:02.160,0.708,-3.255,2.558
2025-12-08T23:17:02.170,0.528,-2.508,1.709
2025-12-08T23:17:02.180,0.301,-1.638,1.29
2025-12-08T23:17:02.190,0.089,-0.711,1.102
2025-12-08T23:17:02.200,-0.111,0.129,0.802
2025-12-08T23:17:02.210,-0.41,0.757,0.177
2025-12-08T23:17:02.220,-0.81,1.247,-0.683
2025-12-08T23:17:02.230,-1.191,1.617,-1.52
2025-12-08T23:17:02.240,-1.417,1.828,-2.437
2025-12-08T23:17:02.250,-1.559,1.913,-3.346
2025-12-08T23:17:02.260,-1.738,1.82,-4.074
2025-12-08T23:17:02.270,-1.946,1.623,-4.424
2025-12-08T23:17:02.280,-2.082,1.389,-4.386
2025-12-08T23:17:02.290,-1.912,1.288,-4.442
2025-12-08T23:17:02.300,-1.512,1.484,-4.54
2025-12-08T23:17:02.310,-1.095,1.962,-4.278
2025-12-08T23:17:02.320,-0.865,2.725,-3.325
2025-12-08T23:17:02.330,-0.951,3.585,-1.615
2025-12-08T23:17:02.340,-1.101,4.509,0.132
2025-12-08T23:17:02.350,-1.31,5.462,1.239
2025-12-08T23:17:02.360,-1.554,6.268,1.538
2025-12-08T23:17:02.370,-1.655,6.74,1.418
2025-12-08T23:17:02.380,-1.686,6.727,1.404
2025-12-08T23:17:02.390,-1.6,6.436,1.621
2025-12-08T23:17:02.400,-1.454,5.926,2.049
2025-12-08T23:17:02.410,-1.299,5.253,2.267
2025-12-08T23:17:02.420,-0.995,4.5,1.882
2025-12-08T23:17:02.430,-0.518,3.74,0.94
2025-12-08T23:17:02.440,0.006,3.287,-0.267
2025-12-08T23:17:02.450,0.333,3.07,-1.068
2025-12-08T23:17:02.460,0.427,3.02,-1.121
2025-12-08T23:17:02.470,0.383,3.102,-0.633
2025-12-08T23:17:02.480,0.246,3.161,-0.123
2025-12-08T23:17:02.490,0.074,3.325,-0.186
2025-12-08T23:17:02.500,-0.16,3.461,-0.79
2025-12-08T23:17:02.510,-0.582,3.39,-1.461
2025-12-08T23:17:02.520,-1.316,3.093,-1.707
2025-12-08T23:17:02.530,-2.128,2.486,-1.545
2025-12-08T23:17:02.540,-2.703,1.699,-1.403
2025-12-08T23:17:02.550,-3.115,0.967,-1.511
2025-12-08T23:17:02.560,-3.525,0.444,-2.083
2025-12-08T23:17:02.570,-3.988,0.039,-3.037
2025-12-08T23:17:02.580,-4.503,-0.31,-4.021
2025-12-08T23:17:02.590,-4.949,-0.519,-4.761
2025-12-08T23:17:02.600,-5.122,-0.639,-5.165
2025-12-08T23:17:02.610,-5.0,-0.606,-5.282
2025-12-08T23:17:02.620,-4.634,-0.407,-5.001
2025-12-08T23:17:02.630,-4.028,-0.198,-4.43
2025-12-08T23:17:02.640,-3.267,-0.151,-3.767
2025-12-08T23:17:02.650,-2.32,-0.227,-3.05
2025-12-08T23:17:02.660,-1.276,-0.268,-2.222
2025-12-08T23:17:02.670,-0.374,-0.288,-1.337
2025-12-08T23:17:02.680,0.394,-0.378,-0.644
2025-12-08T23:17:02.690,0.981,-0.71,-0.16
2025-12-08T23:17:02.700,1.239,-1.201,0.088
2025-12-08T23:17:02.710,1.125,-1.632,0.318
2025-12-08T23:17:02.720,0.748,-1.827,0.768
2025-12-08T23:17:02.730,0.348,-1.763,1.167
2025-12-08T23:17:02.740,0.076,-1.657,1.404
2025-12-08T23:17:02.750,-0.137,-1.494,1.414
2025-12-08T23:17:02.760,-0.353,-1.313,1.212
2025-12-08T23:17:02.770,-0.505,-1.115,1.158
2025-12-08T23:17:02.780,-0.486,-0.831,1.441
2025-12-08T23:17:02.790,-0.172,-0.677,1.983
2025-12-08T23:17:02.800,0.201,-0.703,2.636
2025-12-08T23:17:02.810,0.368,-0.796,3.146
2025-12-08T23:17:02.820,0.391,-1.006,3.168
2025-12-08T23:17:02.830,0.274,-1.32,2.555
2025-12-08T23:17:02.840,0.078,-1.595,1.6
2025-12-08T23:17:02.850,-0.236,-1.816,0.791
2025-12-08T23:17:02.860,-0.667,-2.026,0.36
2025-12-08T23:17:02.870,-1.074,-2.39,0.167
2025-12-08T23:17:02.880,-1.52,-3.01,-0.128
2025-12-08T23:17:02.890,-1.955,-3.699,-0.759
2025-12-08T23:17:02.900,-2.259,-4.388,-1.614
2025-12-08T23:17:02.910,-2.37,-5.077,-2.439
2025-12-08T23:17:02.920,-2.271,-5.714,-2.893
2025-12-08T23:17:02.930,-2.11,-6.245,-2.565
2025-12-08T23:17:02.940,-2.0,-6.629,-1.423
2025-12-08T23:17:02.950,-1.947,-6.96,-0.013
2025-12-08T23:17:02.960,-1.942,-7.206,1.11
2025-12-08T23:17:02.970,-1.929,-7.219,1.73
2025-12-08T23:17:02.980,-1.75,-7.079,1.747
2025-12-08T23:17:02.990,-1.435,-6.88,1.534
2025-12-08T23:17:03.000,-1.067,-6.634,1.518
2025-12-08T23:17:03.010,-0.642,-6.391,1.605
2025-12-08T23:17:03.020,-0.359,-6.155,1.716
2025-12-08T23:17:03.030,-0.244,-6.023,1.765
2025-12-08T23:17:03.040,-0.187,-6.062,1.974
2025-12-08T23:17:03.050,-0.134,-6.125,2.469
2025-12-08T23:17:03.060,0.019,-6.163,2.877
2025-12-08T23:17:03.070,0.212,-6.136,2.968
2025-12-08T23:17:03.080,0.339,-5.969,2.731
2025-12-08T23:17:03.090,0.405,-5.717,2.523
2025-12-08T23:17:03.100,0.548,-5.39,2.344
2025-12-08T23:17:03.110,0.829,-5.057,1.92
2025-12-08T23:17:03.120,1.134,-4.641,1.4
2025-12-08T23:17:03.130,1.24,-3.957,1.009
2025-12-08T23:17:03.140,0.899,-3.252,1.087
2025-12-08T23:17:03.150,0.202,-2.771,1.693
2025-12-08T23:17:03.160,-0.69,-2.51,2.56
2025-12-08T23:17:03.170,-1.641,-2.4,3.38
2025-12-08T23:17:03.180,-2.354,-2.224,3.665
2025-12-08T23:17:03.190,-2.711,-1.853,3.228
2025-12-08T23:17:03.200,-2.785,-1.225,2.152
2025-12-08T23:17:03.210,-2.639,-0.301,0.552
2025-12-08T23:17:03.220,-2.31,0.722,-1.08
2025-12-08T23:17:03.230,-1.86,1.638,-2.088
2025-12-08T23:17:03.240,-1.472,2.324,-2.095
2025-12-08T23:17:03.250,-1.241,2.67,-1.069
2025-12-08T23:17:03.260,-1.088,2.761,0.524
2025-12-08T23:17:03.270,-0.927,2.764,1.929
2025-12-08T23:17:03.280,-0.648,2.82,2.621
2025-12-08T23:17:03.290,-0.26,2.989,2.355
2025-12-08T23:17:03.300,0.167,3.218,1.338
2025-12-08T23:17:03.310,0.558,3.605,0.204
2025-12-08T23:17:03.320,0.799,4.245,-0.42
2025-12-08T23:17:03.330,1.008,4.991,-0.249
2025-12-08T23:17:03.340,1.252,5.753,0.416
2025-12-08T23:17:03.350,1.406,6.425,1.152
2025-12-08T23:17:03.360,1.53,6.893,1.657
2025-12-08T23:17:03.370,1.762,7.169,1.83
2025-12-08T23:17:03.380,2.138,7.231,1.886
2025-12-08T23:17:03.390,2.516,7.121,2.072
2025-12-08T23:17:03.400,2.838,6.77,2.663
2025-12-08T23:17:03.410,3.2,6.192,3.585
2025-12-08T23:17:03.420,3.563,5.726,4.497
2025-12-08T23:17:03.430,3.991,5.474,5.026
2025-12-08T23:17:03.440,4.413,5.326,4.834
2025-12-08T23:17:03.450,4.552,5.11,4.083
2025-12-08T23:17:03.460,4.327,4.811,3.18
2025-12-08T23:17:03.470,3.712,4.584,2.436
2025-12-08T23:17:03.480,2.874,4.404,1.661
2025-12-08T23:17:03.490,2.054,4.265,0.563
2025-12-08T23:17:03.500,1.269,4.142,-0.603
2025-12-08T23:17:03.510,0.528,3.998,-1.394
2025-12-08T23:17:03.520,-0.042,3.846,-1.408
2025-12-08T23:17:03.530,-0.349,3.669,-0.887
2025-12-08T23:17:03.540,-0.416,3.493,-0.478
2025-12-08T23:17:03.550,-0.242,3.298,-0.55
2025-12-08T23:17:03.560,0.039,3.178,-1.042
2025-12-08T23:17:03.570,0.303,3.095,-1.581
2025-12-08T23:17:03.580,0.55,2.878,-1.974
2025-12-08T23:17:03.590,0.806,2.608,-2.06
2025-12-08T23:17:03.600,1.046,2.314,-1.868
2025-12-08T23:17:03.610,1.124,2.006,-1.568
2025-12-08T23:17:03.620,1.045,1.727,-1.296
2025-12-08T23:17:03.630,0.819,1.368,-1.191
2025-12-08T23:17:03.640,0.563,0.87,-1.315
2025-12-08T23:17:03.650,0.457,0.291,-1.701
2025-12-08T23:17:03.660,0.421,-0.251,-1.951
2025-12-08T23:17:03.670,0.339,-0.65,-1.878
2025-12-08T23:17:03.680,0.214,-1.02,-1.689
2025-12-08T23:17:03.690,0.168,-1.456,-1.516
2025-12-08T23:17:03.700,0.201,-1.834,-1.452
2025-12-08T23:17:03.710,0.3,-2.121,-1.416
2025-12-08T23:17:03.720,0.455,-2.383,-1.418
2025-12-08T23:17:03.730,0.617,-2.62,-1.51
2025-12-08T23:17:03.740,0.832,-2.837,-1.672
2025-12-08T23:17:03.750,1.016,-3.055,-1.693
2025-12-08T23:17:03.760,1.124,-3.332,-1.429
2025-12-08T23:17:03.770,1.247,-3.789,-1.051
2025-12-08T23:17:03.780,1.415,-4.315,-0.76
2025-12-08T23:17:03.790,1.597,-4.666,-0.71
2025-12-08T23:17:03.800,1.748,-4.898,-0.787
2025-12-08T23:17:03.810,1.779,-5.191,-1.004
2025-12-08T23:17:03.820,1.652,-5.695,-1.389
2025-12-08T23:17:03.830,1.398,-6.377,-1.824
2025-12-08T23:17:03.840,1.088,-6.949,-2.283
2025-12-08T23:17:03.850,0.767,-7.204,-2.531
2025-12-08T23:17:03.860,0.403,-7.095,-2.643
2025-12-08T23:17:03.870,0.112,-6.793,-2.881
2025-12-08T23:17:03.880,-0.135,-6.517,-3.215
2025-12-08T23:17:03.890,-0.325,-6.218,-3.649
2025-12-08T23:17:03.900,-0.333,-5.963,-4.032
2025-12-08T23:17:03.910,-0.285,-5.719,-4.174
2025-12-08T23:17:03.920,-0.229,-5.342,-4.005
2025-12-08T23:17:03.930,-0.153,-5.057,-3.639
2025-12-08T23:17:03.940,0.095,-4.896,-3.368
2025-12-08T23:17:03.950,0.534,-4.695,-3.21
2025-12-08T23:17:03.960,0.985,-4.418,-2.938
2025-12-08T23:17:03.970,1.416,-4.172,-2.296
2025-12-08T23:17:03.980,1.781,-4.086,-1.37
2025-12-08T23:17:03.990,2.128,-4.068,-0.52
2025-12-08T23:17:04.000,2.333,-3.939,0.116
2025-12-08T23:17:04.010,2.214,-3.561,0.554
2025-12-08T23:17:04.020,1.817,-3.109,1.018
2025-12-08T23:17:04.030,1.284,-2.722,1.768
2025-12-08T23:17:04.040,0.854,-2.342,2.67
2025-12-08T23:17:04.050,0.596,-2.03,3.236
2025-12-08T23:17:04.060,0.462,-1.701,3.276
2025-12-08T23:17:04.070,0.363,-1.295,3.091
2025-12-08T23:17:04.080,0.19,-0.901,3.029
2025-12-08T23:17:04.090,-0.036,-0.601,3.169
2025-12-08T23:17:04.100,-0.323,-0.318,3.213
2025-12-08T23:17:04.110,-0.673,0.117,3.016
2025-12-08T23:17:04.120,-0.944,0.765,2.506
2025-12-08T23:17:04.130,-1.065,1.451,1.706
2025-12-08T23:17:04.140,-1.034,1.958,0.803
2025-12-08T23:17:04.150,-0.943,2.388,-0.035
2025-12-08T23:17:04.160,-0.962,2.737,-0.593
2025-12-08T23:17:04.170,-0.914,2.982,-1.038
2025-12-08T23:17:04.180,-0.738,3.185,-1.374
2025-12-08T23:17:04.190,-0.613,3.286,-1.523
2025-12-08T23:17:04.200,-0.615,3.259,-1.482
2025-12-08T23:17:04.210,-0.891,3.066,-1.058
2025-12-08T23:17:04.220,-1.338,2.72,-0.555
2025-12-08T23:17:04.230,-1.821,2.221,-0.263
2025-12-08T23:17:04.240,-2.392,1.692,-0.229
2025-12-08T23:17:04.250,-2.892,1.235,-0.546
2025-12-08T23:17:04.260,-3.098,0.806,-1.12
2025-12-08T23:17:04.270,-2.963,0.486,-1.681
2025-12-08T23:17:04.280,-2.658,0.268,-1.969
2025-12-08T23:17:04.290,-2.41,0.152,-1.909
2025-12-08T23:17:04.300,-2.223,0.051,-1.401
2025-12-08T23:17:04.310,-2.078,-0.085,-0.593
2025-12-08T23:17:04.320,-2.017,-0.132,0.213
2025-12-08T23:17:04.330,-2.01,-0.212,0.954
2025-12-08T23:17:04.340,-2.157,-0.363,1.648
2025-12-08T23:17:04.350,-2.505,-0.543,2.405
2025-12-08T23:17:04.360,-2.934,-0.779,3.118
2025-12-08T23:17:04.370,-3.348,-1.008,3.424
2025-12-08T23:17:04.380,-3.632,-1.24,3.198
2025-12-08T23:17:04.390,-3.73,-1.427,2.643
2025-12-08T23:17:04.400,-3.667,-1.63,2.009
2025-12-08T23:17:04.410,-3.526,-1.936,1.482
2025-12-08T23:17:04.420,-3.448,-2.167,1.243
2025-12-08T23:17:04.430,-3.526,-2.259,1.378
2025-12-08T23:17:04.440,-3.732,-2.166,1.761
2025-12-08T23:17:04.450,-3.9,-1.875,2.172
2025-12-08T23:17:04.460,-3.9,-1.597,2.412
2025-12-08T23:17:04.470,-3.676,-1.425,2.376
2025-12-08T23:17:04.480,-3.232,-1.318,2.324
2025-12-08T23:17:04.490,-2.683,-1.197,2.551
2025-12-08T23:17:04.500,-2.128,-1.003,2.792
2025-12-08T23:17:04.510,-1.591,-0.839,2.61
2025-12-08T23:17:04.520,-1.084,-0.808,1.864
2025-12-08T23:17:04.530,-0.681,-0.964,0.916
2025-12-08T23:17:04.540,-0.453,-1.208,0.435
2025-12-08T23:17:04.550,-0.361,-1.354,0.657
2025-12-08T23:17:04.560,-0.347,-1.423,1.306
2025-12-08T23:17:04.570,-0.309,-1.362,1.802
2025-12-08T23:17:04.580,-0.176,-1.039,1.702
2025-12-08T23:17:04.590,0.032,-0.576,1.152
2025-12-08T23:17:04.600,0.259,-0.112,0.592
2025-12-08T23:17:04.610,0.541,0.297,0.532
2025-12-08T23:17:04.620,0.93,0.56,1.167
2025-12-08T23:17:04.630,1.393,0.656,2.105
2025-12-08T23:17:04.640,1.939,0.638,2.84
2025-12-08T23:17:04.650,2.44,0.577,2.926
2025-12-08T23:17:04.660,2.786,0.496,2.297
2025-12-08T23:17:04.670,2.945,0.426,1.434
2025-12-08T23:17:04.680,2.816,0.445,0.669
2025-12-08T23:17:04.690,2.6,0.54,-0.068
2025-12-08T23:17:04.700,2.524,0.771,-0.969
2025-12-08T23:17:04.710,2.517,1.206,-1.98
2025-12-08T23:17:04.720,2.44,1.76,-2.869
2025-12-08T23:17:04.730,2.33,2.334,-3.555
2025-12-08T23:17:04.740,2.348,2.859,-4.023
2025-12-08T23:17:04.750,2.467,3.401,-4.399
2025-12-08T23:17:04.760,2.595,3.945,-4.779
2025-12-08T23:17:04.770,2.749,4.395,-4.928
2025-12-08T23:17:04.780,2.843,4.809,-4.632
2025-12-08T23:17:04.790,2.836,5.18,-4.124
2025-12-08T23:17:04.800,2.867,5.471,-3.787
2025-12-08T23:17:04.810,2.905,5.761,-3.801
2025-12-08T23:17:04.820,2.853,6.109,-4.081
2025-12-08T23:17:04.830,2.619,6.51,-4.302
2025-12-08T23:17:04.840,2.184,7.001,-4.435
2025-12-08T23:17:04.850,1.742,7.508,-4.466
2025-12-08T23:17:04.860,1.293,7.9,-4.2
2025-12-08T23:17:04.870,0.846,8.112,-3.715
2025-12-08T23:17:04.880,0.576,8.141,-3.148
2025-12-08T23:17:04.890,0.642,8.182,-2.738
2025-12-08T23:17:04.900,1.08,8.221,-2.672
2025-12-08T23:17:04.910,1.691,8.164,-2.834
2025-12-08T23:17:04.920,2.233,8.09,-2.755
2025-12-08T23:17:04.930,2.568,7.953,-2.117
2025-12-08T23:17:04.940,2.836,7.808,-1.338
2025-12-08T23:17:04.950,3.127,7.733,-0.69
2025-12-08T23:17:04.960,3.313,7.709,-0.128
2025-12-08T23:17:04.970,3.363,7.69,0.286
2025-12-08T23:17:04.980,3.284,7.675,0.577
2025-12-08T23:17:04.990,3.161,7.769,0.596
2025-12-08T23:17:05.000,3.097,7.969,0.025
2025-12-08T23:17:05.010,3.111,8.21,-0.97
2025-12-08T23:17:05.020,3.225,8.408,-1.831
2025-12-08T23:17:05.030,3.485,8.376,-2.18
2025-12-08T23:17:05.040,3.935,8.042,-1.83
2025-12-08T23:17:05.050,4.542,7.584,-0.947
2025-12-08T23:17:05.060,5.186,7.062,0.036
2025-12-08T23:17:05.070,5.728,6.541,0.867
2025-12-08T23:17:05.080,6.18,6.247,1.524
2025-12-08T23:17:05.090,6.473,6.119,1.916
2025-12-08T23:17:05.100,6.429,6.084,1.894
2025-12-08T23:17:05.110,6.035,6.034,1.696
2025-12-08T23:17:05.120,5.403,5.826,1.593
2025-12-08T23:17:05.130,4.707,5.617,1.563
2025-12-08T23:17:05.140,4.128,5.352,1.552
2025-12-08T23:17:05.150,3.78,4.91,1.318
2025-12-08T23:17:05.160,3.52,4.285,0.737
2025-12-08T23:17:05.170,3.214,3.527,0.091
2025-12-08T23:17:05.180,2.839,2.82,-0.234
2025-12-08T23:17:05.190,2.31,2.21,0.028
2025-12-08T23:17:05.200,1.68,1.811,0.737
2025-12-08T23:17:05.210,0.99,1.671,1.503
2025-12-08T23:17:05.220,0.364,1.628,1.993
2025-12-08T23:17:05.230,-0.062,1.651,2.048
2025-12-08T23:17:05.240,-0.406,1.834,1.914
2025-12-08T23:17:05.250,-0.817,2.142,1.891
2025-12-08T23:17:05.260,-1.402,2.393,1.954
2025-12-08T23:17:05.270,-2.145,2.515,2.087
2025-12-08T23:17:05.280,-2.952,2.47,2.132
2025-12-08T23:17:05.290,-3.731,2.267,1.8
2025-12-08T23:17:05.300,-4.475,2.052,1.193
2025-12-08T23:17:05.310,-5.142,1.967,0.411
2025-12-08T23:17:05.320,-5.536,1.965,-0.493
2025-12-08T23:17:05.330,-5.603,1.918,-1.406
2025-12-08T23:17:05.340,-5.387,1.858,-2.383
2025-12-08T23:17:05.350,-5.014,1.857,-3.22
2025-12-08T23:17:05.360,-4.617,1.951,-3.593
2025-12-08T23:17:05.370,-4.313,2.016,-3.223
2025-12-08T23:17:05.380,-4.214,2.009,-2.119
2025-12-08T23:17:05.390,-4.145,2.044,-0.833
2025-12-08T23:17:05.400,-3.981,2.04,0.119
2025-12-08T23:17:05.410,-3.732,1.944,0.359
2025-12-08T23:17:05.420,-3.429,1.752,-0.04
2025-12-08T23:17:05.430,-3.155,1.401,-0.705
2025-12-08T23:17:05.440,-2.849,0.841,-1.435
2025-12-08T23:17:05.450,-2.52,0.095,-1.907
2025-12-08T23:17:05.460,-2.234,-0.719,-1.896
2025-12-08T23:17:05.470,-2.044,-1.614,-1.413
2025-12-08T23:17:05.480,-1.823,-2.535,-0.667
2025-12-08T23:17:05.490,-1.431,-3.334,0.129
2025-12-08T23:17:05.500,-1.122,-3.971,0.912
2025-12-08T23:17:05.510,-0.923,-4.437,1.702
2025-12-08T23:17:05.520,-0.738,-4.644,2.606
2025-12-08T23:17:05.530,-0.564,-4.579,3.264
2025-12-08T23:17:05.540,-0.282,-4.545,3.238
2025-12-08T23:17:05.550,0.017,-4.625,2.537
2025-12-08T23:17:05.560,0.221,-4.798,1.484
2025-12-08T23:17:05.570,0.3,-5.131,0.658
2025-12-08T23:17:05.580,0.219,-5.43,0.23
2025-12-08T23:17:05.590,-0.022,-5.595,0.022
2025-12-08T23:17:05.600,-0.385,-5.681,-0.173
2025-12-08T23:17:05.610,-0.848,-5.797,-0.569
2025-12-08T23:17:05.620,-1.443,-5.979,-0.971
2025-12-08T23:17:05.630,-2.067,-6.149,-1.239
2025-12-08T23:17:05.640,-2.457,-6.254,-1.537
2025-12-08T23:17:05.650,-2.539,-6.248,-1.757
2025-12-08T23:17:05.660,-2.513,-6.152,-1.851
2025-12-08T23:17:05.670,-2.54,-6.002,-1.869
2025-12-08T23:17:05.680,-2.674,-5.801,-1.759
2025-12-08T23:17:05.690,-2.885,-5.518,-1.529
2025-12-08T23:17:05.700,-3.184,-5.203,-1.245
2025-12-08T23:17:05.710,-3.528,-4.783,-0.965
2025-12-08T23:17:05.720,-3.782,-4.232,-0.567
2025-12-08T23:17:05.730,-3.972,-3.675,-0.223
2025-12-08T23:17:05.740,-4.024,-3.089,-0.144
2025-12-08T23:17:05.750,-3.864,-2.609,-0.296
2025-12-08T23:17:05.760,-3.552,-2.289,-0.592
2025-12-08T23:17:05.770,-3.109,-2.145,-0.68
2025-12-08T23:17:05.780,-2.576,-2.24,-0.479
2025-12-08T23:17:05.790,-2.005,-2.359,-0.04
2025-12-08T23:17:05.800,-1.5,-2.383,0.644
2025-12-08T23:17:05.810,-1.128,-2.356,1.459
2025-12-08T23:17:05.820,-0.86,-2.237,2.362
2025-12-08T23:17:05.830,-0.581,-1.964,3.25
2025-12-08T23:17:05.840,-0.287,-1.647,3.902
2025-12-08T23:17:05.850,-0.038,-1.381,4.218
2025-12-08T23:17:05.860,0.164,-1.067,4.401
2025-12-08T23:17:05.870,0.185,-0.759,4.567
2025-12-08T23:17:05.880,-0.07,-0.562,4.738
2025-12-08T23:17:05.890,-0.599,-0.372,5.009
2025-12-08T23:17:05.900,-1.289,-0.171,5.362
2025-12-08T23:17:05.910,-1.967,0.044,5.698
2025-12-08T23:17:05.920,-2.55,0.405,5.825
2025-12-08T23:17:05.930,-2.961,0.845,5.563
2025-12-08T23:17:05.940,-3.173,1.227,4.841
2025-12-08T23:17:05.950,-3.249,1.48,4.03
2025-12-08T23:17:05.960,-3.348,1.666,3.641
2025-12-08T23:17:05.970,-3.58,1.812,3.646
2025-12-08T23:17:05.980,-3.91,1.767,3.737
2025-12-08T23:17:05.990,-4.24,1.612,3.616
2025-12-08T23:17:06.000,-4.614,1.5,3.268
2025-12-08T23:17:06.010,-5.041,1.461,2.775
2025-12-08T23:17:06.020,-5.318,1.488,2.026
2025-12-08T23:17:06.030,-5.492,1.493,1.085
2025-12-08T23:17:06.040,-5.616,1.386,0.098
2025-12-08T23:17:06.050,-5.707,1.193,-0.709
2025-12-08T23:17:06.060,-5.873,1.073,-0.963
2025-12-08T23:17:06.070,-6.056,0.987,-0.742
2025-12-08T23:17:06.080,-6.228,0.881,-0.489
2025-12-08T23:17:06.090,-6.259,0.89,-0.266
2025-12-08T23:17:06.100,-6.072,1.055,0.121
2025-12-08T23:17:06.110,-5.886,1.331,0.669
2025-12-08T23:17:06.120,-5.708,1.593,1.093
2025-12-08T23:17:06.130,-5.378,1.694,1.209
2025-12-08T23:17:06.140,-4.953,1.736,1.26
2025-12-08T23:17:06.150,-4.505,1.83,1.441
2025-12-08T23:17:06.160,-4.003,1.842,1.653
2025-12-08T23:17:06.170,-3.42,1.764,1.703
2025-12-08T23:17:06.180,-2.745,1.751,1.495
2025-12-08T23:17:06.190,-2.052,1.777,1.176
2025-12-08T23:17:06.200,-1.389,1.691,0.935
2025-12-08T23:17:06.210,-0.78,1.464,0.841
2025-12-08T23:17:06.220,-0.273,1.133,0.758
2025-12-08T23:17:06.230,0.2,0.745,0.549
2025-12-08T23:17:06.240,0.6,0.332,0.248
2025-12-08T23:17:06.250,0.874,-0.098,0.009
2025-12-08T23:17:06.260,1.131,-0.47,0.123
2025-12-08T23:17:06.270,1.34,-0.74,0.485
2025-12-08T23:17:06.280,1.481,-0.903,0.678
2025-12-08T23:17:06.290,1.614,-1.084,0.434
2025-12-08T23:17:06.300,1.629,-1.358,-0.315
2025-12-08T23:17:06.310,1.493,-1.617,-1.284
2025-12-08T23:17:06.320,1.307,-1.858,-2.103
2025-12-08T23:17:06.330,1.06,-2.1,-2.535
2025-12-08T23:17:06.340,0.764,-2.445,-2.504
2025-12-08T23:17:06.350,0.486,-2.976,-2.151
2025-12-08T23:17:06.360,0.256,-3.629,-1.788
2025-12-08T23:17:06.370,0.13,-4.286,-1.702
2025-12-08T23:17:06.380,0.127,-4.805,-2.062
2025-12-08T23:17:06.390,0.16,-5.175,-2.759
2025-12-08T23:17:06.400,0.139,-5.354,-3.462
2025-12-08T23:17:06.410,0.038,-5.366,-4.174
2025-12-08T23:17:06.420,-0.063,-5.349,-4.977
2025-12-08T23:17:06.430,-0.128,-5.381,-5.796
2025-12-08T23:17:06.440,-0.182,-5.493,-6.379
2025-12-08T23:17:06.450,-0.074,-5.648,-6.536
2025-12-08T23:17:06.460,0.341,-5.791,-6.545
2025-12-08T23:17:06.470,0.962,-5.812,-6.711
2025-12-08T23:17:06.480,1.641,-5.601,-7.091
2025-12-08T23:17:06.490,2.258,-5.223,-7.415
2025-12-08T23:17:06.500,2.727,-4.863,-7.178
2025-12-08T23:17:06.510,3.111,-4.584,-6.132
2025-12-08T23:17:06.520,3.488,-4.471,-4.664
2025-12-08T23:17:06.530,3.819,-4.508,-3.262
2025-12-08T23:17:06.540,4.059,-4.441,-2.013
2025-12-08T23:17:06.550,4.244,-4.165,-1.177
2025-12-08T23:17:06.560,4.402,-3.722,-0.958
2025-12-08T23:17:06.570,4.537,-3.241,-1.205
2025-12-08T23:17:06.580,4.686,-2.725,-1.576
2025-12-08T23:17:06.590,4.81,-2.176,-1.705
2025-12-08T23:17:06.600,4.876,-1.711,-1.528
2025-12-08T23:17:06.610,4.942,-1.388,-1.275
2025-12-08T23:17:06.620,5.033,-1.348,-1.204
2025-12-08T23:17:06.630,5.058,-1.515,-1.151
2025-12-08T23:17:06.640,4.94,-1.718,-0.869
2025-12-08T23:17:06.650,4.699,-1.893,-0.405
2025-12-08T23:17:06.660,4.458,-2.023,0.097
2025-12-08T23:17:06.670,4.24,-2.08,0.565
2025-12-08T23:17:06.680,3.922,-1.951,0.979
2025-12-08T23:17:06.690,3.562,-1.69,1.259
2025-12-08T23:17:06.700,3.251,-1.338,1.259
2025-12-08T23:17:06.710,3.173,-0.967,0.637
2025-12-08T23:17:06.720,3.427,-0.631,-0.432
2025-12-08T23:17:06.730,3.741,-0.204,-1.257
2025-12-08T23:17:06.740,4.002,0.209,-1.431
2025-12-08T23:17:06.750,4.131,0.513,-1.008
2025-12-08T23:17:06.760,4.143,0.729,-0.442
2025-12-08T23:17:06.770,4.042,0.81,0.204
2025-12-08T23:17:06.780,3.724,0.853,0.972
2025-12-08T23:17:06.790,3.364,0.865,1.781
2025-12-08T23:17:06.800,3.095,0.781,2.386
2025-12-08T23:17:06.810,3.002,0.709,2.31
2025-12-08T23:17:06.820,2.981,0.505,1.791
2025-12-08T23:17:06.830,2.893,0.078,1.294
2025-12-08T23:17:06.840,2.76,-0.387,1.235
2025-12-08T23:17:06.850,2.647,-0.93,1.666
2025-12-08T23:17:06.860,2.676,-1.451,2.08
2025-12-08T23:17:06.870,2.741,-1.839,2.433
2025-12-08T23:17:06.880,2.769,-2.12,2.762
2025-12-08T23:17:06.890,2.761,-2.136,3.109
2025-12-08T23:17:06.900,2.714,-1.976,3.61
2025-12-08T23:17:06.910,2.718,-1.78,4.106
2025-12-08T23:17:06.920,2.79,-1.556,4.466
2025-12-08T23:17:06.930,2.873,-1.368,4.647
2025-12-08T23:17:06.940,2.858,-1.163,4.548
2025-12-08T23:17:06.950,2.713,-1.003,4.052
2025-12-08T23:17:06.960,2.446,-0.912,3.163
2025-12-08T23:17:06.970,2.003,-0.87,2.319
2025-12-08T23:17:06.980,1.387,-0.967,1.994
2025-12-08T23:17:06.990,0.743,-1.118,2.126
2025-12-08T23:17:07.000,0.241,-1.286,2.324
2025-12-08T23:17:07.010,-0.042,-1.378,2.084
2025-12-08T23:17:07.020,-0.205,-1.348,1.316
2025-12-08T23:17:07.030,-0.44,-1.256,0.522
2025-12-08T23:17:07.040,-0.631,-1.147,0.086
2025-12-08T23:17:07.050,-0.713,-1.136,-0.003
2025-12-08T23:17:07.060,-0.727,-1.059,0.088
2025-12-08T23:17:07.070,-0.651,-0.872,0.215
2025-12-08T23:17:07.080,-0.526,-0.705,0.065
2025-12-08T23:17:07.090,-0.214,-0.518,-0.404
2025-12-08T23:17:07.100,0.23,-0.289,-0.893
2025-12-08T23:17:07.110,0.71,-0.143,-1.366
2025-12-08T23:17:07.120,1.13,-0.181,-1.734
2025-12-08T23:17:07.130,1.245,-0.251,-1.812
2025-12-08T23:17:07.140,1.164,-0.312,-1.701
2025-12-08T23:17:07.150,0.998,-0.342,-1.621
2025-12-08T23:17:07.160,0.824,-0.32,-1.493
2025-12-08T23:17:07.170,0.743,-0.248,-1.118
2025-12-08T23:17:07.180,0.703,0.035,-0.553
2025-12-08T23:17:07.190,0.724,0.492,0.125
2025-12-08T23:17:07.200,0.775,1.017,0.63
2025-12-08T23:17:07.210,0.898,1.489,0.658
2025-12-08T23:17:07.220,1.126,1.874,0.39
2025-12-08T23:17:07.230,1.402,2.206,0.019
2025-12-08T23:17:07.240,1.732,2.338,-0.247
2025-12-08T23:17:07.250,2.055,2.319,-0.085
2025-12-08T23:17:07.260,2.304,2.266,0.528
2025-12-08T23:17:07.270,2.409,2.151,1.263
2025-12-08T23:17:07.280,2.305,2.037,1.645
2025-12-08T23:17:07.290,2.019,1.912,1.534
2025-12-08T23:17:07.300,1.63,1.645,0.999
2025-12-08T23:17:07.310,1.163,1.239,0.171
2025-12-08T23:17:07.320,0.512,0.793,-0.496
2025-12-08T23:17:07.330,-0.329,0.383,-0.881
2025-12-08T23:17:07.340,-1.183,-0.048,-1.142
2025-12-08T23:17:07.350,-1.939,-0.514,-1.279
2025-12-08T23:17:07.360,-2.573,-0.871,-1.404
2025-12-08T23:17:07.370,-3.063,-1.045,-1.507
2025-12-08T23:17:07.380,-3.478,-1.101,-1.457
2025-12-08T23:17:07.390,-3.946,-1.233,-1.263
2025-12-08T23:17:07.400,-4.391,-1.541,-0.964
2025-12-08T23:17:07.410,-4.667,-1.969,-0.598
2025-12-08T23:17:07.420,-4.843,-2.427,-0.282
2025-12-08T23:17:07.430,-5.026,-2.851,-0.125
2025-12-08T23:17:07.440,-5.281,-3.196,-0.103
2025-12-08T23:17:07.450,-5.67,-3.43,-0.116
2025-12-08T23:17:07.460,-6.103,-3.621,-0.189
2025-12-08T23:17:07.470,-6.477,-3.732,-0.494
2025-12-08T23:17:07.480,-6.71,-3.691,-1.082
2025-12-08T23:17:07.490,-6.707,-3.505,-1.796
2025-12-08T23:17:07.500,-6.593,-3.27,-2.328
2025-12-08T23:17:07.510,-6.429,-3.124,-2.413
2025-12-08T23:17:07.520,-6.222,-2.961,-2.077
2025-12-08T23:17:07.530,-5.992,-2.722,-1.596
2025-12-08T23:17:07.540,-5.704,-2.47,-1.157
2025-12-08T23:17:07.550,-5.513,-2.231,-0.626
2025-12-08T23:17:07.560,-5.377,-2.019,0.124
2025-12-08T23:17:07.570,-5.205,-1.82,0.906
2025-12-08T23:17:07.580,-5.036,-1.647,1.319
2025-12-08T23:17:07.590,-4.817,-1.499,1.26
2025-12-08T23:17:07.600,-4.621,-1.441,1.038
2025-12-08T23:17:07.610,-4.41,-1.414,0.983
2025-12-08T23:17:07.620,-4.136,-1.255,1.261
2025-12-08T23:17:07.630,-3.799,-0.878,1.646
2025-12-08T23:17:07.640,-3.266,-0.32,1.718
2025-12-08T23:17:07.650,-2.648,0.324,1.371
2025-12-08T23:17:07.660,-2.149,1.118,0.851
2025-12-08T23:17:07.670,-1.796,1.912,0.46
2025-12-08T23:17:07.680,-1.493,2.531,0.473
2025-12-08T23:17:07.690,-1.173,3.001,1.034
2025-12-08T23:17:07.700,-0.862,3.368,1.85
2025-12-08T23:17:07.710,-0.535,3.794,2.438
2025-12-08T23:17:07.720,-0.133,4.288,2.33
2025-12-08T23:17:07.730,0.325,4.736,1.466
2025-12-08T23:17:07.740,0.696,5.046,0.316
2025-12-08T23:17:07.750,0.841,5.17,-0.555
2025-12-08T23:17:07.760,0.784,5.12,-0.731
2025-12-08T23:17:07.770,0.685,4.966,-0.478
2025-12-08T23:17:07.780,0.707,4.809,-0.354
2025-12-08T23:17:07.790,0.895,4.744,-0.628
2025-12-08T23:17:07.800,1.159,4.807,-1.222
2025-12-08T23:17:07.810,1.409,4.898,-1.605
2025-12-08T23:17:07.820,1.663,5.105,-1.386
2025-12-08T23:17:07.830,2.044,5.483,-0.673
2025-12-08T23:17:07.840,2.64,5.896,0.085
2025-12-08T23:17:07.850,3.369,6.33,0.477
2025-12-08T23:17:07.860,4.097,6.755,0.51
2025-12-08T23:17:07.870,4.728,7.128,0.406
2025-12-08T23:17:07.880,5.29,7.417,0.395
2025-12-08T23:17:07.890,5.788,7.596,0.73
2025-12-08T23:17:07.900,6.124,7.713,1.379
2025-12-08T23:17:07.910,6.311,7.85,1.945
2025-12-08T23:17:07.920,6.417,7.977,2.178
2025-12-08T23:17:07.930,6.562,8.013,2.044
2025-12-08T23:17:07.940,6.828,7.939,1.611
2025-12-08T23:17:07.950,7.111,7.711,1.125
2025-12-08T23:17:07.960,7.237,7.403,0.961
2025-12-08T23:17:07.970,7.175,6.98,1.38
2025-12-08T23:17:07.980,7.063,6.373,2.23
2025-12-08T23:17:07.990,6.869,5.722,3.109
2025-12-08T23:17:08.000,6.567,5.064,3.573
2025-12-08T23:17:08.010,6.262,4.501,3.332
2025-12-08T23:17:08.020,5.983,4.149,2.585
2025-12-08T23:17:08.030,5.709,3.893,1.847
2025-12-08T23:17:08.040,5.443,3.693,1.357
2025-12-08T23:17:08.050,5.229,3.563,1.05
2025-12-08T23:17:08.060,4.966,3.509,0.745
2025-12-08T23:17:08.070,4.612,3.514,0.269
2025-12-08T23:17:08.080,4.199,3.489,-0.244
2025-12-08T23:17:08.090,3.699,3.494,-0.552
2025-12-08T23:17:08.100,3.227,3.429,-0.594
2025-12-08T23:17:08.110,2.823,3.2,-0.64
2025-12-08T23:17:08.120,2.505,2.949,-0.719
2025-12-08T23:17:08.130,2.34,2.637,-0.624
2025-12-08T23:17:08.140,2.227,2.313,-0.562
2025-12-08T23:17:08.150,2.067,2.016,-0.503
2025-12-08T23:17:08.160,1.879,1.695,-0.414
2025-12-08T23:17:08.170,1.65,1.348,-0.386
2025-12-08T23:17:08.180,1.365,0.945,-0.229
2025-12-08T23:17:08.190,0.976,0.537,0.223
2025-12-08T23:17:08.200,0.447,0.025,0.956
2025-12-08T23:17:08.210,-0.068,-0.533,1.685
2025-12-08T23:17:08.220,-0.49,-1.04,2.21
2025-12-08T23:17:08.230,-0.751,-1.523,2.239
2025-12-08T23:17:08.240,-0.84,-1.897,1.783
2025-12-08T23:17:08.250,-0.854,-2.192,1.385
2025-12-08T23:17:08.260,-0.806,-2.426,1.365
2025-12-08T23:17:08.270,-0.87,-2.613,1.843
2025-12-08T23:17:08.280,-1.073,-2.843,2.563
2025-12-08T23:17:08.290,-1.277,-3.182,3.185
2025-12-08T23:17:08.300,-1.427,-3.57,3.517
2025-12-08T23:17:08.310,-1.522,-3.893,3.548
2025-12-08T23:17:08.320,-1.687,-4.207,3.33
2025-12-08T23:17:08.330,-1.853,-4.67,2.69
2025-12-08T23:17:08.340,-2.03,-5.243,1.89
2025-12-08T23:17:08.350,-2.236,-5.626,1.226
2025-12-08T23:17:08.360,-2.325,-5.845,0.688
2025-12-08T23:17:08.370,-2.382,-6.011,0.26
2025-12-08T23:17:08.380,-2.341,-6.002,-0.253
2025-12-08T23:17:08.390,-2.229,-5.999,-0.811
2025-12-08T23:17:08.400,-2.171,-6.085,-1.311
2025-12-08T23:17:08.410,-2.03,-6.17,-1.732
2025-12-08T23:17:08.420,-1.939,-6.341,-1.939
2025-12-08T23:17:08.430,-1.965,-6.506,-2.007
2025-12-08T23:17:08.440,-2.016,-6.61,-1.839
2025-12-08T23:17:08.450,-2.025,-6.664,-1.514
2025-12-08T23:17:08.460,-1.924,-6.603,-1.468
2025-12-08T23:17:08.470,-1.72,-6.515,-1.794
2025-12-08T23:17:08.480,-1.407,-6.395,-2.36
2025-12-08T23:17:08.490,-1.222,-6.289,-2.705
2025-12-08T23:17:08.500,-1.183,-6.316,-2.47
2025-12-08T23:17:08.510,-1.154,-6.377,-1.783
2025-12-08T23:17:08.520,-1.115,-6.391,-0.945
2025-12-08T23:17:08.530,-0.947,-6.25,-0.342
2025-12-08T23:17:08.540,-0.67,-5.829,-0.13
2025-12-08T23:17:08.550,-0.239,-5.169,-0.114
2025-12-08T23:17:08.560,0.235,-4.361,-0.026
2025-12-08T23:17:08.570,0.648,-3.553,0.162
2025-12-08T23:17:08.580,0.993,-2.874,0.452
2025-12-08T23:17:08.590,1.243,-2.383,0.71
2025-12-08T23:17:08.600,1.534,-2.137,0.7
2025-12-08T23:17:08.610,1.828,-2.008,0.468
2025-12-08T23:17:08.620,2.104,-1.853,0.166
2025-12-08T23:17:08.630,2.23,-1.82,0.086
2025-12-08T23:17:08.640,2.072,-1.95,0.341
2025-12-08T23:17:08.650,1.713,-2.164,0.781
2025-12-08T23:17:08.660,1.278,-2.438,1.071
2025-12-08T23:17:08.670,0.951,-2.612,0.829
2025-12-08T23:17:08.680,0.735,-2.612,0.181
2025-12-08T23:17:08.690,0.643,-2.42,-0.558
2025-12-08T23:17:08.700,0.532,-2.081,-1.093
2025-12-08T23:17:08.710,0.294,-1.784,-1.219
2025-12-08T23:17:08.720,0.089,-1.584,-0.967
2025-12-08T23:17:08.730,-0.04,-1.461,-0.366
2025-12-08T23:17:08.740,-0.078,-1.361,0.491
2025-12-08T23:17:08.750,-0.058,-1.208,1.219
2025-12-08T23:17:08.760,0.093,-0.992,1.368
2025-12-08T23:17:08.770,0.372,-0.75,0.956
2025-12-08T23:17:08.780,0.673,-0.592,0.366
2025-12-08T23:17:08.790,0.968,-0.474,-0.124
2025-12-08T23:17:08.800,1.208,-0.263,-0.522
2025-12-08T23:17:08.810,1.52,-0.022,-0.9
2025-12-08T23:17:08.820,1.944,0.205,-1.225
2025-12-08T23:17:08.830,2.32,0.524,-1.316
2025-12-08T23:17:08.840,2.564,1.01,-1.024
2025-12-08T23:17:08.850,2.725,1.64,-0.63
2025-12-08T23:17:08.860,2.881,2.369,-0.345
2025-12-08T23:17:08.870,2.969,3.19,-0.172
2025-12-08T23:17:08.880,2.951,4.017,-0.134
2025-12-08T23:17:08.890,2.922,4.72,-0.053
2025-12-08T23:17:08.900,2.927,5.143,0.075
2025-12-08T23:17:08.910,2.959,5.301,0.292
2025-12-08T23:17:08.920,3.019,5.404,0.774
2025-12-08T23:17:08.930,2.99,5.448,1.332
2025-12-08T23:17:08.940,2.868,5.392,1.646
2025-12-08T23:17:08.950,2.727,5.271,1.495
2025-12-08T23:17:08.960,2.529,5.092,0.943
2025-12-08T23:17:08.970,2.321,4.899,0.408
2025-12-08T23:17:08.980,1.991,4.707,0.291
2025-12-08T23:17:08.990,1.557,4.549,0.517
2025-12-08T23:17:09.000,1.201,4.463,0.706
2025-12-08T23:17:09.010,0.859,4.428,0.655
2025-12-08T23:17:09.020,0.539,4.384,0.386
2025-12-08T23:17:09.030,0.197,4.318,0.073
2025-12-08T23:17:09.040,-0.077,4.154,-0.275
2025-12-08T23:17:09.050,-0.155,3.872,-0.743
2025-12-08T23:17:09.060,-0.182,3.639,-1.19
2025-12-08T23:17:09.070,-0.223,3.424,-1.475
2025-12-08T23:17:09.080,-0.419,3.194,-1.574
2025-12-08T23:17:09.090,-0.723,2.977,-1.692
2025-12-08T23:17:09.100,-0.871,2.714,-2.117
2025-12-08T23:17:09.110,-0.815,2.438,-2.961
2025-12-08T23:17:09.120,-0.569,2.169,-3.936
2025-12-08T23:17:09.130,-0.261,1.886,-4.573
2025-12-08T23:17:09.140,0.018,1.527,-4.615
2025-12-08T23:17:09.150,0.255,1.125,-3.942
2025-12-08T23:17:09.160,0.344,0.778,-2.925
2025-12-08T23:17:09.170,0.252,0.524,-2.01
2025-12-08T23:17:09.180,-0.046,0.41,-1.377
2025-12-08T23:17:09.190,-0.427,0.318,-1.16
2025-12-08T23:17:09.200,-0.722,0.152,-1.137
2025-12-08T23:17:09.210,-0.988,0.051,-1.126
2025-12-08T23:17:09.220,-1.209,0.175,-1.243
2025-12-08T23:17:09.230,-1.29,0.482,-1.665
2025-12-08T23:17:09.240,-1.213,0.778,-2.345
2025-12-08T23:17:09.250,-1.057,0.946,-2.896
2025-12-08T23:17:09.260,-0.929,0.945,-2.922
2025-12-08T23:17:09.270,-0.902,0.793,-2.258
2025-12-08T23:17:09.280,-1.034,0.545,-1.079
2025-12-08T23:17:09.290,-1.304,0.28,0.322
2025-12-08T23:17:09.300,-1.626,0.08,1.467
2025-12-08T23:17:09.310,-1.948,0.089,1.885
2025-12-08T23:17:09.320,-2.345,0.382,1.556
2025-12-08T23:17:09.330,-2.759,0.857,0.65
2025-12-08T23:17:09.340,-3.083,1.387,-0.336
2025-12-08T23:17:09.350,-3.378,1.825,-0.963
2025-12-08T23:17:09.360,-3.619,2.163,-1.369
2025-12-08T23:17:09.370,-3.887,2.476,-1.734
2025-12-08T23:17:09.380,-4.199,2.772,-2.157
2025-12-08T23:17:09.390,-4.461,2.978,-2.569
2025-12-08T23:17:09.400,-4.769,2.984,-2.717
2025-12-08T23:17:09.410,-5.031,2.902,-2.598
2025-12-08T23:17:09.420,-5.138,2.761,-2.45
2025-12-08T23:17:09.430,-5.169,2.549,-2.365
2025-12-08T23:17:09.440,-5.078,2.452,-2.341
2025-12-08T23:17:09.450,-4.837,2.449,-2.442
2025-12-08T23:17:09.460,-4.578,2.502,-2.638
2025-12-08T23:17:09.470,-4.341,2.633,-3.046
2025-12-08T23:17:09.480,-4.001,2.82,-3.702
2025-12-08T23:17:09.490,-3.532,3.12,-4.416
2025-12-08T23:17:09.500,-3.007,3.422,-4.954
2025-12-08T23:17:09.510,-2.48,3.636,-4.973
2025-12-08T23:17:09.520,-2.041,3.692,-4.422
2025-12-08T23:17:09.530,-1.61,3.544,-3.445
2025-12-08T23:17:09.540,-1.133,3.28,-2.255
2025-12-08T23:17:09.550,-0.645,2.848,-1.144
2025-12-08T23:17:09.560,-0.077,2.421,-0.203
2025-12-08T23:17:09.570,0.506,2.141,0.568
2025-12-08T23:17:09.580,1.008,1.868,1.116
2025-12-08T23:17:09.590,1.382,1.511,1.427
2025-12-08T23:17:09.600,1.618,1.029,1.653
2025-12-08T23:17:09.610,1.698,0.525,1.877
2025-12-08T23:17:09.620,1.57,-0.011,2.048
2025-12-08T23:17:09.630,1.341,-0.582,2.097
2025-12-08T23:17:09.640,1.14,-1.125,2.009
2025-12-08T23:17:09.650,0.954,-1.627,1.928
2025-12-08T23:17:09.660,0.779,-1.994,1.907
2025-12-08T23:17:09.670,0.666,-2.275,1.822
2025-12-08T23:17:09.680,0.591,-2.524,1.607
2025-12-08T23:17:09.690,0.528,-2.718,1.388
2025-12-08T23:17:09.700,0.409,-2.797,1.206
2025-12-08T23:17:09.710,0.268,-2.794,0.981
2025-12-08T23:17:09.720,0.205,-2.93,0.77
2025-12-08T23:17:09.730,0.127,-3.175,0.545
2025-12-08T23:17:09.740,-0.005,-3.423,0.306
2025-12-08T23:17:09.750,-0.137,-3.658,0.086
2025-12-08T23:17:09.760,-0.136,-3.853,-0.193
2025-12-08T23:17:09.770,0.058,-4.11,-0.497
2025-12-08T23:17:09.780,0.305,-4.382,-0.753
2025-12-08T23:17:09.790,0.418,-4.575,-0.777
2025-12-08T23:17:09.800,0.292,-4.775,-0.514
2025-12-08T23:17:09.810,0.154,-5.049,-0.116
2025-12-08T23:17:09.820,0.202,-5.279,0.369
2025-12-08T23:17:09.830,0.324,-5.382,0.87
2025-12-08T23:17:09.840,0.323,-5.414,1.594
2025-12-08T23:17:09.850,0.174,-5.361,2.508
2025-12-08T23:17:09.860,-0.031,-5.362,3.084
2025-12-08T23:17:09.870,-0.273,-5.466,3.188
2025-12-08T23:17:09.880,-0.448,-5.6,2.865
2025-12-08T23:17:09.890,-0.579,-5.756,2.354
2025-12-08T23:17:09.900,-0.736,-5.773,2.022
2025-12-08T23:17:09.910,-0.747,-5.611,1.767
2025-12-08T23:17:09.920,-0.613,-5.376,1.503
2025-12-08T23:17:09.930,-0.487,-5.142,1.328
2025-12-08T23:17:09.940,-0.471,-4.881,1.343
2025-12-08T23:17:09.950,-0.635,-4.599,1.543
2025-12-08T23:17:09.960,-0.924,-4.257,1.767
2025-12-08T23:17:09.970,-1.216,-3.798,1.933
2025-12-08T23:17:09.980,-1.434,-3.477,1.849
2025-12-08T23:17:09.990,-1.62,-3.233,1.487
2025-12-08T23:17:10.000,-1.68,-2.92,1.036
2025-12-08T23:17:10.010,-1.496,-2.717,0.464
2025-12-08T23:17:10.020,-1.167,-2.61,-0.076
2025-12-08T23:17:10.030,-0.776,-2.598,-0.344
2025-12-08T23:17:10.040,-0.481,-2.726,-0.478
2025-12-08T23:17:10.050,-0.297,-2.923,-0.615
2025-12-08T23:17:10.060,-0.125,-3.173,-0.694
2025-12-08T23:17:10.070,-0.03,-3.409,-0.788
2025-12-08T23:17:10.080,0.007,-3.459,-0.805
2025-12-08T23:17:10.090,0.016,-3.466,-0.523
2025-12-08T23:17:10.100,0.067,-3.689,-0.193
2025-12-08T23:17:10.110,0.203,-3.929,0.062
2025-12-08T23:17:10.120,0.346,-4.14,0.312
2025-12-08T23:17:10.130,0.536,-4.488,0.44
2025-12-08T23:17:10.140,0.767,-4.686,0.426
2025-12-08T23:17:10.150,0.95,-4.629,0.392
2025-12-08T23:17:10.160,1.106,-4.526,0.442
2025-12-08T23:17:10.170,1.24,-4.367,0.401
2025-12-08T23:17:10.180,1.291,-4.306,0.432
2025-12-08T23:17:10.190,1.321,-4.33,0.717
2025-12-08T23:17:10.200,1.418,-4.296,1.104
2025-12-08T23:17:10.210,1.591,-4.328,1.623
2025-12-08T23:17:10.220,1.793,-4.304,2.015
2025-12-08T23:17:10.230,1.844,-4.224,2.033
2025-12-08T23:17:10.240,1.694,-4.18,1.745
2025-12-08T23:17:10.250,1.459,-4.065,1.566
2025-12-08T23:17:10.260,1.199,-3.895,1.672
2025-12-08T23:17:10.270,0.914,-3.699,1.802
2025-12-08T23:17:10.280,0.633,-3.433,1.855
2025-12-08T23:17:10.290,0.348,-3.223,1.512
2025-12-08T23:17:10.300,-0.024,-3.182,0.837
2025-12-08T23:17:10.310,-0.412,-3.14,0.114
2025-12-08T23:17:10.320,-0.679,-3.091,-0.612
2025-12-08T23:17:10.330,-0.8,-2.909,-1.123
2025-12-08T23:17:10.340,-0.779,-2.482,-1.348
2025-12-08T23:17:10.350,-0.651,-1.953,-1.357
2025-12-08T23:17:10.360,-0.521,-1.309,-1.288
2025-12-08T23:17:10.370,-0.427,-0.703,-1.185
2025-12-08T23:17:10.380,-0.318,-0.216,-1.083
2025-12-08T23:17:10.390,-0.177,0.139,-0.989
2025-12-08T23:17:10.400,0.02,0.395,-0.838
2025-12-08T23:17:10.410,0.256,0.556,-0.801
2025-12-08T23:17:10.420,0.493,0.51,-0.981
2025-12-08T23:17:10.430,0.677,0.346,-1.265
2025-12-08T23:17:10.440,0.718,0.127,-1.32
2025-12-08T23:17:10.450,0.601,-0.037,-0.891
2025-12-08T23:17:10.460,0.342,-0.167,-0.128
2025-12-08T23:17:10.470,0.03,-0.209,0.484
2025-12-08T23:17:10.480,-0.185,-0.087,0.533
2025-12-08T23:17:10.490,-0.323,0.209,0.147
2025-12-08T23:17:10.500,-0.376,0.753,-0.3
2025-12-08T23:17:10.510,-0.331,1.229,-0.412
2025-12-08T23:17:10.520,-0.329,1.632,-0.032
2025-12-08T23:17:10.530,-0.344,1.992,0.581
2025-12-08T23:17:10.540,-0.33,2.167,1.056
2025-12-08T23:17:10.550,-0.218,2.379,1.081
2025-12-08T23:17:10.560,0.052,2.533,0.733
2025-12-08T23:17:10.570,0.298,2.563,0.188
2025-12-08T23:17:10.580,0.414,2.598,-0.391
2025-12-08T23:17:10.590,0.391,2.51,-0.839
2025-12-08T23:17:10.600,0.234,2.344,-1.315
2025-12-08T23:17:10.610,-0.064,2.258,-1.838
2025-12-08T23:17:10.620,-0.403,2.171,-2.503
2025-12-08T23:17:10.630,-0.647,1.978,-3.271
2025-12-08T23:17:10.640,-0.842,1.689,-3.703
2025-12-08T23:17:10.650,-0.971,1.332,-3.787
2025-12-08T23:17:10.660,-1.06,0.94,-3.629
2025-12-08T23:17:10.670,-1.103,0.542,-3.303
2025-12-08T23:17:10.680,-1.035,0.273,-2.885
2025-12-08T23:17:10.690,-0.795,0.239,-2.341
2025-12-08T23:17:10.700,-0.31,0.451,-1.946
2025-12-08T23:17:10.710,0.323,0.879,-1.793
2025-12-08T23:17:10.720,0.988,1.431,-1.697
2025-12-08T23:17:10.730,1.546,2.018,-1.385
2025-12-08T23:17:10.740,1.904,2.449,-0.584
2025-12-08T23:17:10.750,2.197,2.639,0.382
2025-12-08T23:17:10.760,2.495,2.771,1.076
2025-12-08T23:17:10.770,2.665,2.787,1.411
2025-12-08T23:17:10.780,2.654,2.549,1.431
2025-12-08T23:17:10.790,2.561,2.278,1.411
2025-12-08T23:17:10.800,2.438,2.029,1.67
2025-12-08T23:17:10.810,2.32,1.79,2.154
2025-12-08T23:17:10.820,2.249,1.6,2.621
2025-12-08T23:17:10.830,2.217,1.309,2.936
2025-12-08T23:17:10.840,2.226,1.149,3.038
2025-12-08T23:17:10.850,2.289,1.203,3.022
2025-12-08T23:17:10.860,2.383,1.321,2.832
2025-12-08T23:17:10.870,2.485,1.566,2.492
2025-12-08T23:17:10.880,2.548,1.815,2.323
2025-12-08T23:17:10.890,2.551,2.126,2.384
2025-12-08T23:17:10.900,2.588,2.52,2.53
2025-12-08T23:17:10.910,2.704,2.854,2.482
2025-12-08T23:17:10.920,2.846,3.034,2.164
2025-12-08T23:17:10.930,2.926,2.999,1.826
2025-12-08T23:17:10.940,2.88,2.847,1.602
2025-12-08T23:17:10.950,2.805,2.561,1.566
2025-12-08T23:17:10.960,2.775,2.244,1.73
2025-12-08T23:17:10.970,2.699,2.108,1.978
2025-12-08T23:17:10.980,2.504,2.137,2.127
2025-12-08T23:17:10.990,2.212,2.249,2.081
2025-12-08T23:17:11.000,1.972,2.436,1.761
2025-12-08T23:17:11.010,1.86,2.753,1.296
2025-12-08T23:17:11.020,1.818,3.191,1.068
2025-12-08T23:17:11.030,1.848,3.605,1.219
2025-12-08T23:17:11.040,1.868,3.888,1.713
2025-12-08T23:17:11.050,1.878,4.063,2.343
2025-12-08T23:17:11.060,2.017,4.048,2.817
2025-12-08T23:17:11.070,2.252,3.842,3.204
2025-12-08T23:17:11.080,2.469,3.526,3.765
2025-12-08T23:17:11.090,2.549,3.039,4.509
2025-12-08T23:17:11.100,2.472,2.448,5.227
2025-12-08T23:17:11.110,2.296,1.905,5.708
2025-12-08T23:17:11.120,2.118,1.423,5.609
2025-12-08T23:17:11.130,2.011,1.03,4.905
2025-12-08T23:17:11.140,1.875,0.712,4.176
2025-12-08T23:17:11.150,1.711,0.275,3.788
2025-12-08T23:17:11.160,1.514,-0.186,3.89
2025-12-08T23:17:11.170,1.302,-0.488,4.388
2025-12-08T23:17:11.180,1.16,-0.643,4.622
2025-12-08T23:17:11.190,1.024,-0.685,4.295
2025-12-08T23:17:11.200,0.843,-0.729,3.763
2025-12-08T23:17:11.210,0.515,-0.772,3.527
2025-12-08T23:17:11.220,0.124,-0.858,3.726
2025-12-08T23:17:11.230,-0.265,-1.03,4.056
2025-12-08T23:17:11.240,-0.755,-1.357,4.187
2025-12-08T23:17:11.250,-1.279,-1.851,3.901
2025-12-08T23:17:11.260,-1.8,-2.319,3.296
2025-12-08T23:17:11.270,-2.144,-2.779,2.316
2025-12-08T23:17:11.280,-2.201,-3.209,0.91
2025-12-08T23:17:11.290,-2.165,-3.527,-0.541
2025-12-08T23:17:11.300,-2.2,-3.791,-1.56
2025-12-08T23:17:11.310,-2.356,-4.023,-1.737
2025-12-08T23:17:11.320,-2.515,-4.234,-1.314
2025-12-08T23:17:11.330,-2.508,-4.439,-0.722
2025-12-08T23:17:11.340,-2.299,-4.547,-0.21
2025-12-08T23:17:11.350,-1.998,-4.542,-0.005
2025-12-08T23:17:11.360,-1.767,-4.582,-0.122
2025-12-08T23:17:11.370,-1.611,-4.593,-0.457
2025-12-08T23:17:11.380,-1.501,-4.536,-0.876
2025-12-08T23:17:11.390,-1.448,-4.456,-1.387
2025-12-08T23:17:11.400,-1.445,-4.369,-1.791
2025-12-08T23:17:11.410,-1.551,-4.387,-2.086
2025-12-08T23:17:11.420,-1.687,-4.42,-2.551
2025-12-08T23:17:11.430,-1.74,-4.434,-3.109
2025-12-08T23:17:11.440,-1.781,-4.532,-3.677
2025-12-08T23:17:11.450,-1.887,-4.687,-4.007
2025-12-08T23:17:11.460,-1.992,-4.867,-3.913
2025-12-08T23:17:11.470,-1.971,-4.963,-3.753
2025-12-08T23:17:11.480,-1.909,-4.82,-3.85
2025-12-08T23:17:11.490,-1.8,-4.409,-4.221
2025-12-08T23:17:11.500,-1.629,-3.844,-4.797
2025-12-08T23:17:11.510,-1.608,-3.32,-5.335
2025-12-08T23:17:11.520,-1.687,-2.922,-5.578
2025-12-08T23:17:11.530,-1.823,-2.683,-5.606
2025-12-08T23:17:11.540,-1.992,-2.579,-5.68
2025-12-08T23:17:11.550,-2.03,-2.521,-6.112
2025-12-08T23:17:11.560,-2.026,-2.556,-7.043
2025-12-08T23:17:11.570,-2.063,-2.575,-8.171
2025-12-08T23:17:11.580,-2.071,-2.523,-9.12
2025-12-08T23:17:11.590,-1.958,-2.552,-9.698
2025-12-08T23:17:11.600,-1.702,-2.581,-9.77
2025-12-08T23:17:11.610,-1.415,-2.514,-9.468
2025-12-08T23:17:11.620,-1.16,-2.413,-9.015
2025-12-08T23:17:11.630,-0.93,-2.327,-8.558
2025-12-08T23:17:11.640,-0.689,-2.213,-8.347
2025-12-08T23:17:11.650,-0.463,-2.0,-8.252
2025-12-08T23:17:11.660,-0.335,-1.646,-7.872
2025-12-08T23:17:11.670,-0.297,-1.197,-7.164
2025-12-08T23:17:11.680,-0.257,-0.745,-6.338
2025-12-08T23:17:11.690,-0.122,-0.281,-5.685
2025-12-08T23:17:11.700,0.129,0.145,-5.468
2025-12-08T23:17:11.710,0.42,0.446,-5.541
2025-12-08T23:17:11.720,0.674,0.696,-5.453
2025-12-08T23:17:11.730,0.853,0.887,-5.041
2025-12-08T23:17:11.740,0.937,1.054,-4.485
2025-12-08T23:17:11.750,0.996,1.375,-3.958
2025-12-08T23:17:11.760,1.06,1.78,-3.558
2025-12-08T23:17:11.770,1.145,2.188,-3.274
2025-12-08T23:17:11.780,1.209,2.601,-2.895
2025-12-08T23:17:11.790,1.154,2.953,-2.34
2025-12-08T23:17:11.800,1.001,3.176,-1.716
2025-12-08T23:17:11.810,0.69,3.274,-1.079
2025-12-08T23:17:11.820,0.243,3.225,-0.543
2025-12-08T23:17:11.830,-0.203,3.006,-0.321
2025-12-08T23:17:11.840,-0.621,2.806,-0.445
2025-12-08T23:17:11.850,-0.956,2.653,-0.793
2025-12-08T23:17:11.860,-1.174,2.574,-1.185
2025-12-08T23:17:11.870,-1.383,2.664,-1.237
2025-12-08T23:17:11.880,-1.662,2.82,-1.038
2025-12-08T23:17:11.890,-1.962,2.983,-0.842
2025-12-08T23:17:11.900,-2.224,3.171,-0.551
2025-12-08T23:17:11.910,-2.419,3.433,-0.354
2025-12-08T23:17:11.920,-2.507,3.789,-0.161
2025-12-08T23:17:11.930,-2.381,4.288,0.117
2025-12-08T23:17:11.940,-2.023,4.8,0.236
2025-12-08T23:17:11.950,-1.573,5.261,0.377
2025-12-08T23:17:11.960,-1.1,5.657,0.717
2025-12-08T23:17:11.970,-0.676,5.851,1.247
2025-12-08T23:17:11.980,-0.413,5.928,1.849
2025-12-08T23:17:11.990,-0.285,5.914,2.315
2025-12-08T23:17:12.000,-0.305,5.818,2.632
2025-12-08T23:17:12.010,-0.472,5.589,2.814
2025-12-08T23:17:12.020,-0.61,5.161,2.92
2025-12-08T23:17:12.030,-0.6,4.652,3.07
2025-12-08T23:17:12.040,-0.404,4.26,3.448
2025-12-08T23:17:12.050,-0.028,4.02,4.192
2025-12-08T23:17:12.060,0.541,3.733,5.037
2025-12-08T23:17:12.070,1.239,3.653,5.87
2025-12-08T23:17:12.080,2.008,3.874,6.521
2025-12-08T23:17:12.090,2.807,4.156,6.819
2025-12-08T23:17:12.100,3.456,4.515,7.156
2025-12-08T23:17:12.110,3.96,4.762,7.556
2025-12-08T23:17:12.120,4.351,4.858,7.892
2025-12-08T23:17:12.130,4.691,4.907,8.054
2025-12-08T23:17:12.140,4.993,4.817,7.875
2025-12-08T23:17:12.150,5.095,4.598,7.662
2025-12-08T23:17:12.160,4.948,4.261,7.587
2025-12-08T23:17:12.170,4.492,3.871,7.63
2025-12-08T23:17:12.180,3.954,3.498,7.527
2025-12-08T23:17:12.190,3.541,3.18,6.91
2025-12-08T23:17:12.200,3.225,2.972,5.924
2025-12-08T23:17:12.210,3.044,2.766,4.748
2025-12-08T23:17:12.220,2.924,2.476,3.697
2025-12-08T23:17:12.230,2.849,2.155,3.151
2025-12-08T23:17:12.240,2.779,1.92,3.192
2025-12-08T23:17:12.250,2.752,1.73,3.629
2025-12-08T23:17:12.260,2.791,1.526,3.967
2025-12-08T23:17:12.270,2.78,1.384,4.03
2025-12-08T23:17:12.280,2.751,1.261,3.9
2025-12-08T23:17:12.290,2.702,1.103,3.548
2025-12-08T23:17:12.300,2.698,0.849,2.949
2025-12-08T23:17:12.310,2.754,0.549,2.059
2025-12-08T23:17:12.320,2.791,0.369,1.042
2025-12-08T23:17:12.330,2.772,0.331,0.219
2025-12-08T23:17:12.340,2.649,0.284,-0.278
2025-12-08T23:17:12.350,2.503,0.104,-0.478
2025-12-08T23:17:12.360,2.315,-0.012,-0.265
2025-12-08T23:17:12.370,2.12,0.088,0.258
2025-12-08T23:17:12.380,2.078,0.192,0.483
2025-12-08T23:17:12.390,2.079,0.278,0.324
2025-12-08T23:17:12.400,2.122,0.636,0.273
2025-12-08T23:17:12.410,2.328,1.117,0.209
2025-12-08T23:17:12.420,2.47,1.431,0.085
2025-12-08T23:17:12.430,2.508,1.579,0.097
2025-12-08T23:17:12.440,2.472,1.684,0.073
2025-12-08T23:17:12.450,2.313,1.914,0.161
2025-12-08T23:17:12.460,2.235,2.001,0.137
2025-12-08T23:17:12.470,2.056,1.889,-0.091
2025-12-08T23:17:12.480,1.727,1.705,-0.163
2025-12-08T23:17:12.490,1.453,1.381,-0.299
2025-12-08T23:17:12.500,1.189,1.133,-0.414
2025-12-08T23:17:12.510,0.977,0.923,-0.582
2025-12-08T23:17:12.520,0.72,0.726,-0.857
2025-12-08T23:17:12.530,0.46,0.641,-0.931
2025-12-08T23:17:12.540,0.213,0.619,-0.965
2025-12-08T23:17:12.550,-0.079,0.62,-0.911
2025-12-08T23:17:12.560,-0.311,0.611,-0.907
2025-12-08T23:17:12.570,-0.498,0.739,-1.183
2025-12-08T23:17:12.580,-0.56,0.948,-1.622
2025-12-08T23:17:12.590,-0.634,1.171,-2.042
2025-12-08T23:17:12.600,-0.82,1.362,-2.267
2025-12-08T23:17:12.610,-1.013,1.428,-2.331
2025-12-08T23:17:12.620,-1.24,1.431,-2.263
2025-12-08T23:17:12.630,-1.409,1.393,-2.277
2025-12-08T23:17:12.640,-1.502,1.358,-2.374
2025-12-08T23:17:12.650,-1.473,1.262,-2.408
2025-12-08T23:17:12.660,-1.374,1.206,-2.349
2025-12-08T23:17:12.670,-1.382,1.233,-2.066
2025-12-08T23:17:12.680,-1.431,1.252,-1.677
2025-12-08T23:17:12.690,-1.422,1.352,-1.129
2025-12-08T23:17:12.700,-1.281,1.442,-0.67
2025-12-08T23:17:12.710,-1.097,1.42,-0.605
2025-12-08T23:17:12.720,-0.947,1.416,-0.555
2025-12-08T23:17:12.730,-0.813,1.655,-0.434
2025-12-08T23:17:12.740,-0.67,1.914,-0.413
2025-12-08T23:17:12.750,-0.481,1.868,-0.579
2025-12-08T23:17:12.760,-0.43,1.725,-0.717
2025-12-08T23:17:12.770,-0.51,1.648,-0.461
2025-12-08T23:17:12.780,-0.587,1.584,0.086
2025-12-08T23:17:12.790,-0.709,1.497,0.62
2025-12-08T23:17:12.800,-0.949,1.377,0.872
2025-12-08T23:17:12.810,-1.267,1.296,0.771
2025-12-08T23:17:12.820,-1.591,1.365,0.592
2025-12-08T23:17:12.830,-1.969,1.47,0.411
2025-12-08T23:17:12.840,-2.349,1.414,0.02
2025-12-08T23:17:12.850,-2.696,1.267,-0.531
2025-12-08T23:17:12.860,-3.039,1.14,-1.114
2025-12-08T23:17:12.870,-3.337,1.008,-1.531
2025-12-08T23:17:12.880,-3.598,0.835,-1.622
2025-12-08T23:17:12.890,-3.847,0.668,-1.572
2025-12-08T23:17:12.900,-4.02,0.447,-1.579
2025-12-08T23:17:12.910,-4.055,0.156,-1.739
2025-12-08T23:17:12.920,-4.046,-0.066,-1.966
2025-12-08T23:17:12.930,-4.03,-0.251,-2.154
2025-12-08T23:17:12.940,-4.019,-0.394,-2.302
2025-12-08T23:17:12.950,-4.011,-0.601,-2.401
2025-12-08T23:17:12.960,-4.004,-0.968,-2.444
2025-12-08T23:17:12.970,-4.048,-1.299,-2.413
2025-12-08T23:17:12.980,-4.069,-1.595,-2.329
2025-12-08T23:17:12.990,-4.081,-1.854,-2.199
2025-12-08T23:17:13.000,-4.025,-2.103,-2.008
2025-12-08T23:17:13.010,-3.882,-2.472,-1.737
2025-12-08T23:17:13.020,-3.81,-2.781,-1.371
2025-12-08T23:17:13.030,-3.709,-2.958,-0.754
2025-12-08T23:17:13.040,-3.473,-3.197,-0.198
2025-12-08T23:17:13.050,-3.218,-3.627,-0.236
2025-12-08T23:17:13.060,-3.097,-4.044,-0.393
2025-12-08T23:17:13.070,-3.121,-4.082,-0.123
2025-12-08T23:17:13.080,-3.164,-3.901,0.39
2025-12-08T23:17:13.090,-3.195,-3.886,0.763
2025-12-08T23:17:13.100,-3.212,-4.023,0.872
2025-12-08T23:17:13.110,-3.186,-4.124,0.981
2025-12-08T23:17:13.120,-3.036,-4.154,1.158
2025-12-08T23:17:13.130,-2.722,-4.242,1.312
2025-12-08T23:17:13.140,-2.427,-4.394,1.401
2025-12-08T23:17:13.150,-2.18,-4.516,1.344
2025-12-08T23:17:13.160,-1.927,-4.463,1.243
2025-12-08T23:17:13.170,-1.689,-4.151,1.113
2025-12-08T23:17:13.180,-1.428,-3.838,0.868
2025-12-08T23:17:13.190,-1.252,-3.566,0.792
2025-12-08T23:17:13.200,-1.178,-3.215,0.933
2025-12-08T23:17:13.210,-1.154,-2.927,1.031
2025-12-08T23:17:13.220,-1.257,-2.664,1.019
2025-12-08T23:17:13.230,-1.481,-2.379,0.84
2025-12-08T23:17:13.240,-1.747,-2.105,0.656
2025-12-08T23:17:13.250,-2.038,-1.779,0.56
2025-12-08T23:17:13.260,-2.364,-1.486,0.499
2025-12-08T23:17:13.270,-2.668,-1.325,0.588
2025-12-08T23:17:13.280,-2.886,-1.234,0.857
2025-12-08T23:17:13.290,-2.964,-1.193,1.241
2025-12-08T23:17:13.300,-2.954,-1.192,1.544
2025-12-08T23:17:13.310,-2.882,-1.149,1.506
2025-12-08T23:17:13.320,-2.679,-1.111,1.085
2025-12-08T23:17:13.330,-2.427,-1.09,0.664
2025-12-08T23:17:13.340,-2.219,-1.07,0.619
2025-12-08T23:17:13.350,-2.043,-1.104,0.788
2025-12-08T23:17:13.360,-1.868,-1.12,0.956
2025-12-08T23:17:13.370,-1.704,-0.986,1.139
2025-12-08T23:17:13.380,-1.504,-0.691,1.269
2025-12-08T23:17:13.390,-1.235,-0.452,1.158
2025-12-08T23:17:13.400,-1.053,-0.393,0.766
2025-12-08T23:17:13.410,-0.979,-0.443,0.316
2025-12-08T23:17:13.420,-0.958,-0.569,0.162
2025-12-08T23:17:13.430,-0.955,-0.719,0.376
2025-12-08T23:17:13.440,-0.845,-0.929,0.596
2025-12-08T23:17:13.450,-0.602,-1.192,0.555
2025-12-08T23:17:13.460,-0.291,-1.34,0.369
2025-12-08T23:17:13.470,0.005,-1.359,0.24
2025-12-08T23:17:13.480,0.253,-1.354,0.139
2025-12-08T23:17:13.490,0.456,-1.359,-0.038
2025-12-08T23:17:13.500,0.592,-1.359,-0.353
2025-12-08T23:17:13.510,0.69,-1.341,-0.772
2025-12-08T23:17:13.520,0.78,-1.348,-1.053
2025-12-08T23:17:13.530,0.818,-1.402,-1.127
2025-12-08T23:17:13.540,0.834,-1.5,-1.148
2025-12-08T23:17:13.550,0.889,-1.685,-1.164
2025-12-08T23:17:13.560,0.953,-1.937,-1.162
2025-12-08T23:17:13.570,1.011,-2.142,-1.151
2025-12-08T23:17:13.580,1.038,-2.23,-1.147
2025-12-08T23:17:13.590,1.043,-2.176,-1.19
2025-12-08T23:17:13.600,1.038,-2.001,-1.318
2025-12-08T23:17:13.610,0.929,-1.73,-1.454
2025-12-08T23:17:13.620,0.727,-1.432,-1.464
2025-12-08T23:17:13.630,0.545,-1.216,-1.256
2025-12-08T23:17:13.640,0.436,-1.068,-0.766
2025-12-08T23:17:13.650,0.389,-0.912,-0.073
2025-12-08T23:17:13.660,0.363,-0.744,0.574
2025-12-08T23:17:13.670,0.315,-0.58,0.948
2025-12-08T23:17:13.680,0.2,-0.341,1.043
2025-12-08T23:17:13.690,0.016,-0.038,0.918
2025-12-08T23:17:13.700,-0.212,0.216,0.608
2025-12-08T23:17:13.710,-0.544,0.467,0.321
2025-12-08T23:17:13.720,-1.009,0.731,0.252
2025-12-08T23:17:13.730,-1.505,0.876,0.268
2025-12-08T23:17:13.740,-1.934,0.941,0.193
2025-12-08T23:17:13.750,-2.206,1.077,-0.087
2025-12-08T23:17:13.760,-2.366,1.215,-0.587
2025-12-08T23:17:13.770,-2.564,1.253,-0.942
2025-12-08T23:17:13.780,-2.802,1.202,-0.808
2025-12-08T23:17:13.790,-3.085,1.123,-0.149
2025-12-08T23:17:13.800,-3.327,1.095,0.7
2025-12-08T23:17:13.810,-3.4,1.056,1.142
2025-12-08T23:17:13.820,-3.381,1.004,0.951
2025-12-08T23:17:13.830,-3.371,1.082,0.421
2025-12-08T23:17:13.840,-3.416,1.245,-0.087
2025-12-08T23:17:13.850,-3.516,1.368,-0.483
2025-12-08T23:17:13.860,-3.673,1.423,-0.776
2025-12-08T23:17:13.870,-3.801,1.394,-0.927
2025-12-08T23:17:13.880,-3.812,1.358,-0.879
2025-12-08T23:17:13.890,-3.728,1.429,-0.641
2025-12-08T23:17:13.900,-3.541,1.598,-0.33
2025-12-08T23:17:13.910,-3.297,1.818,-0.088
2025-12-08T23:17:13.920,-2.988,2.045,0.005
2025-12-08T23:17:13.930,-2.604,2.277,0.034
2025-12-08T23:17:13.940,-2.248,2.478,0.023
2025-12-08T23:17:13.950,-1.937,2.499,0.018
2025-12-08T23:17:13.960,-1.639,2.353,0.059
2025-12-08T23:17:13.970,-1.276,2.097,-0.056
2025-12-08T23:17:13.980,-0.858,1.786,-0.259
2025-12-08T23:17:13.990,-0.468,1.589,-0.378
2025-12-08T23:17:14.000,-0.105,1.457,-0.437
2025-12-08T23:17:14.010,0.245,1.267,-0.441
2025-12-08T23:17:14.020,0.604,0.997,-0.432
2025-12-08T23:17:14.030,0.929,0.684,-0.478
2025-12-08T23:17:14.040,1.174,0.421,-0.624
2025-12-08T23:17:14.050,1.341,0.254,-0.753
2025-12-08T23:17:14.060,1.412,0.149,-0.639
2025-12-08T23:17:14.070,1.384,0.027,-0.286
2025-12-08T23:17:14.080,1.357,-0.102,0.02
2025-12-08T23:17:14.090,1.425,-0.21,0.074
2025-12-08T23:17:14.100,1.568,-0.223,-0.136
2025-12-08T23:17:14.110,1.753,-0.145,-0.491
2025-12-08T23:17:14.120,1.924,-0.099,-0.82
2025-12-08T23:17:14.130,2.083,-0.087,-1.133
2025-12-08T23:17:14.140,2.269,-0.119,-1.456
2025-12-08T23:17:14.150,2.466,-0.198,-1.76
2025-12-08T23:17:14.160,2.635,-0.336,-1.98
2025-12-08T23:17:14.170,2.764,-0.508,-1.992
2025-12-08T23:17:14.180,2.91,-0.636,-1.839
2025-12-08T23:17:14.190,3.068,-0.773,-1.622
2025-12-08T23:17:14.200,3.202,-0.956,-1.381
2025-12-08T23:17:14.210,3.277,-1.102,-1.099
2025-12-08T23:17:14.220,3.24,-1.233,-0.755
2025-12-08T23:17:14.230,3.219,-1.409,-0.435
2025-12-08T23:17:14.240,3.226,-1.538,-0.182
2025-12-08T23:17:14.250,3.186,-1.545,-0.036
2025-12-08T23:17:14.260,3.254,-1.402,-0.116
2025-12-08T23:17:14.270,3.423,-1.189,-0.438
2025-12-08T23:17:14.280,3.609,-1.038,-0.747
2025-12-08T23:17:14.290,3.8,-0.938,-0.663
2025-12-08T23:17:14.300,3.944,-0.887,-0.168
2025-12-08T23:17:14.310,4.13,-0.89,0.491
2025-12-08T23:17:14.320,4.296,-0.965,1.082
2025-12-08T23:17:14.330,4.356,-1.085,1.446
2025-12-08T23:17:14.340,4.345,-1.132,1.687
2025-12-08T23:17:14.350,4.222,-1.084,1.894
2025-12-08T23:17:14.360,4.024,-0.981,2.014
2025-12-08T23:17:14.370,3.693,-0.881,2.034
2025-12-08T23:17:14.380,3.211,-0.858,1.813
2025-12-08T23:17:14.390,2.656,-0.953,1.458
2025-12-08T23:17:14.400,1.97,-1.092,1.218
2025-12-08T23:17:14.410,1.177,-1.275,1.078
2025-12-08T23:17:14.420,0.377,-1.539,0.995
2025-12-08T23:17:14.430,-0.34,-1.73,0.817
2025-12-08T23:17:14.440,-0.974,-1.759,0.415
2025-12-08T23:17:14.450,-1.492,-1.652,-0.165
2025-12-08T23:17:14.460,-1.85,-1.426,-0.709
2025-12-08T23:17:14.470,-2.071,-1.136,-0.937
2025-12-08T23:17:14.480,-2.149,-0.835,-0.903
2025-12-08T23:17:14.490,-2.165,-0.608,-0.812
2025-12-08T23:17:14.500,-2.14,-0.478,-0.813
2025-12-08T23:17:14.510,-2.101,-0.405,-0.901
2025-12-08T23:17:14.520,-2.12,-0.358,-0.979
2025-12-08T23:17:14.530,-2.273,-0.221,-0.975
2025-12-08T23:17:14.540,-2.629,0.043,-0.885
2025-12-08T23:17:14.550,-3.067,0.339,-0.889
2025-12-08T23:17:14.560,-3.505,0.665,-1.108
2025-12-08T23:17:14.570,-3.913,1.15,-1.601
2025-12-08T23:17:14.580,-4.251,1.777,-2.239
2025-12-08T23:17:14.590,-4.517,2.394,-2.681
2025-12-08T23:17:14.600,-4.716,2.893,-2.789
2025-12-08T23:17:14.610,-4.807,3.251,-2.584
2025-12-08T23:17:14.620,-4.761,3.594,-2.221
2025-12-08T23:17:14.630,-4.629,3.959,-1.853
2025-12-08T23:17:14.640,-4.418,4.323,-1.488
2025-12-08T23:17:14.650,-4.163,4.673,-1.067
2025-12-08T23:17:14.660,-3.887,4.922,-0.6
2025-12-08T23:17:14.670,-3.592,4.996,-0.293
2025-12-08T23:17:14.680,-3.331,4.848,-0.322
2025-12-08T23:17:14.690,-3.109,4.575,-0.565
2025-12-08T23:17:14.700,-2.881,4.227,-0.87
2025-12-08T23:17:14.710,-2.706,3.828,-1.122
2025-12-08T23:17:14.720,-2.683,3.494,-1.131
2025-12-08T23:17:14.730,-2.758,3.185,-1.057
2025-12-08T23:17:14.740,-2.898,2.941,-1.074
2025-12-08T23:17:14.750,-3.023,2.845,-1.255
2025-12-08T23:17:14.760,-3.039,2.775,-1.726
2025-12-08T23:17:14.770,-2.93,2.609,-2.101
2025-12-08T23:17:14.780,-2.699,2.326,-2.022
2025-12-08T23:17:14.790,-2.458,2.0,-1.505
2025-12-08T23:17:14.800,-2.247,1.625,-0.831
2025-12-08T23:17:14.810,-2.017,1.174,-0.436
2025-12-08T23:17:14.820,-1.716,0.744,-0.257
2025-12-08T23:17:14.830,-1.379,0.342,-0.172
2025-12-08T23:17:14.840,-1.097,-0.065,-0.121
2025-12-08T23:17:14.850,-0.859,-0.486,0.016
2025-12-08T23:17:14.860,-0.637,-0.94,0.093
2025-12-08T23:17:14.870,-0.455,-1.375,0.11
2025-12-08T23:17:14.880,-0.328,-1.753,-0.014
2025-12-08T23:17:14.890,-0.178,-2.088,-0.391
2025-12-08T23:17:14.900,0.013,-2.384,-0.776
2025-12-08T23:17:14.910,0.242,-2.565,-0.883
2025-12-08T23:17:14.920,0.521,-2.617,-0.474
2025-12-08T23:17:14.930,0.799,-2.606,0.283
2025-12-08T23:17:14.940,1.083,-2.483,0.972
2025-12-08T23:17:14.950,1.331,-2.297,1.37
2025-12-08T23:17:14.960,1.463,-2.189,1.441
2025-12-08T23:17:14.970,1.446,-2.178,1.399
2025-12-08T23:17:14.980,1.331,-2.195,1.42
2025-12-08T23:17:14.990,1.274,-2.166,1.499
2025-12-08T23:17:15.000,1.318,-2.112,1.571
2025-12-08T23:17:15.010,1.386,-2.095,1.636
2025-12-08T23:17:15.020,1.41,-2.142,1.669
2025-12-08T23:17:15.030,1.339,-2.225,1.564
2025-12-08T23:17:15.040,1.173,-2.342,1.277
2025-12-08T23:17:15.050,1.011,-2.44,0.906
2025-12-08T23:17:15.060,0.837,-2.495,0.701
2025-12-08T23:17:15.070,0.566,-2.56,0.735
2025-12-08T23:17:15.080,0.233,-2.651,0.799
2025-12-08T23:17:15.090,-0.047,-2.845,0.676
2025-12-08T23:17:15.100,-0.249,-2.99,0.41
2025-12-08T23:17:15.110,-0.482,-2.927,0.179
2025-12-08T23:17:15.120,-0.781,-2.818,0.023
2025-12-08T23:17:15.130,-1.158,-2.724,-0.077
2025-12-08T23:17:15.140,-1.571,-2.683,-0.214
2025-12-08T23:17:15.150,-1.901,-2.712,-0.505
2025-12-08T23:17:15.160,-2.167,-2.728,-0.879
2025-12-08T23:17:15.170,-2.38,-2.736,-1.239
2025-12-08T23:17:15.180,-2.501,-2.678,-1.629
2025-12-08T23:17:15.190,-2.565,-2.611,-1.946
2025-12-08T23:17:15.200,-2.574,-2.568,-2.08
2025-12-08T23:17:15.210,-2.495,-2.443,-2.062
2025-12-08T23:17:15.220,-2.334,-2.354,-1.764
2025-12-08T23:17:15.230,-2.114,-2.339,-1.244
2025-12-08T23:17:15.240,-1.885,-2.375,-0.619
2025-12-08T23:17:15.250,-1.726,-2.451,0.077
2025-12-08T23:17:15.260,-1.655,-2.499,0.64
2025-12-08T23:17:15.270,-1.579,-2.537,0.945
2025-12-08T23:17:15.280,-1.41,-2.466,0.9
2025-12-08T23:17:15.290,-1.152,-2.241,0.633
2025-12-08T23:17:15.300,-0.818,-1.929,0.341
2025-12-08T23:17:15.310,-0.469,-1.604,0.028
2025-12-08T23:17:15.320,-0.052,-1.339,-0.199
2025-12-08T23:17:15.330,0.478,-1.109,-0.159
2025-12-08T23:17:15.340,0.985,-0.939,0.286
2025-12-08T23:17:15.350,1.485,-0.811,1.064
2025-12-08T23:17:15.360,1.982,-0.678,1.963
2025-12-08T23:17:15.370,2.415,-0.509,2.664
2025-12-08T23:17:15.380,2.786,-0.254,2.931
2025-12-08T23:17:15.390,3.111,0.023,2.954
2025-12-08T23:17:15.400,3.431,0.234,2.877
2025-12-08T23:17:15.410,3.716,0.389,2.89
2025-12-08T23:17:15.420,3.936,0.539,3.128
2025-12-08T23:17:15.430,4.137,0.657,3.331
2025-12-08T23:17:15.440,4.31,0.771,3.394
2025-12-08T23:17:15.450,4.52,0.845,3.16
2025-12-08T23:17:15.460,4.841,0.847,2.569
2025-12-08T23:17:15.470,5.147,0.908,1.978
2025-12-08T23:17:15.480,5.376,1.017,1.693
2025-12-08T23:17:15.490,5.553,1.158,1.88
2025-12-08T23:17:15.500,5.669,1.363,2.366
2025-12-08T23:17:15.510,5.798,1.661,2.775
2025-12-08T23:17:15.520,5.993,2.023,2.782
2025-12-08T23:17:15.530,6.179,2.336,2.409
2025-12-08T23:17:15.540,6.3,2.592,2.043
2025-12-08T23:17:15.550,6.364,2.772,1.888
2025-12-08T23:17:15.560,6.341,2.835,1.923
2025-12-08T23:17:15.570,6.247,2.834,1.946
2025-12-08T23:17:15.580,6.105,2.841,1.924
2025-12-08T23:17:15.590,5.917,2.866,1.92
2025-12-08T23:17:15.600,5.742,2.93,1.803
2025-12-08T23:17:15.610,5.658,3.005,1.554
2025-12-08T23:17:15.620,5.697,3.056,1.206
2025-12-08T23:17:15.630,5.736,3.197,1.001
2025-12-08T23:17:15.640,5.751,3.414,1.169
2025-12-08T23:17:15.650,5.825,3.689,1.568
2025-12-08T23:17:15.660,5.994,4.011,1.975
2025-12-08T23:17:15.670,6.252,4.334,2.154
2025-12-08T23:17:15.680,6.493,4.649,2.075
2025-12-08T23:17:15.690,6.58,4.825,2.055
2025-12-08T23:17:15.700,6.424,4.871,2.298
2025-12-08T23:17:15.710,6.082,4.785,2.693
2025-12-08T23:17:15.720,5.632,4.518,2.905
2025-12-08T23:17:15.730,5.127,4.169,2.684
2025-12-08T23:17:15.740,4.651,3.77,2.065
2025-12-08T23:17:15.750,4.186,3.382,1.213
2025-12-08T23:17:15.760,3.774,3.008,0.498
2025-12-08T23:17:15.770,3.493,2.686,0.219
2025-12-08T23:17:15.780,3.301,2.494,0.248
2025-12-08T23:17:15.790,3.174,2.34,0.406
2025-12-08T23:17:15.800,3.119,2.271,0.532
2025-12-08T23:17:15.810,3.065,2.326,0.508
2025-12-08T23:17:15.820,2.961,2.398,0.49
2025-12-08T23:17:15.830,2.807,2.392,0.538
2025-12-08T23:17:15.840,2.54,2.194,0.612
2025-12-08T23:17:15.850,2.181,1.845,0.688
2025-12-08T23:17:15.860,1.813,1.409,0.584
2025-12-08T23:17:15.870,1.455,0.887,0.18
2025-12-08T23:17:15.880,1.136,0.409,-0.446
2025-12-08T23:17:15.890,0.822,0.054,-1.103
2025-12-08T23:17:15.900,0.472,-0.259,-1.616
2025-12-08T23:17:15.910,0.091,-0.594,-1.874
2025-12-08T23:17:15.920,-0.289,-0.966,-1.918
2025-12-08T23:17:15.930,-0.548,-1.337,-1.954
2025-12-08T23:17:15.940,-0.626,-1.606,-2.11
2025-12-08T23:17:15.950,-0.486,-1.773,-2.392
2025-12-08T23:17:15.960,-0.145,-1.893,-2.731
2025-12-08T23:17:15.970,0.287,-1.985,-2.985
2025-12-08T23:17:15.980,0.814,-2.082,-3.075
2025-12-08T23:17:15.990,1.416,-2.195,-3.148
2025-12-08T23:17:16.000,1.999,-2.377,-3.287
2025-12-08T23:17:16.010,2.521,-2.642,-3.391
2025-12-08T23:17:16.020,2.921,-2.97,-3.388
2025-12-08T23:17:16.030,3.142,-3.291,-3.286
2025-12-08T23:17:16.040,3.244,-3.495,-3.218
2025-12-08T23:17:16.050,3.298,-3.604,-3.279
2025-12-08T23:17:16.060,3.375,-3.649,-3.528
2025-12-08T23:17:16.070,3.514,-3.692,-3.842
2025-12-08T23:17:16.080,3.678,-3.738,-4.078
2025-12-08T23:17:16.090,3.939,-3.711,-4.307
2025-12-08T23:17:16.100,4.329,-3.659,-4.506
2025-12-08T23:17:16.110,4.779,-3.544,-4.607
2025-12-08T23:17:16.120,5.253,-3.373,-4.413
2025-12-08T23:17:16.130,5.708,-3.251,-3.819
2025-12-08T23:17:16.140,6.086,-3.132,-2.96
2025-12-08T23:17:16.150,6.238,-3.005,-2.01
2025-12-08T23:17:16.160,6.202,-2.937,-1.446
2025-12-08T23:17:16.170,6.116,-2.988,-1.511
2025-12-08T23:17:16.180,5.907,-3.084,-1.976
2025-12-08T23:17:16.190,5.533,-3.118,-2.548
2025-12-08T23:17:16.200,5.014,-3.166,-2.924
2025-12-08T23:17:16.210,4.44,-3.243,-3.133
2025-12-08T23:17:16.220,3.884,-3.289,-3.343
2025-12-08T23:17:16.230,3.348,-3.261,-3.576
2025-12-08T23:17:16.240,2.883,-3.089,-3.855
2025-12-08T23:17:16.250,2.511,-2.761,-4.071
2025-12-08T23:17:16.260,2.189,-2.317,-4.064
2025-12-08T23:17:16.270,1.828,-1.9,-3.826
2025-12-08T23:17:16.280,1.373,-1.551,-3.389
2025-12-08T23:17:16.290,0.869,-1.133,-2.847
2025-12-08T23:17:16.300,0.418,-0.687,-2.381
2025-12-08T23:17:16.310,0.027,-0.349,-2.075
2025-12-08T23:17:16.320,-0.399,-0.113,-1.941
2025-12-08T23:17:16.330,-0.913,0.004,-1.943
2025-12-08T23:17:16.340,-1.536,0.011,-1.994
2025-12-08T23:17:16.350,-2.2,0.001,-2.065
2025-12-08T23:17:16.360,-2.789,0.019,-2.132
2025-12-08T23:17:16.370,-3.348,0.05,-2.173
2025-12-08T23:17:16.380,-3.936,0.093,-2.09
2025-12-08T23:17:16.390,-4.475,0.229,-1.794
2025-12-08T23:17:16.400,-4.945,0.507,-1.364
2025-12-08T23:17:16.410,-5.303,0.961,-0.898
2025-12-08T23:17:16.420,-5.446,1.572,-0.382
2025-12-08T23:17:16.430,-5.45,2.191,0.225
2025-12-08T23:17:16.440,-5.387,2.775,0.792
2025-12-08T23:17:16.450,-5.235,3.234,1.211
2025-12-08T23:17:16.460,-5.059,3.527,1.517
2025-12-08T23:17:16.470,-4.93,3.773,1.747
2025-12-08T23:17:16.480,-4.928,3.978,1.973
2025-12-08T23:17:16.490,-5.045,4.129,2.231
2025-12-08T23:17:16.500,-5.195,4.122,2.469
2025-12-08T23:17:16.510,-5.398,3.942,2.641
2025-12-08T23:17:16.520,-5.572,3.798,2.79
2025-12-08T23:17:16.530,-5.665,3.755,2.788
2025-12-08T23:17:16.540,-5.72,3.822,2.44
2025-12-08T23:17:16.550,-5.732,3.992,1.815
2025-12-08T23:17:16.560,-5.795,4.128,1.12
2025-12-08T23:17:16.570,-5.92,4.131,0.769
2025-12-08T23:17:16.580,-6.052,4.074,1.011
2025-12-08T23:17:16.590,-6.143,3.994,1.652
2025-12-08T23:17:16.600,-6.062,3.871,2.335
2025-12-08T23:17:16.610,-5.803,3.753,2.633
2025-12-08T23:17:16.620,-5.423,3.641,2.356
2025-12-08T23:17:16.630,-5.035,3.501,1.661
2025-12-08T23:17:16.640,-4.803,3.225,1.006
2025-12-08T23:17:16.650,-4.811,2.804,0.867
2025-12-08T23:17:16.660,-4.97,2.404,1.191
2025-12-08T23:17:16.670,-5.042,2.152,1.521
2025-12-08T23:17:16.680,-4.965,2.049,1.386
2025-12-08T23:17:16.690,-4.825,2.021,0.773
2025-12-08T23:17:16.700,-4.699,2.02,0.166
2025-12-08T23:17:16.710,-4.564,1.988,0.047
2025-12-08T23:17:16.720,-4.334,1.908,0.506
2025-12-08T23:17:16.730,-3.98,1.777,1.157
2025-12-08T23:17:16.740,-3.457,1.591,1.597
2025-12-08T23:17:16.750,-2.839,1.423,1.673
2025-12-08T23:17:16.760,-2.192,1.3,1.485
2025-12-08T23:17:16.770,-1.568,1.279,1.398
2025-12-08T23:17:16.780,-1.105,1.352,1.514
2025-12-08T23:17:16.790,-0.801,1.415,1.67
2025-12-08T23:17:16.800,-0.677,1.486,1.8
2025-12-08T23:17:16.810,-0.748,1.546,1.679
2025-12-08T23:17:16.820,-0.83,1.589,1.209
2025-12-08T23:17:16.830,-0.779,1.672,0.658
2025-12-08T23:17:16.840,-0.69,1.719,0.266
2025-12-08T23:17:16.850,-0.639,1.737,0.216
2025-12-08T23:17:16.860,-0.614,1.736,0.483
2025-12-08T23:17:16.870,-0.716,1.582,0.785
2025-12-08T23:17:16.880,-0.895,1.351,0.98
2025-12-08T23:17:16.890,-1.065,1.088,1.106
2025-12-08T23:17:16.900,-1.238,0.702,1.18
2025-12-08T23:17:16.910,-1.37,0.311,1.275
2025-12-08T23:17:16.920,-1.477,0.08,1.384
2025-12-08T23:17:16.930,-1.532,-0.002,1.292
2025-12-08T23:17:16.940,-1.535,0.023,0.926
2025-12-08T23:17:16.950,-1.503,0.157,0.385
2025-12-08T23:17:16.960,-1.49,0.382,-0.103
2025-12-08T23:17:16.970,-1.584,0.681,-0.326
2025-12-08T23:17:16.980,-1.674,0.972,-0.316
2025-12-08T23:17:16.990,-1.757,1.124,-0.165
2025-12-08T23:17:17.000,-1.814,1.146,0.018
2025-12-08T23:17:17.010,-1.754,1.089,0.102
2025-12-08T23:17:17.020,-1.611,0.96,-0.016
2025-12-08T23:17:17.030,-1.464,0.802,-0.224
2025-12-08T23:17:17.040,-1.455,0.632,-0.351
2025-12-08T23:17:17.050,-1.552,0.433,-0.351
2025-12-08T23:17:17.060,-1.73,0.254,-0.153
2025-12-08T23:17:17.070,-1.952,0.059,0.058
2025-12-08T23:17:17.080,-2.088,-0.173,0.065
2025-12-08T23:17:17.090,-2.169,-0.325,-0.093
2025-12-08T23:17:17.100,-2.17,-0.387,-0.359
2025-12-08T23:17:17.110,-2.132,-0.437,-0.589
2025-12-08T23:17:17.120,-2.204,-0.516,-0.574
2025-12-08T23:17:17.130,-2.341,-0.621,-0.264
2025-12-08T23:17:17.140,-2.445,-0.686,0.152
2025-12-08T23:17:17.150,-2.433,-0.708,0.469
2025-12-08T23:17:17.160,-2.269,-0.64,0.586
2025-12-08T23:17:17.170,-2.03,-0.474,0.515
2025-12-08T23:17:17.180,-1.8,-0.302,0.367
2025-12-08T23:17:17.190,-1.657,-0.065,0.166
2025-12-08T23:17:17.200,-1.607,0.153,-0.143
2025-12-08T23:17:17.210,-1.62,0.196,-0.51
2025-12-08T23:17:17.220,-1.659,0.089,-0.707
2025-12-08T23:17:17.230,-1.623,-0.104,-0.681
2025-12-08T23:17:17.240,-1.54,-0.266,-0.577
2025-12-08T23:17:17.250,-1.439,-0.389,-0.473
2025-12-08T23:17:17.260,-1.315,-0.528,-0.477
2025-12-08T23:17:17.270,-1.229,-0.779,-0.59
2025-12-08T23:17:17.280,-1.187,-1.13,-0.629
2025-12-08T23:17:17.290,-1.152,-1.414,-0.479
2025-12-08T23:17:17.300,-1.065,-1.7,-0.269
2025-12-08T23:17:17.310,-0.915,-2.012,-0.157
2025-12-08T23:17:17.320,-0.704,-2.266,-0.131
2025-12-08T23:17:17.330,-0.449,-2.432,-0.122
2025-12-08T23:17:17.340,-0.187,-2.459,-0.077
2025-12-08T23:17:17.350,0.104,-2.449,0.058
2025-12-08T23:17:17.360,0.415,-2.453,0.357
2025-12-08T23:17:17.370,0.712,-2.45,0.672
2025-12-08T23:17:17.380,1.048,-2.503,0.778
2025-12-08T23:17:17.390,1.489,-2.608,0.655
2025-12-08T23:17:17.400,1.931,-2.778,0.467
2025-12-08T23:17:17.410,2.322,-3.017,0.475
2025-12-08T23:17:17.420,2.672,-3.268,0.863
2025-12-08T23:17:17.430,2.873,-3.513,1.566
2025-12-08T23:17:17.440,2.999,-3.707,2.24
2025-12-08T23:17:17.450,3.163,-3.78,2.548
2025-12-08T23:17:17.460,3.37,-3.746,2.379
2025-12-08T23:17:17.470,3.579,-3.661,1.874
2025-12-08T23:17:17.480,3.732,-3.524,1.359
2025-12-08T23:17:17.490,3.842,-3.359,1.166
2025-12-08T23:17:17.500,3.866,-3.209,1.366
2025-12-08T23:17:17.510,3.809,-3.038,1.709
2025-12-08T23:17:17.520,3.745,-2.851,1.919
2025-12-08T23:17:17.530,3.648,-2.667,1.827
2025-12-08T23:17:17.540,3.48,-2.499,1.54
2025-12-08T23:17:17.550,3.259,-2.338,1.302
2025-12-08T23:17:17.560,2.99,-2.174,1.272
2025-12-08T23:17:17.570,2.701,-2.073,1.417
2025-12-08T23:17:17.580,2.434,-2.015,1.479
2025-12-08T23:17:17.590,2.163,-1.969,1.354
2025-12-08T23:17:17.600,1.808,-1.882,1.074
2025-12-08T23:17:17.610,1.359,-1.695,0.76
2025-12-08T23:17:17.620,0.838,-1.453,0.533
2025-12-08T23:17:17.630,0.252,-1.095,0.387
2025-12-08T23:17:17.640,-0.349,-0.589,0.395
2025-12-08T23:17:17.650,-0.94,-0.003,0.462
2025-12-08T23:17:17.660,-1.411,0.638,0.447
2025-12-08T23:17:17.670,-1.663,1.193,0.379
2025-12-08T23:17:17.680,-1.725,1.559,0.285
2025-12-08T23:17:17.690,-1.608,1.841,0.267
2025-12-08T23:17:17.700,-1.373,2.092,0.472
2025-12-08T23:17:17.710,-1.104,2.304,0.797
2025-12-08T23:17:17.720,-0.853,2.381,1.005
2025-12-08T23:17:17.730,-0.595,2.257,1.062
2025-12-08T23:17:17.740,-0.341,2.091,1.061
2025-12-08T23:17:17.750,-0.224,1.927,1.161
2025-12-08T23:17:17.760,-0.244,1.716,1.332
2025-12-08T23:17:17.770,-0.325,1.415,1.328
2025-12-08T23:17:17.780,-0.432,1.031,1.143
2025-12-08T23:17:17.790,-0.562,0.727,0.89
2025-12-08T23:17:17.800,-0.729,0.504,0.677
2025-12-08T23:17:17.810,-0.899,0.312,0.576
2025-12-08T23:17:17.820,-1.038,0.187,0.542
2025-12-08T23:17:17.830,-1.122,0.136,0.468
2025-12-08T23:17:17.840,-1.163,0.136,0.212
2025-12-08T23:17:17.850,-1.167,0.123,-0.171
2025-12-08T23:17:17.860,-1.113,0.102,-0.462
2025-12-08T23:17:17.870,-1.059,0.055,-0.363
2025-12-08T23:17:17.880,-0.975,-0.079,0.193
2025-12-08T23:17:17.890,-0.785,-0.251,0.806
2025-12-08T23:17:17.900,-0.541,-0.418,1.186
2025-12-08T23:17:17.910,-0.263,-0.583,1.17
2025-12-08T23:17:17.920,-0.03,-0.767,0.887
2025-12-08T23:17:17.930,0.029,-0.964,0.723
2025-12-08T23:17:17.940,-0.123,-1.14,0.655
2025-12-08T23:17:17.950,-0.462,-1.317,0.571
2025-12-08T23:17:17.960,-0.873,-1.496,0.325
2025-12-08T23:17:17.970,-1.283,-1.721,-0.103
2025-12-08T23:17:17.980,-1.65,-1.919,-0.469
2025-12-08T23:17:17.990,-1.934,-2.022,-0.693
2025-12-08T23:17:18.000,-2.113,-2.115,-0.838
2025-12-08T23:17:18.010,-2.08,-2.146,-1.027
2025-12-08T23:17:18.020,-1.927,-2.023,-1.248
2025-12-08T23:17:18.030,-1.818,-1.678,-1.426
2025-12-08T23:17:18.040,-1.733,-1.143,-1.419
2025-12-08T23:17:18.050,-1.67,-0.581,-1.163
2025-12-08T23:17:18.060,-1.594,-0.147,-0.827
2025-12-08T23:17:18.070,-1.459,0.216,-0.562
2025-12-08T23:17:18.080,-1.327,0.699,-0.469
2025-12-08T23:17:18.090,-1.197,1.158,-0.536
2025-12-08T23:17:18.100,-1.094,1.361,-0.762
2025-12-08T23:17:18.110,-1.077,1.261,-0.957
2025-12-08T23:17:18.120,-1.037,1.045,-0.928
2025-12-08T23:17:18.130,-1.008,0.957,-0.793
2025-12-08T23:17:18.140,-1.049,0.906,-0.589
2025-12-08T23:17:18.150,-1.112,0.802,-0.348
2025-12-08T23:17:18.160,-1.214,0.713,-0.041
2025-12-08T23:17:18.170,-1.2,0.779,0.172
2025-12-08T23:17:18.180,-1.023,1.059,0.007
2025-12-08T23:17:18.190,-0.799,1.489,-0.406
2025-12-08T23:17:18.200,-0.58,2.018,-0.898
2025-12-08T23:17:18.210,-0.431,2.513,-1.308
2025-12-08T23:17:18.220,-0.351,2.944,-1.522
2025-12-08T23:17:18.230,-0.375,3.31,-1.548
2025-12-08T23:17:18.240,-0.466,3.535,-1.401
2025-12-08T23:17:18.250,-0.582,3.684,-1.112
2025-12-08T23:17:18.260,-0.701,3.769,-0.752
2025-12-08T23:17:18.270,-0.753,3.739,-0.645
2025-12-08T23:17:18.280,-0.788,3.648,-0.865
2025-12-08T23:17:18.290,-0.792,3.558,-1.283
2025-12-08T23:17:18.300,-0.806,3.431,-1.843
2025-12-08T23:17:18.310,-0.82,3.254,-2.279
2025-12-08T23:17:18.320,-0.75,3.141,-2.485
2025-12-08T23:17:18.330,-0.647,3.175,-2.453
2025-12-08T23:17:18.340,-0.501,3.362,-2.313
2025-12-08T23:17:18.350,-0.295,3.646,-2.211
2025-12-08T23:17:18.360,-0.005,3.942,-2.086
2025-12-08T23:17:18.370,0.28,4.181,-1.981
2025-12-08T23:17:18.380,0.499,4.326,-1.863
2025-12-08T23:17:18.390,0.701,4.373,-1.755
2025-12-08T23:17:18.400,0.833,4.253,-1.741
2025-12-08T23:17:18.410,0.878,4.015,-1.811
2025-12-08T23:17:18.420,0.841,3.724,-1.99
2025-12-08T23:17:18.430,0.748,3.337,-2.258
2025-12-08T23:17:18.440,0.607,2.982,-2.528
2025-12-08T23:17:18.450,0.469,2.732,-2.679
2025-12-08T23:17:18.460,0.41,2.386,-2.859
2025-12-08T23:17:18.470,0.405,1.942,-3.247
2025-12-08T23:17:18.480,0.45,1.641,-3.53
2025-12-08T23:17:18.490,0.465,1.505,-3.421
2025-12-08T23:17:18.500,0.48,1.409,-3.011
2025-12-08T23:17:18.510,0.557,1.272,-2.454
2025-12-08T23:17:18.520,0.658,1.088,-1.966
2025-12-08T23:17:18.530,0.829,0.947,-1.726
2025-12-08T23:17:18.540,1.044,0.851,-1.661
2025-12-08T23:17:18.550,1.261,0.742,-1.593
2025-12-08T23:17:18.560,1.447,0.578,-1.465
2025-12-08T23:17:18.570,1.563,0.316,-1.354
2025-12-08T23:17:18.580,1.597,0.041,-1.385
2025-12-08T23:17:18.590,1.493,-0.19,-1.64
2025-12-08T23:17:18.600,1.271,-0.415,-2.077
2025-12-08T23:17:18.610,0.978,-0.631,-2.507
2025-12-08T23:17:18.620,0.681,-0.819,-2.665
2025-12-08T23:17:18.630,0.462,-0.993,-2.596
2025-12-08T23:17:18.640,0.284,-1.203,-2.494
2025-12-08T23:17:18.650,0.198,-1.445,-2.485
2025-12-08T23:17:18.660,0.294,-1.688,-2.654
2025-12-08T23:17:18.670,0.565,-1.893,-2.815
2025-12-08T23:17:18.680,0.85,-2.05,-2.74
2025-12-08T23:17:18.690,0.989,-2.227,-2.329
2025-12-08T23:17:18.700,1.021,-2.404,-1.711
2025-12-08T23:17:18.710,0.952,-2.511,-1.175
2025-12-08T23:17:18.720,0.799,-2.547,-0.911
2025-12-08T23:17:18.730,0.55,-2.499,-1.009
2025-12-08T23:17:18.740,0.216,-2.428,-1.349
2025-12-08T23:17:18.750,-0.108,-2.385,-1.685
2025-12-08T23:17:18.760,-0.434,-2.338,-1.918
2025-12-08T23:17:18.770,-0.707,-2.28,-2.12
2025-12-08T23:17:18.780,-0.863,-2.155,-2.361
2025-12-08T23:17:18.790,-0.881,-1.961,-2.629
2025-12-08T23:17:18.800,-0.854,-1.789,-2.728
2025-12-08T23:17:18.810,-0.872,-1.679,-2.56
2025-12-08T23:17:18.820,-0.851,-1.633,-2.19
2025-12-08T23:17:18.830,-0.783,-1.56,-1.684
2025-12-08T23:17:18.840,-0.732,-1.406,-1.327
2025-12-08T23:17:18.850,-0.691,-1.181,-1.232
2025-12-08T23:17:18.860,-0.635,-0.922,-1.3
2025-12-08T23:17:18.870,-0.603,-0.743,-1.427
2025-12-08T23:17:18.880,-0.564,-0.67,-1.477
2025-12-08T23:17:18.890,-0.535,-0.684,-1.341
2025-12-08T23:17:18.900,-0.532,-0.743,-0.89
2025-12-08T23:17:18.910,-0.451,-0.742,-0.287
2025-12-08T23:17:18.920,-0.381,-0.721,0.171
2025-12-08T23:17:18.930,-0.348,-0.737,0.449
2025-12-08T23:17:18.940,-0.302,-0.679,0.772
2025-12-08T23:17:18.950,-0.272,-0.54,1.345
2025-12-08T23:17:18.960,-0.216,-0.425,2.021
2025-12-08T23:17:18.970,-0.131,-0.351,2.551
2025-12-08T23:17:18.980,-0.028,-0.339,2.817
2025-12-08T23:17:18.990,0.076,-0.38,2.942
2025-12-08T23:17:19.000,0.155,-0.486,3.07
2025-12-08T23:17:19.010,0.241,-0.617,3.19
2025-12-08T23:17:19.020,0.385,-0.719,3.2
2025-12-08T23:17:19.030,0.596,-0.824,2.943
2025-12-08T23:17:19.040,0.775,-0.896,2.624
2025-12-08T23:17:19.050,0.803,-0.9,2.511
2025-12-08T23:17:19.060,0.637,-0.813,2.613
2025-12-08T23:17:19.070,0.33,-0.669,2.922
2025-12-08T23:17:19.080,-0.008,-0.543,3.233
2025-12-08T23:17:19.090,-0.298,-0.498,3.439
2025-12-08T23:17:19.100,-0.436,-0.527,3.448
2025-12-08T23:17:19.110,-0.383,-0.615,3.151
2025-12-08T23:17:19.120,-0.2,-0.794,2.802
2025-12-08T23:17:19.130,-0.012,-0.98,2.608
2025-12-08T23:17:19.140,0.033,-1.19,2.822
2025-12-08T23:17:19.150,-0.081,-1.422,3.491
2025-12-08T23:17:19.160,-0.278,-1.623,4.196
2025-12-08T23:17:19.170,-0.476,-1.842,4.581
2025-12-08T23:17:19.180,-0.694,-2.031,4.52
2025-12-08T23:17:19.190,-0.979,-2.167,4.224
2025-12-08T23:17:19.200,-1.338,-2.207,4.013
2025-12-08T23:17:19.210,-1.715,-2.148,4.016
2025-12-08T23:17:19.220,-1.954,-2.025,4.115
2025-12-08T23:17:19.230,-2.035,-1.816,4.041
2025-12-08T23:17:19.240,-1.98,-1.583,3.787
2025-12-08T23:17:19.250,-1.781,-1.394,3.54
2025-12-08T23:17:19.260,-1.484,-1.241,3.484
2025-12-08T23:17:19.270,-1.144,-1.099,3.767
2025-12-08T23:17:19.280,-0.81,-1.031,4.292
2025-12-08T23:17:19.290,-0.571,-1.006,4.785
2025-12-08T23:17:19.300,-0.508,-0.961,5.098
2025-12-08T23:17:19.310,-0.535,-0.919,5.2
2025-12-08T23:17:19.320,-0.642,-0.831,5.155
2025-12-08T23:17:19.330,-0.841,-0.726,5.077
2025-12-08T23:17:19.340,-1.062,-0.682,5.012
2025-12-08T23:17:19.350,-1.32,-0.696,4.95
2025-12-08T23:17:19.360,-1.553,-0.76,4.795
2025-12-08T23:17:19.370,-1.717,-0.827,4.429
2025-12-08T23:17:19.380,-1.8,-0.868,3.89
2025-12-08T23:17:19.390,-1.824,-0.911,3.42
2025-12-08T23:17:19.400,-1.822,-0.901,3.236
2025-12-08T23:17:19.410,-1.734,-0.808,3.346
2025-12-08T23:17:19.420,-1.618,-0.651,3.641
2025-12-08T23:17:19.430,-1.593,-0.392,4.026
2025-12-08T23:17:19.440,-1.617,-0.07,4.395
2025-12-08T23:17:19.450,-1.627,0.273,4.547
2025-12-08T23:17:19.460,-1.636,0.692,4.333
2025-12-08T23:17:19.470,-1.626,1.113,3.674
2025-12-08T23:17:19.480,-1.672,1.393,2.737
2025-12-08T23:17:19.490,-1.869,1.537,1.853
2025-12-08T23:17:19.500,-2.107,1.536,1.199
2025-12-08T23:17:19.510,-2.326,1.425,0.853
2025-12-08T23:17:19.520,-2.476,1.319,0.65
2025-12-08T23:17:19.530,-2.54,1.229,0.47
2025-12-08T23:17:19.540,-2.582,1.183,0.407
2025-12-08T23:17:19.550,-2.565,1.174,0.48
2025-12-08T23:17:19.560,-2.467,1.216,0.622
2025-12-08T23:17:19.570,-2.282,1.297,0.765
2025-12-08T23:17:19.580,-2.063,1.345,0.917
2025-12-08T23:17:19.590,-1.833,1.401,0.966
2025-12-08T23:17:19.600,-1.631,1.453,1.006
2025-12-08T23:17:19.610,-1.534,1.468,1.246
2025-12-08T23:17:19.620,-1.479,1.428,1.461
2025-12-08T23:17:19.630,-1.448,1.308,1.435
2025-12-08T23:17:19.640,-1.429,1.158,1.093
2025-12-08T23:17:19.650,-1.376,1.046,0.533
2025-12-08T23:17:19.660,-1.355,1.025,0.081
2025-12-08T23:17:19.670,-1.358,0.999,-0.088
2025-12-08T23:17:19.680,-1.316,0.874,-0.042
2025-12-08T23:17:19.690,-1.214,0.747,-0.021
2025-12-08T23:17:19.700,-1.053,0.658,-0.141
2025-12-08T23:17:19.710,-0.879,0.594,-0.337
2025-12-08T23:17:19.720,-0.662,0.579,-0.494
2025-12-08T23:17:19.730,-0.409,0.612,-0.494
2025-12-08T23:17:19.740,-0.198,0.667,-0.376
2025-12-08T23:17:19.750,0.013,0.692,-0.257
2025-12-08T23:17:19.760,0.152,0.669,-0.21
2025-12-08T23:17:19.770,0.207,0.599,-0.27
2025-12-08T23:17:19.780,0.237,0.482,-0.388
2025-12-08T23:17:19.790,0.202,0.368,-0.469
2025-12-08T23:17:19.800,0.16,0.271,-0.537
2025-12-08T23:17:19.810,0.14,0.133,-0.626
2025-12-08T23:17:19.820,0.214,-0.069,-0.818
2025-12-08T23:17:19.830,0.398,-0.3,-1.14
2025-12-08T23:17:19.840,0.604,-0.5,-1.35
2025-12-08T23:17:19.850,0.815,-0.586,-1.279
2025-12-08T23:17:19.860,1.062,-0.606,-1.009
2025-12-08T23:17:19.870,1.367,-0.609,-0.713
2025-12-08T23:17:19.880,1.644,-0.528,-0.556
2025-12-08T23:17:19.890,1.839,-0.418,-0.644
2025-12-08T23:17:19.900,1.972,-0.415,-0.879
2025-12-08T23:17:19.910,2.08,-0.558,-1.055
2025-12-08T23:17:19.920,2.177,-0.776,-1.109
2025-12-08T23:17:19.930,2.244,-1.001,-1.037
2025-12-08T23:17:19.940,2.325,-1.179,-0.886
2025-12-08T23:17:19.950,2.443,-1.277,-0.735
2025-12-08T23:17:19.960,2.563,-1.329,-0.668
2025-12-08T23:17:19.970,2.672,-1.305,-0.674
2025-12-08T23:17:19.980,2.783,-1.168,-0.689
2025-12-08T23:17:19.990,2.913,-0.957,-0.756
2025-12-08T23:17:20.000,3.089,-0.771,-0.86
2025-12-08T23:17:20.010,3.302,-0.713,-0.963
2025-12-08T23:17:20.020,3.485,-0.733,-0.968
2025-12-08T23:17:20.030,3.645,-0.769,-0.832
2025-12-08T23:17:20.040,3.817,-0.827,-0.65
2025-12-08T23:17:20.050,4.003,-0.92,-0.411
2025-12-08T23:17:20.060,4.157,-1.062,-0.119
2025-12-08T23:17:20.070,4.178,-1.231,0.199
2025-12-08T23:17:20.080,4.065,-1.427,0.408
2025-12-08T23:17:20.090,3.897,-1.629,0.304
2025-12-08T23:17:20.100,3.749,-1.753,-0.193
2025-12-08T23:17:20.110,3.692,-1.813,-1.009
2025-12-08T23:17:20.120,3.692,-1.837,-1.763
2025-12-08T23:17:20.130,3.703,-1.81,-2.104
2025-12-08T23:17:20.140,3.721,-1.752,-1.975
2025-12-08T23:17:20.150,3.788,-1.668,-1.548
2025-12-08T23:17:20.160,3.933,-1.605,-1.088
2025-12-08T23:17:20.170,4.072,-1.511,-0.726
2025-12-08T23:17:20.180,4.169,-1.302,-0.436
2025-12-08T23:17:20.190,4.216,-1.026,-0.205
2025-12-08T23:17:20.200,4.179,-0.705,-0.161
2025-12-08T23:17:20.210,4.042,-0.442,-0.326
2025-12-08T23:17:20.220,3.825,-0.341,-0.61
2025-12-08T23:17:20.230,3.574,-0.353,-0.894
2025-12-08T23:17:20.240,3.31,-0.432,-0.984
2025-12-08T23:17:20.250,3.061,-0.507,-0.93
2025-12-08T23:17:20.260,2.866,-0.499,-0.98
2025-12-08T23:17:20.270,2.767,-0.405,-1.308
2025-12-08T23:17:20.280,2.742,-0.226,-1.866
2025-12-08T23:17:20.290,2.774,0.036,-2.436
2025-12-08T23:17:20.300,2.821,0.318,-2.696
2025-12-08T23:17:20.310,2.802,0.553,-2.501
2025-12-08T23:17:20.320,2.735,0.626,-2.098
2025-12-08T23:17:20.330,2.562,0.534,-1.667
2025-12-08T23:17:20.340,2.255,0.426,-1.311
2025-12-08T23:17:20.350,1.858,0.334,-1.113
2025-12-08T23:17:20.360,1.374,0.281,-1.097
2025-12-08T23:17:20.370,0.872,0.296,-1.336
2025-12-08T23:17:20.380,0.406,0.366,-1.802
2025-12-08T23:17:20.390,-0.014,0.492,-2.405
2025-12-08T23:17:20.400,-0.358,0.631,-3.034
2025-12-08T23:17:20.410,-0.59,0.758,-3.578
2025-12-08T23:17:20.420,-0.751,0.858,-3.936
2025-12-08T23:17:20.430,-0.904,0.905,-4.082
2025-12-08T23:17:20.440,-1.029,0.866,-4.055
2025-12-08T23:17:20.450,-1.116,0.801,-3.795
2025-12-08T23:17:20.460,-1.185,0.788,-3.369
2025-12-08T23:17:20.470,-1.19,0.778,-2.945
2025-12-08T23:17:20.480,-1.128,0.807,-2.602
2025-12-08T23:17:20.490,-1.05,0.884,-2.442
2025-12-08T23:17:20.500,-0.929,0.987,-2.524
2025-12-08T23:17:20.510,-0.813,1.174,-2.822
2025-12-08T23:17:20.520,-0.79,1.351,-3.264
2025-12-08T23:17:20.530,-0.874,1.463,-3.661
2025-12-08T23:17:20.540,-1.033,1.532,-3.814
2025-12-08T23:17:20.550,-1.185,1.514,-3.727
2025-12-08T23:17:20.560,-1.239,1.462,-3.464
2025-12-08T23:17:20.570,-1.153,1.417,-3.063
2025-12-08T23:17:20.580,-1.007,1.36,-2.554
2025-12-08T23:17:20.590,-0.844,1.275,-1.957
2025-12-08T23:17:20.600,-0.633,1.113,-1.437
2025-12-08T23:17:20.610,-0.366,0.916,-1.116
2025-12-08T23:17:20.620,-0.057,0.81,-0.944
2025-12-08T23:17:20.630,0.207,0.796,-0.885
2025-12-08T23:17:20.640,0.341,0.747,-0.794
2025-12-08T23:17:20.650,0.304,0.653,-0.521
2025-12-08T23:17:20.660,0.121,0.51,-0.193
2025-12-08T23:17:20.670,-0.146,0.299,0.012
2025-12-08T23:17:20.680,-0.496,0.15,0.025
2025-12-08T23:17:20.690,-0.908,0.068,-0.176
2025-12-08T23:17:20.700,-1.299,-0.011,-0.531
2025-12-08T23:17:20.710,-1.555,-0.072,-0.896
2025-12-08T23:17:20.720,-1.611,-0.148,-1.131
2025-12-08T23:17:20.730,-1.52,-0.266,-1.148
2025-12-08T23:17:20.740,-1.417,-0.453,-0.934
2025-12-08T23:17:20.750,-1.296,-0.687,-0.619
2025-12-08T23:17:20.760,-1.131,-0.953,-0.318
2025-12-08T23:17:20.770,-0.999,-1.252,-0.097
2025-12-08T23:17:20.780,-0.886,-1.621,0.017
2025-12-08T23:17:20.790,-0.84,-2.023,0.134
2025-12-08T23:17:20.800,-0.883,-2.288,0.286
2025-12-08T23:17:20.810,-0.956,-2.379,0.415
2025-12-08T23:17:20.820,-1.062,-2.38,0.351
2025-12-08T23:17:20.830,-1.202,-2.378,0.091
2025-12-08T23:17:20.840,-1.416,-2.384,-0.056
2025-12-08T23:17:20.850,-1.7,-2.452,0.095
2025-12-08T23:17:20.860,-1.998,-2.598,0.576
2025-12-08T23:17:20.870,-2.184,-2.755,1.177
2025-12-08T23:17:20.880,-2.171,-2.921,1.597
2025-12-08T23:17:20.890,-2.022,-3.022,1.698
2025-12-08T23:17:20.900,-1.783,-3.01,1.52
2025-12-08T23:17:20.910,-1.536,-2.883,1.344
2025-12-08T23:17:20.920,-1.315,-2.697,1.324
2025-12-08T23:17:20.930,-1.079,-2.519,1.504
2025-12-08T23:17:20.940,-0.865,-2.265,1.887
2025-12-08T23:17:20.950,-0.699,-1.947,2.299
2025-12-08T23:17:20.960,-0.569,-1.688,2.621
2025-12-08T23:17:20.970,-0.493,-1.531,2.808
2025-12-08T23:17:20.980,-0.503,-1.49,2.901
2025-12-08T23:17:20.990,-0.602,-1.554,2.884
2025-12-08T23:17:21.000,-0.754,-1.643,2.667
2025-12-08T23:17:21.010,-0.872,-1.736,2.315
2025-12-08T23:17:21.020,-0.946,-1.853,1.963
2025-12-08T23:17:21.030,-1.047,-1.965,1.725
2025-12-08T23:17:21.040,-1.154,-2.09,1.593
2025-12-08T23:17:21.050,-1.189,-2.196,1.532
2025-12-08T23:17:21.060,-1.146,-2.22,1.6
2025-12-08T23:17:21.070,-1.091,-2.155,1.817
2025-12-08T23:17:21.080,-1.03,-2.021,2.064
2025-12-08T23:17:21.090,-0.909,-1.891,2.193
2025-12-08T23:17:21.100,-0.792,-1.776,2.196
2025-12-08T23:17:21.110,-0.776,-1.613,2.165
2025-12-08T23:17:21.120,-0.83,-1.421,2.097
2025-12-08T23:17:21.130,-0.916,-1.268,1.802
2025-12-08T23:17:21.140,-1.023,-1.181,1.239
2025-12-08T23:17:21.150,-1.137,-1.134,0.687
2025-12-08T23:17:21.160,-1.262,-1.149,0.393
2025-12-08T23:17:21.170,-1.394,-1.223,0.489
2025-12-08T23:17:21.180,-1.524,-1.254,0.897
2025-12-08T23:17:21.190,-1.571,-1.181,1.25
2025-12-08T23:17:21.200,-1.487,-0.951,1.256
2025-12-08T23:17:21.210,-1.335,-0.557,0.979
2025-12-08T23:17:21.220,-1.15,-0.107,0.69
2025-12-08T23:17:21.230,-1.01,0.339,0.646
2025-12-08T23:17:21.240,-0.997,0.715,1.009
2025-12-08T23:17:21.250,-1.06,0.964,1.65
2025-12-08T23:17:21.260,-1.092,1.107,2.179
2025-12-08T23:17:21.270,-1.052,1.184,2.419
2025-12-08T23:17:21.280,-0.994,1.24,2.422
2025-12-08T23:17:21.290,-0.996,1.227,2.271
2025-12-08T23:17:21.300,-1.081,1.203,2.175
2025-12-08T23:17:21.310,-1.21,1.27,2.141
2025-12-08T23:17:21.320,-1.388,1.367,1.904
2025-12-08T23:17:21.330,-1.574,1.512,1.425
2025-12-08T23:17:21.340,-1.725,1.742,0.881
2025-12-08T23:17:21.350,-1.894,1.972,0.432
2025-12-08T23:17:21.360,-2.072,2.146,0.192
2025-12-08T23:17:21.370,-2.225,2.275,0.193
2025-12-08T23:17:21.380,-2.278,2.39,0.305
2025-12-08T23:17:21.390,-2.208,2.541,0.4
2025-12-08T23:17:21.400,-2.054,2.712,0.53
2025-12-08T23:17:21.410,-1.837,2.843,0.691
2025-12-08T23:17:21.420,-1.668,2.88,0.84
2025-12-08T23:17:21.430,-1.568,2.805,0.909
2025-12-08T23:17:21.440,-1.536,2.738,0.817
2025-12-08T23:17:21.450,-1.591,2.733,0.658
2025-12-08T23:17:21.460,-1.7,2.674,0.49
2025-12-08T23:17:21.470,-1.874,2.547,0.355
2025-12-08T23:17:21.480,-2.061,2.451,0.268
2025-12-08T23:17:21.490,-2.2,2.472,0.089
2025-12-08T23:17:21.500,-2.25,2.587,-0.218
2025-12-08T23:17:21.510,-2.156,2.758,-0.621
2025-12-08T23:17:21.520,-1.936,2.982,-0.976
2025-12-08T23:17:21.530,-1.677,3.179,-1.065
2025-12-08T23:17:21.540,-1.403,3.303,-0.944
2025-12-08T23:17:21.550,-1.069,3.303,-0.797
2025-12-08T23:17:21.560,-0.679,3.185,-0.792
2025-12-08T23:17:21.570,-0.266,3.09,-0.98
2025-12-08T23:17:21.580,0.135,3.007,-1.272
2025-12-08T23:17:21.590,0.522,2.868,-1.645
2025-12-08T23:17:21.600,0.869,2.66,-1.991
2025-12-08T23:17:21.610,1.096,2.41,-2.171
2025-12-08T23:17:21.620,1.216,2.148,-2.23
2025-12-08T23:17:21.630,1.334,1.842,-2.337
2025-12-08T23:17:21.640,1.504,1.561,-2.62
2025-12-08T23:17:21.650,1.729,1.29,-2.963
2025-12-08T23:17:21.660,1.99,1.005,-3.223
2025-12-08T23:17:21.670,2.225,0.768,-3.357
2025-12-08T23:17:21.680,2.457,0.555,-3.348
2025-12-08T23:17:21.690,2.75,0.401,-3.322
2025-12-08T23:17:21.700,3.085,0.224,-3.38
2025-12-08T23:17:21.710,3.45,-0.068,-3.493
2025-12-08T23:17:21.720,3.808,-0.482,-3.584
2025-12-08T23:17:21.730,4.163,-0.988,-3.654
2025-12-08T23:17:21.740,4.564,-1.418,-3.854
2025-12-08T23:17:21.750,4.989,-1.735,-4.246
2025-12-08T23:17:21.760,5.36,-1.929,-4.783
2025-12-08T23:17:21.770,5.587,-2.025,-5.345
2025-12-08T23:17:21.780,5.666,-2.155,-5.714
2025-12-08T23:17:21.790,5.663,-2.359,-5.783
2025-12-08T23:17:21.800,5.652,-2.592,-5.626
2025-12-08T23:17:21.810,5.665,-2.769,-5.414
2025-12-08T23:17:21.820,5.726,-2.889,-5.311
2025-12-08T23:17:21.830,5.841,-2.984,-5.308
2025-12-08T23:17:21.840,5.933,-3.073,-5.178
2025-12-08T23:17:21.850,5.944,-3.153,-4.733
2025-12-08T23:17:21.860,5.83,-3.204,-4.046
2025-12-08T23:17:21.870,5.656,-3.255,-3.345
2025-12-08T23:17:21.880,5.534,-3.303,-2.855
2025-12-08T23:17:21.890,5.439,-3.269,-2.552
2025-12-08T23:17:21.900,5.326,-3.199,-2.261
2025-12-08T23:17:21.910,5.131,-3.191,-1.998
2025-12-08T23:17:21.920,4.847,-3.171,-1.789
2025-12-08T23:17:21.930,4.544,-3.118,-1.6
2025-12-08T23:17:21.940,4.248,-3.046,-1.464
2025-12-08T23:17:21.950,4.01,-2.963,-1.314
2025-12-08T23:17:21.960,3.879,-2.898,-1.073
2025-12-08T23:17:21.970,3.817,-2.8,-0.729
2025-12-08T23:17:21.980,3.755,-2.654,-0.33
2025-12-08T23:17:21.990,3.609,-2.419,-0.011
2025-12-08T23:17:22.000,3.357,-2.136,0.202
2025-12-08T23:17:22.010,3.028,-1.884,0.325
2025-12-08T23:17:22.020,2.665,-1.671,0.446
2025-12-08T23:17:22.030,2.32,-1.559,0.721
2025-12-08T23:17:22.040,1.954,-1.5,1.143
2025-12-08T23:17:22.050,1.547,-1.471,1.67
2025-12-08T23:17:22.060,1.171,-1.459,2.185
2025-12-08T23:17:22.070,0.857,-1.409,2.519
2025-12-08T23:17:22.080,0.614,-1.309,2.653
2025-12-08T23:17:22.090,0.444,-1.14,2.647
2025-12-08T23:17:22.100,0.344,-0.959,2.647
2025-12-08T23:17:22.110,0.345,-0.763,2.787
2025-12-08T23:17:22.120,0.48,-0.515,3.056
2025-12-08T23:17:22.130,0.7,-0.275,3.289
2025-12-08T23:17:22.140,0.903,-0.092,3.411
2025-12-08T23:17:22.150,1.065,0.007,3.59
2025-12-08T23:17:22.160,1.159,-0.007,3.962
2025-12-08T23:17:22.170,1.156,-0.103,4.504
2025-12-08T23:17:22.180,1.09,-0.189,5.037
2025-12-08T23:17:22.190,0.943,-0.209,5.307
2025-12-08T23:17:22.200,0.756,-0.157,5.127
2025-12-08T23:17:22.210,0.591,-0.038,4.537
2025-12-08T23:17:22.220,0.459,0.14,3.806
2025-12-08T23:17:22.230,0.387,0.339,3.239
2025-12-08T23:17:22.240,0.38,0.505,3.037
2025-12-08T23:17:22.250,0.424,0.612,3.136
2025-12-08T23:17:22.260,0.537,0.66,3.377
2025-12-08T23:17:22.270,0.734,0.669,3.608
2025-12-08T23:17:22.280,0.958,0.606,3.81
2025-12-08T23:17:22.290,1.117,0.5,4.145
2025-12-08T23:17:22.300,1.211,0.425,4.607
2025-12-08T23:17:22.310,1.27,0.37,5.044
2025-12-08T23:17:22.320,1.307,0.355,5.232
2025-12-08T23:17:22.330,1.256,0.334,5.052
2025-12-08T23:17:22.340,1.048,0.274,4.621
2025-12-08T23:17:22.350,0.714,0.217,4.083
2025-12-08T23:17:22.360,0.287,0.125,3.543
2025-12-08T23:17:22.370,-0.185,0.039,3.029
2025-12-08T23:17:22.380,-0.639,-0.013,2.613
2025-12-08T23:17:22.390,-1.036,-0.036,2.321
2025-12-08T23:17:22.400,-1.367,-0.04,2.149
2025-12-08T23:17:22.410,-1.623,-0.058,2.104
2025-12-08T23:17:22.420,-1.772,-0.062,2.057
2025-12-08T23:17:22.430,-1.8,-0.067,2.039
2025-12-08T23:17:22.440,-1.812,0.005,2.134
2025-12-08T23:17:22.450,-1.926,0.201,2.282
2025-12-08T23:17:22.460,-2.083,0.424,2.433
2025-12-08T23:17:22.470,-2.29,0.634,2.512
2025-12-08T23:17:22.480,-2.514,0.76,2.378
2025-12-08T23:17:22.490,-2.659,0.815,2.03
2025-12-08T23:17:22.500,-2.769,0.853,1.57
2025-12-08T23:17:22.510,-2.818,0.848,1.074
2025-12-08T23:17:22.520,-2.824,0.804,0.73
2025-12-08T23:17:22.530,-2.85,0.672,0.575
2025-12-08T23:17:22.540,-2.844,0.434,0.545
2025-12-08T23:17:22.550,-2.768,0.18,0.596
2025-12-08T23:17:22.560,-2.609,-0.033,0.616
2025-12-08T23:17:22.570,-2.444,-0.152,0.611
2025-12-08T23:17:22.580,-2.314,-0.165,0.548
2025-12-08T23:17:22.590,-2.153,-0.146,0.493
2025-12-08T23:17:22.600,-1.967,-0.151,0.535
2025-12-08T23:17:22.610,-1.814,-0.179,0.567
2025-12-08T23:17:22.620,-1.676,-0.172,0.506
2025-12-08T23:17:22.630,-1.552,-0.112,0.259
2025-12-08T23:17:22.640,-1.487,-0.055,-0.155
2025-12-08T23:17:22.650,-1.448,-0.073,-0.574
2025-12-08T23:17:22.660,-1.436,-0.174,-0.852
2025-12-08T23:17:22.670,-1.438,-0.282,-0.917
2025-12-08T23:17:22.680,-1.433,-0.387,-0.787
2025-12-08T23:17:22.690,-1.457,-0.433,-0.582
2025-12-08T23:17:22.700,-1.427,-0.408,-0.38
2025-12-08T23:17:22.710,-1.268,-0.35,-0.227
2025-12-08T23:17:22.720,-0.986,-0.222,-0.216
2025-12-08T23:17:22.730,-0.642,-0.093,-0.338
2025-12-08T23:17:22.740,-0.292,0.066,-0.596
2025-12-08T23:17:22.750,0.04,0.289,-0.881
2025-12-08T23:17:22.760,0.303,0.52,-1.1
2025-12-08T23:17:22.770,0.499,0.809,-1.354
2025-12-08T23:17:22.780,0.568,1.058,-1.547
2025-12-08T23:17:22.790,0.485,1.163,-1.581
2025-12-08T23:17:22.800,0.367,1.2,-1.461
2025-12-08T23:17:22.810,0.235,1.211,-1.292
2025-12-08T23:17:22.820,0.124,1.197,-1.34
2025-12-08T23:17:22.830,0.122,1.149,-1.69
2025-12-08T23:17:22.840,0.202,1.093,-2.173
2025-12-08T23:17:22.850,0.336,1.075,-2.503
2025-12-08T23:17:22.860,0.51,1.061,-2.545
2025-12-08T23:17:22.870,0.742,1.001,-2.36
2025-12-08T23:17:22.880,1.006,0.896,-2.026
2025-12-08T23:17:22.890,1.211,0.737,-1.616
2025-12-08T23:17:22.900,1.357,0.522,-1.148
2025-12-08T23:17:22.910,1.443,0.304,-0.694
2025-12-08T23:17:22.920,1.505,0.118,-0.494
2025-12-08T23:17:22.930,1.571,0.011,-0.661
2025-12-08T23:17:22.940,1.581,-0.023,-1.088
2025-12-08T23:17:22.950,1.582,-0.031,-1.656
2025-12-08T23:17:22.960,1.6,0.01,-2.193
2025-12-08T23:17:22.970,1.606,0.08,-2.505
2025-12-08T23:17:22.980,1.59,0.12,-2.57
2025-12-08T23:17:22.990,1.55,0.053,-2.517
2025-12-08T23:17:23.000,1.527,-0.078,-2.533
2025-12-08T23:17:23.010,1.541,-0.181,-2.692
2025-12-08T23:17:23.020,1.612,-0.245,-3.006
2025-12-08T23:17:23.030,1.734,-0.222,-3.348
2025-12-08T23:17:23.040,1.83,-0.114,-3.466
2025-12-08T23:17:23.050,1.904,0.064,-3.371
2025-12-08T23:17:23.060,2.06,0.269,-3.23
2025-12-08T23:17:23.070,2.326,0.484,-3.175
2025-12-08T23:17:23.080,2.66,0.674,-3.25
2025-12-08T23:17:23.090,2.967,0.797,-3.379
2025-12-08T23:17:23.100,3.146,0.938,-3.432
2025-12-08T23:17:23.110,3.237,1.049,-3.279
2025-12-08T23:17:23.120,3.268,1.125,-2.904
2025-12-08T23:17:23.130,3.244,1.184,-2.415
2025-12-08T23:17:23.140,3.232,1.192,-2.064
2025-12-08T23:17:23.150,3.298,1.252,-1.979
2025-12-08T23:17:23.160,3.446,1.397,-2.053
2025-12-08T23:17:23.170,3.58,1.625,-2.124
2025-12-08T23:17:23.180,3.68,1.89,-2.035
2025-12-08T23:17:23.190,3.787,2.077,-1.816
2025-12-08T23:17:23.200,3.891,2.145,-1.55
2025-12-08T23:17:23.210,3.957,2.119,-1.32
2025-12-08T23:17:23.220,4.006,1.986,-1.21
2025-12-08T23:17:23.230,4.022,1.755,-1.123
2025-12-08T23:17:23.240,3.913,1.528,-1.01
2025-12-08T23:17:23.250,3.725,1.353,-0.993
2025-12-08T23:17:23.260,3.481,1.24,-1.205
2025-12-08T23:17:23.270,3.205,1.129,-1.674
2025-12-08T23:17:23.280,2.997,0.99,-2.296
2025-12-08T23:17:23.290,2.823,0.908,-2.83
2025-12-08T23:17:23.300,2.696,0.931,-3.027
2025-12-08T23:17:23.310,2.634,1.084,-2.958
2025-12-08T23:17:23.320,2.602,1.291,-2.896
2025-12-08T23:17:23.330,2.583,1.453,-2.902
2025-12-08T23:17:23.340,2.536,1.614,-2.899
2025-12-08T23:17:23.350,2.464,1.852,-2.836
2025-12-08T23:17:23.360,2.34,2.119,-2.715
2025-12-08T23:17:23.370,2.196,2.315,-2.645
2025-12-08T23:17:23.380,2.006,2.45,-2.607
2025-12-08T23:17:23.390,1.687,2.541,-2.493
2025-12-08T23:17:23.400,1.324,2.563,-2.377
2025-12-08T23:17:23.410,0.974,2.545,-2.323
2025-12-08T23:17:23.420,0.63,2.555,-2.228
2025-12-08T23:17:23.430,0.302,2.61,-2.122
2025-12-08T23:17:23.440,-0.002,2.653,-2.037
2025-12-08T23:17:23.450,-0.243,2.717,-1.932
2025-12-08T23:17:23.460,-0.375,2.838,-1.888
2025-12-08T23:17:23.470,-0.438,2.938,-1.864
2025-12-08T23:17:23.480,-0.482,3.015,-1.629
2025-12-08T23:17:23.490,-0.51,3.015,-1.006
2025-12-08T23:17:23.500,-0.505,2.931,-0.196
2025-12-08T23:17:23.510,-0.462,2.898,0.558
2025-12-08T23:17:23.520,-0.452,2.871,1.18
2025-12-08T23:17:23.530,-0.495,2.81,1.569
2025-12-08T23:17:23.540,-0.578,2.738,1.866
2025-12-08T23:17:23.550,-0.679,2.656,2.076
2025-12-08T23:17:23.560,-0.796,2.548,2.022
2025-12-08T23:17:23.570,-0.933,2.397,1.749
2025-12-08T23:17:23.580,-1.051,2.224,1.366
2025-12-08T23:17:23.590,-1.201,1.994,1.065
2025-12-08T23:17:23.600,-1.38,1.791,1.03
2025-12-08T23:17:23.610,-1.59,1.641,1.253
2025-12-08T23:17:23.620,-1.849,1.456,1.554
2025-12-08T23:17:23.630,-2.115,1.252,1.891
2025-12-08T23:17:23.640,-2.402,1.034,2.243
2025-12-08T23:17:23.650,-2.661,0.776,2.465
2025-12-08T23:17:23.660,-2.879,0.442,2.59
2025-12-08T23:17:23.670,-3.066,0.073,2.658
2025-12-08T23:17:23.680,-3.216,-0.315,2.673
2025-12-08T23:17:23.690,-3.313,-0.685,2.637
2025-12-08T23:17:23.700,-3.337,-0.947,2.538
2025-12-08T23:17:23.710,-3.327,-1.135,2.422
2025-12-08T23:17:23.720,-3.301,-1.282,2.293
2025-12-08T23:17:23.730,-3.242,-1.441,2.231
2025-12-08T23:17:23.740,-3.107,-1.606,2.388
2025-12-08T23:17:23.750,-2.963,-1.77,2.742
2025-12-08T23:17:23.760,-2.817,-2.011,3.119
2025-12-08T23:17:23.770,-2.622,-2.338,3.493
2025-12-08T23:17:23.780,-2.455,-2.693,3.922
2025-12-08T23:17:23.790,-2.33,-2.983,4.358
2025-12-08T23:17:23.800,-2.228,-3.166,4.736
2025-12-08T23:17:23.810,-2.168,-3.245,4.966
2025-12-08T23:17:23.820,-2.215,-3.292,4.991
2025-12-08T23:17:23.830,-2.352,-3.364,4.828
2025-12-08T23:17:23.840,-2.498,-3.485,4.479
2025-12-08T23:17:23.850,-2.625,-3.653,3.957
2025-12-08T23:17:23.860,-2.717,-3.821,3.484
2025-12-08T23:17:23.870,-2.787,-4.049,3.319
2025-12-08T23:17:23.880,-2.827,-4.348,3.496
2025-12-08T23:17:23.890,-2.845,-4.58,3.926
2025-12-08T23:17:23.900,-2.794,-4.669,4.292
2025-12-08T23:17:23.910,-2.683,-4.687,4.348
2025-12-08T23:17:23.920,-2.579,-4.699,4.249
2025-12-08T23:17:23.930,-2.557,-4.71,4.204
2025-12-08T23:17:23.940,-2.686,-4.732,4.196
2025-12-08T23:17:23.950,-2.842,-4.768,4.038
2025-12-08T23:17:23.960,-2.96,-4.803,3.624
2025-12-08T23:17:23.970,-3.08,-4.803,3.013
2025-12-08T23:17:23.980,-3.227,-4.761,2.372
2025-12-08T23:17:23.990,-3.385,-4.638,1.812
2025-12-08T23:17:24.000,-3.554,-4.417,1.365
2025-12-08T23:17:24.010,-3.767,-4.167,1.085
2025-12-08T23:17:24.020,-3.958,-3.948,0.992
2025-12-08T23:17:24.030,-4.106,-3.751,1.068
2025-12-08T23:17:24.040,-4.192,-3.494,1.179
2025-12-08T23:17:24.050,-4.094,-3.191,1.167
2025-12-08T23:17:24.060,-3.789,-2.892,1.031
2025-12-08T23:17:24.070,-3.432,-2.616,0.904
2025-12-08T23:17:24.080,-3.138,-2.368,0.989
2025-12-08T23:17:24.090,-2.907,-2.114,1.259
2025-12-08T23:17:24.100,-2.761,-1.91,1.467
2025-12-08T23:17:24.110,-2.663,-1.786,1.468
2025-12-08T23:17:24.120,-2.599,-1.669,1.214
2025-12-08T23:17:24.130,-2.581,-1.546,0.832
2025-12-08T23:17:24.140,-2.611,-1.447,0.515
2025-12-08T23:17:24.150,-2.701,-1.315,0.237
2025-12-08T23:17:24.160,-2.731,-1.135,-0.084
2025-12-08T23:17:24.170,-2.663,-0.924,-0.444
2025-12-08T23:17:24.180,-2.553,-0.678,-0.787
2025-12-08T23:17:24.190,-2.367,-0.414,-0.982
2025-12-08T23:17:24.200,-2.121,-0.097,-0.943
2025-12-08T23:17:24.210,-1.791,0.207,-0.733
2025-12-08T23:17:24.220,-1.445,0.463,-0.46
2025-12-08T23:17:24.230,-1.179,0.766,-0.248
2025-12-08T23:17:24.240,-0.909,1.091,-0.251
2025-12-08T23:17:24.250,-0.67,1.434,-0.466
2025-12-08T23:17:24.260,-0.566,1.781,-0.725
2025-12-08T23:17:24.270,-0.59,2.037,-0.907
2025-12-08T23:17:24.280,-0.664,2.202,-0.983
2025-12-08T23:17:24.290,-0.749,2.366,-1.076
2025-12-08T23:17:24.300,-0.785,2.567,-1.365
2025-12-08T23:17:24.310,-0.706,2.795,-1.885
2025-12-08T23:17:24.320,-0.558,3.066,-2.436
2025-12-08T23:17:24.330,-0.346,3.351,-2.763
2025-12-08T23:17:24.340,-0.084,3.624,-2.789
2025-12-08T23:17:24.350,0.204,3.941,-2.522
2025-12-08T23:17:24.360,0.537,4.294,-2.099
2025-12-08T23:17:24.370,0.874,4.599,-1.766
2025-12-08T23:17:24.380,1.182,4.865,-1.576
2025-12-08T23:17:24.390,1.468,5.112,-1.424
2025-12-08T23:17:24.400,1.745,5.223,-1.289
2025-12-08T23:17:24.410,2.011,5.182,-1.099
2025-12-08T23:17:24.420,2.217,5.112,-0.745
2025-12-08T23:17:24.430,2.298,5.019,-0.413
2025-12-08T23:17:24.440,2.264,4.927,-0.313
2025-12-08T23:17:24.450,2.116,4.92,-0.366
2025-12-08T23:17:24.460,1.866,4.888,-0.547
2025-12-08T23:17:24.470,1.564,4.79,-0.804
2025-12-08T23:17:24.480,1.208,4.697,-0.919
2025-12-08T23:17:24.490,0.864,4.527,-0.925
2025-12-08T23:17:24.500,0.539,4.285,-0.872
2025-12-08T23:17:24.510,0.221,4.03,-0.7
2025-12-08T23:17:24.520,-0.026,3.756,-0.626
2025-12-08T23:17:24.530,-0.231,3.482,-0.777
2025-12-08T23:17:24.540,-0.39,3.214,-1.035
2025-12-08T23:17:24.550,-0.507,2.947,-1.204
2025-12-08T23:17:24.560,-0.66,2.647,-1.204
2025-12-08T23:17:24.570,-0.838,2.349,-1.16
2025-12-08T23:17:24.580,-0.998,2.077,-1.25
2025-12-08T23:17:24.590,-1.16,1.858,-1.565
2025-12-08T23:17:24.600,-1.346,1.744,-1.964
2025-12-08T23:17:24.610,-1.555,1.654,-2.308
2025-12-08T23:17:24.620,-1.796,1.605,-2.582
2025-12-08T23:17:24.630,-2.051,1.623,-2.803
2025-12-08T23:17:24.640,-2.26,1.624,-2.965
2025-12-08T23:17:24.650,-2.399,1.599,-2.982
2025-12-08T23:17:24.660,-2.47,1.498,-2.769
2025-12-08T23:17:24.670,-2.447,1.34,-2.354
2025-12-08T23:17:24.680,-2.338,1.176,-1.951
2025-12-08T23:17:24.690,-2.21,1.011,-1.672
2025-12-08T23:17:24.700,-2.069,0.876,-1.483
2025-12-08T23:17:24.710,-1.928,0.778,-1.328
2025-12-08T23:17:24.720,-1.787,0.723,-1.131
2025-12-08T23:17:24.730,-1.607,0.66,-0.913
2025-12-08T23:17:24.740,-1.441,0.57,-0.664
2025-12-08T23:17:24.750,-1.341,0.481,-0.328
2025-12-08T23:17:24.760,-1.278,0.348,-0.047
2025-12-08T23:17:24.770,-1.16,0.135,0.009
2025-12-08T23:17:24.780,-0.994,-0.102,-0.044
2025-12-08T23:17:24.790,-0.853,-0.259,-0.142
2025-12-08T23:17:24.800,-0.73,-0.406,-0.241
2025-12-08T23:17:24.810,-0.64,-0.551,-0.236
2025-12-08T23:17:24.820,-0.594,-0.65,-0.155
2025-12-08T23:17:24.830,-0.574,-0.844,-0.011
2025-12-08T23:17:24.840,-0.56,-1.1,0.03
2025-12-08T23:17:24.850,-0.533,-1.331,-0.083
2025-12-08T23:17:24.860,-0.48,-1.507,-0.301
2025-12-08T23:17:24.870,-0.416,-1.615,-0.594
2025-12-08T23:17:24.880,-0.389,-1.758,-0.75
2025-12-08T23:17:24.890,-0.404,-1.953,-0.771
2025-12-08T23:17:24.900,-0.426,-2.223,-0.738
2025-12-08T23:17:24.910,-0.434,-2.551,-0.711
2025-12-08T23:17:24.920,-0.364,-2.861,-0.831
2025-12-08T23:17:24.930,-0.221,-3.156,-1.018
2025-12-08T23:17:24.940,-0.133,-3.422,-1.134
2025-12-08T23:17:24.950,-0.173,-3.625,-1.153
2025-12-08T23:17:24.960,-0.307,-3.751,-1.15
2025-12-08T23:17:24.970,-0.458,-3.831,-1.256
2025-12-08T23:17:24.980,-0.556,-3.785,-1.442
2025-12-08T23:17:24.990,-0.558,-3.497,-1.639
2025-12-08T23:17:25.000,-0.462,-3.068,-1.864
2025-12-08T23:17:25.010,-0.322,-2.638,-2.114
2025-12-08T23:17:25.020,-0.156,-2.277,-2.307
2025-12-08T23:17:25.030,-0.01,-1.979,-2.287
2025-12-08T23:17:25.040,0.099,-1.722,-2.0
2025-12-08T23:17:25.050,0.26,-1.517,-1.468
2025-12-08T23:17:25.060,0.481,-1.331,-0.78
2025-12-08T23:17:25.070,0.772,-1.167,-0.141
2025-12-08T23:17:25.080,1.145,-1.025,0.31
2025-12-08T23:17:25.090,1.558,-0.92,0.529
2025-12-08T23:17:25.100,1.984,-0.899,0.601
2025-12-08T23:17:25.110,2.349,-0.924,0.713
2025-12-08T23:17:25.120,2.606,-0.984,0.959
2025-12-08T23:17:25.130,2.76,-1.076,1.151
2025-12-08T23:17:25.140,2.839,-1.129,1.093
2025-12-08T23:17:25.150,2.857,-1.065,0.859
2025-12-08T23:17:25.160,2.795,-0.955,0.635
2025-12-08T23:17:25.170,2.71,-0.873,0.645
2025-12-08T23:17:25.180,2.645,-0.709,0.928
2025-12-08T23:17:25.190,2.607,-0.532,1.182
2025-12-08T23:17:25.200,2.63,-0.419,1.077
2025-12-08T23:17:25.210,2.683,-0.316,0.659
2025-12-08T23:17:25.220,2.719,-0.237,0.195
2025-12-08T23:17:25.230,2.721,-0.172,-0.1
2025-12-08T23:17:25.240,2.702,-0.184,-0.13
2025-12-08T23:17:25.250,2.665,-0.284,0.062
2025-12-08T23:17:25.260,2.614,-0.382,0.369
2025-12-08T23:17:25.270,2.599,-0.44,0.705
2025-12-08T23:17:25.280,2.602,-0.452,0.997
2025-12-08T23:17:25.290,2.718,-0.418,1.108
2025-12-08T23:17:25.300,2.961,-0.376,1.026
2025-12-08T23:17:25.310,3.184,-0.331,0.838
2025-12-08T23:17:25.320,3.365,-0.272,0.674
2025-12-08T23:17:25.330,3.459,-0.245,0.81
2025-12-08T23:17:25.340,3.511,-0.173,1.27
2025-12-08T23:17:25.350,3.605,-0.091,1.856
2025-12-08T23:17:25.360,3.712,-0.063,2.345
2025-12-08T23:17:25.370,3.789,-0.006,2.626
2025-12-08T23:17:25.380,3.784,0.0,2.77
2025-12-08T23:17:25.390,3.721,-0.041,2.815
2025-12-08T23:17:25.400,3.629,-0.057,2.781
2025-12-08T23:17:25.410,3.552,-0.081,2.647
2025-12-08T23:17:25.420,3.498,-0.112,2.484
2025-12-08T23:17:25.430,3.427,-0.118,2.392
2025-12-08T23:17:25.440,3.336,-0.034,2.488
2025-12-08T23:17:25.450,3.185,0.082,2.775
2025-12-08T23:17:25.460,2.995,0.125,3.001
2025-12-08T23:17:25.470,2.787,0.082,3.143
2025-12-08T23:17:25.480,2.578,0.017,3.16
2025-12-08T23:17:25.490,2.408,-0.058,2.975
2025-12-08T23:17:25.500,2.239,-0.157,2.693
2025-12-08T23:17:25.510,2.071,-0.228,2.424
2025-12-08T23:17:25.520,1.887,-0.344,2.264
2025-12-08T23:17:25.530,1.658,-0.524,2.1
2025-12-08T23:17:25.540,1.466,-0.71,1.891
2025-12-08T23:17:25.550,1.308,-0.887,1.674
2025-12-08T23:17:25.560,1.061,-0.989,1.428
2025-12-08T23:17:25.570,0.699,-1.052,1.15
2025-12-08T23:17:25.580,0.273,-1.076,0.736
2025-12-08T23:17:25.590,-0.129,-1.022,0.115
2025-12-08T23:17:25.600,-0.424,-0.915,-0.724
2025-12-08T23:17:25.610,-0.602,-0.765,-1.484
2025-12-08T23:17:25.620,-0.678,-0.608,-1.86
2025-12-08T23:17:25.630,-0.709,-0.475,-1.809
2025-12-08T23:17:25.640,-0.748,-0.423,-1.351
2025-12-08T23:17:25.650,-0.803,-0.47,-0.836
2025-12-08T23:17:25.660,-0.88,-0.56,-0.544
2025-12-08T23:17:25.670,-0.904,-0.598,-0.491
2025-12-08T23:17:25.680,-0.849,-0.534,-0.647
2025-12-08T23:17:25.690,-0.772,-0.377,-0.803
2025-12-08T23:17:25.700,-0.701,-0.115,-0.828
2025-12-08T23:17:25.710,-0.692,0.165,-0.842
2025-12-08T23:17:25.720,-0.763,0.397,-0.939
2025-12-08T23:17:25.730,-0.901,0.602,-1.033
2025-12-08T23:17:25.740,-1.077,0.738,-1.05
2025-12-08T23:17:25.750,-1.235,0.835,-0.929
2025-12-08T23:17:25.760,-1.338,0.975,-0.697
2025-12-08T23:17:25.770,-1.378,1.138,-0.598
2025-12-08T23:17:25.780,-1.382,1.296,-0.707
2025-12-08T23:17:25.790,-1.393,1.395,-0.903
2025-12-08T23:17:25.800,-1.411,1.376,-1.075
2025-12-08T23:17:25.810,-1.447,1.249,-1.139
2025-12-08T23:17:25.820,-1.565,1.056,-1.173
2025-12-08T23:17:25.830,-1.737,0.801,-1.333
2025-12-08T23:17:25.840,-1.945,0.511,-1.618
2025-12-08T23:17:25.850,-2.189,0.288,-1.907
2025-12-08T23:17:25.860,-2.434,0.118,-2.188
2025-12-08T23:17:25.870,-2.649,-0.031,-2.591
2025-12-08T23:17:25.880,-2.746,-0.118,-3.07
2025-12-08T23:17:25.890,-2.795,-0.188,-3.425
2025-12-08T23:17:25.900,-2.854,-0.232,-3.471
2025-12-08T23:17:25.910,-2.864,-0.221,-3.194
2025-12-08T23:17:25.920,-2.798,-0.151,-2.901
2025-12-08T23:17:25.930,-2.626,-0.048,-2.821
2025-12-08T23:17:25.940,-2.439,0.035,-2.855
2025-12-08T23:17:25.950,-2.337,0.092,-2.713
2025-12-08T23:17:25.960,-2.301,0.12,-2.286
2025-12-08T23:17:25.970,-2.279,0.115,-1.783
2025-12-08T23:17:25.980,-2.165,0.084,-1.461
2025-12-08T23:17:25.990,-1.959,0.094,-1.497
2025-12-08T23:17:26.000,-1.742,0.13,-1.754
2025-12-08T23:17:26.010,-1.5,0.158,-1.951
2025-12-08T23:17:26.020,-1.226,0.22,-1.923
2025-12-08T23:17:26.030,-0.935,0.29,-1.581
2025-12-08T23:17:26.040,-0.59,0.386,-1.111
2025-12-08T23:17:26.050,-0.178,0.482,-0.724
2025-12-08T23:17:26.060,0.276,0.555,-0.422
2025-12-08T23:17:26.070,0.787,0.675,-0.133
2025-12-08T23:17:26.080,1.342,0.795,0.23
2025-12-08T23:17:26.090,1.855,0.864,0.69
2025-12-08T23:17:26.100,2.301,0.924,1.056
2025-12-08T23:17:26.110,2.72,0.948,1.127
2025-12-08T23:17:26.120,3.064,0.972,1.03
2025-12-08T23:17:26.130,3.27,1.06,0.963
2025-12-08T23:17:26.140,3.361,1.081,1.003
2025-12-08T23:17:26.150,3.345,1.021,1.133
2025-12-08T23:17:26.160,3.303,0.944,1.157
2025-12-08T23:17:26.170,3.324,0.818,0.93
2025-12-08T23:17:26.180,3.361,0.7,0.531
2025-12-08T23:17:26.190,3.403,0.604,0.222
2025-12-08T23:17:26.200,3.429,0.489,0.156
2025-12-08T23:17:26.210,3.436,0.362,0.286
2025-12-08T23:17:26.220,3.406,0.29,0.578
2025-12-08T23:17:26.230,3.336,0.34,0.83
2025-12-08T23:17:26.240,3.268,0.455,0.95
2025-12-08T23:17:26.250,3.15,0.628,1.021
2025-12-08T23:17:26.260,3.042,0.808,0.982
2025-12-08T23:17:26.270,2.921,0.917,0.891
2025-12-08T23:17:26.280,2.685,1.001,0.751
2025-12-08T23:17:26.290,2.388,1.011,0.569
2025-12-08T23:17:26.300,2.073,0.924,0.439
2025-12-08T23:17:26.310,1.794,0.73,0.4
2025-12-08T23:17:26.320,1.592,0.473,0.57
2025-12-08T23:17:26.330,1.422,0.282,0.858
2025-12-08T23:17:26.340,1.269,0.15,1.091
2025-12-08T23:17:26.350,1.206,0.093,1.198
2025-12-08T23:17:26.360,1.242,0.106,1.189
2025-12-08T23:17:26.370,1.307,0.169,1.219
2025-12-08T23:17:26.380,1.376,0.264,1.433
2025-12-08T23:17:26.390,1.398,0.368,1.912
2025-12-08T23:17:26.400,1.352,0.492,2.489
2025-12-08T23:17:26.410,1.251,0.621,2.89
2025-12-08T23:17:26.420,1.103,0.772,3.031
2025-12-08T23:17:26.430,0.891,0.926,2.874
2025-12-08T23:17:26.440,0.573,1.102,2.542
2025-12-08T23:17:26.450,0.182,1.253,2.37
2025-12-08T23:17:26.460,-0.27,1.254,2.454
2025-12-08T23:17:26.470,-0.75,1.09,2.642
2025-12-08T23:17:26.480,-1.095,0.787,2.772
2025-12-08T23:17:26.490,-1.269,0.404,2.644
2025-12-08T23:17:26.500,-1.338,0.022,2.259
2025-12-08T23:17:26.510,-1.327,-0.255,1.814
2025-12-08T23:17:26.520,-1.324,-0.398,1.507
2025-12-08T23:17:26.530,-1.393,-0.373,1.431
2025-12-08T23:17:26.540,-1.491,-0.177,1.477
2025-12-08T23:17:26.550,-1.629,0.028,1.548
2025-12-08T23:17:26.560,-1.88,0.203,1.55
2025-12-08T23:17:26.570,-2.188,0.397,1.529
2025-12-08T23:17:26.580,-2.494,0.541,1.529
2025-12-08T23:17:26.590,-2.773,0.57,1.382
2025-12-08T23:17:26.600,-2.944,0.54,1.064
2025-12-08T23:17:26.610,-3.07,0.471,0.63
2025-12-08T23:17:26.620,-3.222,0.327,0.16
2025-12-08T23:17:26.630,-3.348,0.178,-0.242
2025-12-08T23:17:26.640,-3.448,0.041,-0.432
2025-12-08T23:17:26.650,-3.541,-0.14,-0.323
2025-12-08T23:17:26.660,-3.632,-0.34,-0.012
2025-12-08T23:17:26.670,-3.71,-0.51,0.407
2025-12-08T23:17:26.680,-3.762,-0.592,0.727
2025-12-08T23:17:26.690,-3.823,-0.557,0.821
2025-12-08T23:17:26.700,-3.882,-0.449,0.811
2025-12-08T23:17:26.710,-3.997,-0.325,0.858
2025-12-08T23:17:26.720,-4.218,-0.245,1.032
2025-12-08T23:17:26.730,-4.407,-0.242,1.168
2025-12-08T23:17:26.740,-4.525,-0.293,1.152
2025-12-08T23:17:26.750,-4.609,-0.322,1.011
2025-12-08T23:17:26.760,-4.601,-0.323,0.791
2025-12-08T23:17:26.770,-4.509,-0.335,0.503
2025-12-08T23:17:26.780,-4.4,-0.369,0.114
2025-12-08T23:17:26.790,-4.28,-0.449,-0.257
2025-12-08T23:17:26.800,-4.174,-0.542,-0.478
2025-12-08T23:17:26.810,-4.122,-0.591,-0.519
2025-12-08T23:17:26.820,-4.087,-0.628,-0.382
2025-12-08T23:17:26.830,-4.049,-0.692,-0.202
2025-12-08T23:17:26.840,-4.051,-0.771,-0.067
2025-12-08T23:17:26.850,-4.071,-0.822,0.037
2025-12-08T23:17:26.860,-4.04,-0.831,0.027
2025-12-08T23:17:26.870,-3.943,-0.882,-0.187
2025-12-08T23:17:26.880,-3.753,-0.98,-0.605
2025-12-08T23:17:26.890,-3.501,-1.07,-1.153
2025-12-08T23:17:26.900,-3.28,-1.222,-1.628
2025-12-08T23:17:26.910,-3.108,-1.397,-1.781
2025-12-08T23:17:26.920,-2.936,-1.555,-1.596
2025-12-08T23:17:26.930,-2.719,-1.732,-1.271
2025-12-08T23:17:26.940,-2.504,-1.853,-0.965
2025-12-08T23:17:26.950,-2.303,-1.851,-0.811
2025-12-08T23:17:26.960,-2.122,-1.703,-0.827
2025-12-08T23:17:26.970,-1.928,-1.459,-0.91
2025-12-08T23:17:26.980,-1.662,-1.209,-0.91
2025-12-08T23:17:26.990,-1.426,-1.008,-0.778
2025-12-08T23:17:27.000,-1.209,-0.886,-0.573
2025-12-08T23:17:27.010,-0.983,-0.862,-0.327
2025-12-08T23:17:27.020,-0.799,-0.95,-0.184
2025-12-08T23:17:27.030,-0.673,-1.085,-0.11
2025-12-08T23:17:27.040,-0.599,-1.227,0.02
2025-12-08T23:17:27.050,-0.548,-1.386,0.131
2025-12-08T23:17:27.060,-0.549,-1.453,0.187
2025-12-08T23:17:27.070,-0.555,-1.365,0.166
2025-12-08T23:17:27.080,-0.536,-1.172,0.042
2025-12-08T23:17:27.090,-0.537,-0.917,-0.12
2025-12-08T23:17:27.100,-0.535,-0.614,-0.09
2025-12-08T23:17:27.110,-0.482,-0.288,0.11
2025-12-08T23:17:27.120,-0.347,-0.005,0.198
2025-12-08T23:17:27.130,-0.164,0.345,0.099
2025-12-08T23:17:27.140,0.012,0.776,-0.169
2025-12-08T23:17:27.150,0.118,1.098,-0.486
2025-12-08T23:17:27.160,0.135,1.342,-0.61
2025-12-08T23:17:27.170,0.114,1.471,-0.448
2025-12-08T23:17:27.180,0.065,1.449,-0.127
2025-12-08T23:17:27.190,0.04,1.4,0.214
2025-12-08T23:17:27.200,0.089,1.345,0.417
2025-12-08T23:17:27.210,0.159,1.293,0.281
2025-12-08T23:17:27.220,0.253,1.279,-0.146
2025-12-08T23:17:27.230,0.385,1.338,-0.584
2025-12-08T23:17:27.240,0.499,1.431,-0.728
2025-12-08T23:17:27.250,0.619,1.555,-0.466
2025-12-08T23:17:27.260,0.788,1.732,0.006
2025-12-08T23:17:27.270,0.995,1.891,0.379
2025-12-08T23:17:27.280,1.193,2.037,0.591
2025-12-08T23:17:27.290,1.356,2.178,0.845
2025-12-08T23:17:27.300,1.464,2.278,1.242
2025-12-08T23:17:27.310,1.534,2.315,1.707
2025-12-08T23:17:27.320,1.645,2.319,2.058
2025-12-08T23:17:27.330,1.803,2.295,2.099
2025-12-08T23:17:27.340,1.986,2.214,1.883
2025-12-08T23:17:27.350,2.16,2.128,1.632
2025-12-08T23:17:27.360,2.315,1.988,1.429
2025-12-08T23:17:27.370,2.455,1.772,1.303
2025-12-08T23:17:27.380,2.536,1.596,1.274
2025-12-08T23:17:27.390,2.578,1.429,1.24
2025-12-08T23:17:27.400,2.566,1.281,1.136
2025-12-08T23:17:27.410,2.481,1.224,1.057
2025-12-08T23:17:27.420,2.358,1.213,1.116
2025-12-08T23:17:27.430,2.193,1.235,1.315
2025-12-08T23:17:27.440,2.004,1.226,1.655
2025-12-08T23:17:27.450,1.818,1.174,1.911
2025-12-08T23:17:27.460,1.689,1.111,1.891
2025-12-08T23:17:27.470,1.679,1.029,1.734
2025-12-08T23:17:27.480,1.755,0.972,1.497
2025-12-08T23:17:27.490,1.869,0.867,1.253
2025-12-08T23:17:27.500,1.979,0.756,1.028
2025-12-08T23:17:27.510,2.041,0.728,0.796
2025-12-08T23:17:27.520,2.042,0.695,0.671
2025-12-08T23:17:27.530,1.986,0.681,0.703
2025-12-08T23:17:27.540,1.952,0.666,0.858
2025-12-08T23:17:27.550,1.951,0.583,0.99
2025-12-08T23:17:27.560,1.919,0.49,1.055
2025-12-08T23:17:27.570,1.872,0.392,1.123
2025-12-08T23:17:27.580,1.825,0.29,1.144
2025-12-08T23:17:27.590,1.789,0.183,1.142
2025-12-08T23:17:27.600,1.772,0.034,1.11
2025-12-08T23:17:27.610,1.791,-0.162,0.997
2025-12-08T23:17:27.620,1.876,-0.397,0.849
2025-12-08T23:17:27.630,2.0,-0.651,0.657
2025-12-08T23:17:27.640,2.098,-0.912,0.408
2025-12-08T23:17:27.650,2.163,-1.188,0.201
2025-12-08T23:17:27.660,2.192,-1.465,0.142
2025-12-08T23:17:27.670,2.156,-1.754,0.259
2025-12-08T23:17:27.680,2.057,-2.045,0.475
2025-12-08T23:17:27.690,1.919,-2.314,0.71
2025-12-08T23:17:27.700,1.8,-2.56,0.945
2025-12-08T23:17:27.710,1.691,-2.715,1.082
2025-12-08T23:17:27.720,1.584,-2.77,1.012
2025-12-08T23:17:27.730,1.507,-2.773,0.664
2025-12-08T23:17:27.740,1.415,-2.781,0.036
2025-12-08T23:17:27.750,1.251,-2.824,-0.61
2025-12-08T23:17:27.760,1.051,-2.832,-1.061
2025-12-08T23:17:27.770,0.888,-2.863,-1.348
2025-12-08T23:17:27.780,0.76,-2.912,-1.534
2025-12-08T23:17:27.790,0.681,-2.857,-1.703
2025-12-08T23:17:27.800,0.624,-2.743,-1.914
2025-12-08T23:17:27.810,0.548,-2.583,-2.105
2025-12-08T23:17:27.820,0.492,-2.387,-2.186
2025-12-08T23:17:27.830,0.484,-2.234,-2.196
2025-12-08T23:17:27.840,0.525,-2.181,-2.139
2025-12-08T23:17:27.850,0.528,-2.208,-1.869
2025-12-08T23:17:27.860,0.455,-2.273,-1.495
2025-12-08T23:17:27.870,0.351,-2.418,-1.26
2025-12-08T23:17:27.880,0.199,-2.618,-1.201
2025-12-08T23:17:27.890,0.015,-2.849,-1.324
2025-12-08T23:17:27.900,-0.183,-3.075,-1.489
2025-12-08T23:17:27.910,-0.395,-3.207,-1.617
2025-12-08T23:17:27.920,-0.6,-3.235,-1.843
2025-12-08T23:17:27.930,-0.785,-3.139,-2.137
2025-12-08T23:17:27.940,-0.978,-2.921,-2.358
2025-12-08T23:17:27.950,-1.163,-2.66,-2.386
2025-12-08T23:17:27.960,-1.334,-2.408,-2.21
2025-12-08T23:17:27.970,-1.522,-2.149,-1.886
2025-12-08T23:17:27.980,-1.705,-1.898,-1.496
2025-12-08T23:17:27.990,-1.914,-1.707,-1.241
2025-12-08T23:17:28.000,-2.11,-1.551,-1.265
2025-12-08T23:17:28.010,-2.26,-1.385,-1.568
2025-12-08T23:17:28.020,-2.422,-1.272,-2.068
2025-12-08T23:17:28.030,-2.601,-1.279,-2.552
2025-12-08T23:17:28.040,-2.839,-1.343,-2.785
2025-12-08T23:17:28.050,-3.135,-1.391,-2.768
2025-12-08T23:17:28.060,-3.412,-1.374,-2.692
2025-12-08T23:17:28.070,-3.636,-1.27,-2.72
2025-12-08T23:17:28.080,-3.812,-1.1,-2.907
2025-12-08T23:17:28.090,-4.002,-0.908,-3.135
2025-12-08T23:17:28.100,-4.196,-0.709,-3.289
2025-12-08T23:17:28.110,-4.342,-0.544,-3.37
2025-12-08T23:17:28.120,-4.424,-0.468,-3.418
2025-12-08T23:17:28.130,-4.406,-0.401,-3.356
2025-12-08T23:17:28.140,-4.264,-0.3,-3.078
2025-12-08T23:17:28.150,-4.044,-0.223,-2.761
2025-12-08T23:17:28.160,-3.799,-0.196,-2.486
2025-12-08T23:17:28.170,-3.576,-0.188,-2.175
2025-12-08T23:17:28.180,-3.416,-0.237,-1.859
2025-12-08T23:17:28.190,-3.272,-0.378,-1.55
2025-12-08T23:17:28.200,-3.139,-0.519,-1.363
2025-12-08T23:17:28.210,-3.054,-0.669,-1.419
2025-12-08T23:17:28.220,-2.989,-0.838,-1.624
2025-12-08T23:17:28.230,-2.947,-0.976,-1.752
2025-12-08T23:17:28.240,-2.935,-1.077,-1.671
2025-12-08T23:17:28.250,-2.891,-1.099,-1.482
2025-12-08T23:17:28.260,-2.768,-1.054,-1.4
2025-12-08T23:17:28.270,-2.654,-1.006,-1.498
2025-12-08T23:17:28.280,-2.619,-0.96,-1.601
2025-12-08T23:17:28.290,-2.642,-0.903,-1.523
2025-12-08T23:17:28.300,-2.64,-0.816,-1.304
2025-12-08T23:17:28.310,-2.556,-0.677,-1.076
2025-12-08T23:17:28.320,-2.461,-0.489,-0.876
2025-12-08T23:17:28.330,-2.413,-0.301,-0.849
2025-12-08T23:17:28.340,-2.405,-0.153,-1.072
2025-12-08T23:17:28.350,-2.385,-0.049,-1.39
2025-12-08T23:17:28.360,-2.323,-0.023,-1.692
2025-12-08T23:17:28.370,-2.25,-0.065,-1.818
2025-12-08T23:17:28.380,-2.19,-0.118,-1.677
2025-12-08T23:17:28.390,-2.144,-0.164,-1.453
2025-12-08T23:17:28.400,-2.097,-0.201,-1.353
2025-12-08T23:17:28.410,-2.025,-0.179,-1.365
2025-12-08T23:17:28.420,-1.875,-0.104,-1.35
2025-12-08T23:17:28.430,-1.714,-0.025,-1.155
2025-12-08T23:17:28.440,-1.607,0.125,-0.739
2025-12-08T23:17:28.450,-1.499,0.348,-0.329
2025-12-08T23:17:28.460,-1.377,0.621,-0.157
2025-12-08T23:17:28.470,-1.206,0.965,-0.198
2025-12-08T23:17:28.480,-0.961,1.289,-0.283
2025-12-08T23:17:28.490,-0.68,1.529,-0.264
2025-12-08T23:17:28.500,-0.373,1.664,-0.045
2025-12-08T23:17:28.510,-0.068,1.674,0.362
2025-12-08T23:17:28.520,0.162,1.614,0.842
2025-12-08T23:17:28.530,0.324,1.604,1.246
2025-12-08T23:17:28.540,0.528,1.66,1.394
2025-12-08T23:17:28.550,0.749,1.717,1.3
2025-12-08T23:17:28.560,0.945,1.859,1.135
2025-12-08T23:17:28.570,1.158,2.08,1.057
2025-12-08T23:17:28.580,1.322,2.285,1.124
2025-12-08T23:17:28.590,1.459,2.528,1.206
2025-12-08T23:17:28.600,1.628,2.789,1.263
2025-12-08T23:17:28.610,1.758,2.999,1.346
2025-12-08T23:17:28.620,1.881,3.141,1.466
2025-12-08T23:17:28.630,2.042,3.217,1.652
2025-12-08T23:17:28.640,2.215,3.253,1.866
2025-12-08T23:17:28.650,2.367,3.271,2.032
2025-12-08T23:17:28.660,2.473,3.289,2.174
2025-12-08T23:17:28.670,2.557,3.273,2.317
2025-12-08T23:17:28.680,2.578,3.216,2.383
2025-12-08T23:17:28.690,2.532,3.191,2.401
2025-12-08T23:17:28.700,2.443,3.176,2.46
2025-12-08T23:17:28.710,2.318,3.123,2.486
2025-12-08T23:17:28.720,2.228,3.049,2.417
2025-12-08T23:17:28.730,2.193,2.959,2.247
2025-12-08T23:17:28.740,2.196,2.866,2.013
2025-12-08T23:17:28.750,2.225,2.768,1.908
2025-12-08T23:17:28.760,2.258,2.68,2.114
2025-12-08T23:17:28.770,2.287,2.605,2.563
2025-12-08T23:17:28.780,2.329,2.519,2.957
2025-12-08T23:17:28.790,2.376,2.408,3.098
2025-12-08T23:17:28.800,2.388,2.243,2.999
2025-12-08T23:17:28.810,2.371,2.09,2.828
2025-12-08T23:17:28.820,2.347,2.04,2.84
2025-12-08T23:17:28.830,2.292,1.996,3.005
2025-12-08T23:17:28.840,2.187,1.859,3.237
2025-12-08T23:17:28.850,2.067,1.738,3.481
2025-12-08T23:17:28.860,1.967,1.627,3.503
2025-12-08T23:17:28.870,1.907,1.447,3.26
2025-12-08T23:17:28.880,1.928,1.284,2.924
2025-12-08T23:17:28.890,1.996,1.071,2.682
2025-12-08T23:17:28.900,2.059,0.79,2.607
2025-12-08T23:17:28.910,2.128,0.569,2.696
2025-12-08T23:17:28.920,2.193,0.391,2.854
2025-12-08T23:17:28.930,2.234,0.289,2.947
2025-12-08T23:17:28.940,2.216,0.312,3.071
2025-12-08T23:17:28.950,2.122,0.4,3.208
2025-12-08T23:17:28.960,1.999,0.508,3.24
2025-12-08T23:17:28.970,1.907,0.617,3.1
2025-12-08T23:17:28.980,1.863,0.659,2.762
2025-12-08T23:17:28.990,1.838,0.623,2.378
2025-12-08T23:17:29.000,1.845,0.523,2.1
2025-12-08T23:17:29.010,1.88,0.367,2.019
2025-12-08T23:17:29.020,1.918,0.265,1.995
2025-12-08T23:17:29.030,2.033,0.205,1.876
2025-12-08T23:17:29.040,2.18,0.166,1.705
2025-12-08T23:17:29.050,2.276,0.18,1.547
2025-12-08T23:17:29.060,2.404,0.187,1.479
2025-12-08T23:17:29.070,2.537,0.235,1.456
2025-12-08T23:17:29.080,2.629,0.311,1.406
2025-12-08T23:17:29.090,2.684,0.396,1.33
2025-12-08T23:17:29.100,2.674,0.51,1.285
2025-12-08T23:17:29.110,2.633,0.555,1.316
2025-12-08T23:17:29.120,2.557,0.526,1.42
2025-12-08T23:17:29.130,2.487,0.485,1.572
2025-12-08T23:17:29.140,2.506,0.437,1.65
2025-12-08T23:17:29.150,2.624,0.367,1.557
2025-12-08T23:17:29.160,2.816,0.313,1.253
2025-12-08T23:17:29.170,3.016,0.291,0.852
2025-12-08T23:17:29.180,3.163,0.285,0.522
2025-12-08T23:17:29.190,3.287,0.276,0.28
2025-12-08T23:17:29.200,3.455,0.268,0.175
2025-12-08T23:17:29.210,3.585,0.34,0.289
2025-12-08T23:17:29.220,3.624,0.495,0.587
2025-12-08T23:17:29.230,3.612,0.679,0.913
2025-12-08T23:17:29.240,3.571,0.85,1.097
2025-12-08T23:17:29.250,3.53,0.986,0.984
2025-12-08T23:17:29.260,3.43,1.072,0.583
2025-12-08T23:17:29.270,3.231,1.038,0.13
2025-12-08T23:17:29.280,2.959,0.883,-0.232
2025-12-08T23:17:29.290,2.664,0.66,-0.469
2025-12-08T23:17:29.300,2.415,0.418,-0.575
2025-12-08T23:17:29.310,2.247,0.234,-0.688
2025-12-08T23:17:29.320,2.149,0.173,-0.862
2025-12-08T23:17:29.330,2.037,0.21,-1.008
2025-12-08T23:17:29.340,1.877,0.309,-1.153
2025-12-08T23:17:29.350,1.713,0.452,-1.294
2025-12-08T23:17:29.360,1.581,0.596,-1.387
2025-12-08T23:17:29.370,1.452,0.715,-1.38
2025-12-08T23:17:29.380,1.265,0.805,-1.24
2025-12-08T23:17:29.390,1.004,0.835,-1.044
2025-12-08T23:17:29.400,0.673,0.735,-0.887
2025-12-08T23:17:29.410,0.291,0.556,-0.904
2025-12-08T23:17:29.420,-0.111,0.369,-1.092
2025-12-08T23:17:29.430,-0.517,0.143,-1.445
2025-12-08T23:17:29.440,-0.89,-0.106,-1.894
2025-12-08T23:17:29.450,-1.212,-0.346,-2.207
2025-12-08T23:17:29.460,-1.496,-0.546,-2.39
2025-12-08T23:17:29.470,-1.702,-0.642,-2.472
2025-12-08T23:17:29.480,-1.843,-0.647,-2.463
2025-12-08T23:17:29.490,-1.959,-0.599,-2.355
2025-12-08T23:17:29.500,-1.985,-0.506,-2.08
2025-12-08T23:17:29.510,-1.949,-0.405,-1.727
2025-12-08T23:17:29.520,-1.885,-0.304,-1.406
2025-12-08T23:17:29.530,-1.825,-0.28,-1.128
2025-12-08T23:17:29.540,-1.835,-0.426,-0.872
2025-12-08T23:17:29.550,-1.897,-0.664,-0.678
2025-12-08T23:17:29.560,-2.053,-0.977,-0.599
2025-12-08T23:17:29.570,-2.282,-1.311,-0.764
2025-12-08T23:17:29.580,-2.545,-1.646,-1.108
2025-12-08T23:17:29.590,-2.825,-1.992,-1.432
2025-12-08T23:17:29.600,-3.046,-2.242,-1.718
2025-12-08T23:17:29.610,-3.197,-2.401,-1.975
2025-12-08T23:17:29.620,-3.217,-2.466,-2.27
2025-12-08T23:17:29.630,-3.15,-2.51,-2.47
2025-12-08T23:17:29.640,-3.074,-2.564,-2.41
2025-12-08T23:17:29.650,-2.985,-2.564,-2.058
2025-12-08T23:17:29.660,-2.89,-2.589,-1.447
2025-12-08T23:17:29.670,-2.745,-2.663,-0.871
2025-12-08T23:17:29.680,-2.603,-2.746,-0.481
2025-12-08T23:17:29.690,-2.502,-2.8,-0.314
2025-12-08T23:17:29.700,-2.449,-2.836,-0.467
2025-12-08T23:17:29.710,-2.443,-2.874,-0.794
2025-12-08T23:17:29.720,-2.403,-2.891,-1.065
2025-12-08T23:17:29.730,-2.349,-2.945,-1.303
2025-12-08T23:17:29.740,-2.301,-3.073,-1.569
2025-12-08T23:17:29.750,-2.197,-3.201,-1.824
2025-12-08T23:17:29.760,-2.072,-3.302,-1.966
2025-12-08T23:17:29.770,-1.947,-3.367,-1.808
2025-12-08T23:17:29.780,-1.804,-3.355,-1.356
2025-12-08T23:17:29.790,-1.681,-3.334,-0.794
2025-12-08T23:17:29.800,-1.57,-3.276,-0.338
2025-12-08T23:17:29.810,-1.437,-3.162,-0.083
2025-12-08T23:17:29.820,-1.252,-2.988,0.05
2025-12-08T23:17:29.830,-1.109,-2.727,0.147
2025-12-08T23:17:29.840,-1.093,-2.46,0.224
2025-12-08T23:17:29.850,-1.099,-2.196,0.226
2025-12-08T23:17:29.860,-1.106,-1.993,0.13
2025-12-08T23:17:29.870,-1.089,-1.826,-0.112
2025-12-08T23:17:29.880,-0.987,-1.613,-0.443
2025-12-08T23:17:29.890,-0.841,-1.334,-0.693
2025-12-08T23:17:29.900,-0.714,-1.015,-0.76
2025-12-08T23:17:29.910,-0.637,-0.729,-0.615
2025-12-08T23:17:29.920,-0.587,-0.461,-0.273
2025-12-08T23:17:29.930,-0.519,-0.236,0.132
2025-12-08T23:17:29.940,-0.389,-0.01,0.429
2025-12-08T23:17:29.950,-0.221,0.211,0.634
2025-12-08T23:17:29.960,-0.004,0.374,0.753
2025-12-08T23:17:29.970,0.243,0.528,0.768
2025-12-08T23:17:29.980,0.449,0.663,0.754
2025-12-08T23:17:29.990,0.615,0.838,0.783
2025-12-08T23:17:30.000,0.727,1.029,0.787
2025-12-08T23:17:30.010,0.747,1.165,0.636
2025-12-08T23:17:30.020,0.677,1.301,0.366
2025-12-08T23:17:30.030,0.552,1.416,0.043
2025-12-08T23:17:30.040,0.416,1.533,-0.209
2025-12-08T23:17:30.050,0.361,1.714,-0.245
2025-12-08T23:17:30.060,0.398,1.902,-0.072
2025-12-08T23:17:30.070,0.499,2.08,0.148
2025-12-08T23:17:30.080,0.694,2.262,0.307
2025-12-08T23:17:30.090,0.977,2.411,0.401
2025-12-08T23:17:30.100,1.317,2.541,0.367
2025-12-08T23:17:30.110,1.669,2.619,0.327
2025-12-08T23:17:30.120,2.014,2.611,0.411
2025-12-08T23:17:30.130,2.297,2.554,0.612
2025-12-08T23:17:30.140,2.565,2.484,0.821
2025-12-08T23:17:30.150,2.882,2.448,0.798
2025-12-08T23:17:30.160,3.168,2.465,0.529
2025-12-08T23:17:30.170,3.394,2.526,0.177
2025-12-08T23:17:30.180,3.539,2.616,-0.025
2025-12-08T23:17:30.190,3.614,2.723,0.077
2025-12-08T23:17:30.200,3.604,2.831,0.329
2025-12-08T23:17:30.210,3.55,2.925,0.507
2025-12-08T23:17:30.220,3.551,2.977,0.523
2025-12-08T23:17:30.230,3.56,2.924,0.432
2025-12-08T23:17:30.240,3.587,2.756,0.36
2025-12-08T23:17:30.250,3.683,2.514,0.481
2025-12-08T23:17:30.260,3.82,2.237,0.797
2025-12-08T23:17:30.270,3.983,1.97,1.003
2025-12-08T23:17:30.280,4.145,1.757,0.894
2025-12-08T23:17:30.290,4.234,1.612,0.541
2025-12-08T23:17:30.300,4.248,1.529,0.161
2025-12-08T23:17:30.310,4.201,1.499,-0.034
2025-12-08T23:17:30.320,4.068,1.513,-0.029
2025-12-08T23:17:30.330,3.885,1.523,0.05
2025-12-08T23:17:30.340,3.675,1.514,0.088
2025-12-08T23:17:30.350,3.466,1.519,0.005
2025-12-08T23:17:30.360,3.265,1.544,-0.202
2025-12-08T23:17:30.370,3.096,1.584,-0.505
2025-12-08T23:17:30.380,2.985,1.564,-0.817
2025-12-08T23:17:30.390,2.897,1.442,-0.996
2025-12-08T23:17:30.400,2.818,1.269,-1.008
2025-12-08T23:17:30.410,2.74,1.063,-0.949
2025-12-08T23:17:30.420,2.656,0.824,-0.982
2025-12-08T23:17:30.430,2.536,0.574,-1.16
2025-12-08T23:17:30.440,2.372,0.33,-1.397
2025-12-08T23:17:30.450,2.173,0.105,-1.63
2025-12-08T23:17:30.460,1.937,-0.078,-1.791
2025-12-08T23:17:30.470,1.713,-0.233,-1.839
2025-12-08T23:17:30.480,1.462,-0.411,-1.775
2025-12-08T23:17:30.490,1.19,-0.641,-1.63
2025-12-08T23:17:30.500,0.964,-0.894,-1.485
2025-12-08T23:17:30.510,0.781,-1.124,-1.467
2025-12-08T23:17:30.520,0.628,-1.298,-1.614
2025-12-08T23:17:30.530,0.474,-1.385,-1.828
2025-12-08T23:17:30.540,0.328,-1.448,-2.059
2025-12-08T23:17:30.550,0.149,-1.532,-2.259
2025-12-08T23:17:30.560,-0.082,-1.586,-2.33
2025-12-08T23:17:30.570,-0.283,-1.62,-2.289
2025-12-08T23:17:30.580,-0.453,-1.707,-2.228
2025-12-08T23:17:30.590,-0.614,-1.869,-2.172
2025-12-08T23:17:30.600,-0.788,-2.086,-2.105
2025-12-08T23:17:30.610,-0.976,-2.354,-2.057
2025-12-08T23:17:30.620,-1.15,-2.62,-1.977
2025-12-08T23:17:30.630,-1.352,-2.849,-1.798
2025-12-08T23:17:30.640,-1.596,-3.099,-1.557
2025-12-08T23:17:30.650,-1.886,-3.365,-1.288
2025-12-08T23:17:30.660,-2.171,-3.576,-1.056
2025-12-08T23:17:30.670,-2.424,-3.674,-1.011
2025-12-08T23:17:30.680,-2.721,-3.651,-1.159
2025-12-08T23:17:30.690,-3.031,-3.525,-1.314
2025-12-08T23:17:30.700,-3.327,-3.334,-1.384
2025-12-08T23:17:30.710,-3.628,-3.11,-1.373
2025-12-08T23:17:30.720,-3.856,-2.799,-1.299
2025-12-08T23:17:30.730,-3.988,-2.519,-1.273
2025-12-08T23:17:30.740,-4.042,-2.384,-1.271
2025-12-08T23:17:30.750,-4.003,-2.258,-1.14
2025-12-08T23:17:30.760,-3.879,-2.099,-0.913
2025-12-08T23:17:30.770,-3.693,-1.961,-0.698
2025-12-08T23:17:30.780,-3.525,-1.87,-0.478
2025-12-08T23:17:30.790,-3.403,-1.84,-0.251
2025-12-08T23:17:30.800,-3.336,-1.869,-0.052
2025-12-08T23:17:30.810,-3.306,-1.901,0.045
2025-12-08T23:17:30.820,-3.222,-1.87,0.027
2025-12-08T23:17:30.830,-3.098,-1.85,-0.046
2025-12-08T23:17:30.840,-2.946,-1.838,-0.103
2025-12-08T23:17:30.850,-2.735,-1.75,-0.097
2025-12-08T23:17:30.860,-2.472,-1.622,-0.123
2025-12-08T23:17:30.870,-2.162,-1.485,-0.107
2025-12-08T23:17:30.880,-1.847,-1.321,0.118
2025-12-08T23:17:30.890,-1.559,-1.144,0.546
2025-12-08T23:17:30.900,-1.33,-0.988,1.058
2025-12-08T23:17:30.910,-1.147,-0.856,1.427
2025-12-08T23:17:30.920,-0.963,-0.76,1.534
2025-12-08T23:17:30.930,-0.779,-0.709,1.397
2025-12-08T23:17:30.940,-0.56,-0.683,1.17
2025-12-08T23:17:30.950,-0.337,-0.695,0.939
2025-12-08T23:17:30.960,-0.143,-0.763,0.667
2025-12-08T23:17:30.970,0.037,-0.838,0.461
2025-12-08T23:17:30.980,0.167,-0.908,0.321
2025-12-08T23:17:30.990,0.234,-0.949,0.28
2025-12-08T23:17:31.000,0.295,-0.933,0.405
2025-12-08T23:17:31.010,0.391,-0.914,0.566
2025-12-08T23:17:31.020,0.496,-0.882,0.706
2025-12-08T23:17:31.030,0.62,-0.849,0.779
2025-12-08T23:17:31.040,0.775,-0.82,0.713
2025-12-08T23:17:31.050,0.936,-0.781,0.562
2025-12-08T23:17:31.060,1.13,-0.75,0.436
2025-12-08T23:17:31.070,1.357,-0.686,0.392
2025-12-08T23:17:31.080,1.564,-0.647,0.367
2025-12-08T23:17:31.090,1.749,-0.649,0.306
2025-12-08T23:17:31.100,1.925,-0.65,0.198
2025-12-08T23:17:31.110,2.103,-0.664,0.048
2025-12-08T23:17:31.120,2.247,-0.653,-0.13
2025-12-08T23:17:31.130,2.355,-0.635,-0.31
2025-12-08T23:17:31.140,2.444,-0.685,-0.398
2025-12-08T23:17:31.150,2.47,-0.79,-0.314
2025-12-08T23:17:31.160,2.449,-0.898,-0.035
2025-12-08T23:17:31.170,2.378,-0.981,0.289
2025-12-08T23:17:31.180,2.265,-1.012,0.489
2025-12-08T23:17:31.190,2.181,-1.002,0.598
2025-12-08T23:17:31.200,2.127,-0.989,0.627
2025-12-08T23:17:31.210,2.121,-0.945,0.612
2025-12-08T23:17:31.220,2.151,-0.839,0.612
2025-12-08T23:17:31.230,2.165,-0.767,0.576
2025-12-08T23:17:31.240,2.146,-0.804,0.496
2025-12-08T23:17:31.250,2.102,-0.843,0.466
2025-12-08T23:17:31.260,2.051,-0.824,0.553
2025-12-08T23:17:31.270,1.962,-0.772,0.698
2025-12-08T23:17:31.280,1.829,-0.659,0.857
2025-12-08T23:17:31.290,1.595,-0.499,1.033
2025-12-08T23:17:31.300,1.237,-0.328,1.195
2025-12-08T23:17:31.310,0.898,-0.158,1.328
2025-12-08T23:17:31.320,0.623,-0.016,1.353
2025-12-08T23:17:31.330,0.387,0.08,1.12
2025-12-08T23:17:31.340,0.21,0.168,0.731
2025-12-08T23:17:31.350,0.019,0.24,0.367
2025-12-08T23:17:31.360,-0.245,0.219,0.144
2025-12-08T23:17:31.370,-0.526,0.161,0.234
2025-12-08T23:17:31.380,-0.766,0.131,0.481
2025-12-08T23:17:31.390,-0.977,0.09,0.66
2025-12-08T23:17:31.400,-1.153,0.12,0.75
2025-12-08T23:17:31.410,-1.241,0.263,0.685
2025-12-08T23:17:31.420,-1.295,0.455,0.457
2025-12-08T23:17:31.430,-1.312,0.724,0.193
2025-12-08T23:17:31.440,-1.265,1.017,0.037
2025-12-08T23:17:31.450,-1.244,1.2,0.047
2025-12-08T23:17:31.460,-1.248,1.313,0.271
2025-12-08T23:17:31.470,-1.297,1.386,0.608
2025-12-08T23:17:31.480,-1.423,1.384,0.847
2025-12-08T23:17:31.490,-1.552,1.361,0.967
2025-12-08T23:17:31.500,-1.632,1.3,0.879
2025-12-08T23:17:31.510,-1.655,1.195,0.535
2025-12-08T23:17:31.520,-1.618,1.122,0.165
2025-12-08T23:17:31.530,-1.511,1.084,-0.127
2025-12-08T23:17:31.540,-1.407,1.059,-0.314
2025-12-08T23:17:31.550,-1.325,1.067,-0.331
2025-12-08T23:17:31.560,-1.192,1.05,-0.247
2025-12-08T23:17:31.570,-1.063,0.938,-0.12
2025-12-08T23:17:31.580,-0.97,0.826,0.136
2025-12-08T23:17:31.590,-0.895,0.73,0.468
2025-12-08T23:17:31.600,-0.905,0.657,0.688
2025-12-08T23:17:31.610,-1.024,0.696,0.799
2025-12-08T23:17:31.620,-1.2,0.745,0.785
2025-12-08T23:17:31.630,-1.421,0.746,0.629
2025-12-08T23:17:31.640,-1.655,0.756,0.437
2025-12-08T23:17:31.650,-1.805,0.78,0.16
2025-12-08T23:17:31.660,-1.887,0.773,-0.2
2025-12-08T23:17:31.670,-1.945,0.745,-0.489
2025-12-08T23:17:31.680,-1.951,0.699,-0.629
2025-12-08T23:17:31.690,-1.983,0.542,-0.66
2025-12-08T23:17:31.700,-2.036,0.351,-0.549
2025-12-08T23:17:31.710,-2.033,0.184,-0.344
2025-12-08T23:17:31.720,-1.973,0.007,-0.273
2025-12-08T23:17:31.730,-1.794,-0.049,-0.286
2025-12-08T23:17:31.740,-1.548,-0.008,-0.33
2025-12-08T23:17:31.750,-1.338,-0.0,-0.393
2025-12-08T23:17:31.760,-1.186,-0.007,-0.251
2025-12-08T23:17:31.770,-1.117,-0.069,0.061
2025-12-08T23:17:31.780,-1.137,-0.216,0.308
2025-12-08T23:17:31.790,-1.218,-0.394,0.387
2025-12-08T23:17:31.800,-1.282,-0.577,0.244
2025-12-08T23:17:31.810,-1.315,-0.705,-0.035
2025-12-08T23:17:31.820,-1.295,-0.716,-0.309
2025-12-08T23:17:31.830,-1.2,-0.673,-0.553
2025-12-08T23:17:31.840,-1.095,-0.648,-0.715
2025-12-08T23:17:31.850,-0.961,-0.606,-0.692
2025-12-08T23:17:31.860,-0.809,-0.596,-0.48
2025-12-08T23:17:31.870,-0.662,-0.676,-0.181
2025-12-08T23:17:31.880,-0.521,-0.771,0.156
2025-12-08T23:17:31.890,-0.478,-0.888,0.47
2025-12-08T23:17:31.900,-0.549,-1.027,0.72
2025-12-08T23:17:31.910,-0.663,-1.099,0.893
2025-12-08T23:17:31.920,-0.769,-1.084,0.861
2025-12-08T23:17:31.930,-0.863,-1.003,0.63
2025-12-08T23:17:31.940,-0.962,-0.859,0.268
2025-12-08T23:17:31.950,-1.089,-0.704,-0.181
2025-12-08T23:17:31.960,-1.287,-0.613,-0.545
2025-12-08T23:17:31.970,-1.49,-0.549,-0.734
2025-12-08T23:17:31.980,-1.662,-0.501,-0.801
2025-12-08T23:17:31.990,-1.816,-0.477,-0.769
2025-12-08T23:17:32.000,-1.934,-0.392,-0.59
2025-12-08T23:17:32.010,-2.065,-0.267,-0.385
2025-12-08T23:17:32.020,-2.139,-0.127,-0.236
2025-12-08T23:17:32.030,-2.105,0.015,-0.1
2025-12-08T23:17:32.040,-2.089,0.071,-0.073
2025-12-08T23:17:32.050,-2.092,0.116,-0.096
2025-12-08T23:17:32.060,-2.073,0.135,-0.053
2025-12-08T23:17:32.070,-2.055,0.056,0.04
2025-12-08T23:17:32.080,-2.032,0.0,0.257
2025-12-08T23:17:32.090,-2.007,-0.029,0.546
2025-12-08T23:17:32.100,-2.008,-0.082,0.699
2025-12-08T23:17:32.110,-2.02,-0.105,0.732
2025-12-08T23:17:32.120,-2.002,-0.087,0.735
2025-12-08T23:17:32.130,-1.948,-0.061,0.709
2025-12-08T23:17:32.140,-1.872,0.014,0.786
2025-12-08T23:17:32.150,-1.806,0.187,0.99
2025-12-08T23:17:32.160,-1.768,0.362,1.222
2025-12-08T23:17:32.170,-1.733,0.552,1.484
2025-12-08T23:17:32.180,-1.664,0.771,1.662
2025-12-08T23:17:32.190,-1.557,0.926,1.711
2025-12-08T23:17:32.200,-1.446,1.027,1.789
2025-12-08T23:17:32.210,-1.393,1.046,1.936
2025-12-08T23:17:32.220,-1.387,0.992,2.064
2025-12-08T23:17:32.230,-1.367,0.96,2.033
2025-12-08T23:17:32.240,-1.366,0.94,1.709
2025-12-08T23:17:32.250,-1.406,0.949,1.235
2025-12-08T23:17:32.260,-1.474,1.006,0.972
2025-12-08T23:17:32.270,-1.559,1.041,1.011
2025-12-08T23:17:32.280,-1.592,1.079,1.226
2025-12-08T23:17:32.290,-1.567,1.188,1.427
2025-12-08T23:17:32.300,-1.5,1.318,1.408
2025-12-08T23:17:32.310,-1.406,1.505,1.291
2025-12-08T23:17:32.320,-1.365,1.732,1.157
2025-12-08T23:17:32.330,-1.364,1.902,0.967
2025-12-08T23:17:32.340,-1.312,2.047,0.859
2025-12-08T23:17:32.350,-1.258,2.092,0.801
2025-12-08T23:17:32.360,-1.27,2.024,0.794
2025-12-08T23:17:32.370,-1.295,1.948,0.856
2025-12-08T23:17:32.380,-1.313,1.833,0.801
2025-12-08T23:17:32.390,-1.348,1.748,0.569
2025-12-08T23:17:32.400,-1.362,1.743,0.266
2025-12-08T23:17:32.410,-1.386,1.728,-0.041
2025-12-08T23:17:32.420,-1.438,1.709,-0.275
2025-12-08T23:17:32.430,-1.361,1.692,-0.288
2025-12-08T23:17:32.440,-1.164,1.669,-0.189
2025-12-08T23:17:32.450,-0.924,1.722,-0.039
2025-12-08T23:17:32.460,-0.631,1.848,0.187
2025-12-08T23:17:32.470,-0.387,1.944,0.25
2025-12-08T23:17:32.480,-0.191,2.027,0.254
2025-12-08T23:17:32.490,-0.028,2.077,0.353
2025-12-08T23:17:32.500,0.055,2.062,0.427
2025-12-08T23:17:32.510,0.135,2.089,0.53
2025-12-08T23:17:32.520,0.228,2.121,0.569
2025-12-08T23:17:32.530,0.27,2.119,0.435
2025-12-08T23:17:32.540,0.243,2.128,0.238
2025-12-08T23:17:32.550,0.165,2.046,-0.04
2025-12-08T23:17:32.560,0.079,1.887,-0.316
2025-12-08T23:17:32.570,0.019,1.746,-0.4
2025-12-08T23:17:32.580,-0.032,1.624,-0.344
2025-12-08T23:17:32.590,-0.087,1.545,-0.232
2025-12-08T23:17:32.600,-0.133,1.514,-0.096
2025-12-08T23:17:32.610,-0.174,1.477,-0.105
2025-12-08T23:17:32.620,-0.171,1.436,-0.247
2025-12-08T23:17:32.630,-0.116,1.461,-0.391
2025-12-08T23:17:32.640,-0.079,1.461,-0.596
2025-12-08T23:17:32.650,-0.038,1.433,-0.818
2025-12-08T23:17:32.660,0.027,1.397,-1.032
2025-12-08T23:17:32.670,0.09,1.242,-1.291
2025-12-08T23:17:32.680,0.18,1.107,-1.452
2025-12-08T23:17:32.690,0.249,0.947,-1.552
2025-12-08T23:17:32.700,0.263,0.68,-1.709
2025-12-08T23:17:32.710,0.301,0.501,-1.774
2025-12-08T23:17:32.720,0.299,0.35,-1.752
2025-12-08T23:17:32.730,0.225,0.195,-1.752
2025-12-08T23:17:32.740,0.189,0.094,-1.717
2025-12-08T23:17:32.750,0.159,-0.032,-1.731
2025-12-08T23:17:32.760,0.14,-0.158,-1.774
2025-12-08T23:17:32.770,0.196,-0.233,-1.687
2025-12-08T23:17:32.780,0.303,-0.319,-1.576
2025-12-08T23:17:32.790,0.469,-0.368,-1.483
2025-12-08T23:17:32.800,0.68,-0.307,-1.372
2025-12-08T23:17:32.810,0.849,-0.275,-1.329
2025-12-08T23:17:32.820,0.974,-0.254,-1.273
2025-12-08T23:17:32.830,1.094,-0.218,-1.078
2025-12-08T23:17:32.840,1.153,-0.235,-0.796
2025-12-08T23:17:32.850,1.13,-0.195,-0.431
2025-12-08T23:17:32.860,1.06,-0.181,-0.121
2025-12-08T23:17:32.870,0.952,-0.232,-0.048
2025-12-08T23:17:32.880,0.865,-0.194,-0.092
2025-12-08T23:17:32.890,0.796,-0.123,-0.271
2025-12-08T23:17:32.900,0.728,-0.075,-0.526
2025-12-08T23:17:32.910,0.662,-0.011,-0.608
2025-12-08T23:17:32.920,0.553,-0.02,-0.644
2025-12-08T23:17:32.930,0.471,-0.093,-0.71
2025-12-08T23:17:32.940,0.468,-0.096,-0.755
2025-12-08T23:17:32.950,0.491,-0.096,-0.852
2025-12-08T23:17:32.960,0.558,-0.066,-0.88
2025-12-08T23:17:32.970,0.635,0.03,-0.737
2025-12-08T23:17:32.980,0.655,0.073,-0.538
2025-12-08T23:17:32.990,0.64,0.17,-0.199
2025-12-08T23:17:33.000,0.606,0.278,0.209
2025-12-08T23:17:33.010,0.568,0.288,0.404
2025-12-08T23:17:33.020,0.567,0.331,0.514
2025-12-08T23:17:33.030,0.619,0.352,0.482
2025-12-08T23:17:33.040,0.689,0.314,0.227
2025-12-08T23:17:33.050,0.794,0.319,0.031
2025-12-08T23:17:33.060,0.906,0.294,-0.128
2025-12-08T23:17:33.070,0.964,0.248,-0.22
2025-12-08T23:17:33.080,1.019,0.287,-0.061
2025-12-08T23:17:33.090,1.072,0.316,0.152
2025-12-08T23:17:33.100,1.122,0.394,0.321
2025-12-08T23:17:33.110,1.196,0.58,0.548
2025-12-08T23:17:33.120,1.282,0.715,0.577
2025-12-08T23:17:33.130,1.403,0.872,0.443
2025-12-08T23:17:33.140,1.55,1.079,0.412
2025-12-08T23:17:33.150,1.701,1.183,0.336
2025-12-08T23:17:33.160,1.843,1.211,0.343
2025-12-08T23:17:33.170,1.926,1.14,0.455
2025-12-08T23:17:33.180,1.924,0.961,0.453
2025-12-08T23:17:33.190,1.904,0.877,0.476
2025-12-08T23:17:33.200,1.904,0.837,0.48
2025-12-08T23:17:33.210,1.91,0.771,0.365
2025-12-08T23:17:33.220,1.972,0.802,0.23
2025-12-08T23:17:33.230,2.059,0.838,0.025
2025-12-08T23:17:33.240,2.165,0.9,-0.278
2025-12-08T23:17:33.250,2.324,1.101,-0.536
2025-12-08T23:17:33.260,2.448,1.352,-0.783
2025-12-08T23:17:33.270,2.538,1.651,-0.988
2025-12-08T23:17:33.280,2.61,1.923,-0.985
2025-12-08T23:17:33.290,2.631,2.058,-0.994
2025-12-08T23:17:33.300,2.68,2.175,-1.104
2025-12-08T23:17:33.310,2.789,2.272,-1.291
2025-12-08T23:17:33.320,2.886,2.262,-1.644
2025-12-08T23:17:33.330,2.982,2.247,-1.829
2025-12-08T23:17:33.340,3.049,2.212,-1.775
2025-12-08T23:17:33.350,3.09,2.076,-1.786
2025-12-08T23:17:33.360,3.221,1.973,-1.811
2025-12-08T23:17:33.370,3.421,1.903,-1.827
2025-12-08T23:17:33.380,3.613,1.834,-1.803
2025-12-08T23:17:33.390,3.751,1.862,-1.57
2025-12-08T23:17:33.400,3.821,1.86,-1.34
2025-12-08T23:17:33.410,3.86,1.765,-1.262
2025-12-08T23:17:33.420,3.872,1.703,-1.16
2025-12-08T23:17:33.430,3.82,1.605,-1.049
2025-12-08T23:17:33.440,3.712,1.489,-0.969
2025-12-08T23:17:33.450,3.659,1.426,-0.909
2025-12-08T23:17:33.460,3.639,1.264,-0.998
2025-12-08T23:17:33.470,3.557,1.042,-1.165
2025-12-08T23:17:33.480,3.382,0.828,-1.18
2025-12-08T23:17:33.490,3.082,0.494,-1.175
2025-12-08T23:17:33.500,2.747,0.146,-1.261
2025-12-08T23:17:33.510,2.454,-0.143,-1.418
2025-12-08T23:17:33.520,2.179,-0.413,-1.737
2025-12-08T23:17:33.530,1.95,-0.57,-2.031
2025-12-08T23:17:33.540,1.735,-0.719,-2.136
2025-12-08T23:17:33.550,1.463,-0.937,-2.074
2025-12-08T23:17:33.560,1.172,-1.117,-1.753
2025-12-08T23:17:33.570,0.876,-1.379,-1.35
2025-12-08T23:17:33.580,0.62,-1.743,-1.141
2025-12-08T23:17:33.590,0.467,-2.086,-1.077
2025-12-08T23:17:33.600,0.303,-2.438,-1.161
2025-12-08T23:17:33.610,0.131,-2.707,-1.365
2025-12-08T23:17:33.620,0.014,-2.869,-1.519
2025-12-08T23:17:33.630,-0.113,-3.05,-1.717
2025-12-08T23:17:33.640,-0.2,-3.193,-1.896
2025-12-08T23:17:33.650,-0.234,-3.311,-1.849
2025-12-08T23:17:33.660,-0.29,-3.502,-1.691
2025-12-08T23:17:33.670,-0.332,-3.628,-1.422
2025-12-08T23:17:33.680,-0.323,-3.669,-1.113
2025-12-08T23:17:33.690,-0.332,-3.724,-0.983
2025-12-08T23:17:33.700,-0.338,-3.684,-0.853
2025-12-08T23:17:33.710,-0.34,-3.624,-0.598
2025-12-08T23:17:33.720,-0.423,-3.602,-0.312
2025-12-08T23:17:33.730,-0.526,-3.496,0.039
2025-12-08T23:17:33.740,-0.622,-3.443,0.325
2025-12-08T23:17:33.750,-0.742,-3.452,0.401
2025-12-08T23:17:33.760,-0.85,-3.396,0.404
2025-12-08T23:17:33.770,-0.96,-3.39,0.338
2025-12-08T23:17:33.780,-1.068,-3.369,0.19
2025-12-08T23:17:33.790,-1.13,-3.299,0.167
2025-12-08T23:17:33.800,-1.152,-3.322,0.243
2025-12-08T23:17:33.810,-1.183,-3.325,0.448
2025-12-08T23:17:33.820,-1.273,-3.318,0.873
2025-12-08T23:17:33.830,-1.434,-3.39,1.27
2025-12-08T23:17:33.840,-1.602,-3.437,1.594
2025-12-08T23:17:33.850,-1.774,-3.478,1.771
2025-12-08T23:17:33.860,-1.992,-3.511,1.626
2025-12-08T23:17:33.870,-2.185,-3.447,1.328
2025-12-08T23:17:33.880,-2.37,-3.342,0.958
2025-12-08T23:17:33.890,-2.567,-3.282,0.561
2025-12-08T23:17:33.900,-2.724,-3.233,0.329
2025-12-08T23:17:33.910,-2.872,-3.214,0.254
2025-12-08T23:17:33.920,-2.995,-3.221,0.275
2025-12-08T23:17:33.930,-3.089,-3.187,0.463
2025-12-08T23:17:33.940,-3.222,-3.2,0.656
2025-12-08T23:17:33.950,-3.382,-3.198,0.756
2025-12-08T23:17:33.960,-3.509,-3.083,0.84
2025-12-08T23:17:33.970,-3.61,-2.973,0.766
2025-12-08T23:17:33.980,-3.707,-2.841,0.701
2025-12-08T23:17:33.990,-3.745,-2.693,0.821
2025-12-08T23:17:34.000,-3.697,-2.633,0.923
2025-12-08T23:17:34.010,-3.569,-2.536,1.036
2025-12-08T23:17:34.020,-3.397,-2.386,1.148
2025-12-08T23:17:34.030,-3.246,-2.274,1.097
2025-12-08T23:17:34.040,-3.086,-2.107,1.047
2025-12-08T23:17:34.050,-2.94,-1.943,1.119
2025-12-08T23:17:34.060,-2.852,-1.872,1.19
2025-12-08T23:17:34.070,-2.766,-1.788,1.375
2025-12-08T23:17:34.080,-2.663,-1.698,1.636
2025-12-08T23:17:34.090,-2.533,-1.609,1.801
2025-12-08T23:17:34.100,-2.347,-1.431,1.957
2025-12-08T23:17:34.110,-2.124,-1.269,2.035
2025-12-08T23:17:34.120,-1.885,-1.148,2.034
2025-12-08T23:17:34.130,-1.63,-0.995,2.106
2025-12-08T23:17:34.140,-1.431,-0.94,2.164
2025-12-08T23:17:34.150,-1.265,-0.907,2.169
2025-12-08T23:17:34.160,-1.093,-0.835,2.181
2025-12-08T23:17:34.170,-0.966,-0.822,2.052
2025-12-08T23:17:34.180,-0.813,-0.739,1.857
2025-12-08T23:17:34.190,-0.654,-0.584,1.697
2025-12-08T23:17:34.200,-0.521,-0.496,1.417
2025-12-08T23:17:34.210,-0.351,-0.438,1.201
2025-12-08T23:17:34.220,-0.187,-0.404,1.104
2025-12-08T23:17:34.230,-0.041,-0.435,1.032
2025-12-08T23:17:34.240,0.12,-0.408,1.045
2025-12-08T23:17:34.250,0.244,-0.307,0.946
2025-12-08T23:17:34.260,0.281,-0.163,0.709
2025-12-08T23:17:34.270,0.265,0.064,0.518
2025-12-08T23:17:34.280,0.174,0.169,0.388
2025-12-08T23:17:34.290,0.05,0.169,0.353
2025-12-08T23:17:34.300,-0.036,0.189,0.511
2025-12-08T23:17:34.310,-0.155,0.105,0.64
2025-12-08T23:17:34.320,-0.239,0.023,0.601
2025-12-08T23:17:34.330,-0.227,-0.016,0.503
2025-12-08T23:17:34.340,-0.176,-0.065,0.181
2025-12-08T23:17:34.350,-0.086,0.003,-0.174
2025-12-08T23:17:34.360,0.009,0.139,-0.281
2025-12-08T23:17:34.370,0.051,0.223,-0.225
2025-12-08T23:17:34.380,0.059,0.292,0.047
2025-12-08T23:17:34.390,0.046,0.342,0.356
2025-12-08T23:17:34.400,0.009,0.344,0.468
2025-12-08T23:17:34.410,-0.002,0.378,0.484
2025-12-08T23:17:34.420,-0.035,0.41,0.444
2025-12-08T23:17:34.430,-0.131,0.42,0.369
2025-12-08T23:17:34.440,-0.227,0.451,0.4
2025-12-08T23:17:34.450,-0.346,0.371,0.418
2025-12-08T23:17:34.460,-0.458,0.214,0.346
2025-12-08T23:17:34.470,-0.494,0.09,0.314
2025-12-08T23:17:34.480,-0.492,-0.05,0.118
2025-12-08T23:17:34.490,-0.441,-0.126,-0.26
2025-12-08T23:17:34.500,-0.336,-0.1,-0.702
2025-12-08T23:17:34.510,-0.224,-0.066,-1.255
2025-12-08T23:17:34.520,-0.099,0.048,-1.582
2025-12-08T23:17:34.530,-0.009,0.203,-1.51
2025-12-08T23:17:34.540,0.018,0.307,-1.208
2025-12-08T23:17:34.550,0.046,0.507,-0.69
2025-12-08T23:17:34.560,0.061,0.717,-0.23
2025-12-08T23:17:34.570,0.029,0.815,-0.163
2025-12-08T23:17:34.580,-0.014,0.933,-0.338
2025-12-08T23:17:34.590,-0.081,0.997,-0.68
2025-12-08T23:17:34.600,-0.169,0.983,-1.114
2025-12-08T23:17:34.610,-0.206,1.038,-1.321
2025-12-08T23:17:34.620,-0.212,1.061,-1.406
2025-12-08T23:17:34.630,-0.179,1.026,-1.508
2025-12-08T23:17:34.640,-0.059,1.052,-1.481
2025-12-08T23:17:34.650,0.059,1.031,-1.42
2025-12-08T23:17:34.660,0.155,0.996,-1.3
2025-12-08T23:17:34.670,0.285,1.063,-1.01
2025-12-08T23:17:34.680,0.423,1.114,-0.812
2025-12-08T23:17:34.690,0.555,1.218,-0.798
2025-12-08T23:17:34.700,0.67,1.365,-0.858
2025-12-08T23:17:34.710,0.732,1.395,-1.049
2025-12-08T23:17:34.720,0.724,1.391,-1.185
2025-12-08T23:17:34.730,0.639,1.355,-1.174
2025-12-08T23:17:34.740,0.508,1.252,-1.189
2025-12-08T23:17:34.750,0.35,1.198,-1.224
2025-12-08T23:17:34.760,0.157,1.132,-1.388
2025-12-08T23:17:34.770,-0.032,1.003,-1.753
2025-12-08T23:17:34.780,-0.214,0.905,-2.076
2025-12-08T23:17:34.790,-0.407,0.779,-2.206
2025-12-08T23:17:34.800,-0.6,0.639,-2.065
2025-12-08T23:17:34.810,-0.76,0.54,-1.679
2025-12-08T23:17:34.820,-0.897,0.395,-1.403
2025-12-08T23:17:34.830,-0.99,0.325,-1.393
2025-12-08T23:17:34.840,-1.015,0.354,-1.511
2025-12-08T23:17:34.850,-1.042,0.318,-1.741
2025-12-08T23:17:34.860,-1.001,0.311,-1.905
2025-12-08T23:17:34.870,-0.857,0.351,-1.988
2025-12-08T23:17:34.880,-0.726,0.351,-2.24
2025-12-08T23:17:34.890,-0.59,0.428,-2.519
2025-12-08T23:17:34.900,-0.519,0.553,-2.732
2025-12-08T23:17:34.910,-0.57,0.633,-2.896
2025-12-08T23:17:34.920,-0.646,0.765,-2.858
2025-12-08T23:17:34.930,-0.742,0.849,-2.713
2025-12-08T23:17:34.940,-0.826,0.866,-2.556
2025-12-08T23:17:34.950,-0.843,1.008,-2.308
2025-12-08T23:17:34.960,-0.792,1.14,-2.106
2025-12-08T23:17:34.970,-0.687,1.263,-1.984
2025-12-08T23:17:34.980,-0.544,1.504,-1.76
2025-12-08T23:17:34.990,-0.442,1.685,-1.527
2025-12-08T23:17:35.000,-0.411,1.842,-1.322
2025-12-08T23:17:35.010,-0.376,2.032,-1.043
2025-12-08T23:17:35.020,-0.351,2.165,-0.887
2025-12-08T23:17:35.030,-0.305,2.338,-0.859
2025-12-08T23:17:35.040,-0.222,2.523,-0.826
2025-12-08T23:17:35.050,-0.19,2.666,-0.844
2025-12-08T23:17:35.060,-0.189,2.858,-0.752
2025-12-08T23:17:35.070,-0.202,2.982,-0.515
2025-12-08T23:17:35.080,-0.213,2.988,-0.308
2025-12-08T23:17:35.090,-0.168,3.005,-0.086
2025-12-08T23:17:35.100,-0.066,2.966,0.046
2025-12-08T23:17:35.110,0.05,2.884,0.045
2025-12-08T23:17:35.120,0.102,2.879,0.116
2025-12-08T23:17:35.130,0.061,2.863,0.168
2025-12-08T23:17:35.140,-0.026,2.834,0.2
2025-12-08T23:17:35.150,-0.135,2.863,0.337
2025-12-08T23:17:35.160,-0.289,2.874,0.437
2025-12-08T23:17:35.170,-0.422,2.933,0.539
2025-12-08T23:17:35.180,-0.48,3.05,0.688
2025-12-08T23:17:35.190,-0.534,3.082,0.696
2025-12-08T23:17:35.200,-0.576,3.17,0.692
2025-12-08T23:17:35.210,-0.571,3.317,0.82
2025-12-08T23:17:35.220,-0.561,3.378,0.914
2025-12-08T23:17:35.230,-0.504,3.482,1.056
2025-12-08T23:17:35.240,-0.406,3.589,1.284
2025-12-08T23:17:35.250,-0.338,3.637,1.513
2025-12-08T23:17:35.260,-0.252,3.742,1.959
2025-12-08T23:17:35.270,-0.173,3.812,2.5
2025-12-08T23:17:35.280,-0.105,3.786,2.832
2025-12-08T23:17:35.290,0.016,3.774,2.959
2025-12-08T23:17:35.300,0.112,3.693,2.858
2025-12-08T23:17:35.310,0.139,3.525,2.695
2025-12-08T23:17:35.320,0.16,3.396,2.735
2025-12-08T23:17:35.330,0.171,3.238,2.895
2025-12-08T23:17:35.340,0.168,3.07,3.097
2025-12-08T23:17:35.350,0.177,2.915,3.318
2025-12-08T23:17:35.360,0.189,2.72,3.352
2025-12-08T23:17:35.370,0.231,2.565,3.297
2025-12-08T23:17:35.380,0.291,2.427,3.339
2025-12-08T23:17:35.390,0.322,2.244,3.403
2025-12-08T23:17:35.400,0.384,2.045,3.552
2025-12-08T23:17:35.410,0.474,1.807,3.663
2025-12-08T23:17:35.420,0.577,1.548,3.541
2025-12-08T23:17:35.430,0.743,1.368,3.344
2025-12-08T23:17:35.440,0.87,1.225,3.105
2025-12-08T23:17:35.450,0.897,1.08,2.844
2025-12-08T23:17:35.460,0.855,0.993,2.744
2025-12-08T23:17:35.470,0.71,0.811,2.663
2025-12-08T23:17:35.480,0.557,0.539,2.464
2025-12-08T23:17:35.490,0.477,0.335,2.271
2025-12-08T23:17:35.500,0.432,0.093,1.984
2025-12-08T23:17:35.510,0.467,-0.135,1.641
2025-12-08T23:17:35.520,0.555,-0.273,1.436
2025-12-08T23:17:35.530,0.596,-0.421,1.257
2025-12-08T23:17:35.540,0.617,-0.469,1.124
2025-12-08T23:17:35.550,0.634,-0.464,1.062
2025-12-08T23:17:35.560,0.621,-0.555,0.96
2025-12-08T23:17:35.570,0.637,-0.598,0.961
2025-12-08T23:17:35.580,0.68,-0.619,1.032
2025-12-08T23:17:35.590,0.696,-0.69,1.01
2025-12-08T23:17:35.600,0.726,-0.697,1.015
2025-12-08T23:17:35.610,0.758,-0.759,0.984
2025-12-08T23:17:35.620,0.765,-0.913,0.822
2025-12-08T23:17:35.630,0.785,-1.051,0.728
2025-12-08T23:17:35.640,0.842,-1.278,0.641
2025-12-08T23:17:35.650,0.949,-1.505,0.506
2025-12-08T23:17:35.660,1.09,-1.634,0.479
2025-12-08T23:17:35.670,1.192,-1.796,0.384
2025-12-08T23:17:35.680,1.233,-1.956,0.193
2025-12-08T23:17:35.690,1.243,-2.082,0.052
2025-12-08T23:17:35.700,1.22,-2.223,-0.104
2025-12-08T23:17:35.710,1.185,-2.302,-0.167
2025-12-08T23:17:35.720,1.129,-2.339,-0.13
2025-12-08T23:17:35.730,1.045,-2.425,-0.151
2025-12-08T23:17:35.740,0.993,-2.479,-0.164
2025-12-08T23:17:35.750,0.941,-2.566,-0.212
2025-12-08T23:17:35.760,0.866,-2.736,-0.363
2025-12-08T23:17:35.770,0.832,-2.835,-0.463
2025-12-08T23:17:35.780,0.824,-2.971,-0.555
2025-12-08T23:17:35.790,0.807,-3.153,-0.618
2025-12-08T23:17:35.800,0.82,-3.242,-0.484
2025-12-08T23:17:35.810,0.797,-3.368,-0.361
2025-12-08T23:17:35.820,0.701,-3.452,-0.314
2025-12-08T23:17:35.830,0.631,-3.427,-0.24
2025-12-08T23:17:35.840,0.548,-3.444,-0.278
2025-12-08T23:17:35.850,0.477,-3.381,-0.335
2025-12-08T23:17:35.860,0.495,-3.193,-0.304
2025-12-08T23:17:35.870,0.486,-3.014,-0.321
2025-12-08T23:17:35.880,0.467,-2.772,-0.326
2025-12-08T23:17:35.890,0.476,-2.539,-0.236
2025-12-08T23:17:35.900,0.414,-2.435,-0.168
2025-12-08T23:17:35.910,0.346,-2.337,-0.052
2025-12-08T23:17:35.920,0.284,-2.292,0.129
2025-12-08T23:17:35.930,0.143,-2.334,0.187
2025-12-08T23:17:35.940,-0.009,-2.326,0.254
2025-12-08T23:17:35.950,-0.175,-2.297,0.332
2025-12-08T23:17:35.960,-0.315,-2.265,0.296
2025-12-08T23:17:35.970,-0.348,-2.201,0.332
2025-12-08T23:17:35.980,-0.359,-2.221,0.347
2025-12-08T23:17:35.990,-0.355,-2.308,0.336
2025-12-08T23:17:36.000,-0.335,-2.338,0.46
2025-12-08T23:17:36.010,-0.306,-2.402,0.547
2025-12-08T23:17:36.020,-0.214,-2.441,0.63
2025-12-08T23:17:36.030,-0.081,-2.371,0.716
2025-12-08T23:17:36.040,0.019,-2.309,0.575
2025-12-08T23:17:36.050,0.062,-2.155,0.348
2025-12-08T23:17:36.060,0.076,-1.927,0.215
2025-12-08T23:17:36.070,0.041,-1.739,0.13
2025-12-08T23:17:36.080,0.034,-1.473,0.146
2025-12-08T23:17:36.090,0.103,-1.195,0.132
2025-12-08T23:17:36.100,0.162,-0.976,-0.062
2025-12-08T23:17:36.110,0.235,-0.725,-0.163
2025-12-08T23:17:36.120,0.261,-0.531,-0.114
2025-12-08T23:17:36.130,0.226,-0.403,-0.004
2025-12-08T23:17:36.140,0.215,-0.223,0.228
2025-12-08T23:17:36.150,0.163,-0.106,0.321
2025-12-08T23:17:36.160,0.057,-0.039,0.275
2025-12-08T23:17:36.170,-0.078,0.097,0.414
2025-12-08T23:17:36.180,-0.255,0.156,0.632
2025-12-08T23:17:36.190,-0.424,0.217,0.867
2025-12-08T23:17:36.200,-0.528,0.345,1.088
2025-12-08T23:17:36.210,-0.604,0.419,1.002
2025-12-08T23:17:36.220,-0.683,0.56,0.739
2025-12-08T23:17:36.230,-0.73,0.739,0.56
2025-12-08T23:17:36.240,-0.784,0.845,0.353
2025-12-08T23:17:36.250,-0.828,0.96,0.275
2025-12-08T23:17:36.260,-0.872,1.03,0.369
2025-12-08T23:17:36.270,-0.942,1.006,0.38
2025-12-08T23:17:36.280,-0.982,0.985,0.413
2025-12-08T23:17:36.290,-1.026,0.931,0.376
2025-12-08T23:17:36.300,-1.034,0.84,0.139
2025-12-08T23:17:36.310,-0.977,0.838,-0.099
2025-12-08T23:17:36.320,-0.972,0.807,-0.322
2025-12-08T23:17:36.330,-1.029,0.723,-0.484
2025-12-08T23:17:36.340,-1.114,0.678,-0.488
2025-12-08T23:17:36.350,-1.263,0.572,-0.471
2025-12-08T23:17:36.360,-1.398,0.51,-0.52
2025-12-08T23:17:36.370,-1.479,0.481,-0.62
2025-12-08T23:17:36.380,-1.58,0.353,-0.888
2025-12-08T23:17:36.390,-1.613,0.307,-1.22
2025-12-08T23:17:36.400,-1.588,0.328,-1.459
2025-12-08T23:17:36.410,-1.598,0.301,-1.675
2025-12-08T23:17:36.420,-1.553,0.339,-1.676
2025-12-08T23:17:36.430,-1.496,0.357,-1.482
2025-12-08T23:17:36.440,-1.49,0.284,-1.348
2025-12-08T23:17:36.450,-1.459,0.277,-1.205
2025-12-08T23:17:36.460,-1.431,0.288,-1.138
2025-12-08T23:17:36.470,-1.441,0.282,-1.2
2025-12-08T23:17:36.480,-1.459,0.337,-1.22
2025-12-08T23:17:36.490,-1.536,0.349,-1.325
2025-12-08T23:17:36.500,-1.668,0.35,-1.575
2025-12-08T23:17:36.510,-1.773,0.438,-1.738
2025-12-08T23:17:36.520,-1.893,0.508,-1.874
2025-12-08T23:17:36.530,-2.042,0.631,-1.969
2025-12-08T23:17:36.540,-2.177,0.833,-1.85
2025-12-08T23:17:36.550,-2.362,0.917,-1.695
2025-12-08T23:17:36.560,-2.538,1.011,-1.492
2025-12-08T23:17:36.570,-2.578,1.147,-1.243
2025-12-08T23:17:36.580,-2.484,1.212,-1.228
2025-12-08T23:17:36.590,-2.306,1.415,-1.299
2025-12-08T23:17:36.600,-2.139,1.65,-1.324
2025-12-08T23:17:36.610,-2.052,1.791,-1.351
2025-12-08T23:17:36.620,-1.988,1.985,-1.247
2025-12-08T23:17:36.630,-1.911,2.102,-1.158
2025-12-08T23:17:36.640,-1.837,2.096,-1.221
2025-12-08T23:17:36.650,-1.749,2.017,-1.315
2025-12-08T23:17:36.660,-1.691,1.811,-1.43
2025-12-08T23:17:36.670,-1.67,1.6,-1.515
2025-12-08T23:17:36.680,-1.609,1.489,-1.529
2025-12-08T23:17:36.690,-1.54,1.378,-1.591
2025-12-08T23:17:36.700,-1.418,1.324,-1.657
2025-12-08T23:17:36.710,-1.231,1.395,-1.63
2025-12-08T23:17:36.720,-1.059,1.474,-1.634
2025-12-08T23:17:36.730,-0.824,1.614,-1.617
2025-12-08T23:17:36.740,-0.562,1.781,-1.447
2025-12-08T23:17:36.750,-0.37,1.879,-1.186
2025-12-08T23:17:36.760,-0.183,2.008,-0.789
2025-12-08T23:17:36.770,0.01,2.051,-0.391
2025-12-08T23:17:36.780,0.178,1.989,-0.161
2025-12-08T23:17:36.790,0.346,1.96,0.093
2025-12-08T23:17:36.800,0.497,1.866,0.355
2025-12-08T23:17:36.810,0.636,1.738,0.582
2025-12-08T23:17:36.820,0.814,1.708,0.891
2025-12-08T23:17:36.830,0.98,1.714,1.023
2025-12-08T23:17:36.840,1.115,1.769,0.859
2025-12-08T23:17:36.850,1.219,1.917,0.624
2025-12-08T23:17:36.860,1.224,2.028,0.31
2025-12-08T23:17:36.870,1.168,2.134,0.082
2025-12-08T23:17:36.880,1.14,2.274,0.128
2025-12-08T23:17:36.890,1.142,2.337,0.176
2025-12-08T23:17:36.900,1.2,2.446,0.185
2025-12-08T23:17:36.910,1.34,2.585,0.194
2025-12-08T23:17:36.920,1.497,2.6,0.045
2025-12-08T23:17:36.930,1.647,2.62,-0.067
2025-12-08T23:17:36.940,1.761,2.595,-0.035
2025-12-08T23:17:36.950,1.83,2.433,-0.062
2025-12-08T23:17:36.960,1.922,2.3,-0.099
2025-12-08T23:17:36.970,1.979,2.141,-0.141
2025-12-08T23:17:36.980,1.966,1.929,-0.222
2025-12-08T23:17:36.990,1.913,1.779,-0.131
2025-12-08T23:17:37.000,1.817,1.559,0.043
2025-12-08T23:17:37.010,1.762,1.366,0.156
2025-12-08T23:17:37.020,1.791,1.342,0.272
2025-12-08T23:17:37.030,1.833,1.308,0.254
2025-12-08T23:17:37.040,1.88,1.282,0.218
2025-12-08T23:17:37.050,1.925,1.285,0.401
2025-12-08T23:17:37.060,1.906,1.208,0.62
2025-12-08T23:17:37.070,1.9,1.126,0.821
2025-12-08T23:17:37.080,1.963,1.052,0.953
2025-12-08T23:17:37.090,2.014,0.919,0.818
2025-12-08T23:17:37.100,2.101,0.833,0.583
2025-12-08T23:17:37.110,2.228,0.795,0.301
2025-12-08T23:17:37.120,2.285,0.743,-0.062
2025-12-08T23:17:37.130,2.31,0.772,-0.155
2025-12-08T23:17:37.140,2.302,0.778,-0.029
2025-12-08T23:17:37.150,2.249,0.692,0.08
2025-12-08T23:17:37.160,2.234,0.662,0.29
2025-12-08T23:17:37.170,2.209,0.543,0.419
2025-12-08T23:17:37.180,2.174,0.299,0.421
2025-12-08T23:17:37.190,2.187,0.132,0.608
2025-12-08T23:17:37.200,2.176,-0.042,0.807
2025-12-08T23:17:37.210,2.156,-0.168,0.961
2025-12-08T23:17:37.220,2.13,-0.181,1.186
2025-12-08T23:17:37.230,2.078,-0.266,1.218
2025-12-08T23:17:37.240,2.055,-0.324,1.169
2025-12-08T23:17:37.250,2.045,-0.352,1.195
2025-12-08T23:17:37.260,2.032,-0.49,1.175
2025-12-08T23:17:37.270,2.03,-0.602,1.268
2025-12-08T23:17:37.280,1.974,-0.759,1.448
2025-12-08T23:17:37.290,1.862,-1.003,1.528
2025-12-08T23:17:37.300,1.761,-1.151,1.649
2025-12-08T23:17:37.310,1.634,-1.287,1.797
2025-12-08T23:17:37.320,1.509,-1.423,1.822
2025-12-08T23:17:37.330,1.448,-1.427,1.898
2025-12-08T23:17:37.340,1.403,-1.379,1.91
2025-12-08T23:17:37.350,1.379,-1.296,1.719
2025-12-08T23:17:37.360,1.406,-1.136,1.51
2025-12-08T23:17:37.370,1.459,-1.07,1.215
2025-12-08T23:17:37.380,1.524,-1.054,1.039
2025-12-08T23:17:37.390,1.584,-0.986,1.237
2025-12-08T23:17:37.400,1.571,-1.021,1.569
2025-12-08T23:17:37.410,1.516,-1.017,1.947
2025-12-08T23:17:37.420,1.458,-0.93,2.314
2025-12-08T23:17:37.430,1.322,-0.929,2.497
2025-12-08T23:17:37.440,1.162,-0.901,2.579
2025-12-08T23:17:37.450,1.052,-0.919,2.54
2025-12-08T23:17:37.460,0.976,-1.036,2.244
2025-12-08T23:17:37.470,0.974,-1.104,1.934
2025-12-08T23:17:37.480,1.005,-1.231,1.719
2025-12-08T23:17:37.490,0.997,-1.411,1.581
2025-12-08T23:17:37.500,0.99,-1.456,1.703
2025-12-08T23:17:37.510,0.956,-1.47,1.916
2025-12-08T23:17:37.520,0.889,-1.503,2.054
2025-12-08T23:17:37.530,0.843,-1.473,2.198
2025-12-08T23:17:37.540,0.777,-1.497,2.229
2025-12-08T23:17:37.550,0.713,-1.538,2.153
2025-12-08T23:17:37.560,0.674,-1.534,2.051
2025-12-08T23:17:37.570,0.634,-1.601,1.828
2025-12-08T23:17:37.580,0.634,-1.662,1.597
2025-12-08T23:17:37.590,0.65,-1.716,1.418
2025-12-08T23:17:37.600,0.655,-1.908,1.148
2025-12-08T23:17:37.610,0.647,-2.112,0.949
2025-12-08T23:17:37.620,0.629,-2.337,0.864
2025-12-08T23:17:37.630,0.606,-2.636,0.79
2025-12-08T23:17:37.640,0.599,-2.801,0.858
2025-12-08T23:17:37.650,0.595,-2.926,0.883
2025-12-08T23:17:37.660,0.557,-3.051,0.729
2025-12-08T23:17:37.670,0.542,-3.07,0.642
2025-12-08T23:17:37.680,0.544,-3.148,0.508
2025-12-08T23:17:37.690,0.562,-3.201,0.301
2025-12-08T23:17:37.700,0.633,-3.082,0.268
2025-12-08T23:17:37.710,0.677,-2.955,0.202
2025-12-08T23:17:37.720,0.663,-2.827,0.073
2025-12-08T23:17:37.730,0.591,-2.672,0.064
2025-12-08T23:17:37.740,0.444,-2.67,-0.042
2025-12-08T23:17:37.750,0.293,-2.703,-0.194
2025-12-08T23:17:37.760,0.205,-2.708,-0.257
2025-12-08T23:17:37.770,0.121,-2.857,-0.375
2025-12-08T23:17:37.780,0.051,-2.947,-0.383
2025-12-08T23:17:37.790,-0.004,-2.971,-0.244
2025-12-08T23:17:37.800,-0.106,-3.041,-0.198
2025-12-08T23:17:37.810,-0.181,-3.023,-0.075
2025-12-08T23:17:37.820,-0.243,-3.038,0.116
2025-12-08T23:17:37.830,-0.316,-3.09,0.137
2025-12-08T23:17:37.840,-0.322,-3.07,0.09
2025-12-08T23:17:37.850,-0.293,-3.086,-0.177
2025-12-08T23:17:37.860,-0.234,-3.068,-0.635
2025-12-08T23:17:37.870,-0.134,-2.935,-0.922
2025-12-08T23:17:37.880,-0.051,-2.879,-1.133
2025-12-08T23:17:37.890,0.025,-2.876,-1.237
2025-12-08T23:17:37.900,0.077,-2.822,-1.111
2025-12-08T23:17:37.910,0.045,-2.831,-1.022
2025-12-08T23:17:37.920,-0.048,-2.809,-1.017
2025-12-08T23:17:37.930,-0.175,-2.749,-1.055
2025-12-08T23:17:37.940,-0.309,-2.749,-1.298
2025-12-08T23:17:37.950,-0.399,-2.66,-1.568
2025-12-08T23:17:37.960,-0.492,-2.537,-1.766
2025-12-08T23:17:37.970,-0.611,-2.435,-1.983
2025-12-08T23:17:37.980,-0.656,-2.221,-2.082
2025-12-08T23:17:37.990,-0.624,-1.995,-2.178
2025-12-08T23:17:38.000,-0.553,-1.807,-2.285
2025-12-08T23:17:38.010,-0.431,-1.538,-2.121
2025-12-08T23:17:38.020,-0.33,-1.331,-1.776
2025-12-08T23:17:38.030,-0.237,-1.193,-1.422
2025-12-08T23:17:38.040,-0.087,-0.954,-1.096
2025-12-08T23:17:38.050,0.052,-0.716,-1.019
2025-12-08T23:17:38.060,0.184,-0.426,-1.146
2025-12-08T23:17:38.070,0.304,-0.08,-1.2
2025-12-08T23:17:38.080,0.319,0.126,-1.256
2025-12-08T23:17:38.090,0.265,0.34,-1.19
2025-12-08T23:17:38.100,0.179,0.541,-0.986
2025-12-08T23:17:38.110,0.07,0.601,-1.017
2025-12-08T23:17:38.120,-0.005,0.692,-1.139
2025-12-08T23:17:38.130,-0.048,0.79,-1.285
2025-12-08T23:17:38.140,-0.079,0.844,-1.548
2025-12-08T23:17:38.150,-0.069,0.98,-1.617
2025-12-08T23:17:38.160,-0.06,1.11,-1.503
2025-12-08T23:17:38.170,-0.085,1.18,-1.411
2025-12-08T23:17:38.180,-0.08,1.307,-1.271
2025-12-08T23:17:38.190,-0.037,1.4,-1.188
2025-12-08T23:17:38.200,0.028,1.464,-1.232
2025-12-08T23:17:38.210,0.1,1.596,-1.199
2025-12-08T23:17:38.220,0.125,1.619,-1.192
2025-12-08T23:17:38.230,0.164,1.579,-1.264
2025-12-08T23:17:38.240,0.23,1.588,-1.281
2025-12-08T23:17:38.250,0.236,1.501,-1.378
2025-12-08T23:17:38.260,0.243,1.411,-1.428
2025-12-08T23:17:38.270,0.22,1.372,-1.317
2025-12-08T23:17:38.280,0.115,1.294,-1.278
2025-12-08T23:17:38.290,0.039,1.303,-1.293
2025-12-08T23:17:38.300,-0.039,1.324,-1.441
2025-12-08T23:17:38.310,-0.141,1.261,-1.785
2025-12-08T23:17:38.320,-0.187,1.258,-1.969
2025-12-08T23:17:38.330,-0.226,1.217,-1.95
2025-12-08T23:17:38.340,-0.258,1.149,-1.868
2025-12-08T23:17:38.350,-0.221,1.222,-1.655
2025-12-08T23:17:38.360,-0.194,1.246,-1.531
2025-12-08T23:17:38.370,-0.228,1.24,-1.549
2025-12-08T23:17:38.380,-0.298,1.324,-1.436
2025-12-08T23:17:38.390,-0.424,1.274,-1.372
2025-12-08T23:17:38.400,-0.579,1.175,-1.369
2025-12-08T23:17:38.410,-0.722,1.17,-1.236
2025-12-08T23:17:38.420,-0.864,1.124,-1.212
2025-12-08T23:17:38.430,-0.954,1.116,-1.245
2025-12-08T23:17:38.440,-0.991,1.161,-1.237
2025-12-08T23:17:38.450,-1.056,1.16,-1.373
2025-12-08T23:17:38.460,-1.104,1.237,-1.462
2025-12-08T23:17:38.470,-1.124,1.351,-1.406
2025-12-08T23:17:38.480,-1.163,1.405,-1.339
2025-12-08T23:17:38.490,-1.175,1.502,-1.126
2025-12-08T23:17:38.500,-1.195,1.548,-0.872
2025-12-08T23:17:38.510,-1.231,1.51,-0.777
2025-12-08T23:17:38.520,-1.252,1.525,-0.713
2025-12-08T23:17:38.530,-1.309,1.494,-0.763
2025-12-08T23:17:38.540,-1.404,1.453,-0.917
2025-12-08T23:17:38.550,-1.502,1.48,-0.932
2025-12-08T23:17:38.560,-1.612,1.421,-0.942
2025-12-08T23:17:38.570,-1.719,1.389,-0.926
2025-12-08T23:17:38.580,-1.825,1.483,-0.737
2025-12-08T23:17:38.590,-1.951,1.532,-0.635
2025-12-08T23:17:38.600,-2.011,1.623,-0.587
2025-12-08T23:17:38.610,-1.976,1.726,-0.487
2025-12-08T23:17:38.620,-1.915,1.724,-0.526
2025-12-08T23:17:38.630,-1.802,1.818,-0.482
2025-12-08T23:17:38.640,-1.684,1.903,-0.273
2025-12-08T23:17:38.650,-1.598,1.897,-0.111
2025-12-08T23:17:38.660,-1.5,1.946,0.245
2025-12-08T23:17:38.670,-1.485,1.936,0.681
2025-12-08T23:17:38.680,-1.554,1.87,0.894
2025-12-08T23:17:38.690,-1.619,1.826,1.072
2025-12-08T23:17:38.700,-1.717,1.681,1.105
2025-12-08T23:17:38.710,-1.819,1.471,0.955
2025-12-08T23:17:38.720,-1.862,1.321,0.86
2025-12-08T23:17:38.730,-1.894,1.141,0.669
2025-12-08T23:17:38.740,-1.914,0.945,0.453
2025-12-08T23:17:38.750,-1.903,0.801,0.448
2025-12-08T23:17:38.760,-1.889,0.601,0.541
2025-12-08T23:17:38.770,-1.843,0.432,0.74
2025-12-08T23:17:38.780,-1.732,0.327,1.031
2025-12-08T23:17:38.790,-1.593,0.152,1.172
2025-12-08T23:17:38.800,-1.438,0.02,1.258
2025-12-08T23:17:38.810,-1.29,-0.078,1.379
2025-12-08T23:17:38.820,-1.182,-0.219,1.339
2025-12-08T23:17:38.830,-1.076,-0.287,1.263
2025-12-08T23:17:38.840,-0.998,-0.367,1.197
2025-12-08T23:17:38.850,-0.963,-0.49,1.058
2025-12-08T23:17:38.860,-0.959,-0.539,1.07
2025-12-08T23:17:38.870,-1.019,-0.646,1.056
2025-12-08T23:17:38.880,-1.07,-0.843,0.908
2025-12-08T23:17:38.890,-1.047,-1.01,0.824
2025-12-08T23:17:38.900,-1.004,-1.199,0.624
2025-12-08T23:17:38.910,-0.926,-1.345,0.41
2025-12-08T23:17:38.920,-0.795,-1.385,0.4
2025-12-08T23:17:38.930,-0.692,-1.435,0.476
2025-12-08T23:17:38.940,-0.621,-1.397,0.668
2025-12-08T23:17:38.950,-0.555,-1.293,0.813
2025-12-08T23:17:38.960,-0.503,-1.283,0.683
2025-12-08T23:17:38.970,-0.41,-1.196,0.539
2025-12-08T23:17:38.980,-0.295,-1.096,0.523
2025-12-08T23:17:38.990,-0.199,-1.112,0.544
2025-12-08T23:17:39.000,-0.085,-1.058,0.716
2025-12-08T23:17:39.010,0.015,-1.038,0.841
2025-12-08T23:17:39.020,0.074,-1.107,0.724
2025-12-08T23:17:39.030,0.121,-1.086,0.659
2025-12-08T23:17:39.040,0.14,-1.096,0.596
2025-12-08T23:17:39.050,0.148,-1.127,0.466
2025-12-08T23:17:39.060,0.198,-1.06,0.469
2025-12-08T23:17:39.070,0.264,-1.054,0.421
2025-12-08T23:17:39.080,0.328,-1.02,0.301
2025-12-08T23:17:39.090,0.41,-0.864,0.275
2025-12-08T23:17:39.100,0.466,-0.77,0.2
2025-12-08T23:17:39.110,0.464,-0.649,0.156
2025-12-08T23:17:39.120,0.428,-0.535,0.275
2025-12-08T23:17:39.130,0.335,-0.567,0.342
2025-12-08T23:17:39.140,0.2,-0.583,0.353
2025-12-08T23:17:39.150,0.06,-0.613,0.3
2025-12-08T23:17:39.160,-0.095,-0.706,0.04
2025-12-08T23:17:39.170,-0.203,-0.732,-0.207
2025-12-08T23:17:39.180,-0.264,-0.781,-0.376
2025-12-08T23:17:39.190,-0.27,-0.845,-0.57
2025-12-08T23:17:39.200,-0.188,-0.77,-0.655
2025-12-08T23:17:39.210,-0.129,-0.656,-0.71
2025-12-08T23:17:39.220,-0.083,-0.522,-0.757
2025-12-08T23:17:39.230,-0.006,-0.33,-0.623
2025-12-08T23:17:39.240,0.012,-0.216,-0.489
2025-12-08T23:17:39.250,-0.024,-0.092,-0.405
2025-12-08T23:17:39.260,-0.118,0.073,-0.267
2025-12-08T23:17:39.270,-0.3,0.151,-0.266
2025-12-08T23:17:39.280,-0.459,0.263,-0.294
2025-12-08T23:17:39.290,-0.544,0.378,-0.286
2025-12-08T23:17:39.300,-0.627,0.405,-0.454
2025-12-08T23:17:39.310,-0.694,0.491,-0.566
2025-12-08T23:17:39.320,-0.743,0.564,-0.542
2025-12-08T23:17:39.330,-0.816,0.536,-0.527
2025-12-08T23:17:39.340,-0.866,0.573,-0.398
2025-12-08T23:17:39.350,-0.879,0.586,-0.273
2025-12-08T23:17:39.360,-0.883,0.512,-0.288
2025-12-08T23:17:39.370,-0.853,0.552,-0.259
2025-12-08T23:17:39.380,-0.823,0.598,-0.233
2025-12-08T23:17:39.390,-0.799,0.621,-0.319
2025-12-08T23:17:39.400,-0.758,0.723,-0.328
2025-12-08T23:17:39.410,-0.749,0.724,-0.351
2025-12-08T23:17:39.420,-0.734,0.658,-0.422
2025-12-08T23:17:39.430,-0.68,0.593,-0.358
2025-12-08T23:17:39.440,-0.619,0.429,-0.384
2025-12-08T23:17:39.450,-0.571,0.287,-0.436
2025-12-08T23:17:39.460,-0.564,0.201,-0.381
2025-12-08T23:17:39.470,-0.612,0.065,-0.433
2025-12-08T23:17:39.480,-0.667,0.006,-0.457
2025-12-08T23:17:39.490,-0.712,0.021,-0.398
2025-12-08T23:17:39.500,-0.752,0.029,-0.364
2025-12-08T23:17:39.510,-0.715,0.14,-0.205
2025-12-08T23:17:39.520,-0.653,0.22,0.029
2025-12-08T23:17:39.530,-0.59,0.193,0.172
2025-12-08T23:17:39.540,-0.433,0.182,0.306
2025-12-08T23:17:39.550,-0.257,0.12,0.367
2025-12-08T23:17:39.560,-0.071,0.039,0.344
2025-12-08T23:17:39.570,0.148,0.024,0.433
2025-12-08T23:17:39.580,0.309,-0.08,0.493
2025-12-08T23:17:39.590,0.412,-0.213,0.571
2025-12-08T23:17:39.600,0.458,-0.279,0.808
2025-12-08T23:17:39.610,0.433,-0.435,0.941
2025-12-08T23:17:39.620,0.421,-0.546,1.029
2025-12-08T23:17:39.630,0.49,-0.569,1.097
2025-12-08T23:17:39.640,0.619,-0.637,0.946
2025-12-08T23:17:39.650,0.826,-0.592,0.821
2025-12-08T23:17:39.660,1.088,-0.555,0.817
2025-12-08T23:17:39.670,1.328,-0.659,0.768
2025-12-08T23:17:39.680,1.568,-0.739,0.889
2025-12-08T23:17:39.690,1.797,-0.842,1.165
2025-12-08T23:17:39.700,1.973,-0.966,1.386
2025-12-08T23:17:39.710,2.139,-1.008,1.659
2025-12-08T23:17:39.720,2.287,-1.088,1.777
2025-12-08T23:17:39.730,2.348,-1.185,1.648
2025-12-08T23:17:39.740,2.307,-1.197,1.569
2025-12-08T23:17:39.750,2.175,-1.283,1.472
2025-12-08T23:17:39.760,2.025,-1.357,1.416
2025-12-08T23:17:39.770,1.933,-1.284,1.527
2025-12-08T23:17:39.780,1.883,-1.266,1.48
2025-12-08T23:17:39.790,1.897,-1.254,1.295
2025-12-08T23:17:39.800,1.946,-1.218,1.149
2025-12-08T23:17:39.810,1.961,-1.313,0.959
2025-12-08T23:17:39.820,1.987,-1.358,0.933
2025-12-08T23:17:39.830,2.05,-1.32,1.068
2025-12-08T23:17:39.840,2.139,-1.277,1.046
2025-12-08T23:17:39.850,2.268,-1.061,0.942
2025-12-08T23:17:39.860,2.356,-0.816,0.8
2025-12-08T23:17:39.870,2.369,-0.638,0.666
2025-12-08T23:17:39.880,2.354,-0.365,0.874
2025-12-08T23:17:39.890,2.253,-0.108,1.247
2025-12-08T23:17:39.900,2.126,0.143,1.459
2025-12-08T23:17:39.910,2.053,0.445,1.545
2025-12-08T23:17:39.920,1.97,0.587,1.314
2025-12-08T23:17:39.930,1.876,0.637,0.969
2025-12-08T23:17:39.940,1.768,0.7,0.951
2025-12-08T23:17:39.950,1.649,0.64,1.085
2025-12-08T23:17:39.960,1.588,0.572,1.312
2025-12-08T23:17:39.970,1.601,0.546,1.579
2025-12-08T23:17:39.980,1.62,0.457,1.576
2025-12-08T23:17:39.990,1.625,0.456,1.466
2025-12-08T23:17:40.000,1.633,0.526,1.404
2025-12-08T23:17:40.010,1.6,0.583,1.294
2025-12-08T23:17:40.020,1.52,0.74,1.376
2025-12-08T23:17:40.030,1.4,0.87,1.623
2025-12-08T23:17:40.040,1.279,0.912,1.736
2025-12-08T23:17:40.050,1.214,1.026,1.764
2025-12-08T23:17:40.060,1.174,1.07,1.593
2025-12-08T23:17:40.070,1.14,0.988,1.197
2025-12-08T23:17:40.080,1.102,0.903,0.913
2025-12-08T23:17:40.090,1.032,0.759,0.719
2025-12-08T23:17:40.100,1.004,0.657,0.612
2025-12-08T23:17:40.110,1.062,0.688,0.681
2025-12-08T23:17:40.120,1.133,0.706,0.669
2025-12-08T23:17:40.130,1.21,0.76,0.635
2025-12-08T23:17:40.140,1.261,0.876,0.736
2025-12-08T23:17:40.150,1.261,0.929,0.804
2025-12-08T23:17:40.160,1.278,1.041,0.959
2025-12-08T23:17:40.170,1.257,1.168,1.213
2025-12-08T23:17:40.180,1.178,1.128,1.3
2025-12-08T23:17:40.190,1.109,1.099,1.307
2025-12-08T23:17:40.200,1.042,1.068,1.184
2025-12-08T23:17:40.210,0.97,0.985,0.842
2025-12-08T23:17:40.220,0.929,1.015,0.591
2025-12-08T23:17:40.230,0.911,0.985,0.363
2025-12-08T23:17:40.240,0.881,0.878,0.131
2025-12-08T23:17:40.250,0.852,0.862,0.144
2025-12-08T23:17:40.260,0.81,0.837,0.134
2025-12-08T23:17:40.270,0.768,0.902,0.033
2025-12-08T23:17:40.280,0.737,1.101,0.03
2025-12-08T23:17:40.290,0.629,1.202,-0.047
2025-12-08T23:17:40.300,0.461,1.274,-0.086
2025-12-08T23:17:40.310,0.326,1.351,-0.02
2025-12-08T23:17:40.320,0.275,1.286,-0.165
2025-12-08T23:17:40.330,0.329,1.232,-0.345
2025-12-08T23:17:40.340,0.417,1.19,-0.446
2025-12-08T23:17:40.350,0.455,1.063,-0.721
2025-12-08T23:17:40.360,0.45,1.013,-0.961
2025-12-08T23:17:40.370,0.4,0.996,-1.128
2025-12-08T23:17:40.380,0.305,0.944,-1.359
2025-12-08T23:17:40.390,0.214,0.952,-1.42
2025-12-08T23:17:40.400,0.11,0.945,-1.414
2025-12-08T23:17:40.410,-0.016,0.931,-1.484
2025-12-08T23:17:40.420,-0.128,1.042,-1.511
2025-12-08T23:17:40.430,-0.243,1.101,-1.627
2025-12-08T23:17:40.440,-0.322,1.093,-1.787
2025-12-08T23:17:40.450,-0.357,1.156,-1.867
2025-12-08T23:17:40.460,-0.409,1.106,-2.013
2025-12-08T23:17:40.470,-0.421,1.054,-2.113
2025-12-08T23:17:40.480,-0.405,1.056,-2.06
2025-12-08T23:17:40.490,-0.437,0.959,-2.015
2025-12-08T23:17:40.500,-0.492,0.969,-1.873
2025-12-08T23:17:40.510,-0.583,1.033,-1.68
2025-12-08T23:17:40.520,-0.699,1.062,-1.647
2025-12-08T23:17:40.530,-0.791,1.207,-1.585
2025-12-08T23:17:40.540,-0.879,1.311,-1.524
2025-12-08T23:17:40.550,-0.977,1.302,-1.55
2025-12-08T23:17:40.560,-1.038,1.316,-1.369
2025-12-08T23:17:40.570,-1.066,1.255,-1.093
2025-12-08T23:17:40.580,-1.064,1.122,-0.946
2025-12-08T23:17:40.590,-0.985,1.047,-0.834
2025-12-08T23:17:40.600,-0.903,0.909,-0.947
2025-12-08T23:17:40.610,-0.833,0.769,-1.281
2025-12-08T23:17:40.620,-0.749,0.711,-1.529
2025-12-08T23:17:40.630,-0.715,0.569,-1.755
2025-12-08T23:17:40.640,-0.738,0.47,-1.893
2025-12-08T23:17:40.650,-0.79,0.428,-1.881
2025-12-08T23:17:40.660,-0.846,0.273,-1.936
2025-12-08T23:17:40.670,-0.887,0.168,-1.89
2025-12-08T23:17:40.680,-0.931,0.083,-1.748
2025-12-08T23:17:40.690,-0.964,-0.073,-1.819
2025-12-08T23:17:40.700,-0.933,-0.138,-1.968
2025-12-08T23:17:40.710,-0.913,-0.203,-2.109
2025-12-08T23:17:40.720,-0.929,-0.298,-2.271
2025-12-08T23:17:40.730,-0.904,-0.314,-2.234
2025-12-08T23:17:40.740,-0.894,-0.372,-2.089
2025-12-08T23:17:40.750,-0.911,-0.437,-2.01
2025-12-08T23:17:40.760,-0.945,-0.448,-1.89
2025-12-08T23:17:40.770,-1.062,-0.538,-1.76
2025-12-08T23:17:40.780,-1.188,-0.631,-1.57
2025-12-08T23:17:40.790,-1.25,-0.635,-1.245
2025-12-08T23:17:40.800,-1.316,-0.641,-1.063
2025-12-08T23:17:40.810,-1.371,-0.561,-1.048
2025-12-08T23:17:40.820,-1.428,-0.429,-1.106
2025-12-08T23:17:40.830,-1.518,-0.429,-1.333
2025-12-08T23:17:40.840,-1.545,-0.457,-1.413
2025-12-08T23:17:40.850,-1.528,-0.515,-1.242
2025-12-08T23:17:40.860,-1.519,-0.655,-1.07
2025-12-08T23:17:40.870,-1.464,-0.714,-0.824
2025-12-08T23:17:40.880,-1.386,-0.76,-0.739
2025-12-08T23:17:40.890,-1.34,-0.853,-0.983
2025-12-08T23:17:40.900,-1.294,-0.852,-1.194
2025-12-08T23:17:40.910,-1.281,-0.896,-1.3
2025-12-08T23:17:40.920,-1.328,-0.996,-1.212
2025-12-08T23:17:40.930,-1.364,-1.022,-0.807
2025-12-08T23:17:40.940,-1.393,-1.147,-0.533
2025-12-08T23:17:40.950,-1.396,-1.284,-0.564
2025-12-08T23:17:40.960,-1.343,-1.333,-0.717
2025-12-08T23:17:40.970,-1.252,-1.464,-1.052
2025-12-08T23:17:40.980,-1.146,-1.539,-1.268
2025-12-08T23:17:40.990,-1.054,-1.543,-1.154
2025-12-08T23:17:41.000,-0.972,-1.666,-1.026
2025-12-08T23:17:41.010,-0.899,-1.725,-0.858
2025-12-08T23:17:41.020,-0.812,-1.714,-0.686
2025-12-08T23:17:41.030,-0.707,-1.767,-0.755
2025-12-08T23:17:41.040,-0.577,-1.727,-0.811
2025-12-08T23:17:41.050,-0.466,-1.689,-0.763
2025-12-08T23:17:41.060,-0.402,-1.684,-0.756
2025-12-08T23:17:41.070,-0.312,-1.571,-0.605
2025-12-08T23:17:41.080,-0.233,-1.523,-0.502
2025-12-08T23:17:41.090,-0.15,-1.508,-0.611
2025-12-08T23:17:41.100,-0.04,-1.401,-0.578
2025-12-08T23:17:41.110,-0.007,-1.397,-0.47
2025-12-08T23:17:41.120,0.006,-1.444,-0.315
2025-12-08T23:17:41.130,0.08,-1.416,-0.044
2025-12-08T23:17:41.140,0.172,-1.466,-0.019
2025-12-08T23:17:41.150,0.329,-1.475,-0.176
2025-12-08T23:17:41.160,0.549,-1.396,-0.234
2025-12-08T23:17:41.170,0.722,-1.381,-0.237
2025-12-08T23:17:41.180,0.884,-1.293,-0.057
2025-12-08T23:17:41.190,1.021,-1.202,0.286
2025-12-08T23:17:41.200,1.065,-1.22,0.56
2025-12-08T23:17:41.210,1.067,-1.195,0.879
2025-12-08T23:17:41.220,1.008,-1.198,1.131
2025-12-08T23:17:41.230,0.883,-1.247,1.091
2025-12-08T23:17:41.240,0.779,-1.201,0.926
2025-12-08T23:17:41.250,0.662,-1.16,0.619
2025-12-08T23:17:41.260,0.517,-1.106,0.229
2025-12-08T23:17:41.270,0.407,-0.928,-0.002
2025-12-08T23:17:41.280,0.318,-0.811,-0.214
2025-12-08T23:17:41.290,0.254,-0.721,-0.384
2025-12-08T23:17:41.300,0.253,-0.597,-0.339
2025-12-08T23:17:41.310,0.293,-0.593,-0.283
2025-12-08T23:17:41.320,0.365,-0.558,-0.245
2025-12-08T23:17:41.330,0.492,-0.455,-0.204
2025-12-08T23:17:41.340,0.625,-0.395,-0.33
2025-12-08T23:17:41.350,0.719,-0.286,-0.367
2025-12-08T23:17:41.360,0.732,-0.204,-0.168
2025-12-08T23:17:41.370,0.634,-0.198,0.076
2025-12-08T23:17:41.380,0.483,-0.124,0.416
2025-12-08T23:17:41.390,0.303,-0.039,0.647
2025-12-08T23:17:41.400,0.125,0.011,0.533
2025-12-08T23:17:41.410,0.003,0.114,0.311
2025-12-08T23:17:41.420,-0.087,0.171,0.024
2025-12-08T23:17:41.430,-0.159,0.207,-0.196
2025-12-08T23:17:41.440,-0.206,0.319,-0.09
2025-12-08T23:17:41.450,-0.237,0.342,0.082
2025-12-08T23:17:41.460,-0.216,0.374,0.227
2025-12-08T23:17:41.470,-0.104,0.499,0.424
2025-12-08T23:17:41.480,0.01,0.526,0.47
2025-12-08T23:17:41.490,0.092,0.605,0.512
2025-12-08T23:17:41.500,0.146,0.742,0.676
2025-12-08T23:17:41.510,0.103,0.735,0.684
2025-12-08T23:17:41.520,0.032,0.733,0.65
2025-12-08T23:17:41.530,-0.082,0.715,0.676
2025-12-08T23:17:41.540,-0.28,0.572,0.531
2025-12-08T23:17:41.550,-0.468,0.462,0.388
2025-12-08T23:17:41.560,-0.644,0.37,0.22
2025-12-08T23:17:41.570,-0.81,0.247,-0.127
2025-12-08T23:17:41.580,-0.926,0.241,-0.348
2025-12-08T23:17:41.590,-0.984,0.259,-0.54
2025-12-08T23:17:41.600,-0.962,0.255,-0.773
2025-12-08T23:17:41.610,-0.816,0.347,-0.827
2025-12-08T23:17:41.620,-0.594,0.365,-0.853
2025-12-08T23:17:41.630,-0.379,0.377,-0.794
2025-12-08T23:17:41.640,-0.2,0.494,-0.451
2025-12-08T23:17:41.650,-0.091,0.495,-0.091
2025-12-08T23:17:41.660,0.005,0.521,0.171
2025-12-08T23:17:41.670,0.119,0.606,0.358
2025-12-08T23:17:41.680,0.211,0.576,0.176
2025-12-08T23:17:41.690,0.305,0.585,-0.193
2025-12-08T23:17:41.700,0.381,0.565,-0.461
2025-12-08T23:17:41.710,0.448,0.389,-0.75
2025-12-08T23:17:41.720,0.568,0.242,-0.79
2025-12-08T23:17:41.730,0.674,0.125,-0.642
2025-12-08T23:17:41.740,0.752,-0.012,-0.612
2025-12-08T23:17:41.750,0.874,-0.012,-0.475
2025-12-08T23:17:41.760,1.003,0.052,-0.362
2025-12-08T23:17:41.770,1.135,0.124,-0.318
2025-12-08T23:17:41.780,1.282,0.306,-0.042
2025-12-08T23:17:41.790,1.381,0.403,0.231
2025-12-08T23:17:41.800,1.486,0.428,0.401
2025-12-08T23:17:41.810,1.647,0.494,0.588
2025-12-08T23:17:41.820,1.789,0.425,0.572
2025-12-08T23:17:41.830,1.905,0.355,0.468
2025-12-08T23:17:41.840,1.991,0.344,0.429
2025-12-08T23:17:41.850,2.001,0.262,0.211
2025-12-08T23:17:41.860,1.969,0.309,-0.019
2025-12-08T23:17:41.870,1.92,0.43,-0.109
2025-12-08T23:17:41.880,1.85,0.437,-0.254
2025-12-08T23:17:41.890,1.818,0.477,-0.271
2025-12-08T23:17:41.900,1.827,0.507,-0.198
2025-12-08T23:17:41.910,1.852,0.486,-0.234
2025-12-08T23:17:41.920,1.909,0.577,-0.108
2025-12-08T23:17:41.930,1.956,0.641,0.126
2025-12-08T23:17:41.940,2.01,0.644,0.318
2025-12-08T23:17:41.950,2.09,0.741,0.549
2025-12-08T23:17:41.960,2.137,0.78,0.595
2025-12-08T23:17:41.970,2.165,0.778,0.455
2025-12-08T23:17:41.980,2.178,0.808,0.405
2025-12-08T23:17:41.990,2.13,0.701,0.466
2025-12-08T23:17:42.000,2.056,0.575,0.693
2025-12-08T23:17:42.010,1.979,0.505,1.06
2025-12-08T23:17:42.020,1.896,0.42,1.215
2025-12-08T23:17:42.030,1.853,0.481,1.172
2025-12-08T23:17:42.040,1.81,0.633,1.112
2025-12-08T23:17:42.050,1.736,0.729,1.029
2025-12-08T23:17:42.060,1.682,0.876,1.175
2025-12-08T23:17:42.070,1.637,0.994,1.484
2025-12-08T23:17:42.080,1.581,0.998,1.721
2025-12-08T23:17:42.090,1.534,1.043,2.004
2025-12-08T23:17:42.100,1.47,1.062,2.149
2025-12-08T23:17:42.110,1.396,1.075,2.115
2025-12-08T23:17:42.120,1.334,1.184,2.174
2025-12-08T23:17:42.130,1.237,1.227,2.2
2025-12-08T23:17:42.140,1.109,1.274,2.129
2025-12-08T23:17:42.150,1.004,1.369,2.074
2025-12-08T23:17:42.160,0.882,1.369,1.882
2025-12-08T23:17:42.170,0.735,1.356,1.703
2025-12-08T23:17:42.180,0.599,1.317,1.763
2025-12-08T23:17:42.190,0.453,1.184,1.798
2025-12-08T23:17:42.200,0.307,1.091,1.825
2025-12-08T23:17:42.210,0.144,1.004,1.876
2025-12-08T23:17:42.220,-0.055,0.842,1.803
2025-12-08T23:17:42.230,-0.244,0.781,1.859
2025-12-08T23:17:42.240,-0.461,0.795,1.993
2025-12-08T23:17:42.250,-0.674,0.77,1.982
2025-12-08T23:17:42.260,-0.812,0.784,1.959
2025-12-08T23:17:42.270,-0.925,0.751,1.89
2025-12-08T23:17:42.280,-1.002,0.671,1.753
2025-12-08T23:17:42.290,-1.026,0.645,1.695
2025-12-08T23:17:42.300,-1.032,0.549,1.661
2025-12-08T23:17:42.310,-1.018,0.447,1.692
2025-12-08T23:17:42.320,-1.016,0.442,1.88
2025-12-08T23:17:42.330,-1.044,0.386,2.007
2025-12-08T23:17:42.340,-1.054,0.31,2.042
2025-12-08T23:17:42.350,-1.022,0.26,2.066
2025-12-08T23:17:42.360,-0.988,0.14,2.01
2025-12-08T23:17:42.370,-0.94,0.08,2.025
2025-12-08T23:17:42.380,-0.902,0.061,2.078
2025-12-08T23:17:42.390,-0.91,-0.041,1.966
2025-12-08T23:17:42.400,-0.915,-0.086,1.846
2025-12-08T23:17:42.410,-0.942,-0.163,1.725
2025-12-08T23:17:42.420,-1.029,-0.291,1.569
2025-12-08T23:17:42.430,-1.109,-0.285,1.629
2025-12-08T23:17:42.440,-1.158,-0.291,1.72
2025-12-08T23:17:42.450,-1.19,-0.268,1.662
2025-12-08T23:17:42.460,-1.19,-0.11,1.662
2025-12-08T23:17:42.470,-1.214,-0.044,1.568
2025-12-08T23:17:42.480,-1.257,-0.048,1.421
2025-12-08T23:17:42.490,-1.279,-0.044,1.446
2025-12-08T23:17:42.500,-1.316,-0.143,1.405
2025-12-08T23:17:42.510,-1.319,-0.217,1.316
2025-12-08T23:17:42.520,-1.263,-0.24,1.211
2025-12-08T23:17:42.530,-1.184,-0.35,0.877
2025-12-08T23:17:42.540,-1.075,-0.398,0.552
2025-12-08T23:17:42.550,-0.963,-0.446,0.401
2025-12-08T23:17:42.560,-0.88,-0.637,0.307
2025-12-08T23:17:42.570,-0.799,-0.751,0.408
2025-12-08T23:17:42.580,-0.731,-0.826,0.583
2025-12-08T23:17:42.590,-0.664,-0.901,0.546
2025-12-08T23:17:42.600,-0.556,-0.839,0.41
2025-12-08T23:17:42.610,-0.458,-0.793,0.133
2025-12-08T23:17:42.620,-0.369,-0.772,-0.219
2025-12-08T23:17:42.630,-0.274,-0.727,-0.299
2025-12-08T23:17:42.640,-0.249,-0.826,-0.229
2025-12-08T23:17:42.650,-0.238,-0.988,-0.07
2025-12-08T23:17:42.660,-0.179,-1.102,0.136
2025-12-08T23:17:42.670,-0.095,-1.274,0.022
2025-12-08T23:17:42.680,0.041,-1.394,-0.304
2025-12-08T23:17:42.690,0.188,-1.415,-0.61
2025-12-08T23:17:42.700,0.295,-1.467,-0.917
2025-12-08T23:17:42.710,0.424,-1.447,-1.003
2025-12-08T23:17:42.720,0.568,-1.413,-0.872
2025-12-08T23:17:42.730,0.706,-1.442,-0.787
2025-12-08T23:17:42.740,0.847,-1.334,-0.641
2025-12-08T23:17:42.750,0.94,-1.159,-0.538
2025-12-08T23:17:42.760,0.988,-1.004,-0.655
2025-12-08T23:17:42.770,1.054,-0.782,-0.782
2025-12-08T23:17:42.780,1.141,-0.668,-1.014
2025-12-08T23:17:42.790,1.21,-0.663,-1.337
2025-12-08T23:17:42.800,1.247,-0.591,-1.457
2025-12-08T23:17:42.810,1.206,-0.655,-1.558
2025-12-08T23:17:42.820,1.117,-0.81,-1.737
2025-12-08T23:17:42.830,1.019,-0.875,-1.838
2025-12-08T23:17:42.840,0.884,-0.983,-2.015
2025-12-08T23:17:42.850,0.785,-1.015,-2.237
2025-12-08T23:17:42.860,0.766,-0.943,-2.359
2025-12-08T23:17:42.870,0.763,-0.869,-2.528
2025-12-08T23:17:42.880,0.746,-0.671,-2.616
2025-12-08T23:17:42.890,0.701,-0.441,-2.554
2025-12-08T23:17:42.900,0.64,-0.288,-2.528
2025-12-08T23:17:42.910,0.6,-0.096,-2.428
2025-12-08T23:17:42.920,0.574,0.062,-2.305
2025-12-08T23:17:42.930,0.606,0.132,-2.317
2025-12-08T23:17:42.940,0.753,0.244,-2.331
2025-12-08T23:17:42.950,0.938,0.324,-2.438
2025-12-08T23:17:42.960,1.104,0.384,-2.674
2025-12-08T23:17:42.970,1.186,0.486,-2.775
2025-12-08T23:17:42.980,1.131,0.439,-2.776
2025-12-08T23:17:42.990,1.013,0.368,-2.66
2025-12-08T23:17:43.000,0.91,0.378,-2.375
2025-12-08T23:17:43.010,0.816,0.298,-2.23
2025-12-08T23:17:43.020,0.742,0.298,-2.185
2025-12-08T23:17:43.030,0.703,0.378,-2.089
2025-12-08T23:17:43.040,0.645,0.369,-2.181
2025-12-08T23:17:43.050,0.632,0.43,-2.331
2025-12-08T23:17:43.060,0.67,0.493,-2.371
2025-12-08T23:17:43.070,0.662,0.454,-2.401
2025-12-08T23:17:43.080,0.653,0.421,-2.134
2025-12-08T23:17:43.090,0.615,0.32,-1.699
2025-12-08T23:17:43.100,0.555,0.178,-1.496
2025-12-08T23:17:43.110,0.541,0.141,-1.347
2025-12-08T23:17:43.120,0.498,0.116,-1.332
2025-12-08T23:17:43.130,0.397,0.091,-1.432
2025-12-08T23:17:43.140,0.28,0.166,-1.354
2025-12-08T23:17:43.150,0.13,0.211,-1.334
2025-12-08T23:17:43.160,-0.045,0.216,-1.441
2025-12-08T23:17:43.170,-0.214,0.257,-1.465
2025-12-08T23:17:43.180,-0.405,0.198,-1.507
2025-12-08T23:17:43.190,-0.565,0.118,-1.513
2025-12-08T23:17:43.200,-0.669,0.066,-1.373
2025-12-08T23:17:43.210,-0.754,-0.083,-1.32
2025-12-08T23:17:43.220,-0.777,-0.173,-1.266
2025-12-08T23:17:43.230,-0.76,-0.178,-1.129
2025-12-08T23:17:43.240,-0.713,-0.216,-1.133
2025-12-08T23:17:43.250,-0.627,-0.177,-1.051
2025-12-08T23:17:43.260,-0.587,-0.152,-0.858
2025-12-08T23:17:43.270,-0.591,-0.232,-0.701
2025-12-08T23:17:43.280,-0.59,-0.279,-0.401
2025-12-08T23:17:43.290,-0.622,-0.393,-0.137
2025-12-08T23:17:43.300,-0.679,-0.572,-0.017
2025-12-08T23:17:43.310,-0.718,-0.688,0.173
2025-12-08T23:17:43.320,-0.787,-0.838,0.309
2025-12-08T23:17:43.330,-0.846,-0.929,0.334
2025-12-08T23:17:43.340,-0.846,-0.932,0.375
2025-12-08T23:17:43.350,-0.833,-1.01,0.29
2025-12-08T23:17:43.360,-0.807,-1.087,0.271
2025-12-08T23:17:43.370,-0.774,-1.158,0.563
2025-12-08T23:17:43.380,-0.74,-1.312,0.822
2025-12-08T23:17:43.390,-0.679,-1.424,1.044
2025-12-08T23:17:43.400,-0.628,-1.486,1.247
2025-12-08T23:17:43.410,-0.636,-1.596,1.209
2025-12-08T23:17:43.420,-0.681,-1.581,1.212
2025-12-08T23:17:43.430,-0.776,-1.461,1.326
2025-12-08T23:17:43.440,-0.931,-1.37,1.318
2025-12-08T23:17:43.450,-1.087,-1.219,1.342
2025-12-08T23:17:43.460,-1.238,-1.142,1.343
2025-12-08T23:17:43.470,-1.372,-1.158,1.17
2025-12-08T23:17:43.480,-1.465,-1.118,1.038
2025-12-08T23:17:43.490,-1.576,-1.13,0.911
2025-12-08T23:17:43.500,-1.702,-1.134,0.803
2025-12-08T23:17:43.510,-1.803,-1.066,0.853
2025-12-08T23:17:43.520,-1.926,-1.065,0.835
2025-12-08T23:17:43.530,-2.016,-1.081,0.752
2025-12-08T23:17:43.540,-2.048,-1.099,0.714
2025-12-08T23:17:43.550,-2.121,-1.198,0.656
2025-12-08T23:17:43.560,-2.171,-1.211,0.697
2025-12-08T23:17:43.570,-2.187,-1.136,0.772
2025-12-08T23:17:43.580,-2.243,-1.076,0.704
2025-12-08T23:17:43.590,-2.302,-0.903,0.693
2025-12-08T23:17:43.600,-2.392,-0.707,0.809
2025-12-08T23:17:43.610,-2.509,-0.573,0.962
2025-12-08T23:17:43.620,-2.562,-0.401,1.229
2025-12-08T23:17:43.630,-2.582,-0.305,1.399
2025-12-08T23:17:43.640,-2.566,-0.272,1.36
2025-12-08T23:17:43.650,-2.478,-0.191,1.346
2025-12-08T23:17:43.660,-2.406,-0.178,1.311
2025-12-08T23:17:43.670,-2.331,-0.141,1.3
2025-12-08T23:17:43.680,-2.225,-0.036,1.454
2025-12-08T23:17:43.690,-2.163,-0.034,1.566
2025-12-08T23:17:43.700,-2.107,0.037,1.747
2025-12-08T23:17:43.710,-2.058,0.167,2.094
2025-12-08T23:17:43.720,-2.025,0.18,2.223
2025-12-08T23:17:43.730,-1.943,0.223,2.187
2025-12-08T23:17:43.740,-1.843,0.274,2.076
2025-12-08T23:17:43.750,-1.775,0.242,1.767
2025-12-08T23:17:43.760,-1.701,0.243,1.532
2025-12-08T23:17:43.770,-1.586,0.2,1.373
2025-12-08T23:17:43.780,-1.451,0.105,1.15
2025-12-08T23:17:43.790,-1.302,0.124,1.057
2025-12-08T23:17:43.800,-1.161,0.114,1.019
2025-12-08T23:17:43.810,-1.058,0.059,0.974
2025-12-08T23:17:43.820,-0.971,0.113,1.067
2025-12-08T23:17:43.830,-0.908,0.133,1.101
2025-12-08T23:17:43.840,-0.868,0.149,1.047
2025-12-08T23:17:43.850,-0.813,0.212,1.079
2025-12-08T23:17:43.860,-0.746,0.164,1.029
2025-12-08T23:17:43.870,-0.654,0.107,0.953
2025-12-08T23:17:43.880,-0.521,0.082,0.948
2025-12-08T23:17:43.890,-0.387,-0.014,0.837
2025-12-08T23:17:43.900,-0.214,-0.063,0.753
2025-12-08T23:17:43.910,-0.001,-0.084,0.738
2025-12-08T23:17:43.920,0.16,-0.165,0.63
2025-12-08T23:17:43.930,0.294,-0.16,0.633
2025-12-08T23:17:43.940,0.406,-0.145,0.75
2025-12-08T23:17:43.950,0.477,-0.172,0.806
2025-12-08T23:17:43.960,0.582,-0.062,0.909
2025-12-08T23:17:43.970,0.676,0.045,0.897
2025-12-08T23:17:43.980,0.751,0.105,0.713
2025-12-08T23:17:43.990,0.853,0.233,0.631
2025-12-08T23:17:44.000,0.898,0.267,0.554
2025-12-08T23:17:44.010,0.943,0.241,0.418
2025-12-08T23:17:44.020,1.051,0.22,0.352
2025-12-08T23:17:44.030,1.118,0.1,0.261
2025-12-08T23:17:44.040,1.19,0.051,0.204
2025-12-08T23:17:44.050,1.291,0.121,0.239
2025-12-08T23:17:44.060,1.357,0.157,0.172
2025-12-08T23:17:44.070,1.43,0.252,0.153
2025-12-08T23:17:44.080,1.51,0.409,0.273
2025-12-08T23:17:44.090,1.564,0.542,0.344
2025-12-08T23:17:44.100,1.6,0.765,0.445
2025-12-08T23:17:44.110,1.59,0.976,0.49
2025-12-08T23:17:44.120,1.521,1.085,0.422
2025-12-08T23:17:44.130,1.393,1.272,0.518
2025-12-08T23:17:44.140,1.217,1.379,0.651
2025-12-08T23:17:44.150,1.063,1.375,0.63
2025-12-08T23:17:44.160,0.958,1.446,0.611
2025-12-08T23:17:44.170,0.83,1.426,0.532
2025-12-08T23:17:44.180,0.67,1.396,0.413
2025-12-08T23:17:44.190,0.526,1.455,0.45
2025-12-08T23:17:44.200,0.376,1.468,0.408
2025-12-08T23:17:44.210,0.243,1.574,0.276
2025-12-08T23:17:44.220,0.114,1.761,0.181
2025-12-08T23:17:44.230,-0.066,1.9,-0.048
2025-12-08T23:17:44.240,-0.23,2.089,-0.164
2025-12-08T23:17:44.250,-0.344,2.283,-0.145
2025-12-08T23:17:44.260,-0.446,2.383,-0.157
2025-12-08T23:17:44.270,-0.562,2.498,0.014
2025-12-08T23:17:44.280,-0.714,2.589,0.234
2025-12-08T23:17:44.290,-0.894,2.599,0.314
2025-12-08T23:17:44.300,-1.008,2.654,0.35
2025-12-08T23:17:44.310,-1.086,2.672,0.309
2025-12-08T23:17:44.320,-1.201,2.642,0.219
2025-12-08T23:17:44.330,-1.29,2.688,0.257
2025-12-08T23:17:44.340,-1.404,2.718,0.262
2025-12-08T23:17:44.350,-1.533,2.792,0.147
2025-12-08T23:17:44.360,-1.639,2.971,0.095
2025-12-08T23:17:44.370,-1.742,3.056,-0.054
2025-12-08T23:17:44.380,-1.807,3.096,-0.179
2025-12-08T23:17:44.390,-1.841,3.165,-0.091
2025-12-08T23:17:44.400,-1.843,3.109,-0.039
2025-12-08T23:17:44.410,-1.818,3.037,0.032
2025-12-08T23:17:44.420,-1.783,2.97,0.129
2025-12-08T23:17:44.430,-1.766,2.841,-0.01
2025-12-08T23:17:44.440,-1.736,2.798,-0.247
2025-12-08T23:17:44.450,-1.682,2.734,-0.476
2025-12-08T23:17:44.460,-1.637,2.635,-0.746
2025-12-08T23:17:44.470,-1.564,2.613,-0.818
2025-12-08T23:17:44.480,-1.522,2.583,-0.715
2025-12-08T23:17:44.490,-1.493,2.567,-0.576
2025-12-08T23:17:44.500,-1.431,2.579,-0.337
2025-12-08T23:17:44.510,-1.39,2.494,-0.183
2025-12-08T23:17:44.520,-1.33,2.39,-0.075
2025-12-08T23:17:44.530,-1.236,2.331,0.132
2025-12-08T23:17:44.540,-1.164,2.17,0.226
2025-12-08T23:17:44.550,-1.094,2.027,0.223
2025-12-08T23:17:44.560,-1.035,1.92,0.232
2025-12-08T23:17:44.570,-1.04,1.705,0.146
2025-12-08T23:17:44.580,-1.044,1.527,0.146
2025-12-08T23:17:44.590,-1.051,1.373,0.211
2025-12-08T23:17:44.600,-1.087,1.209,0.035
2025-12-08T23:17:44.610,-1.065,1.185,-0.229
2025-12-08T23:17:44.620,-1.023,1.221,-0.503
2025-12-08T23:17:44.630,-0.996,1.228,-0.815
2025-12-08T23:17:44.640,-0.927,1.316,-0.904
2025-12-08T23:17:44.650,-0.862,1.345,-0.857
2025-12-08T23:17:44.660,-0.817,1.241,-0.805
2025-12-08T23:17:44.670,-0.742,1.146,-0.565
2025-12-08T23:17:44.680,-0.672,0.956,-0.337
2025-12-08T23:17:44.690,-0.602,0.756,-0.278
2025-12-08T23:17:44.700,-0.494,0.663,-0.304
2025-12-08T23:17:44.710,-0.394,0.558,-0.543
2025-12-08T23:17:44.720,-0.332,0.515,-0.802
2025-12-08T23:17:44.730,-0.262,0.517,-0.924
2025-12-08T23:17:44.740,-0.178,0.445,-1.077
2025-12-08T23:17:44.750,-0.052,0.386,-1.156
2025-12-08T23:17:44.760,0.146,0.303,-1.118
2025-12-08T23:17:44.770,0.386,0.116,-1.056
2025-12-08T23:17:44.780,0.658,-0.009,-0.887
2025-12-08T23:17:44.790,0.897,-0.109,-0.687
2025-12-08T23:17:44.800,1.066,-0.209,-0.612
2025-12-08T23:17:44.810,1.199,-0.191,-0.506
2025-12-08T23:17:44.820,1.289,-0.223,-0.408
2025-12-08T23:17:44.830,1.375,-0.293,-0.424
2025-12-08T23:17:44.840,1.463,-0.286,-0.378
2025-12-08T23:17:44.850,1.505,-0.376,-0.449
2025-12-08T23:17:44.860,1.531,-0.517,-0.646
2025-12-08T23:17:44.870,1.555,-0.608,-0.73
2025-12-08T23:17:44.880,1.536,-0.768,-0.894
2025-12-08T23:17:44.890,1.529,-0.888,-1.084
2025-12-08T23:17:44.900,1.558,-0.949,-1.133
2025-12-08T23:17:44.910,1.556,-1.107,-1.159
2025-12-08T23:17:44.920,1.559,-1.202,-0.998
2025-12-08T23:17:44.930,1.593,-1.235,-0.696
2025-12-08T23:17:44.940,1.626,-1.318,-0.54
2025-12-08T23:17:44.950,1.67,-1.279,-0.4
2025-12-08T23:17:44.960,1.702,-1.207,-0.337
2025-12-08T23:17:44.970,1.696,-1.176,-0.503
2025-12-08T23:17:44.980,1.72,-1.004,-0.693
2025-12-08T23:17:44.990,1.754,-0.84,-0.979
2025-12-08T23:17:45.000,1.727,-0.735,-1.325
2025-12-08T23:17:45.010,1.663,-0.585,-1.398
2025-12-08T23:17:45.020,1.536,-0.542,-1.341
2025-12-08T23:17:45.030,1.384,-0.523,-1.275
2025-12-08T23:17:45.040,1.281,-0.454,-1.125
2025-12-08T23:17:45.050,1.204,-0.481,-1.117
2025-12-08T23:17:45.060,1.174,-0.46,-1.177
2025-12-08T23:17:45.070,1.168,-0.348,-1.135
2025-12-08T23:17:45.080,1.161,-0.325,-1.156
2025-12-08T23:17:45.090,1.16,-0.268,-1.07
2025-12-08T23:17:45.100,1.119,-0.148,-0.803
2025-12-08T23:17:45.110,1.057,-0.118,-0.612
2025-12-08T23:17:45.120,1.031,-0.053,-0.445
2025-12-08T23:17:45.130,1.021,0.032,-0.347
2025-12-08T23:17:45.140,1.006,0.038,-0.415
2025-12-08T23:17:45.150,1.011,0.071,-0.382
2025-12-08T23:17:45.160,1.022,0.011,-0.277
2025-12-08T23:17:45.170,1.027,-0.112,-0.246
2025-12-08T23:17:45.180,1.043,-0.173,-0.091
2025-12-08T23:17:45.190,1.029,-0.342,0.048
2025-12-08T23:17:45.200,0.983,-0.526,0.135
2025-12-08T23:17:45.210,0.928,-0.617,0.35
2025-12-08T23:17:45.220,0.798,-0.737,0.421
2025-12-08T23:17:45.230,0.6,-0.802,0.373
2025-12-08T23:17:45.240,0.38,-0.831,0.352
2025-12-08T23:17:45.250,0.11,-0.95,0.225
2025-12-08T23:17:45.260,-0.112,-1.022,0.132
2025-12-08T23:17:45.270,-0.233,-1.062,0.031
2025-12-08T23:17:45.280,-0.319,-1.175,-0.251
2025-12-08T23:17:45.290,-0.333,-1.244,-0.451
2025-12-08T23:17:45.300,-0.318,-1.363,-0.493
2025-12-08T23:17:45.310,-0.35,-1.55,-0.49
2025-12-08T23:17:45.320,-0.378,-1.652,-0.312
2025-12-08T23:17:45.330,-0.394,-1.793,-0.18
2025-12-08T23:17:45.340,-0.392,-1.938,-0.295
2025-12-08T23:17:45.350,-0.326,-1.979,-0.411
2025-12-08T23:17:45.360,-0.246,-2.053,-0.543
2025-12-08T23:17:45.370,-0.166,-2.133,-0.653
2025-12-08T23:17:45.380,-0.066,-2.21,-0.58
2025-12-08T23:17:45.390,0.005,-2.388,-0.507
2025-12-08T23:17:45.400,0.093,-2.538,-0.452
2025-12-08T23:17:45.410,0.221,-2.636,-0.33
2025-12-08T23:17:45.420,0.341,-2.785,-0.282
2025-12-08T23:17:45.430,0.482,-2.857,-0.222
2025-12-08T23:17:45.440,0.625,-2.883,-0.115
2025-12-08T23:17:45.450,0.76,-2.965,-0.119
2025-12-08T23:17:45.460,0.939,-2.989,-0.091
2025-12-08T23:17:45.470,1.111,-3.029,-0.011
2025-12-08T23:17:45.480,1.251,-3.118,0.081
2025-12-08T23:17:45.490,1.405,-3.144,0.345
2025-12-08T23:17:45.500,1.543,-3.197,0.597
2025-12-08T23:17:45.510,1.683,-3.266,0.687
2025-12-08T23:17:45.520,1.849,-3.265,0.733
2025-12-08T23:17:45.530,1.948,-3.308,0.664
2025-12-08T23:17:45.540,1.975,-3.344,0.583
2025-12-08T23:17:45.550,1.996,-3.322,0.662
2025-12-08T23:17:45.560,2.001,-3.407,0.673
2025-12-08T23:17:45.570,2.032,-3.492,0.632
2025-12-08T23:17:45.580,2.11,-3.511,0.677
2025-12-08T23:17:45.590,2.162,-3.585,0.596
2025-12-08T23:17:45.600,2.197,-3.583,0.491
2025-12-08T23:17:45.610,2.214,-3.518,0.483
2025-12-08T23:17:45.620,2.144,-3.514,0.449
2025-12-08T23:17:45.630,2.037,-3.465,0.596
2025-12-08T23:17:45.640,1.922,-3.432,0.852
2025-12-08T23:17:45.650,1.809,-3.449,0.909
2025-12-08T23:17:45.660,1.768,-3.379,0.891
2025-12-08T23:17:45.670,1.754,-3.334,0.786
2025-12-08T23:17:45.680,1.731,-3.3,0.604
2025-12-08T23:17:45.690,1.726,-3.18,0.625
2025-12-08T23:17:45.700,1.675,-3.111,0.712
2025-12-08T23:17:45.710,1.598,-3.067,0.764
2025-12-08T23:17:45.720,1.526,-2.991,0.927
2025-12-08T23:17:45.730,1.408,-2.945,1.041
2025-12-08T23:17:45.740,1.293,-2.842,1.11
2025-12-08T23:17:45.750,1.189,-2.701,1.249
2025-12-08T23:17:45.760,1.055,-2.65,1.307
2025-12-08T23:17:45.770,0.964,-2.587,1.375
2025-12-08T23:17:45.780,0.887,-2.504,1.486
2025-12-08T23:17:45.790,0.775,-2.469,1.486
2025-12-08T23:17:45.800,0.673,-2.368,1.551
2025-12-08T23:17:45.810,0.539,-2.282,1.675
2025-12-08T23:17:45.820,0.351,-2.245,1.738
2025-12-08T23:17:45.830,0.18,-2.101,1.852
2025-12-08T23:17:45.840,-0.0,-1.966,1.834
2025-12-08T23:17:45.850,-0.185,-1.86,1.646
2025-12-08T23:17:45.860,-0.319,-1.706,1.518
2025-12-08T23:17:45.870,-0.458,-1.656,1.369
2025-12-08T23:17:45.880,-0.603,-1.637,1.253
2025-12-08T23:17:45.890,-0.713,-1.554,1.299
2025-12-08T23:17:45.900,-0.847,-1.528,1.259
2025-12-08T23:17:45.910,-0.975,-1.456,1.174
2025-12-08T23:17:45.920,-1.083,-1.291,1.197
2025-12-08T23:17:45.930,-1.238,-1.167,1.097
2025-12-08T23:17:45.940,-1.411,-0.953,0.976
2025-12-08T23:17:45.950,-1.578,-0.667,0.899
2025-12-08T23:17:45.960,-1.746,-0.453,0.642
2025-12-08T23:17:45.970,-1.872,-0.205,0.443
2025-12-08T23:17:45.980,-1.963,-0.015,0.333
2025-12-08T23:17:45.990,-2.05,0.05,0.197
2025-12-08T23:17:46.000,-2.128,0.144,0.273
2025-12-08T23:17:46.010,-2.213,0.179,0.417
2025-12-08T23:17:46.020,-2.265,0.173,0.46
2025-12-08T23:17:46.030,-2.231,0.276,0.557
2025-12-08T23:17:46.040,-2.16,0.364,0.562
2025-12-08T23:17:46.050,-2.046,0.441,0.493
2025-12-08T23:17:46.060,-1.904,0.559,0.599
2025-12-08T23:17:46.070,-1.794,0.601,0.692
2025-12-08T23:17:46.080,-1.671,0.676,0.781
2025-12-08T23:17:46.090,-1.591,0.849,0.99
2025-12-08T23:17:46.100,-1.611,0.966,1.095
2025-12-08T23:17:46.110,-1.654,1.138,1.161
2025-12-08T23:17:46.120,-1.727,1.364,1.194
2025-12-08T23:17:46.130,-1.824,1.478,1.012
2025-12-08T23:17:46.140,-1.879,1.624,0.829
2025-12-08T23:17:46.150,-1.946,1.725,0.751
2025-12-08T23:17:46.160,-2.037,1.684,0.652
2025-12-08T23:17:46.170,-2.071,1.693,0.613
2025-12-08T23:17:46.180,-2.08,1.675,0.491
2025-12-08T23:17:46.190,-2.078,1.65,0.226
2025-12-08T23:17:46.200,-2.01,1.755,0.124
2025-12-08T23:17:46.210,-1.942,1.842,0.065
2025-12-08T23:17:46.220,-1.886,1.948,-0.023
2025-12-08T23:17:46.230,-1.796,2.147,-0.043
2025-12-08T23:17:46.240,-1.739,2.269,-0.216
2025-12-08T23:17:46.250,-1.668,2.39,-0.385
2025-12-08T23:17:46.260,-1.551,2.542,-0.378
2025-12-08T23:17:46.270,-1.456,2.568,-0.453
2025-12-08T23:17:46.280,-1.338,2.575,-0.517
2025-12-08T23:17:46.290,-1.212,2.547,-0.53
2025-12-08T23:17:46.300,-1.107,2.415,-0.662
2025-12-08T23:17:46.310,-0.986,2.374,-0.687
2025-12-08T23:17:46.320,-0.89,2.388,-0.636
2025-12-08T23:17:46.330,-0.81,2.38,-0.721
2025-12-08T23:17:46.340,-0.685,2.477,-0.76
2025-12-08T23:17:46.350,-0.555,2.558,-0.837
2025-12-08T23:17:46.360,-0.397,2.567,-0.98
2025-12-08T23:17:46.370,-0.202,2.64,-0.933
2025-12-08T23:17:46.380,-0.048,2.608,-0.755
2025-12-08T23:17:46.390,0.096,2.508,-0.51
2025-12-08T23:17:46.400,0.236,2.495,-0.183
2025-12-08T23:17:46.410,0.332,2.422,-0.045
2025-12-08T23:17:46.420,0.449,2.407,-0.15
2025-12-08T23:17:46.430,0.537,2.453,-0.291
2025-12-08T23:17:46.440,0.501,2.401,-0.52
2025-12-08T23:17:46.450,0.439,2.383,-0.71
2025-12-08T23:17:46.460,0.367,2.33,-0.783
2025-12-08T23:17:46.470,0.28,2.181,-0.971
2025-12-08T23:17:46.480,0.288,2.117,-1.131
2025-12-08T23:17:46.490,0.322,2.106,-1.284
2025-12-08T23:17:46.500,0.323,2.084,-1.568
2025-12-08T23:17:46.510,0.365,2.127,-1.768
2025-12-08T23:17:46.520,0.38,2.139,-1.885
2025-12-08T23:17:46.530,0.374,2.09,-1.911
2025-12-08T23:17:46.540,0.378,2.066,-1.751
2025-12-08T23:17:46.550,0.348,1.97,-1.668
2025-12-08T23:17:46.560,0.348,1.889,-1.777
2025-12-08T23:17:46.570,0.367,1.89,-1.948
2025-12-08T23:17:46.580,0.344,1.813,-2.255
2025-12-08T23:17:46.590,0.307,1.757,-2.524
2025-12-08T23:17:46.600,0.263,1.747,-2.601
2025-12-08T23:17:46.610,0.211,1.677,-2.719
2025-12-08T23:17:46.620,0.182,1.668,-2.759
2025-12-08T23:17:46.630,0.191,1.695,-2.645
2025-12-08T23:17:46.640,0.239,1.638,-2.556
2025-12-08T23:17:46.650,0.348,1.621,-2.357
2025-12-08T23:17:46.660,0.492,1.59,-2.143
2025-12-08T23:17:46.670,0.648,1.499,-2.09
2025-12-08T23:17:46.680,0.812,1.499,-1.933
2025-12-08T23:17:46.690,0.912,1.455,-1.663
2025-12-08T23:17:46.700,0.975,1.363,-1.387
2025-12-08T23:17:46.710,1.026,1.35,-0.979
2025-12-08T23:17:46.720,1.004,1.262,-0.738
2025-12-08T23:17:46.730,0.969,1.151,-0.781
2025-12-08T23:17:46.740,0.922,1.07,-0.849
2025-12-08T23:17:46.750,0.791,0.89,-1.019
2025-12-08T23:17:46.760,0.653,0.718,-1.086
2025-12-08T23:17:46.770,0.56,0.596,-0.913
2025-12-08T23:17:46.780,0.481,0.43,-0.832
2025-12-08T23:17:46.790,0.446,0.345,-0.74
2025-12-08T23:17:46.800,0.417,0.341,-0.589
2025-12-08T23:17:46.810,0.336,0.284,-0.567
2025-12-08T23:17:46.820,0.232,0.311,-0.424
2025-12-08T23:17:46.830,0.093,0.332,-0.203
2025-12-08T23:17:46.840,-0.067,0.217,-0.15
2025-12-08T23:17:46.850,-0.202,0.175,-0.043
2025-12-08T23:17:46.860,-0.337,0.114,0.02
2025-12-08T23:17:46.870,-0.442,-0.015,-0.111
2025-12-08T23:17:46.880,-0.486,-0.09,-0.184
2025-12-08T23:17:46.890,-0.514,-0.248,-0.284
2025-12-08T23:17:46.900,-0.524,-0.43,-0.37
2025-12-08T23:17:46.910,-0.501,-0.509,-0.244
2025-12-08T23:17:46.920,-0.473,-0.624,-0.159
2025-12-08T23:17:46.930,-0.411,-0.738,-0.1
2025-12-08T23:17:46.940,-0.335,-0.774,0.079
2025-12-08T23:17:46.950,-0.309,-0.851,0.183
2025-12-08T23:17:46.960,-0.285,-0.86,0.283
2025-12-08T23:17:46.970,-0.277,-0.81,0.413
2025-12-08T23:17:46.980,-0.297,-0.849,0.4
2025-12-08T23:17:46.990,-0.283,-0.834,0.421
2025-12-08T23:17:47.000,-0.248,-0.868,0.499
2025-12-08T23:17:47.010,-0.176,-0.986,0.491
2025-12-08T23:17:47.020,-0.049,-0.995,0.556
2025-12-08T23:17:47.030,0.087,-1.066,0.589
2025-12-08T23:17:47.040,0.198,-1.187,0.508
2025-12-08T23:17:47.050,0.29,-1.211,0.546
2025-12-08T23:17:47.060,0.365,-1.29,0.551
2025-12-08T23:17:47.070,0.427,-1.339,0.515
2025-12-08T23:17:47.080,0.474,-1.265,0.67
2025-12-08T23:17:47.090,0.459,-1.242,0.82
2025-12-08T23:17:47.100,0.418,-1.196,0.987
2025-12-08T23:17:47.110,0.379,-1.113,1.258
2025-12-08T23:17:47.120,0.311,-1.148,1.35
2025-12-08T23:17:47.130,0.272,-1.102,1.354
2025-12-08T23:17:47.140,0.252,-0.954,1.35
2025-12-08T23:17:47.150,0.208,-0.884,1.13
2025-12-08T23:17:47.160,0.189,-0.785,0.864
2025-12-08T23:17:47.170,0.153,-0.731,0.645
2025-12-08T23:17:47.180,0.06,-0.783,0.413
2025-12-08T23:17:47.190,-0.005,-0.777,0.385
2025-12-08T23:17:47.200,-0.016,-0.792,0.536
2025-12-08T23:17:47.210,0.022,-0.792,0.679
2025-12-08T23:17:47.220,0.126,-0.684,0.829
2025-12-08T23:17:47.230,0.228,-0.629,0.852
2025-12-08T23:17:47.240,0.306,-0.56,0.744
2025-12-08T23:17:47.250,0.391,-0.447,0.706
2025-12-08T23:17:47.260,0.454,-0.452,0.655
2025-12-08T23:17:47.270,0.528,-0.477,0.587
2025-12-08T23:17:47.280,0.591,-0.506,0.567
2025-12-08T23:17:47.290,0.596,-0.625,0.44
2025-12-08T23:17:47.300,0.623,-0.705,0.334
2025-12-08T23:17:47.310,0.646,-0.765,0.336
2025-12-08T23:17:47.320,0.663,-0.862,0.296
2025-12-08T23:17:47.330,0.73,-0.87,0.376
2025-12-08T23:17:47.340,0.785,-0.858,0.487
2025-12-08T23:17:47.350,0.848,-0.86,0.419
2025-12-08T23:17:47.360,0.977,-0.771,0.369
2025-12-08T23:17:47.370,1.117,-0.718,0.258
2025-12-08T23:17:47.380,1.236,-0.708,0.107
2025-12-08T23:17:47.390,1.354,-0.636,0.214
2025-12-08T23:17:47.400,1.436,-0.658,0.396
2025-12-08T23:17:47.410,1.495,-0.735,0.555
2025-12-08T23:17:47.420,1.586,-0.766,0.719
2025-12-08T23:17:47.430,1.643,-0.877,0.621
2025-12-08T23:17:47.440,1.66,-0.947,0.357
2025-12-08T23:17:47.450,1.678,-0.938,0.123
2025-12-08T23:17:47.460,1.655,-0.978,-0.203
2025-12-08T23:17:47.470,1.627,-0.925,-0.436
2025-12-08T23:17:47.480,1.621,-0.825,-0.487
2025-12-08T23:17:47.490,1.607,-0.797,-0.599
2025-12-08T23:17:47.500,1.623,-0.731,-0.606
2025-12-08T23:17:47.510,1.654,-0.731,-0.449
2025-12-08T23:17:47.520,1.66,-0.842,-0.276
2025-12-08T23:17:47.530,1.682,-0.874,0.068
2025-12-08T23:17:47.540,1.73,-0.876,0.364
2025-12-08T23:17:47.550,1.807,-0.886,0.368
2025-12-08T23:17:47.560,1.909,-0.798,0.302
2025-12-08T23:17:47.570,1.946,-0.753,0.154
2025-12-08T23:17:47.580,1.911,-0.747,0.034
2025-12-08T23:17:47.590,1.864,-0.708,0.155
2025-12-08T23:17:47.600,1.811,-0.767,0.284
2025-12-08T23:17:47.610,1.78,-0.785,0.378
2025-12-08T23:17:47.620,1.779,-0.737,0.483
2025-12-08T23:17:47.630,1.761,-0.747,0.392
2025-12-08T23:17:47.640,1.745,-0.655,0.314
2025-12-08T23:17:47.650,1.74,-0.541,0.401
2025-12-08T23:17:47.660,1.713,-0.522,0.489
2025-12-08T23:17:47.670,1.687,-0.449,0.771
2025-12-08T23:17:47.680,1.647,-0.403,1.074
2025-12-08T23:17:47.690,1.583,-0.426,1.102
2025-12-08T23:17:47.700,1.536,-0.38,1.064
2025-12-08T23:17:47.710,1.441,-0.38,0.841
2025-12-08T23:17:47.720,1.307,-0.462,0.478
2025-12-08T23:17:47.730,1.206,-0.505,0.353
2025-12-08T23:17:47.740,1.086,-0.62,0.313
2025-12-08T23:17:47.750,0.96,-0.713,0.328
2025-12-08T23:17:47.760,0.862,-0.697,0.486
2025-12-08T23:17:47.770,0.759,-0.743,0.406
2025-12-08T23:17:47.780,0.681,-0.718,0.153
2025-12-08T23:17:47.790,0.652,-0.605,-0.037
2025-12-08T23:17:47.800,0.623,-0.576,-0.285
2025-12-08T23:17:47.810,0.609,-0.512,-0.301
2025-12-08T23:17:47.820,0.617,-0.439,-0.061
2025-12-08T23:17:47.830,0.596,-0.422,0.058
2025-12-08T23:17:47.840,0.594,-0.314,0.084
2025-12-08T23:17:47.850,0.594,-0.199,-0.035
2025-12-08T23:17:47.860,0.546,-0.152,-0.328
2025-12-08T23:17:47.870,0.494,-0.051,-0.492
2025-12-08T23:17:47.880,0.427,-0.009,-0.536
2025-12-08T23:17:47.890,0.374,-0.018,-0.598
2025-12-08T23:17:47.900,0.321,0.057,-0.562
2025-12-08T23:17:47.910,0.207,0.106,-0.569
2025-12-08T23:17:47.920,0.089,0.17,-0.62
2025-12-08T23:17:47.930,0.002,0.311,-0.49
2025-12-08T23:17:47.940,-0.077,0.427,-0.392
2025-12-08T23:17:47.950,-0.089,0.564,-0.355
2025-12-08T23:17:47.960,-0.057,0.718,-0.328
2025-12-08T23:17:47.970,-0.096,0.804,-0.452
2025-12-08T23:17:47.980,-0.165,0.903,-0.502
2025-12-08T23:17:47.990,-0.241,0.977,-0.441
2025-12-08T23:17:48.000,-0.339,0.99,-0.412
2025-12-08T23:17:48.010,-0.435,1.108,-0.323
2025-12-08T23:17:48.020,-0.566,1.226,-0.33
2025-12-08T23:17:48.030,-0.732,1.302,-0.571
2025-12-08T23:17:48.040,-0.877,1.499,-0.825
2025-12-08T23:17:48.050,-0.994,1.675,-1.097
2025-12-08T23:17:48.060,-1.106,1.812,-1.392
2025-12-08T23:17:48.070,-1.174,1.987,-1.501
2025-12-08T23:17:48.080,-1.243,2.069,-1.545
2025-12-08T23:17:48.090,-1.331,2.142,-1.585
2025-12-08T23:17:48.100,-1.336,2.274,-1.508
2025-12-08T23:17:48.110,-1.302,2.329,-1.456
2025-12-08T23:17:48.120,-1.235,2.393,-1.355
2025-12-08T23:17:48.130,-1.138,2.485,-1.094
2025-12-08T23:17:48.140,-1.119,2.494,-0.952
2025-12-08T23:17:48.150,-1.114,2.526,-0.947
2025-12-08T23:17:48.160,-1.082,2.579,-0.987
2025-12-08T23:17:48.170,-1.105,2.59,-1.104
2025-12-08T23:17:48.180,-1.151,2.644,-1.066
2025-12-08T23:17:48.190,-1.214,2.676,-0.888
2025-12-08T23:17:48.200,-1.315,2.631,-0.734
2025-12-08T23:17:48.210,-1.365,2.621,-0.554
2025-12-08T23:17:48.220,-1.385,2.587,-0.471
2025-12-08T23:17:48.230,-1.4,2.522,-0.457
2025-12-08T23:17:48.240,-1.368,2.524,-0.325
2025-12-08T23:17:48.250,-1.343,2.497,-0.173
2025-12-08T23:17:48.260,-1.286,2.468,-0.05
2025-12-08T23:17:48.270,-1.184,2.487,0.074
2025-12-08T23:17:48.280,-1.131,2.432,0.038
2025-12-08T23:17:48.290,-1.093,2.422,-0.068
2025-12-08T23:17:48.300,-1.079,2.468,-0.082
2025-12-08T23:17:48.310,-1.134,2.429,-0.168
2025-12-08T23:17:48.320,-1.198,2.446,-0.165
2025-12-08T23:17:48.330,-1.29,2.47,-0.026
2025-12-08T23:17:48.340,-1.445,2.401,-0.026
2025-12-08T23:17:48.350,-1.593,2.39,-0.003
2025-12-08T23:17:48.360,-1.708,2.329,0.039
2025-12-08T23:17:48.370,-1.794,2.172,-0.043
2025-12-08T23:17:48.380,-1.817,2.073,-0.028
2025-12-08T23:17:48.390,-1.817,1.933,-0.007
2025-12-08T23:17:48.400,-1.831,1.787,-0.051
2025-12-08T23:17:48.410,-1.82,1.746,0.066
2025-12-08T23:17:48.420,-1.836,1.638,0.159
2025-12-08T23:17:48.430,-1.896,1.543,0.229
2025-12-08T23:17:48.440,-1.949,1.563,0.511
2025-12-08T23:17:48.450,-2.019,1.513,0.757
2025-12-08T23:17:48.460,-2.074,1.476,0.942
2025-12-08T23:17:48.470,-2.106,1.488,1.14
2025-12-08T23:17:48.480,-2.142,1.407,1.104
2025-12-08T23:17:48.490,-2.117,1.345,0.949
2025-12-08T23:17:48.500,-2.061,1.27,0.822
2025-12-08T23:17:48.510,-2.029,1.098,0.636
2025-12-08T23:17:48.520,-1.972,0.97,0.612
2025-12-08T23:17:48.530,-1.889,0.808,0.78
2025-12-08T23:17:48.540,-1.769,0.572,0.89
2025-12-08T23:17:48.550,-1.609,0.432,1.037
2025-12-08T23:17:48.560,-1.484,0.315,1.163
2025-12-08T23:17:48.570,-1.373,0.222,1.197
2025-12-08T23:17:48.580,-1.255,0.237,1.319
2025-12-08T23:17:48.590,-1.161,0.207,1.34
2025-12-08T23:17:48.600,-1.061,0.192,1.257
2025-12-08T23:17:48.610,-0.953,0.255,1.255
2025-12-08T23:17:48.620,-0.892,0.206,1.195
2025-12-08T23:17:48.630,-0.838,0.121,1.184
2025-12-08T23:17:48.640,-0.746,0.038,1.29
2025-12-08T23:17:48.650,-0.673,-0.142,1.236
2025-12-08T23:17:48.660,-0.579,-0.283,1.103
2025-12-08T23:17:48.670,-0.49,-0.433,1.037
2025-12-08T23:17:48.680,-0.489,-0.654,0.928
2025-12-08T23:17:48.690,-0.463,-0.803,0.967
2025-12-08T23:17:48.700,-0.422,-0.965,1.111
2025-12-08T23:17:48.710,-0.409,-1.128,1.115
2025-12-08T23:17:48.720,-0.325,-1.136,1.185
2025-12-08T23:17:48.730,-0.197,-1.136,1.209
2025-12-08T23:17:48.740,-0.076,-1.173,1.067
2025-12-08T23:17:48.750,0.041,-1.13,1.01
2025-12-08T23:17:48.760,0.113,-1.147,0.942
2025-12-08T23:17:48.770,0.138,-1.212,0.864
2025-12-08T23:17:48.780,0.139,-1.22,0.937
2025-12-08T23:17:48.790,0.098,-1.32,1.001
2025-12-08T23:17:48.800,0.042,-1.384,1.046
2025-12-08T23:17:48.810,-0.002,-1.348,1.142
2025-12-08T23:17:48.820,-0.043,-1.397,1.111
2025-12-08T23:17:48.830,-0.054,-1.417,0.978
2025-12-08T23:17:48.840,-0.048,-1.436,0.841
2025-12-08T23:17:48.850,-0.045,-1.518,0.647
2025-12-08T23:17:48.860,-0.03,-1.486,0.578
2025-12-08T23:17:48.870,-0.029,-1.436,0.624
2025-12-08T23:17:48.880,-0.044,-1.429,0.581
2025-12-08T23:17:48.890,-0.02,-1.329,0.563
2025-12-08T23:17:48.900,-0.004,-1.245,0.547
2025-12-08T23:17:48.910,-0.04,-1.174,0.516
2025-12-08T23:17:48.920,-0.059,-1.037,0.644
2025-12-08T23:17:48.930,-0.089,-0.995,0.759
2025-12-08T23:17:48.940,-0.113,-0.969,0.756
2025-12-08T23:17:48.950,-0.099,-0.897,0.729
2025-12-08T23:17:48.960,-0.123,-0.936,0.555
2025-12-08T23:17:48.970,-0.11,-0.931,0.345
2025-12-08T23:17:48.980,-0.042,-0.849,0.241
2025-12-08T23:17:48.990,-0.012,-0.838,0.069
2025-12-08T23:17:49.000,0.01,-0.781,-0.06
2025-12-08T23:17:49.010,0.021,-0.73,-0.079
2025-12-08T23:17:49.020,-0.023,-0.752,-0.15
2025-12-08T23:17:49.030,-0.057,-0.691,-0.132
2025-12-08T23:17:49.040,-0.054,-0.649,-0.078
2025-12-08T23:17:49.050,-0.051,-0.664,-0.096
2025-12-08T23:17:49.060,-0.021,-0.617,0.045
2025-12-08T23:17:49.070,-0.003,-0.664,0.166
2025-12-08T23:17:49.080,-0.001,-0.761,0.107
2025-12-08T23:17:49.090,0.059,-0.756,0.055
2025-12-08T23:17:49.100,0.139,-0.802,-0.159
2025-12-08T23:17:49.110,0.23,-0.833,-0.516
2025-12-08T23:17:49.120,0.344,-0.775,-0.708
2025-12-08T23:17:49.130,0.419,-0.774,-0.831
2025-12-08T23:17:49.140,0.479,-0.742,-0.867
2025-12-08T23:17:49.150,0.539,-0.699,-0.772
2025-12-08T23:17:49.160,0.585,-0.751,-0.801
2025-12-08T23:17:49.170,0.648,-0.746,-0.806
2025-12-08T23:17:49.180,0.697,-0.728,-0.706
2025-12-08T23:17:49.190,0.731,-0.788,-0.7
2025-12-08T23:17:49.200,0.783,-0.773,-0.628
2025-12-08T23:17:49.210,0.816,-0.741,-0.574
2025-12-08T23:17:49.220,0.838,-0.765,-0.718
2025-12-08T23:17:49.230,0.877,-0.727,-0.838
2025-12-08T23:17:49.240,0.893,-0.719,-0.966
2025-12-08T23:17:49.250,0.871,-0.715,-1.106
2025-12-08T23:17:49.260,0.865,-0.627,-1.058
2025-12-08T23:17:49.270,0.84,-0.607,-1.004
2025-12-08T23:17:49.280,0.796,-0.556,-0.995
2025-12-08T23:17:49.290,0.804,-0.425,-0.924
2025-12-08T23:17:49.300,0.789,-0.375,-0.994
2025-12-08T23:17:49.310,0.778,-0.266,-1.029
2025-12-08T23:17:49.320,0.823,-0.12,-0.852
2025-12-08T23:17:49.330,0.858,-0.097,-0.767
2025-12-08T23:17:49.340,0.959,-0.061,-0.734
2025-12-08T23:17:49.350,1.102,-0.04,-0.756
2025-12-08T23:17:49.360,1.205,-0.115,-1.026
2025-12-08T23:17:49.370,1.332,-0.137,-1.263
2025-12-08T23:17:49.380,1.441,-0.189,-1.391
2025-12-08T23:17:49.390,1.466,-0.309,-1.471
2025-12-08T23:17:49.400,1.43,-0.339,-1.267
2025-12-08T23:17:49.410,1.35,-0.404,-0.985
2025-12-08T23:17:49.420,1.299,-0.514,-0.886
2025-12-08T23:17:49.430,1.29,-0.507,-0.904
2025-12-08T23:17:49.440,1.244,-0.507,-1.133
2025-12-08T23:17:49.450,1.184,-0.473,-1.412
2025-12-08T23:17:49.460,1.144,-0.327,-1.466
2025-12-08T23:17:49.470,1.102,-0.264,-1.434
2025-12-08T23:17:49.480,1.105,-0.198,-1.352
2025-12-08T23:17:49.490,1.158,-0.121,-1.208
2025-12-08T23:17:49.500,1.217,-0.148,-1.187
2025-12-08T23:17:49.510,1.316,-0.102,-1.168
2025-12-08T23:17:49.520,1.436,-0.061,-1.085
2025-12-08T23:17:49.530,1.556,-0.127,-1.072
2025-12-08T23:17:49.540,1.66,-0.128,-0.928
2025-12-08T23:17:49.550,1.687,-0.152,-0.722
2025-12-08T23:17:49.560,1.657,-0.226,-0.635
2025-12-08T23:17:49.570,1.609,-0.221,-0.493
2025-12-08T23:17:49.580,1.516,-0.26,-0.394
2025-12-08T23:17:49.590,1.374,-0.324,-0.318
2025-12-08T23:17:49.600,1.245,-0.332,-0.121
2025-12-08T23:17:49.610,1.126,-0.417,-0.083
2025-12-08T23:17:49.620,1.029,-0.467,-0.207
2025-12-08T23:17:49.630,0.996,-0.419,-0.286
2025-12-08T23:17:49.640,0.969,-0.437,-0.406
2025-12-08T23:17:49.650,0.971,-0.441,-0.431
2025-12-08T23:17:49.660,1.031,-0.411,-0.229
2025-12-08T23:17:49.670,1.088,-0.433,-0.06
2025-12-08T23:17:49.680,1.183,-0.408,0.142
2025-12-08T23:17:49.690,1.312,-0.368,0.425
2025-12-08T23:17:49.700,1.414,-0.398,0.513
2025-12-08T23:17:49.710,1.518,-0.387,0.503
2025-12-08T23:17:49.720,1.628,-0.389,0.415
2025-12-08T23:17:49.730,1.696,-0.448,0.245
2025-12-08T23:17:49.740,1.718,-0.464,0.316
2025-12-08T23:17:49.750,1.689,-0.546,0.528
2025-12-08T23:17:49.760,1.649,-0.652,0.672
2025-12-08T23:17:49.770,1.646,-0.669,0.785
2025-12-08T23:17:49.780,1.629,-0.74,0.717
2025-12-08T23:17:49.790,1.604,-0.803,0.599
2025-12-08T23:17:49.800,1.607,-0.805,0.692
2025-12-08T23:17:49.810,1.593,-0.861,0.818
2025-12-08T23:17:49.820,1.588,-0.86,0.948
2025-12-08T23:17:49.830,1.602,-0.792,1.083
2025-12-08T23:17:49.840,1.58,-0.783,1.031
2025-12-08T23:17:49.850,1.566,-0.711,0.969
2025-12-08T23:17:49.860,1.529,-0.615,0.988
2025-12-08T23:17:49.870,1.423,-0.601,0.947
2025-12-08T23:17:49.880,1.33,-0.546,0.972
2025-12-08T23:17:49.890,1.235,-0.565,1.004
2025-12-08T23:17:49.900,1.1,-0.672,0.872
2025-12-08T23:17:49.910,0.964,-0.667,0.745
2025-12-08T23:17:49.920,0.797,-0.648,0.553
2025-12-08T23:17:49.930,0.605,-0.632,0.293
2025-12-08T23:17:49.940,0.448,-0.567,0.249
2025-12-08T23:17:49.950,0.298,-0.614,0.237
2025-12-08T23:17:49.960,0.154,-0.683,0.216
2025-12-08T23:17:49.970,0.088,-0.658,0.309
2025-12-08T23:17:49.980,0.055,-0.695,0.262
2025-12-08T23:17:49.990,0.025,-0.688,0.166
2025-12-08T23:17:50.000,0.002,-0.615,0.175
2025-12-08T23:17:50.010,-0.066,-0.652,0.084
2025-12-08T23:17:50.020,-0.152,-0.646,0.058
2025-12-08T23:17:50.030,-0.245,-0.602,0.225
2025-12-08T23:17:50.040,-0.354,-0.626,0.295
2025-12-08T23:17:50.050,-0.425,-0.571,0.314
2025-12-08T23:17:50.060,-0.483,-0.508,0.226
2025-12-08T23:17:50.070,-0.598,-0.473,-0.116
2025-12-08T23:17:50.080,-0.744,-0.357,-0.381
2025-12-08T23:17:50.090,-0.887,-0.313,-0.513
2025-12-08T23:17:50.100,-1.026,-0.301,-0.533
2025-12-08T23:17:50.110,-1.134,-0.157,-0.288
2025-12-08T23:17:50.120,-1.242,-0.023,-0.077
2025-12-08T23:17:50.130,-1.323,0.099,-0.036
2025-12-08T23:17:50.140,-1.344,0.241,0.011
2025-12-08T23:17:50.150,-1.386,0.269,-0.05
2025-12-08T23:17:50.160,-1.426,0.296,-0.127
2025-12-08T23:17:50.170,-1.477,0.341,-0.095
2025-12-08T23:17:50.180,-1.589,0.29,-0.164
2025-12-08T23:17:50.190,-1.701,0.27,-0.177
2025-12-08T23:17:50.200,-1.821,0.241,-0.071
2025-12-08T23:17:50.210,-1.959,0.134,-0.113
2025-12-08T23:17:50.220,-2.064,0.107,-0.109
2025-12-08T23:17:50.230,-2.184,0.075,-0.091
2025-12-08T23:17:50.240,-2.344,-0.036,-0.218
2025-12-08T23:17:50.250,-2.483,-0.087,-0.22
2025-12-08T23:17:50.260,-2.598,-0.19,-0.273
2025-12-08T23:17:50.270,-2.679,-0.316,-0.533
2025-12-08T23:17:50.280,-2.685,-0.321,-0.719
2025-12-08T23:17:50.290,-2.684,-0.381,-0.917
2025-12-08T23:17:50.300,-2.729,-0.453,-1.063
2025-12-08T23:17:50.310,-2.791,-0.456,-0.916
2025-12-08T23:17:50.320,-2.892,-0.564,-0.772
2025-12-08T23:17:50.330,-2.974,-0.671,-0.718
2025-12-08T23:17:50.340,-2.982,-0.701,-0.621
2025-12-08T23:17:50.350,-2.988,-0.796,-0.722
2025-12-08T23:17:50.360,-2.959,-0.845,-0.897
2025-12-08T23:17:50.370,-2.909,-0.828,-0.92
2025-12-08T23:17:50.380,-2.874,-0.873,-0.988
2025-12-08T23:17:50.390,-2.818,-0.869,-0.947
2025-12-08T23:17:50.400,-2.79,-0.86,-0.786
2025-12-08T23:17:50.410,-2.768,-0.913,-0.741
2025-12-08T23:17:50.420,-2.688,-0.878,-0.617
2025-12-08T23:17:50.430,-2.58,-0.868,-0.507
2025-12-08T23:17:50.440,-2.457,-0.89,-0.514
2025-12-08T23:17:50.450,-2.327,-0.796,-0.421
2025-12-08T23:17:50.460,-2.242,-0.744,-0.345
2025-12-08T23:17:50.470,-2.178,-0.702,-0.331
2025-12-08T23:17:50.480,-2.084,-0.622,-0.254
2025-12-08T23:17:50.490,-2.019,-0.646,-0.267
2025-12-08T23:17:50.500,-1.975,-0.639,-0.28
2025-12-08T23:17:50.510,-1.921,-0.627,-0.143
2025-12-08T23:17:50.520,-1.903,-0.718,-0.148
2025-12-08T23:17:50.530,-1.868,-0.725,-0.232
2025-12-08T23:17:50.540,-1.833,-0.698,-0.286
2025-12-08T23:17:50.550,-1.832,-0.756,-0.466
2025-12-08T23:17:50.560,-1.773,-0.753,-0.469
2025-12-08T23:17:50.570,-1.674,-0.738,-0.339
2025-12-08T23:17:50.580,-1.563,-0.78,-0.354
2025-12-08T23:17:50.590,-1.416,-0.728,-0.325
2025-12-08T23:17:50.600,-1.293,-0.691,-0.368
2025-12-08T23:17:50.610,-1.183,-0.673,-0.575
2025-12-08T23:17:50.620,-1.044,-0.533,-0.674
2025-12-08T23:17:50.630,-0.921,-0.46,-0.772
2025-12-08T23:17:50.640,-0.831,-0.405,-0.879
2025-12-08T23:17:50.650,-0.746,-0.297,-0.744
2025-12-08T23:17:50.660,-0.671,-0.319,-0.652
2025-12-08T23:17:50.670,-0.572,-0.325,-0.676
2025-12-08T23:17:50.680,-0.436,-0.28,-0.666
2025-12-08T23:17:50.690,-0.307,-0.303,-0.832
2025-12-08T23:17:50.700,-0.172,-0.254,-0.936
2025-12-08T23:17:50.710,-0.038,-0.181,-0.847
2025-12-08T23:17:50.720,0.058,-0.185,-0.835
2025-12-08T23:17:50.730,0.144,-0.116,-0.77
2025-12-08T23:17:50.740,0.216,-0.036,-0.714
2025-12-08T23:17:50.750,0.3,0.015,-0.807
2025-12-08T23:17:50.760,0.448,0.169,-0.79
2025-12-08T23:17:50.770,0.59,0.305,-0.695
2025-12-08T23:17:50.780,0.72,0.419,-0.628
2025-12-08T23:17:50.790,0.869,0.604,-0.453
2025-12-08T23:17:50.800,0.964,0.719,-0.328
2025-12-08T23:17:50.810,1.049,0.823,-0.28
2025-12-08T23:17:50.820,1.158,0.977,-0.115
2025-12-08T23:17:50.830,1.187,1.022,-0.01
2025-12-08T23:17:50.840,1.169,1.075,0.065
2025-12-08T23:17:50.850,1.143,1.161,0.179
2025-12-08T23:17:50.860,1.056,1.148,0.102
2025-12-08T23:17:50.870,0.977,1.236,0.004
2025-12-08T23:17:50.880,0.934,1.393,-0.01
2025-12-08T23:17:50.890,0.85,1.468,-0.093
2025-12-08T23:17:50.900,0.759,1.593,-0.07
2025-12-08T23:17:50.910,0.659,1.655,0.041
2025-12-08T23:17:50.920,0.542,1.61,0.066
2025-12-08T23:17:50.930,0.494,1.642,0.168
2025-12-08T23:17:50.940,0.462,1.629,0.26
2025-12-08T23:17:50.950,0.4,1.591,0.257
2025-12-08T23:17:50.960,0.352,1.656,0.387
2025-12-08T23:17:50.970,0.276,1.652,0.486
2025-12-08T23:17:50.980,0.182,1.681,0.522
2025-12-08T23:17:50.990,0.114,1.838,0.651
2025-12-08T23:17:51.000,0.04,1.928,0.637
2025-12-08T23:17:51.010,-0.02,2.033,0.615
2025-12-08T23:17:51.020,-0.078,2.158,0.755
2025-12-08T23:17:51.030,-0.165,2.185,0.826
2025-12-08T23:17:51.040,-0.216,2.233,0.969
2025-12-08T23:17:51.050,-0.262,2.277,1.234
2025-12-08T23:17:51.060,-0.341,2.227,1.444
2025-12-08T23:17:51.070,-0.394,2.234,1.768
2025-12-08T23:17:51.080,-0.432,2.245,2.098
2025-12-08T23:17:51.090,-0.474,2.195,2.233
2025-12-08T23:17:51.100,-0.51,2.264,2.358
2025-12-08T23:17:51.110,-0.552,2.312,2.388
2025-12-08T23:17:51.120,-0.59,2.313,2.306
2025-12-08T23:17:51.130,-0.612,2.417,2.369
2025-12-08T23:17:51.140,-0.638,2.44,2.444
2025-12-08T23:17:51.150,-0.678,2.47,2.494
2025-12-08T23:17:51.160,-0.716,2.545,2.658
2025-12-08T23:17:51.170,-0.779,2.477,2.702
2025-12-08T23:17:51.180,-0.831,2.407,2.682
2025-12-08T23:17:51.190,-0.837,2.37,2.741
2025-12-08T23:17:51.200,-0.874,2.269,2.676
2025-12-08T23:17:51.210,-0.905,2.201,2.65
2025-12-08T23:17:51.220,-0.915,2.163,2.708
2025-12-08T23:17:51.230,-0.961,2.098,2.605
2025-12-08T23:17:51.240,-0.96,2.112,2.506
2025-12-08T23:17:51.250,-0.924,2.12,2.385
2025-12-08T23:17:51.260,-0.907,2.043,2.125
2025-12-08T23:17:51.270,-0.877,2.026,2.041
2025-12-08T23:17:51.280,-0.866,1.971,2.066
2025-12-08T23:17:51.290,-0.854,1.871,2.008
2025-12-08T23:17:51.300,-0.794,1.871,2.048
2025-12-08T23:17:51.310,-0.719,1.812,1.999
2025-12-08T23:17:51.320,-0.642,1.734,1.848
2025-12-08T23:17:51.330,-0.601,1.734,1.86
2025-12-08T23:17:51.340,-0.648,1.632,1.853
2025-12-08T23:17:51.350,-0.721,1.514,1.84
2025-12-08T23:17:51.360,-0.757,1.447,1.871
2025-12-08T23:17:51.370,-0.764,1.31,1.676
2025-12-08T23:17:51.380,-0.698,1.256,1.396
2025-12-08T23:17:51.390,-0.614,1.268,1.196
2025-12-08T23:17:51.400,-0.573,1.218,0.995
2025-12-08T23:17:51.410,-0.492,1.23,1.006
2025-12-08T23:17:51.420,-0.425,1.214,1.153
2025-12-08T23:17:51.430,-0.391,1.119,1.146
2025-12-08T23:17:51.440,-0.314,1.106,1.122
2025-12-08T23:17:51.450,-0.244,1.048,0.983
2025-12-08T23:17:51.460,-0.181,0.939,0.717
2025-12-08T23:17:51.470,-0.088,0.908,0.606
2025-12-08T23:17:51.480,-0.004,0.773,0.428
2025-12-08T23:17:51.490,0.071,0.59,0.194
2025-12-08T23:17:51.500,0.15,0.473,0.124
2025-12-08T23:17:51.510,0.175,0.258,-0.023
2025-12-08T23:17:51.520,0.156,0.098,-0.189
2025-12-08T23:17:51.530,0.145,0.048,-0.287
2025-12-08T23:17:51.540,0.087,-0.06,-0.584
2025-12-08T23:17:51.550,0.01,-0.082,-0.863
2025-12-08T23:17:51.560,-0.062,-0.051,-0.981
2025-12-08T23:17:51.570,-0.16,-0.099,-1.184
2025-12-08T23:17:51.580,-0.21,-0.091,-1.309
2025-12-08T23:17:51.590,-0.203,-0.093,-1.376
2025-12-08T23:17:51.600,-0.174,-0.186,-1.565
2025-12-08T23:17:51.610,-0.11,-0.233,-1.624
2025-12-08T23:17:51.620,-0.073,-0.327,-1.605
2025-12-08T23:17:51.630,-0.07,-0.497,-1.63
2025-12-08T23:17:51.640,-0.038,-0.574,-1.557
2025-12-08T23:17:51.650,0.002,-0.624,-1.55
2025-12-08T23:17:51.660,0.063,-0.621,-1.627
2025-12-08T23:17:51.670,0.183,-0.512,-1.589
2025-12-08T23:17:51.680,0.311,-0.478,-1.582
2025-12-08T23:17:51.690,0.446,-0.419,-1.561
2025-12-08T23:17:51.700,0.573,-0.332,-1.424
2025-12-08T23:17:51.710,0.65,-0.378,-1.404
2025-12-08T23:17:51.720,0.73,-0.376,-1.344
2025-12-08T23:17:51.730,0.799,-0.38,-1.204
2025-12-08T23:17:51.740,0.854,-0.506,-1.247
2025-12-08T23:17:51.750,0.949,-0.566,-1.284
2025-12-08T23:17:51.760,1.006,-0.663,-1.329
2025-12-08T23:17:51.770,1.021,-0.835,-1.473
2025-12-08T23:17:51.780,1.065,-0.901,-1.422
2025-12-08T23:17:51.790,1.101,-0.989,-1.348
2025-12-08T23:17:51.800,1.133,-1.077,-1.401
2025-12-08T23:17:51.810,1.208,-1.049,-1.401
2025-12-08T23:17:51.820,1.302,-1.079,-1.559
2025-12-08T23:17:51.830,1.429,-1.079,-1.823
2025-12-08T23:17:51.840,1.597,-0.972,-1.913
2025-12-08T23:17:51.850,1.727,-0.957,-1.978
2025-12-08T23:17:51.860,1.812,-0.955,-1.921
2025-12-08T23:17:51.870,1.877,-0.963,-1.676
2025-12-08T23:17:51.880,1.909,-1.11,-1.559
2025-12-08T23:17:51.890,1.94,-1.202,-1.47
2025-12-08T23:17:51.900,1.965,-1.231,-1.336
2025-12-08T23:17:51.910,1.984,-1.308,-1.379
2025-12-08T23:17:51.920,2.037,-1.299,-1.48
2025-12-08T23:17:51.930,2.082,-1.265,-1.653
2025-12-08T23:17:51.940,2.121,-1.272,-1.963
2025-12-08T23:17:51.950,2.185,-1.188,-2.092
2025-12-08T23:17:51.960,2.246,-1.146,-2.012
2025-12-08T23:17:51.970,2.318,-1.184,-1.854
2025-12-08T23:17:51.980,2.397,-1.141,-1.552
2025-12-08T23:17:51.990,2.456,-1.143,-1.266
2025-12-08T23:17:52.000,2.508,-1.142,-1.046
2025-12-08T23:17:52.010,2.558,-1.056,-0.741
2025-12-08T23:17:52.020,2.574,-1.05,-0.53
2025-12-08T23:17:52.030,2.58,-1.014,-0.419
2025-12-08T23:17:52.040,2.575,-0.954,-0.287
2025-12-08T23:17:52.050,2.493,-0.974,-0.291
2025-12-08T23:17:52.060,2.399,-0.944,-0.29
2025-12-08T23:17:52.070,2.321,-0.918,-0.252
2025-12-08T23:17:52.080,2.219,-0.953,-0.308
2025-12-08T23:17:52.090,2.153,-0.938,-0.281
2025-12-08T23:17:52.100,2.108,-0.947,-0.254
2025-12-08T23:17:52.110,2.06,-0.986,-0.312
2025-12-08T23:17:52.120,2.063,-0.898,-0.26
2025-12-08T23:17:52.130,2.063,-0.813,-0.18
2025-12-08T23:17:52.140,2.025,-0.756,-0.098
2025-12-08T23:17:52.150,1.984,-0.606,0.167
2025-12-08T23:17:52.160,1.908,-0.539,0.344
2025-12-08T23:17:52.170,1.811,-0.488,0.359
2025-12-08T23:17:52.180,1.736,-0.354,0.399
2025-12-08T23:17:52.190,1.636,-0.328,0.244
2025-12-08T23:17:52.200,1.497,-0.298,0.059
2025-12-08T23:17:52.210,1.362,-0.234,0.048
2025-12-08T23:17:52.220,1.218,-0.287,0.017
2025-12-08T23:17:52.230,1.064,-0.282,0.112
2025-12-08T23:17:52.240,0.92,-0.247,0.311
2025-12-08T23:17:52.250,0.785,-0.307,0.339
2025-12-08T23:17:52.260,0.698,-0.257,0.375
2025-12-08T23:17:52.270,0.647,-0.184,0.481
2025-12-08T23:17:52.280,0.615,-0.169,0.52
2025-12-08T23:17:52.290,0.608,-0.06,0.722
2025-12-08T23:17:52.300,0.586,0.024,0.969
2025-12-08T23:17:52.310,0.558,0.075,1.072
2025-12-08T23:17:52.320,0.539,0.186,1.242
2025-12-08T23:17:52.330,0.476,0.215,1.301
2025-12-08T23:17:52.340,0.38,0.21,1.247
2025-12-08T23:17:52.350,0.271,0.24,1.282
2025-12-08T23:17:52.360,0.13,0.177,1.226
2025-12-08T23:17:52.370,0.001,0.14,1.184
2025-12-08T23:17:52.380,-0.113,0.169,1.234
2025-12-08T23:17:52.390,-0.25,0.11,1.145
2025-12-08T23:17:52.400,-0.369,0.13,1.046
2025-12-08T23:17:52.410,-0.47,0.2,1.006
2025-12-08T23:17:52.420,-0.586,0.201,0.879
2025-12-08T23:17:52.430,-0.678,0.311,0.908
2025-12-08T23:17:52.440,-0.753,0.391,1.067
2025-12-08T23:17:52.450,-0.837,0.358,1.059
2025-12-08T23:17:52.460,-0.87,0.357,1.052
2025-12-08T23:17:52.470,-0.91,0.284,1.01
2025-12-08T23:17:52.480,-1.007,0.188,0.881
2025-12-08T23:17:52.490,-1.081,0.188,0.936
2025-12-08T23:17:52.500,-1.152,0.16,0.979
2025-12-08T23:17:52.510,-1.218,0.164,0.887
2025-12-08T23:17:52.520,-1.244,0.279,0.808
2025-12-08T23:17:52.530,-1.295,0.337,0.613
2025-12-08T23:17:52.540,-1.368,0.428,0.433
2025-12-08T23:17:52.550,-1.432,0.562,0.453
2025-12-08T23:17:52.560,-1.503,0.576,0.501
2025-12-08T23:17:52.570,-1.534,0.637,0.648
2025-12-08T23:17:52.580,-1.533,0.71,0.886
2025-12-08T23:17:52.590,-1.517,0.711,0.931
2025-12-08T23:17:52.600,-1.432,0.806,0.92
2025-12-08T23:17:52.610,-1.317,0.898,0.917
2025-12-08T23:17:52.620,-1.193,0.942,0.825
2025-12-08T23:17:52.630,-1.041,1.038,0.819
2025-12-08T23:17:52.640,-0.928,1.072,0.788
2025-12-08T23:17:52.650,-0.866,1.06,0.687
2025-12-08T23:17:52.660,-0.815,1.122,0.717
2025-12-08T23:17:52.670,-0.792,1.152,0.744
2025-12-08T23:17:52.680,-0.774,1.204,0.763
2025-12-08T23:17:52.690,-0.734,1.343,0.862
2025-12-08T23:17:52.700,-0.724,1.396,0.865
2025-12-08T23:17:52.710,-0.725,1.449,0.839
2025-12-08T23:17:52.720,-0.715,1.501,0.869
2025-12-08T23:17:52.730,-0.747,1.426,0.779
2025-12-08T23:17:52.740,-0.756,1.396,0.72
2025-12-08T23:17:52.750,-0.734,1.363,0.77
2025-12-08T23:17:52.760,-0.747,1.264,0.692
2025-12-08T23:17:52.770,-0.748,1.261,0.634
2025-12-08T23:17:52.780,-0.766,1.252,0.581
2025-12-08T23:17:52.790,-0.838,1.161,0.373
2025-12-08T23:17:52.800,-0.904,1.144,0.296
2025-12-08T23:17:52.810,-0.954,1.116,0.247
2025-12-08T23:17:52.820,-0.981,1.033,0.044
2025-12-08T23:17:52.830,-0.96,1.009,-0.105
2025-12-08T23:17:52.840,-0.918,0.922,-0.286
2025-12-08T23:17:52.850,-0.875,0.854,-0.453
2025-12-08T23:17:52.860,-0.827,0.865,-0.389
2025-12-08T23:17:52.870,-0.813,0.78,-0.31
2025-12-08T23:17:52.880,-0.804,0.718,-0.242
2025-12-08T23:17:52.890,-0.788,0.711,-0.103
2025-12-08T23:17:52.900,-0.819,0.66,-0.164
2025-12-08T23:17:52.910,-0.828,0.618,-0.343
2025-12-08T23:17:52.920,-0.832,0.549,-0.522
2025-12-08T23:17:52.930,-0.867,0.405,-0.79
2025-12-08T23:17:52.940,-0.865,0.313,-0.898
2025-12-08T23:17:52.950,-0.869,0.232,-0.86
2025-12-08T23:17:52.960,-0.863,0.104,-0.838
2025-12-08T23:17:52.970,-0.791,0.088,-0.717
2025-12-08T23:17:52.980,-0.711,0.05,-0.65
2025-12-08T23:17:52.990,-0.624,-0.023,-0.678
2025-12-08T23:17:53.000,-0.538,-0.017,-0.557
2025-12-08T23:17:53.010,-0.521,-0.12,-0.432
2025-12-08T23:17:53.020,-0.535,-0.222,-0.35
2025-12-08T23:17:53.030,-0.554,-0.262,-0.214
2025-12-08T23:17:53.040,-0.633,-0.406,-0.288
2025-12-08T23:17:53.050,-0.71,-0.522,-0.442
2025-12-08T23:17:53.060,-0.755,-0.595,-0.506
2025-12-08T23:17:53.070,-0.829,-0.753,-0.703
2025-12-08T23:17:53.080,-0.882,-0.864,-0.8
2025-12-08T23:17:53.090,-0.915,-0.955,-0.723
2025-12-08T23:17:53.100,-0.976,-1.133,-0.718
2025-12-08T23:17:53.110,-1.011,-1.216,-0.637
2025-12-08T23:17:53.120,-1.053,-1.282,-0.567
2025-12-08T23:17:53.130,-1.142,-1.385,-0.657
2025-12-08T23:17:53.140,-1.22,-1.395,-0.669
2025-12-08T23:17:53.150,-1.282,-1.471,-0.707
2025-12-08T23:17:53.160,-1.361,-1.546,-0.824
2025-12-08T23:17:53.170,-1.446,-1.523,-0.784
2025-12-08T23:17:53.180,-1.533,-1.609,-0.779
2025-12-08T23:17:53.190,-1.614,-1.719,-0.794
2025-12-08T23:17:53.200,-1.672,-1.775,-0.724
2025-12-08T23:17:53.210,-1.739,-1.934,-0.84
2025-12-08T23:17:53.220,-1.774,-2.04,-0.967
2025-12-08T23:17:53.230,-1.744,-2.061,-0.954
2025-12-08T23:17:53.240,-1.68,-2.142,-1.008
2025-12-08T23:17:53.250,-1.561,-2.102,-1.04
2025-12-08T23:17:53.260,-1.447,-1.999,-1.036
2025-12-08T23:17:53.270,-1.384,-1.932,-1.098
2025-12-08T23:17:53.280,-1.316,-1.76,-0.979
2025-12-08T23:17:53.290,-1.262,-1.64,-0.721
2025-12-08T23:17:53.300,-1.192,-1.605,-0.562
2025-12-08T23:17:53.310,-1.062,-1.506,-0.353
2025-12-08T23:17:53.320,-0.925,-1.489,-0.22
2025-12-08T23:17:53.330,-0.793,-1.532,-0.23
2025-12-08T23:17:53.340,-0.634,-1.506,-0.18
2025-12-08T23:17:53.350,-0.49,-1.577,-0.259
2025-12-08T23:17:53.360,-0.362,-1.671,-0.375
2025-12-08T23:17:53.370,-0.234,-1.662,-0.265
2025-12-08T23:17:53.380,-0.154,-1.718,-0.138
2025-12-08T23:17:53.390,-0.098,-1.696,0.03
2025-12-08T23:17:53.400,-0.057,-1.584,0.29
2025-12-08T23:17:53.410,-0.063,-1.566,0.351
2025-12-08T23:17:53.420,-0.049,-1.479,0.332
2025-12-08T23:17:53.430,0.015,-1.38,0.341
2025-12-08T23:17:53.440,0.073,-1.359,0.215
2025-12-08T23:17:53.450,0.135,-1.263,0.191
2025-12-08T23:17:53.460,0.203,-1.213,0.278
2025-12-08T23:17:53.470,0.244,-1.258,0.288
2025-12-08T23:17:53.480,0.318,-1.256,0.384
2025-12-08T23:17:53.490,0.412,-1.304,0.427
2025-12-08T23:17:53.500,0.511,-1.369,0.346
2025-12-08T23:17:53.510,0.649,-1.326,0.382
2025-12-08T23:17:53.520,0.773,-1.338,0.378
2025-12-08T23:17:53.530,0.916,-1.362,0.312
2025-12-08T23:17:53.540,1.094,-1.299,0.342
2025-12-08T23:17:53.550,1.266,-1.326,0.285
2025-12-08T23:17:53.560,1.446,-1.357,0.26
2025-12-08T23:17:53.570,1.568,-1.363,0.453
2025-12-08T23:17:53.580,1.621,-1.46,0.646
2025-12-08T23:17:53.590,1.693,-1.477,0.862
2025-12-08T23:17:53.600,1.769,-1.456,1.046
2025-12-08T23:17:53.610,1.828,-1.501,0.938
2025-12-08T23:17:53.620,1.91,-1.468,0.739
2025-12-08T23:17:53.630,1.998,-1.432,0.569
2025-12-08T23:17:53.640,2.086,-1.43,0.438
2025-12-08T23:17:53.650,2.187,-1.348,0.579
2025-12-08T23:17:53.660,2.244,-1.302,0.808
2025-12-08T23:17:53.670,2.258,-1.294,0.93
2025-12-08T23:17:53.680,2.274,-1.203,1.051
2025-12-08T23:17:53.690,2.268,-1.156,1.019
2025-12-08T23:17:53.700,2.266,-1.118,0.888
2025-12-08T23:17:53.710,2.31,-1.036,0.907
2025-12-08T23:17:53.720,2.311,-1.046,0.959
2025-12-08T23:17:53.730,2.274,-1.041,1.028
2025-12-08T23:17:53.740,2.246,-1.024,1.151
2025-12-08T23:17:53.750,2.171,-1.104,1.095
2025-12-08T23:17:53.760,2.09,-1.105,0.938
2025-12-08T23:17:53.770,2.004,-1.064,0.793
2025-12-08T23:17:53.780,1.867,-1.083,0.526
2025-12-08T23:17:53.790,1.743,-1.022,0.375
2025-12-08T23:17:53.800,1.614,-0.958,0.365
2025-12-08T23:17:53.810,1.485,-0.953,0.291
2025-12-08T23:17:53.820,1.408,-0.857,0.307
2025-12-08T23:17:53.830,1.316,-0.774,0.3
2025-12-08T23:17:53.840,1.207,-0.731,0.218
2025-12-08T23:17:53.850,1.12,-0.631,0.275
2025-12-08T23:17:53.860,1.034,-0.613,0.312
2025-12-08T23:17:53.870,0.985,-0.583,0.292
2025-12-08T23:17:53.880,0.965,-0.458,0.266
2025-12-08T23:17:53.890,0.906,-0.417,0.033
2025-12-08T23:17:53.900,0.829,-0.351,-0.226
2025-12-08T23:17:53.910,0.744,-0.246,-0.285
2025-12-08T23:17:53.920,0.642,-0.246,-0.311
2025-12-08T23:17:53.930,0.579,-0.181,-0.253
2025-12-08T23:17:53.940,0.535,-0.086,-0.162
2025-12-08T23:17:53.950,0.476,-0.084,-0.26
2025-12-08T23:17:53.960,0.446,-0.004,-0.35
2025-12-08T23:17:53.970,0.422,0.059,-0.398
2025-12-08T23:17:53.980,0.371,0.061,-0.46
2025-12-08T23:17:53.990,0.321,0.136,-0.294
2025-12-08T23:17:54.000,0.261,0.11,-0.107
2025-12-08T23:17:54.010,0.198,0.027,-0.107
2025-12-08T23:17:54.020,0.149,0.05,-0.136
2025-12-08T23:17:54.030,0.055,0.021,-0.341
2025-12-08T23:17:54.040,-0.075,-0.04,-0.631
2025-12-08T23:17:54.050,-0.184,-0.066,-0.73
2025-12-08T23:17:54.060,-0.32,-0.168,-0.842
2025-12-08T23:17:54.070,-0.492,-0.219,-0.951
2025-12-08T23:17:54.080,-0.673,-0.19,-0.972
2025-12-08T23:17:54.090,-0.868,-0.226,-1.138
2025-12-08T23:17:54.100,-1.041,-0.191,-1.305
2025-12-08T23:17:54.110,-1.179,-0.118,-1.393
2025-12-08T23:17:54.120,-1.31,-0.12,-1.598
2025-12-08T23:17:54.130,-1.416,-0.07,-1.74
2025-12-08T23:17:54.140,-1.498,-0.046,-1.805
2025-12-08T23:17:54.150,-1.602,-0.061,-1.869
2025-12-08T23:17:54.160,-1.715,0.004,-1.737
2025-12-08T23:17:54.170,-1.822,0.007,-1.552
2025-12-08T23:17:54.180,-1.928,-0.04,-1.43
2025-12-08T23:17:54.190,-2.03,-0.007,-1.256
2025-12-08T23:17:54.200,-2.175,-0.026,-1.173
2025-12-08T23:17:54.210,-2.313,-0.024,-1.17
2025-12-08T23:17:54.220,-2.383,0.093,-1.133
2025-12-08T23:17:54.230,-2.444,0.142,-1.261
2025-12-08T23:17:54.240,-2.461,0.237,-1.446
2025-12-08T23:17:54.250,-2.447,0.389,-1.42
2025-12-08T23:17:54.260,-2.466,0.429,-1.32
2025-12-08T23:17:54.270,-2.435,0.498,-1.081
2025-12-08T23:17:54.280,-2.355,0.554,-0.741
2025-12-08T23:17:54.290,-2.287,0.554,-0.56
2025-12-08T23:17:54.300,-2.221,0.685,-0.324
2025-12-08T23:17:54.310,-2.194,0.838,-0.096
2025-12-08T23:17:54.320,-2.201,0.922,-0.093
2025-12-08T23:17:54.330,-2.18,1.056,-0.099
2025-12-08T23:17:54.340,-2.165,1.114,-0.144
2025-12-08T23:17:54.350,-2.16,1.09,-0.216
2025-12-08T23:17:54.360,-2.124,1.131,-0.091
2025-12-08T23:17:54.370,-2.11,1.097,0.032
2025-12-08T23:17:54.380,-2.09,1.062,0.055
2025-12-08T23:17:54.390,-2.015,1.138,0.126
2025-12-08T23:17:54.400,-1.92,1.179,0.051
2025-12-08T23:17:54.410,-1.797,1.306,-0.092
2025-12-08T23:17:54.420,-1.646,1.516,-0.073
2025-12-08T23:17:54.430,-1.492,1.617,-0.08
2025-12-08T23:17:54.440,-1.329,1.72,-0.004
2025-12-08T23:17:54.450,-1.154,1.816,0.131
2025-12-08T23:17:54.460,-0.976,1.808,0.019
2025-12-08T23:17:54.470,-0.794,1.852,-0.109
2025-12-08T23:17:54.480,-0.642,1.856,-0.168
2025-12-08T23:17:54.490,-0.545,1.752,-0.25
2025-12-08T23:17:54.500,-0.46,1.724,-0.18
2025-12-08T23:17:54.510,-0.397,1.641,-0.138
2025-12-08T23:17:54.520,-0.355,1.528,-0.216
2025-12-08T23:17:54.530,-0.289,1.527,-0.163
2025-12-08T23:17:54.540,-0.243,1.456,-0.119
2025-12-08T23:17:54.550,-0.191,1.378,-0.11
2025-12-08T23:17:54.560,-0.081,1.369,0.016
2025-12-08T23:17:54.570,0.034,1.304,0.021
2025-12-08T23:17:54.580,0.172,1.297,0.007
2025-12-08T23:17:54.590,0.318,1.374,0.123
2025-12-08T23:17:54.600,0.415,1.385,0.12
2025-12-08T23:17:54.610,0.515,1.399,0.152
2025-12-08T23:17:54.620,0.617,1.41,0.287
2025-12-08T23:17:54.630,0.687,1.312,0.309
2025-12-08T23:17:54.640,0.774,1.259,0.357
2025-12-08T23:17:54.650,0.856,1.192,0.333
2025-12-08T23:17:54.660,0.919,1.047,0.078
2025-12-08T23:17:54.670,0.999,1.011,-0.128
2025-12-08T23:17:54.680,1.031,0.936,-0.286
2025-12-08T23:17:54.690,1.004,0.82,-0.424
2025-12-08T23:17:54.700,0.99,0.81,-0.35
2025-12-08T23:17:54.710,0.981,0.736,-0.313
2025-12-08T23:17:54.720,1.004,0.657,-0.396
2025-12-08T23:17:54.730,1.079,0.643,-0.403
2025-12-08T23:17:54.740,1.173,0.553,-0.487
2025-12-08T23:17:54.750,1.284,0.515,-0.503
2025-12-08T23:17:54.760,1.379,0.512,-0.253
2025-12-08T23:17:54.770,1.421,0.405,0.023
2025-12-08T23:17:54.780,1.425,0.362,0.341
2025-12-08T23:17:54.790,1.452,0.325,0.602
2025-12-08T23:17:54.800,1.498,0.216,0.572
2025-12-08T23:17:54.810,1.554,0.214,0.513
2025-12-08T23:17:54.820,1.592,0.177,0.508
2025-12-08T23:17:54.830,1.571,0.081,0.455
2025-12-08T23:17:54.840,1.571,0.099,0.51
2025-12-08T23:17:54.850,1.574,0.066,0.522
2025-12-08T23:17:54.860,1.559,-0.02,0.461
2025-12-08T23:17:54.870,1.575,-0.043,0.624
2025-12-08T23:17:54.880,1.551,-0.12,0.793
2025-12-08T23:17:54.890,1.506,-0.148,0.875
2025-12-08T23:17:54.900,1.483,-0.087,1.01
2025-12-08T23:17:54.910,1.4,-0.114,0.973
2025-12-08T23:17:54.920,1.293,-0.143,0.944
2025-12-08T23:17:54.930,1.204,-0.169,1.063
2025-12-08T23:17:54.940,1.103,-0.303,1.034
2025-12-08T23:17:54.950,1.039,-0.355,1.003
2025-12-08T23:17:54.960,0.998,-0.337,0.999
2025-12-08T23:17:54.970,0.909,-0.373,0.86
2025-12-08T23:17:54.980,0.817,-0.329,0.863
2025-12-08T23:17:54.990,0.753,-0.312,0.96
2025-12-08T23:17:55.000,0.683,-0.356,0.977
2025-12-08T23:17:55.010,0.647,-0.282,1.127
2025-12-08T23:17:55.020,0.641,-0.225,1.209
2025-12-08T23:17:55.030,0.61,-0.161,1.096
2025-12-08T23:17:55.040,0.59,0.005,1.045
2025-12-08T23:17:55.050,0.566,0.097,0.933
2025-12-08T23:17:55.060,0.508,0.198,0.828
2025-12-08T23:17:55.070,0.444,0.348,0.911
2025-12-08T23:17:55.080,0.364,0.344,0.899
2025-12-08T23:17:55.090,0.298,0.321,0.868
2025-12-08T23:17:55.100,0.248,0.333,0.936
2025-12-08T23:17:55.110,0.189,0.224,0.873
2025-12-08T23:17:55.120,0.174,0.153,0.847
2025-12-08T23:17:55.130,0.177,0.133,0.912
2025-12-08T23:17:55.140,0.152,0.095,0.903
2025-12-08T23:17:55.150,0.15,0.177,1.018
2025-12-08T23:17:55.160,0.17,0.256,1.142
2025-12-08T23:17:55.170,0.222,0.273,1.102
2025-12-08T23:17:55.180,0.326,0.351,1.148
2025-12-08T23:17:55.190,0.408,0.353,1.195
2025-12-08T23:17:55.200,0.441,0.311,1.241
2025-12-08T23:17:55.210,0.459,0.355,1.444
2025-12-08T23:17:55.220,0.439,0.298,1.479
2025-12-08T23:17:55.230,0.402,0.191,1.338
2025-12-08T23:17:55.240,0.398,0.15,1.24
2025-12-08T23:17:55.250,0.388,0.042,1.058
2025-12-08T23:17:55.260,0.385,0.009,0.922
2025-12-08T23:17:55.270,0.433,0.071,0.887
2025-12-08T23:17:55.280,0.458,0.067,0.639
2025-12-08T23:17:55.290,0.455,0.139,0.324
2025-12-08T23:17:55.300,0.426,0.228,0.128
2025-12-08T23:17:55.310,0.333,0.225,-0.061
2025-12-08T23:17:55.320,0.263,0.283,-0.004
2025-12-08T23:17:55.330,0.223,0.35,0.252
2025-12-08T23:17:55.340,0.171,0.382,0.352
2025-12-08T23:17:55.350,0.15,0.495,0.375
2025-12-08T23:17:55.360,0.128,0.564,0.263
2025-12-08T23:17:55.370,0.098,0.522,0.024
2025-12-08T23:17:55.380,0.079,0.489,-0.026
2025-12-08T23:17:55.390,0.021,0.388,0.023
2025-12-08T23:17:55.400,-0.057,0.298,0.046
2025-12-08T23:17:55.410,-0.124,0.31,0.097
2025-12-08T23:17:55.420,-0.216,0.262,-0.006
2025-12-08T23:17:55.430,-0.318,0.246,-0.186
2025-12-08T23:17:55.440,-0.442,0.266,-0.231
2025-12-08T23:17:55.450,-0.599,0.195,-0.255
2025-12-08T23:17:55.460,-0.708,0.177,-0.2
2025-12-08T23:17:55.470,-0.765,0.193,-0.113
2025-12-08T23:17:55.480,-0.809,0.176,-0.217
2025-12-08T23:17:55.490,-0.802,0.242,-0.368
2025-12-08T23:17:55.500,-0.791,0.293,-0.524
2025-12-08T23:17:55.510,-0.816,0.268,-0.725
2025-12-08T23:17:55.520,-0.804,0.289,-0.779
2025-12-08T23:17:55.530,-0.815,0.239,-0.765
2025-12-08T23:17:55.540,-0.875,0.14,-0.785
2025-12-08T23:17:55.550,-0.891,0.139,-0.735
2025-12-08T23:17:55.560,-0.898,0.103,-0.774
2025-12-08T23:17:55.570,-0.93,0.097,-0.882
2025-12-08T23:17:55.580,-0.96,0.151,-0.856
2025-12-08T23:17:55.590,-1.024,0.093,-0.865
2025-12-08T23:17:55.600,-1.097,0.061,-0.852
2025-12-08T23:17:55.610,-1.126,0.077,-0.767
2025-12-08T23:17:55.620,-1.151,0.013,-0.874
2025-12-08T23:17:55.630,-1.177,-0.011,-0.948
2025-12-08T23:17:55.640,-1.196,-0.024,-0.887
2025-12-08T23:17:55.650,-1.242,-0.112,-0.953
2025-12-08T23:17:55.660,-1.252,-0.124,-1.022
2025-12-08T23:17:55.670,-1.221,-0.117,-1.113
2025-12-08T23:17:55.680,-1.197,-0.149,-1.281
2025-12-08T23:17:55.690,-1.174,-0.094,-1.229
2025-12-08T23:17:55.700,-1.204,-0.07,-1.068
2025-12-08T23:17:55.710,-1.272,-0.078,-0.986
2025-12-08T23:17:55.720,-1.332,-0.028,-0.855
2025-12-08T23:17:55.730,-1.415,-0.074,-0.812
2025-12-08T23:17:55.740,-1.492,-0.16,-0.853
2025-12-08T23:17:55.750,-1.533,-0.191,-0.795
2025-12-08T23:17:55.760,-1.563,-0.286,-0.823
2025-12-08T23:17:55.770,-1.558,-0.372,-0.879
2025-12-08T23:17:55.780,-1.518,-0.426,-0.851
2025-12-08T23:17:55.790,-1.463,-0.581,-0.926
2025-12-08T23:17:55.800,-1.364,-0.652,-0.961
2025-12-08T23:17:55.810,-1.25,-0.67,-0.899
2025-12-08T23:17:55.820,-1.176,-0.787,-0.896
2025-12-08T23:17:55.830,-1.113,-0.819,-0.77
2025-12-08T23:17:55.840,-1.094,-0.86,-0.562
2025-12-08T23:17:55.850,-1.144,-0.96,-0.507
2025-12-08T23:17:55.860,-1.195,-0.953,-0.455
2025-12-08T23:17:55.870,-1.266,-0.973,-0.462
2025-12-08T23:17:55.880,-1.368,-1.035,-0.59
2025-12-08T23:17:55.890,-1.434,-1.055,-0.592
2025-12-08T23:17:55.900,-1.482,-1.17,-0.624
2025-12-08T23:17:55.910,-1.498,-1.313,-0.725
2025-12-08T23:17:55.920,-1.453,-1.373,-0.729
2025-12-08T23:17:55.930,-1.401,-1.477,-0.822
2025-12-08T23:17:55.940,-1.332,-1.532,-0.945
2025-12-08T23:17:55.950,-1.224,-1.477,-0.951
2025-12-08T23:17:55.960,-1.116,-1.448,-0.961
2025-12-08T23:17:55.970,-0.971,-1.328,-0.879
2025-12-08T23:17:55.980,-0.803,-1.162,-0.647
2025-12-08T23:17:55.990,-0.679,-1.077,-0.462
2025-12-08T23:17:56.000,-0.569,-0.939,-0.273
2025-12-08T23:17:56.010,-0.484,-0.817,-0.082
2025-12-08T23:17:56.020,-0.455,-0.769,-0.029
2025-12-08T23:17:56.030,-0.447,-0.653,0.044
2025-12-08T23:17:56.040,-0.477,-0.594,0.091
2025-12-08T23:17:56.050,-0.544,-0.617,0.05
2025-12-08T23:17:56.060,-0.61,-0.596,0.086
2025-12-08T23:17:56.070,-0.703,-0.665,0.049
2025-12-08T23:17:56.080,-0.781,-0.74,-0.073
2025-12-08T23:17:56.090,-0.777,-0.728,-0.153
2025-12-08T23:17:56.100,-0.741,-0.752,-0.31
2025-12-08T23:17:56.110,-0.663,-0.667,-0.41
2025-12-08T23:17:56.120,-0.548,-0.504,-0.357
2025-12-08T23:17:56.130,-0.462,-0.434,-0.35
2025-12-08T23:17:56.140,-0.361,-0.33,-0.239
2025-12-08T23:17:56.150,-0.276,-0.226,-0.004
2025-12-08T23:17:56.160,-0.251,-0.209,0.071
2025-12-08T23:17:56.170,-0.206,-0.143,0.095
2025-12-08T23:17:56.180,-0.155,-0.12,0.002
2025-12-08T23:17:56.190,-0.132,-0.229,-0.333
2025-12-08T23:17:56.200,-0.102,-0.3,-0.55
2025-12-08T23:17:56.210,-0.095,-0.428,-0.689
2025-12-08T23:17:56.220,-0.093,-0.603,-0.884
2025-12-08T23:17:56.230,-0.036,-0.643,-0.91
2025-12-08T23:17:56.240,0.032,-0.71,-0.931
2025-12-08T23:17:56.250,0.09,-0.746,-0.974
2025-12-08T23:17:56.260,0.18,-0.664,-0.84
2025-12-08T23:17:56.270,0.273,-0.656,-0.732
2025-12-08T23:17:56.280,0.378,-0.617,-0.59
2025-12-08T23:17:56.290,0.497,-0.52,-0.334
2025-12-08T23:17:56.300,0.572,-0.516,-0.263
2025-12-08T23:17:56.310,0.632,-0.487,-0.283
2025-12-08T23:17:56.320,0.676,-0.46,-0.293
2025-12-08T23:17:56.330,0.678,-0.523,-0.431
2025-12-08T23:17:56.340,0.683,-0.528,-0.509
2025-12-08T23:17:56.350,0.648,-0.54,-0.532
2025-12-08T23:17:56.360,0.569,-0.634,-0.694
2025-12-08T23:17:56.370,0.527,-0.662,-0.817
2025-12-08T23:17:56.380,0.469,-0.702,-0.933
2025-12-08T23:17:56.390,0.395,-0.756,-1.077
2025-12-08T23:17:56.400,0.366,-0.696,-1.01
2025-12-08T23:17:56.410,0.341,-0.677,-0.885
2025-12-08T23:17:56.420,0.358,-0.65,-0.776
2025-12-08T23:17:56.430,0.433,-0.517,-0.586
2025-12-08T23:17:56.440,0.482,-0.442,-0.549
2025-12-08T23:17:56.450,0.512,-0.337,-0.587
2025-12-08T23:17:56.460,0.522,-0.21,-0.559
2025-12-08T23:17:56.470,0.47,-0.198,-0.633
2025-12-08T23:17:56.480,0.407,-0.141,-0.677
2025-12-08T23:17:56.490,0.332,-0.092,-0.721
2025-12-08T23:17:56.500,0.233,-0.138,-0.963
2025-12-08T23:17:56.510,0.171,-0.086,-1.118
2025-12-08T23:17:56.520,0.124,-0.041,-1.192
2025-12-08T23:17:56.530,0.087,-0.071,-1.338
2025-12-08T23:17:56.540,0.105,-0.008,-1.285
2025-12-08T23:17:56.550,0.146,0.004,-1.163
2025-12-08T23:17:56.560,0.209,-0.016,-1.108
2025-12-08T23:17:56.570,0.326,0.071,-0.925
2025-12-08T23:17:56.580,0.458,0.087,-0.846
2025-12-08T23:17:56.590,0.579,0.107,-0.843
2025-12-08T23:17:56.600,0.687,0.219,-0.636
2025-12-08T23:17:56.610,0.746,0.234,-0.437
2025-12-08T23:17:56.620,0.783,0.247,-0.229
2025-12-08T23:17:56.630,0.811,0.301,0.032
2025-12-08T23:17:56.640,0.802,0.253,0.073
2025-12-08T23:17:56.650,0.771,0.264,0.084
2025-12-08T23:17:56.660,0.702,0.316,0.162
2025-12-08T23:17:56.670,0.631,0.263,0.076
2025-12-08T23:17:56.680,0.6,0.288,0.048
2025-12-08T23:17:56.690,0.557,0.341,0.08
2025-12-08T23:17:56.700,0.536,0.356,-0.012
2025-12-08T23:17:56.710,0.547,0.499,0.054
2025-12-08T23:17:56.720,0.534,0.603,0.184
2025-12-08T23:17:56.730,0.526,0.647,0.241
2025-12-08T23:17:56.740,0.553,0.783,0.417
2025-12-08T23:17:56.750,0.596,0.817,0.472
2025-12-08T23:17:56.760,0.644,0.829,0.364
2025-12-08T23:17:56.770,0.674,0.923,0.304
2025-12-08T23:17:56.780,0.66,0.913,0.14
2025-12-08T23:17:56.790,0.65,0.902,0.02
2025-12-08T23:17:56.800,0.648,0.917,0.102
2025-12-08T23:17:56.810,0.59,0.851,0.097
2025-12-08T23:17:56.820,0.533,0.858,0.064
2025-12-08T23:17:56.830,0.495,0.899,0.077
2025-12-08T23:17:56.840,0.447,0.874,0.022
2025-12-08T23:17:56.850,0.448,0.951,0.177
2025-12-08T23:17:56.860,0.486,1.013,0.437
2025-12-08T23:17:56.870,0.525,0.994,0.485
2025-12-08T23:17:56.880,0.587,1.091,0.526
2025-12-08T23:17:56.890,0.629,1.134,0.501
2025-12-08T23:17:56.900,0.603,1.122,0.419
2025-12-08T23:17:56.910,0.571,1.18,0.58
2025-12-08T23:17:56.920,0.539,1.135,0.74
2025-12-08T23:17:56.930,0.484,1.079,0.793
2025-12-08T23:17:56.940,0.445,1.068,0.86
2025-12-08T23:17:56.950,0.39,0.961,0.735
2025-12-08T23:17:56.960,0.321,0.887,0.558
2025-12-08T23:17:56.970,0.248,0.859,0.49
2025-12-08T23:17:56.980,0.136,0.747,0.365
2025-12-08T23:17:56.990,0.038,0.703,0.376
2025-12-08T23:17:57.000,-0.062,0.667,0.54
2025-12-08T23:17:57.010,-0.18,0.519,0.551
2025-12-08T23:17:57.020,-0.249,0.427,0.535
2025-12-08T23:17:57.030,-0.304,0.325,0.527
2025-12-08T23:17:57.040,-0.365,0.19,0.469
2025-12-08T23:17:57.050,-0.384,0.163,0.595
2025-12-08T23:17:57.060,-0.401,0.114,0.686
2025-12-08T23:17:57.070,-0.441,0.054,0.551
2025-12-08T23:17:57.080,-0.485,0.088,0.405
2025-12-08T23:17:57.090,-0.578,0.048,0.179
2025-12-08T23:17:57.100,-0.692,-0.022,0.032
2025-12-08T23:17:57.110,-0.77,-0.053,0.163
2025-12-08T23:17:57.120,-0.875,-0.187,0.285
2025-12-08T23:17:57.130,-0.987,-0.288,0.354
2025-12-08T23:17:57.140,-1.061,-0.338,0.398
2025-12-08T23:17:57.150,-1.132,-0.432,0.246
2025-12-08T23:17:57.160,-1.139,-0.425,0.107
2025-12-08T23:17:57.170,-1.07,-0.387,0.107
2025-12-08T23:17:57.180,-1.02,-0.4,0.075
2025-12-08T23:17:57.190,-0.991,-0.343,0.171
2025-12-08T23:17:57.200,-0.988,-0.302,0.344
2025-12-08T23:17:57.210,-1.032,-0.339,0.391
2025-12-08T23:17:57.220,-1.063,-0.301,0.503
2025-12-08T23:17:57.230,-1.07,-0.277,0.592
2025-12-08T23:17:57.240,-1.06,-0.282,0.537
2025-12-08T23:17:57.250,-1.0,-0.191,0.516
2025-12-08T23:17:57.260,-0.935,-0.171,0.427
2025-12-08T23:17:57.270,-0.87,-0.145,0.312
2025-12-08T23:17:57.280,-0.778,-0.045,0.382
2025-12-08T23:17:57.290,-0.713,-0.039,0.464
2025-12-08T23:17:57.300,-0.666,0.004,0.529
2025-12-08T23:17:57.310,-0.634,0.074,0.655
2025-12-08T23:17:57.320,-0.647,0.047,0.647
2025-12-08T23:17:57.330,-0.635,0.054,0.617
2025-12-08T23:17:57.340,-0.611,0.071,0.632
2025-12-08T23:17:57.350,-0.614,0.004,0.535
2025-12-08T23:17:57.360,-0.587,-0.042,0.485
2025-12-08T23:17:57.370,-0.578,-0.102,0.454
2025-12-08T23:17:57.380,-0.614,-0.202,0.353
2025-12-08T23:17:57.390,-0.624,-0.199,0.333
2025-12-08T23:17:57.400,-0.612,-0.221,0.219
2025-12-08T23:17:57.410,-0.572,-0.281,-0.018
2025-12-08T23:17:57.420,-0.47,-0.239,-0.121
2025-12-08T23:17:57.430,-0.367,-0.252,-0.212
2025-12-08T23:17:57.440,-0.277,-0.259,-0.248
2025-12-08T23:17:57.450,-0.138,-0.207,-0.064
2025-12-08T23:17:57.460,0.011,-0.274,0.079
2025-12-08T23:17:57.470,0.163,-0.312,0.211
2025-12-08T23:17:57.480,0.333,-0.278,0.441
2025-12-08T23:17:57.490,0.474,-0.302,0.501
2025-12-08T23:17:57.500,0.63,-0.268,0.497
2025-12-08T23:17:57.510,0.808,-0.242,0.548
2025-12-08T23:17:57.520,0.958,-0.318,0.481
2025-12-08T23:17:57.530,1.116,-0.341,0.514
2025-12-08T23:17:57.540,1.288,-0.391,0.694
2025-12-08T23:17:57.550,1.452,-0.504,0.792
2025-12-08T23:17:57.560,1.64,-0.522,0.923
2025-12-08T23:17:57.570,1.823,-0.537,0.992
2025-12-08T23:17:57.580,1.989,-0.551,0.961
2025-12-08T23:17:57.590,2.179,-0.471,1.05
2025-12-08T23:17:57.600,2.345,-0.444,1.13
2025-12-08T23:17:57.610,2.476,-0.441,1.201
2025-12-08T23:17:57.620,2.59,-0.394,1.352
2025-12-08T23:17:57.630,2.642,-0.423,1.379
2025-12-08T23:17:57.640,2.699,-0.423,1.306
2025-12-08T23:17:57.650,2.792,-0.389,1.268
2025-12-08T23:17:57.660,2.86,-0.463,1.168
2025-12-08T23:17:57.670,2.959,-0.525,1.163
2025-12-08T23:17:57.680,3.077,-0.585,1.291
2025-12-08T23:17:57.690,3.165,-0.717,1.276
2025-12-08T23:17:57.700,3.257,-0.756,1.242
2025-12-08T23:17:57.710,3.289,-0.767,1.162
2025-12-08T23:17:57.720,3.244,-0.83,0.971
2025-12-08T23:17:57.730,3.176,-0.801,0.98
2025-12-08T23:17:57.740,3.078,-0.826,1.063
2025-12-08T23:17:57.750,2.99,-0.903,1.107
2025-12-08T23:17:57.760,2.963,-0.831,1.265
2025-12-08T23:17:57.770,2.963,-0.787,1.251
2025-12-08T23:17:57.780,2.958,-0.756,0.987
2025-12-08T23:17:57.790,2.957,-0.674,0.744
2025-12-08T23:17:57.800,2.951,-0.722,0.463
2025-12-08T23:17:57.810,2.954,-0.75,0.323
2025-12-08T23:17:57.820,2.986,-0.701,0.482
2025-12-08T23:17:57.830,3.024,-0.746,0.599
2025-12-08T23:17:57.840,3.07,-0.74,0.706
2025-12-08T23:17:57.850,3.12,-0.659,0.883
2025-12-08T23:17:57.860,3.155,-0.614,0.915
2025-12-08T23:17:57.870,3.191,-0.482,0.951
2025-12-08T23:17:57.880,3.204,-0.352,1.013
2025-12-08T23:17:57.890,3.157,-0.282,0.957
2025-12-08T23:17:57.900,3.073,-0.115,1.016
2025-12-08T23:17:57.910,2.943,0.006,1.078
2025-12-08T23:17:57.920,2.8,0.065,0.972
2025-12-08T23:17:57.930,2.671,0.184,0.948
2025-12-08T23:17:57.940,2.505,0.202,0.923
2025-12-08T23:17:57.950,2.332,0.168,0.914
2025-12-08T23:17:57.960,2.198,0.171,1.012
2025-12-08T23:17:57.970,2.086,0.08,0.898
2025-12-08T23:17:57.980,2.012,0.041,0.666
2025-12-08T23:17:57.990,1.974,0.105,0.523
2025-12-08T23:17:58.000,1.921,0.099,0.344
2025-12-08T23:17:58.010,1.866,0.146,0.276
2025-12-08T23:17:58.020,1.799,0.205,0.318
2025-12-08T23:17:58.030,1.67,0.127,0.26
2025-12-08T23:17:58.040,1.549,0.106,0.264
2025-12-08T23:17:58.050,1.45,0.093,0.273
2025-12-08T23:17:58.060,1.327,0.037,0.093
2025-12-08T23:17:58.070,1.229,0.102,-0.059
2025-12-08T23:17:58.080,1.112,0.113,-0.234
2025-12-08T23:17:58.090,0.938,0.073,-0.463
2025-12-08T23:17:58.100,0.767,0.118,-0.511
2025-12-08T23:17:58.110,0.598,0.084,-0.622
2025-12-08T23:17:58.120,0.457,0.048,-0.801
2025-12-08T23:17:58.130,0.378,0.115,-0.773
2025-12-08T23:17:58.140,0.315,0.137,-0.755
2025-12-08T23:17:58.150,0.266,0.171,-0.744
2025-12-08T23:17:58.160,0.271,0.218,-0.667
2025-12-08T23:17:58.170,0.293,0.191,-0.708
2025-12-08T23:17:58.180,0.325,0.255,-0.705
2025-12-08T23:17:58.190,0.359,0.338,-0.618
2025-12-08T23:17:58.200,0.347,0.325,-0.67
2025-12-08T23:17:58.210,0.328,0.391,-0.749
2025-12-08T23:17:58.220,0.3,0.436,-0.865
2025-12-08T23:17:58.230,0.247,0.426,-1.116
2025-12-08T23:17:58.240,0.208,0.517,-1.257
2025-12-08T23:17:58.250,0.136,0.57,-1.327
2025-12-08T23:17:58.260,0.042,0.565,-1.411
2025-12-08T23:17:58.270,-0.031,0.606,-1.347
2025-12-08T23:17:58.280,-0.128,0.587,-1.291
2025-12-08T23:17:58.290,-0.21,0.566,-1.284
2025-12-08T23:17:58.300,-0.233,0.619,-1.242
2025-12-08T23:17:58.310,-0.242,0.586,-1.341
2025-12-08T23:17:58.320,-0.221,0.554,-1.448
2025-12-08T23:17:58.330,-0.171,0.544,-1.431
2025-12-08T23:17:58.340,-0.123,0.446,-1.511
2025-12-08T23:17:58.350,-0.039,0.436,-1.573
2025-12-08T23:17:58.360,0.046,0.47,-1.535
2025-12-08T23:17:58.370,0.054,0.448,-1.572
2025-12-08T23:17:58.380,0.044,0.509,-1.497
2025-12-08T23:17:58.390,0.019,0.573,-1.376
2025-12-08T23:17:58.400,-0.075,0.582,-1.412
2025-12-08T23:17:58.410,-0.175,0.662,-1.379
2025-12-08T23:17:58.420,-0.291,0.669,-1.348
2025-12-08T23:17:58.430,-0.429,0.585,-1.357
2025-12-08T23:17:58.440,-0.517,0.583,-1.22
2025-12-08T23:17:58.450,-0.585,0.525,-1.124
2025-12-08T23:17:58.460,-0.623,0.424,-1.111
2025-12-08T23:17:58.470,-0.612,0.386,-1.015
2025-12-08T23:17:58.480,-0.606,0.307,-0.963
2025-12-08T23:17:58.490,-0.552,0.282,-0.951
2025-12-08T23:17:58.500,-0.427,0.328,-0.865
2025-12-08T23:17:58.510,-0.317,0.34,-0.862
2025-12-08T23:17:58.520,-0.219,0.44,-0.85
2025-12-08T23:17:58.530,-0.153,0.578,-0.741
2025-12-08T23:17:58.540,-0.158,0.642,-0.693
2025-12-08T23:17:58.550,-0.195,0.756,-0.544
2025-12-08T23:17:58.560,-0.285,0.825,-0.334
2025-12-08T23:17:58.570,-0.417,0.808,-0.237
2025-12-08T23:17:58.580,-0.559,0.875,-0.133
2025-12-08T23:17:58.590,-0.73,0.894,-0.136
2025-12-08T23:17:58.600,-0.901,0.872,-0.306
2025-12-08T23:17:58.610,-1.033,0.91,-0.435
2025-12-08T23:17:58.620,-1.174,0.844,-0.569
2025-12-08T23:17:58.630,-1.307,0.766,-0.655
2025-12-08T23:17:58.640,-1.381,0.755,-0.557
2025-12-08T23:17:58.650,-1.461,0.687,-0.474
2025-12-08T23:17:58.660,-1.505,0.691,-0.412
2025-12-08T23:17:58.670,-1.485,0.785,-0.331
2025-12-08T23:17:58.680,-1.484,0.849,-0.41
2025-12-08T23:17:58.690,-1.454,0.976,-0.421
2025-12-08T23:17:58.700,-1.414,1.108,-0.252
2025-12-08T23:17:58.710,-1.414,1.145,-0.094
2025-12-08T23:17:58.720,-1.406,1.216,0.147
2025-12-08T23:17:58.730,-1.411,1.27,0.335
2025-12-08T23:17:58.740,-1.466,1.265,0.301
2025-12-08T23:17:58.750,-1.539,1.309,0.279
2025-12-08T23:17:58.760,-1.641,1.282,0.256
2025-12-08T23:17:58.770,-1.788,1.188,0.198
2025-12-08T23:17:58.780,-1.916,1.148,0.278
2025-12-08T23:17:58.790,-1.995,1.058,0.287
2025-12-08T23:17:58.800,-2.008,0.997,0.169
2025-12-08T23:17:58.810,-1.952,1.043,0.15
2025-12-08T23:17:58.820,-1.877,1.027,0.125
2025-12-08T23:17:58.830,-1.809,1.027,0.188
2025-12-08T23:17:58.840,-1.762,1.07,0.437
2025-12-08T23:17:58.850,-1.736,1.004,0.563
2025-12-08T23:17:58.860,-1.707,0.975,0.63
2025-12-08T23:17:58.870,-1.693,0.95,0.695
2025-12-08T23:17:58.880,-1.719,0.837,0.59
2025-12-08T23:17:58.890,-1.776,0.815,0.526
2025-12-08T23:17:58.900,-1.875,0.787,0.49
2025-12-08T23:17:58.910,-2.007,0.72,0.357
2025-12-08T23:17:58.920,-2.099,0.732,0.325
2025-12-08T23:17:58.930,-2.177,0.696,0.291
2025-12-08T23:17:58.940,-2.253,0.654,0.182
2025-12-08T23:17:58.950,-2.271,0.687,0.166
2025-12-08T23:17:58.960,-2.287,0.639,0.106
2025-12-08T23:17:58.970,-2.294,0.563,0.066
2025-12-08T23:17:58.980,-2.269,0.563,0.244
2025-12-08T23:17:58.990,-2.259,0.506,0.364
2025-12-08T23:17:59.000,-2.208,0.471,0.402
2025-12-08T23:17:59.010,-2.112,0.517,0.466
2025-12-08T23:17:59.020,-2.042,0.504,0.387
2025-12-08T23:17:59.030,-1.981,0.558,0.394
2025-12-08T23:17:59.040,-1.923,0.617,0.518
2025-12-08T23:17:59.050,-1.901,0.551,0.46
2025-12-08T23:17:59.060,-1.88,0.555,0.421
2025-12-08T23:17:59.070,-1.868,0.529,0.393
2025-12-08T23:17:59.080,-1.875,0.439,0.257
2025-12-08T23:17:59.090,-1.862,0.486,0.308
2025-12-08T23:17:59.100,-1.848,0.51,0.423
2025-12-08T23:17:59.110,-1.803,0.485,0.435
2025-12-08T23:17:59.120,-1.691,0.544,0.558
2025-12-08T23:17:59.130,-1.549,0.543,0.649
2025-12-08T23:17:59.140,-1.374,0.53,0.66
2025-12-08T23:17:59.150,-1.21,0.578,0.79
2025-12-08T23:17:59.160,-1.102,0.539,0.86
2025-12-08T23:17:59.170,-1.029,0.51,0.895
2025-12-08T23:17:59.180,-0.985,0.515,0.988
2025-12-08T23:17:59.190,-0.947,0.42,0.916
2025-12-08T23:17:59.200,-0.905,0.381,0.86
2025-12-08T23:17:59.210,-0.878,0.382,0.904
2025-12-08T23:17:59.220,-0.868,0.303,0.849
2025-12-08T23:17:59.230,-0.828,0.266,0.837
2025-12-08T23:17:59.240,-0.751,0.206,0.768
2025-12-08T23:17:59.250,-0.69,0.104,0.545
2025-12-08T23:17:59.260,-0.594,0.123,0.462
2025-12-08T23:17:59.270,-0.482,0.138,0.437
2025-12-08T23:17:59.280,-0.379,0.134,0.376
2025-12-08T23:17:59.290,-0.227,0.212,0.43
2025-12-08T23:17:59.300,-0.082,0.188,0.42
2025-12-08T23:17:59.310,0.034,0.131,0.348
2025-12-08T23:17:59.320,0.133,0.109,0.389
2025-12-08T23:17:59.330,0.18,-0.051,0.307
2025-12-08T23:17:59.340,0.216,-0.172,0.202
2025-12-08T23:17:59.350,0.269,-0.235,0.261
2025-12-08T23:17:59.360,0.309,-0.392,0.203
2025-12-08T23:17:59.370,0.357,-0.487,0.182
2025-12-08T23:17:59.380,0.422,-0.561,0.267
2025-12-08T23:17:59.390,0.495,-0.691,0.211
2025-12-08T23:17:59.400,0.624,-0.701,0.243
2025-12-08T23:17:59.410,0.782,-0.672,0.297
2025-12-08T23:17:59.420,0.936,-0.692,0.195
2025-12-08T23:17:59.430,1.091,-0.633,0.225
2025-12-08T23:17:59.440,1.211,-0.643,0.336
2025-12-08T23:17:59.450,1.302,-0.725,0.387
2025-12-08T23:17:59.460,1.395,-0.706,0.494
2025-12-08T23:17:59.470,1.476,-0.747,0.51
2025-12-08T23:17:59.480,1.551,-0.806,0.414
2025-12-08T23:17:59.490,1.617,-0.798,0.435
2025-12-08T23:17:59.500,1.625,-0.865,0.414
2025-12-08T23:17:59.510,1.603,-0.919,0.303
2025-12-08T23:17:59.520,1.576,-0.953,0.217
2025-12-08T23:17:59.530,1.513,-1.077,0.039
2025-12-08T23:17:59.540,1.459,-1.154,-0.002
2025-12-08T23:17:59.550,1.436,-1.19,0.135
2025-12-08T23:17:59.560,1.415,-1.281,0.191
2025-12-08T23:17:59.570,1.43,-1.286,0.332
2025-12-08T23:17:59.580,1.457,-1.273,0.467
2025-12-08T23:17:59.590,1.459,-1.308,0.43
2025-12-08T23:17:59.600,1.503,-1.259,0.465
2025-12-08T23:17:59.610,1.536,-1.277,0.506
2025-12-08T23:17:59.620,1.498,-1.361,0.493
2025-12-08T23:17:59.630,1.467,-1.384,0.607
2025-12-08T23:17:59.640,1.414,-1.466,0.608
2025-12-08T23:17:59.650,1.341,-1.525,0.433
2025-12-08T23:17:59.660,1.302,-1.509,0.307
2025-12-08T23:17:59.670,1.242,-1.57,0.112
2025-12-08T23:17:59.680,1.179,-1.601,0.016
2025-12-08T23:17:59.690,1.147,-1.577,0.144
2025-12-08T23:17:59.700,1.11,-1.642,0.195
2025-12-08T23:17:59.710,1.105,-1.645,0.235
2025-12-08T23:17:59.720,1.135,-1.588,0.301
2025-12-08T23:17:59.730,1.142,-1.584,0.252
2025-12-08T23:17:59.740,1.141,-1.518,0.302
2025-12-08T23:17:59.750,1.154,-1.503,0.452
2025-12-08T23:17:59.760,1.155,-1.582,0.542
2025-12-08T23:17:59.770,1.158,-1.595,0.72
2025-12-08T23:17:59.780,1.143,-1.66,0.853
2025-12-08T23:17:59.790,1.103,-1.744,0.812
2025-12-08T23:17:59.800,1.086,-1.727,0.78
2025-12-08T23:17:59.810,1.044,-1.748,0.669
2025-12-08T23:17:59.820,0.978,-1.744,0.548
2025-12-08T23:17:59.830,0.92,-1.644,0.591
2025-12-08T23:17:59.840,0.82,-1.596,0.594
2025-12-08T23:17:59.850,0.731,-1.51,0.584
2025-12-08T23:17:59.860,0.672,-1.397,0.616
2025-12-08T23:17:59.870,0.593,-1.394,0.533
2025-12-08T23:17:59.880,0.537,-1.345,0.538
2025-12-08T23:17:59.890,0.499,-1.292,0.665
2025-12-08T23:17:59.900,0.428,-1.324,0.687
2025-12-08T23:17:59.910,0.373,-1.293,0.725
2025-12-08T23:17:59.920,0.318,-1.286,0.701
2025-12-08T23:17:59.930,0.206,-1.327,0.529
2025-12-08T23:17:59.940,0.105,-1.29,0.494
2025-12-08T23:17:59.950,-0.003,-1.294,0.529
2025-12-08T23:17:59.960,-0.15,-1.346,0.544
2025-12-08T23:17:59.970,-0.263,-1.341,0.628
2025-12-08T23:17:59.980,-0.377,-1.386,0.573
2025-12-08T23:17:59.990,-0.482,-1.409,0.384
2025-12-08T23:18:00.000,-0.535,-1.317,0.272
2025-12-08T23:18:00.010,-0.605,-1.252,0.166
2025-12-08T23:18:00.020,-0.681,-1.158,0.136
2025-12-08T23:18:00.030,-0.724,-1.033,0.266
2025-12-08T23:18:00.040,-0.785,-1.011,0.32
2025-12-08T23:18:00.050,-0.835,-0.972,0.336
2025-12-08T23:18:00.060,-0.866,-0.916,0.35
2025-12-08T23:18:00.070,-0.924,-0.896,0.196
2025-12-08T23:18:00.080,-0.967,-0.773,0.061
2025-12-08T23:18:00.090,-1.006,-0.659,-0.052
2025-12-08T23:18:00.100,-1.079,-0.628,-0.266
2025-12-08T23:18:00.110,-1.129,-0.544,-0.373
2025-12-08T23:18:00.120,-1.17,-0.479,-0.444
2025-12-08T23:18:00.130,-1.204,-0.423,-0.521
2025-12-08T23:18:00.140,-1.188,-0.289,-0.417
2025-12-08T23:18:00.150,-1.175,-0.212,-0.3
2025-12-08T23:18:00.160,-1.16,-0.169,-0.225
2025-12-08T23:18:00.170,-1.115,-0.089,-0.093
2025-12-08T23:18:00.180,-1.095,-0.073,-0.085
2025-12-08T23:18:00.190,-1.073,-0.037,-0.121
2025-12-08T23:18:00.200,-1.028,0.039,-0.079
2025-12-08T23:18:00.210,-1.008,0.059,-0.149
2025-12-08T23:18:00.220,-0.997,0.147,-0.194
2025-12-08T23:18:00.230,-1.015,0.248,-0.21
2025-12-08T23:18:00.240,-1.092,0.241,-0.389
2025-12-08T23:18:00.250,-1.175,0.291,-0.483
2025-12-08T23:18:00.260,-1.247,0.355,-0.52
2025-12-08T23:18:00.270,-1.318,0.371,-0.676
2025-12-08T23:18:00.280,-1.354,0.466,-0.744
2025-12-08T23:18:00.290,-1.38,0.485,-0.819
2025-12-08T23:18:00.300,-1.412,0.423,-0.984
2025-12-08T23:18:00.310,-1.388,0.422,-0.994
2025-12-08T23:18:00.320,-1.356,0.346,-0.987
2025-12-08T23:18:00.330,-1.357,0.254,-1.005
2025-12-08T23:18:00.340,-1.343,0.232,-0.882
2025-12-08T23:18:00.350,-1.342,0.157,-0.843
2025-12-08T23:18:00.360,-1.332,0.148,-0.859
2025-12-08T23:18:00.370,-1.293,0.197,-0.817
2025-12-08T23:18:00.380,-1.278,0.129,-0.939
2025-12-08T23:18:00.390,-1.248,0.098,-1.06
2025-12-08T23:18:00.400,-1.212,0.111,-1.076
2025-12-08T23:18:00.410,-1.21,0.062,-1.167
2025-12-08T23:18:00.420,-1.198,0.111,-1.145
2025-12-08T23:18:00.430,-1.198,0.175,-1.086
2025-12-08T23:18:00.440,-1.217,0.174,-1.176
2025-12-08T23:18:00.450,-1.193,0.243,-1.178
2025-12-08T23:18:00.460,-1.156,0.265,-1.175
2025-12-08T23:18:00.470,-1.118,0.266,-1.187
2025-12-08T23:18:00.480,-1.047,0.374,-1.043
2025-12-08T23:18:00.490,-0.999,0.419,-1.012
2025-12-08T23:18:00.500,-0.961,0.469,-1.108
2025-12-08T23:18:00.510,-0.903,0.584,-1.15
2025-12-08T23:18:00.520,-0.878,0.603,-1.258
2025-12-08T23:18:00.530,-0.856,0.636,-1.237
2025-12-08T23:18:00.540,-0.818,0.702,-0.99
2025-12-08T23:18:00.550,-0.8,0.66,-0.853
2025-12-08T23:18:00.560,-0.744,0.628,-0.763
2025-12-08T23:18:00.570,-0.656,0.626,-0.719
2025-12-08T23:18:00.580,-0.593,0.586,-0.888
2025-12-08T23:18:00.590,-0.523,0.66,-0.947
2025-12-08T23:18:00.600,-0.443,0.759,-0.892
2025-12-08T23:18:00.610,-0.384,0.782,-0.919
2025-12-08T23:18:00.620,-0.338,0.894,-0.851
2025-12-08T23:18:00.630,-0.304,0.949,-0.847
2025-12-08T23:18:00.640,-0.284,0.947,-0.987
2025-12-08T23:18:00.650,-0.253,1.027,-0.964
2025-12-08T23:18:00.660,-0.247,1.014,-0.917
2025-12-08T23:18:00.670,-0.265,0.961,-0.924
2025-12-08T23:18:00.680,-0.258,0.948,-0.848
2025-12-08T23:18:00.690,-0.251,0.851,-0.884
2025-12-08T23:18:00.700,-0.228,0.774,-0.935
2025-12-08T23:18:00.710,-0.197,0.763,-0.839
2025-12-08T23:18:00.720,-0.203,0.686,-0.802
2025-12-08T23:18:00.730,-0.218,0.66,-0.768
2025-12-08T23:18:00.740,-0.239,0.647,-0.718
2025-12-08T23:18:00.750,-0.268,0.531,-0.806
2025-12-08T23:18:00.760,-0.266,0.491,-0.812
2025-12-08T23:18:00.770,-0.273,0.435,-0.701
2025-12-08T23:18:00.780,-0.297,0.337,-0.673
2025-12-08T23:18:00.790,-0.265,0.343,-0.611
2025-12-08T23:18:00.800,-0.232,0.323,-0.615
2025-12-08T23:18:00.810,-0.218,0.287,-0.712
2025-12-08T23:18:00.820,-0.162,0.289,-0.663
2025-12-08T23:18:00.830,-0.119,0.224,-0.648
2025-12-08T23:18:00.840,-0.079,0.174,-0.653
2025-12-08T23:18:00.850,-0.01,0.214,-0.557
2025-12-08T23:18:00.860,0.007,0.201,-0.582
2025-12-08T23:18:00.870,0.002,0.203,-0.574
2025-12-08T23:18:00.880,-0.0,0.263,-0.414
2025-12-08T23:18:00.890,-0.037,0.244,-0.336
2025-12-08T23:18:00.900,-0.049,0.284,-0.245
2025-12-08T23:18:00.910,-0.015,0.345,-0.149
2025-12-08T23:18:00.920,0.021,0.294,-0.254
2025-12-08T23:18:00.930,0.069,0.288,-0.3
2025-12-08T23:18:00.940,0.106,0.242,-0.238
2025-12-08T23:18:00.950,0.111,0.125,-0.228
2025-12-08T23:18:00.960,0.137,0.102,-0.078
2025-12-08T23:18:00.970,0.177,0.059,0.041
2025-12-08T23:18:00.980,0.197,0.003,0.03
2025-12-08T23:18:00.990,0.209,0.059,0.118
2025-12-08T23:18:01.000,0.188,0.053,0.13
2025-12-08T23:18:01.010,0.147,-0.0,0.098
2025-12-08T23:18:01.020,0.114,-0.014,0.211
2025-12-08T23:18:01.030,0.07,-0.107,0.246
2025-12-08T23:18:01.040,0.029,-0.153,0.252
2025-12-08T23:18:01.050,0.002,-0.145,0.335
2025-12-08T23:18:01.060,-0.038,-0.213,0.296
2025-12-08T23:18:01.070,-0.052,-0.214,0.283
2025-12-08T23:18:01.080,-0.038,-0.196,0.324
2025-12-08T23:18:01.090,-0.049,-0.264,0.224
2025-12-08T23:18:01.100,-0.041,-0.287,0.21
2025-12-08T23:18:01.110,-0.032,-0.349,0.265
2025-12-08T23:18:01.120,-0.046,-0.491,0.243
2025-12-08T23:18:01.130,-0.024,-0.541,0.347
2025-12-08T23:18:01.140,-0.009,-0.627,0.436
2025-12-08T23:18:01.150,-0.017,-0.734,0.457
2025-12-08T23:18:01.160,0.007,-0.741,0.639
2025-12-08T23:18:01.170,0.033,-0.821,0.748
2025-12-08T23:18:01.180,0.071,-0.876,0.753
2025-12-08T23:18:01.190,0.177,-0.851,0.84
2025-12-08T23:18:01.200,0.281,-0.917,0.805
2025-12-08T23:18:01.210,0.367,-0.947,0.796
2025-12-08T23:18:01.220,0.463,-0.942,0.935
2025-12-08T23:18:01.230,0.517,-1.023,0.96
2025-12-08T23:18:01.240,0.546,-1.048,1.084
2025-12-08T23:18:01.250,0.574,-1.056,1.345
2025-12-08T23:18:01.260,0.568,-1.135,1.482
2025-12-08T23:18:01.270,0.572,-1.129,1.657
2025-12-08T23:18:01.280,0.594,-1.129,1.749
2025-12-08T23:18:01.290,0.621,-1.197,1.593
2025-12-08T23:18:01.300,0.685,-1.167,1.516
2025-12-08T23:18:01.310,0.779,-1.172,1.489
2025-12-08T23:18:01.320,0.905,-1.208,1.454
2025-12-08T23:18:01.330,1.06,-1.152,1.647
2025-12-08T23:18:01.340,1.176,-1.176,1.832
2025-12-08T23:18:01.350,1.236,-1.194,1.936
2025-12-08T23:18:01.360,1.249,-1.102,2.133
2025-12-08T23:18:01.370,1.231,-1.076,2.162
2025-12-08T23:18:01.380,1.226,-1.025,2.096
2025-12-08T23:18:01.390,1.234,-0.92,2.117
2025-12-08T23:18:01.400,1.208,-0.914,2.023
2025-12-08T23:18:01.410,1.186,-0.877,1.971
2025-12-08T23:18:01.420,1.19,-0.851,1.978
2025-12-08T23:18:01.430,1.192,-0.94,1.817
2025-12-08T23:18:01.440,1.22,-0.956,1.723
2025-12-08T23:18:01.450,1.223,-0.979,1.714
2025-12-08T23:18:01.460,1.173,-1.03,1.649
2025-12-08T23:18:01.470,1.166,-0.951,1.714
2025-12-08T23:18:01.480,1.172,-0.905,1.735
2025-12-08T23:18:01.490,1.167,-0.893,1.636
2025-12-08T23:18:01.500,1.168,-0.82,1.706
2025-12-08T23:18:01.510,1.134,-0.854,1.773
2025-12-08T23:18:01.520,1.095,-0.925,1.789
2025-12-08T23:18:01.530,1.088,-0.921,1.89
2025-12-08T23:18:01.540,1.078,-0.994,1.78
2025-12-08T23:18:01.550,1.045,-1.042,1.536
2025-12-08T23:18:01.560,1.005,-1.006,1.378
2025-12-08T23:18:01.570,0.941,-1.036,1.161
2025-12-08T23:18:01.580,0.859,-0.985,1.058
2025-12-08T23:18:01.590,0.789,-0.918,1.096
2025-12-08T23:18:01.600,0.715,-0.941,1.0
2025-12-08T23:18:01.610,0.675,-0.87,0.921
2025-12-08T23:18:01.620,0.683,-0.831,0.862
2025-12-08T23:18:01.630,0.657,-0.859,0.738
2025-12-08T23:18:01.640,0.606,-0.794,0.792
2025-12-08T23:18:01.650,0.549,-0.772,0.865
2025-12-08T23:18:01.660,0.479,-0.769,0.811
2025-12-08T23:18:01.670,0.433,-0.673,0.783
2025-12-08T23:18:01.680,0.378,-0.626,0.625
2025-12-08T23:18:01.690,0.319,-0.575,0.354
2025-12-08T23:18:01.700,0.284,-0.475,0.168
2025-12-08T23:18:01.710,0.212,-0.463,-0.061
2025-12-08T23:18:01.720,0.142,-0.438,-0.238
2025-12-08T23:18:01.730,0.097,-0.38,-0.233
2025-12-08T23:18:01.740,0.027,-0.388,-0.253
2025-12-08T23:18:01.750,-0.02,-0.356,-0.195
2025-12-08T23:18:01.760,-0.034,-0.31,-0.069
2025-12-08T23:18:01.770,-0.051,-0.332,-0.09
2025-12-08T23:18:01.780,-0.032,-0.287,-0.078
2025-12-08T23:18:01.790,-0.014,-0.244,-0.11
2025-12-08T23:18:01.800,-0.025,-0.269,-0.321
2025-12-08T23:18:01.810,-0.01,-0.224,-0.44
2025-12-08T23:18:01.820,-0.009,-0.241,-0.546
2025-12-08T23:18:01.830,-0.061,-0.296,-0.716
2025-12-08T23:18:01.840,-0.101,-0.246,-0.762
2025-12-08T23:18:01.850,-0.144,-0.242,-0.867
2025-12-08T23:18:01.860,-0.208,-0.202,-0.974
2025-12-08T23:18:01.870,-0.245,-0.095,-0.88
2025-12-08T23:18:01.880,-0.287,-0.097,-0.883
2025-12-08T23:18:01.890,-0.35,-0.09,-0.926
2025-12-08T23:18:01.900,-0.392,-0.057,-0.9
2025-12-08T23:18:01.910,-0.433,-0.107,-1.029
2025-12-08T23:18:01.920,-0.464,-0.1,-1.089
2025-12-08T23:18:01.930,-0.453,-0.059,-1.049
2025-12-08T23:18:01.940,-0.441,-0.075,-1.17
2025-12-08T23:18:01.950,-0.442,0.016,-1.258
2025-12-08T23:18:01.960,-0.482,0.127,-1.311
2025-12-08T23:18:01.970,-0.567,0.164,-1.459
2025-12-08T23:18:01.980,-0.621,0.28,-1.475
2025-12-08T23:18:01.990,-0.631,0.37,-1.481
2025-12-08T23:18:02.000,-0.604,0.444,-1.604
2025-12-08T23:18:02.010,-0.54,0.624,-1.604
2025-12-08T23:18:02.020,-0.476,0.741,-1.676
2025-12-08T23:18:02.030,-0.404,0.835,-1.818
2025-12-08T23:18:02.040,-0.33,0.988,-1.751
2025-12-08T23:18:02.050,-0.275,1.048,-1.692
2025-12-08T23:18:02.060,-0.219,1.112,-1.613
2025-12-08T23:18:02.070,-0.16,1.222,-1.443
2025-12-08T23:18:02.080,-0.119,1.237,-1.468
2025-12-08T23:18:02.090,-0.059,1.322,-1.514
2025-12-08T23:18:02.100,0.029,1.475,-1.478
2025-12-08T23:18:02.110,0.116,1.538,-1.566
2025-12-08T23:18:02.120,0.243,1.667,-1.569
2025-12-08T23:18:02.130,0.384,1.784,-1.522
2025-12-08T23:18:02.140,0.495,1.788,-1.628
2025-12-08T23:18:02.150,0.613,1.846,-1.607
2025-12-08T23:18:02.160,0.725,1.855,-1.515
2025-12-08T23:18:02.170,0.798,1.794,-1.465
2025-12-08T23:18:02.180,0.869,1.814,-1.245
2025-12-08T23:18:02.190,0.915,1.8,-1.086
2025-12-08T23:18:02.200,0.915,1.804,-1.074
2025-12-08T23:18:02.210,0.934,1.91,-1.034
2025-12-08T23:18:02.220,0.949,1.93,-1.143
2025-12-08T23:18:02.230,0.961,1.953,-1.281
2025-12-08T23:18:02.240,0.974,2.031,-1.245
2025-12-08T23:18:02.250,0.941,2.015,-1.29
2025-12-08T23:18:02.260,0.924,2.032,-1.335
2025-12-08T23:18:02.270,0.918,2.091,-1.296
2025-12-08T23:18:02.280,0.92,2.083,-1.384
2025-12-08T23:18:02.290,0.987,2.146,-1.37
2025-12-08T23:18:02.300,1.067,2.237,-1.222
2025-12-08T23:18:02.310,1.137,2.279,-1.115
2025-12-08T23:18:02.320,1.237,2.397,-0.913
2025-12-08T23:18:02.330,1.328,2.468,-0.757
2025-12-08T23:18:02.340,1.408,2.451,-0.713
2025-12-08T23:18:02.350,1.502,2.502,-0.587
2025-12-08T23:18:02.360,1.562,2.479,-0.505
2025-12-08T23:18:02.370,1.611,2.436,-0.481
2025-12-08T23:18:02.380,1.657,2.476,-0.389
2025-12-08T23:18:02.390,1.639,2.421,-0.426
2025-12-08T23:18:02.400,1.604,2.377,-0.519
2025-12-08T23:18:02.410,1.582,2.367,-0.485
2025-12-08T23:18:02.420,1.544,2.26,-0.495
2025-12-08T23:18:02.430,1.519,2.206,-0.389
2025-12-08T23:18:02.440,1.511,2.165,-0.14
2025-12-08T23:18:02.450,1.509,2.035,-0.043
2025-12-08T23:18:02.460,1.537,1.994,0.041
2025-12-08T23:18:02.470,1.583,1.961,0.097
2025-12-08T23:18:02.480,1.618,1.879,0.018
2025-12-08T23:18:02.490,1.655,1.917,0.076
2025-12-08T23:18:02.500,1.68,1.91,0.178
2025-12-08T23:18:02.510,1.664,1.845,0.134
2025-12-08T23:18:02.520,1.636,1.832,0.165
2025-12-08T23:18:02.530,1.579,1.716,0.194
2025-12-08T23:18:02.540,1.486,1.598,0.162
2025-12-08T23:18:02.550,1.408,1.557,0.248
2025-12-08T23:18:02.560,1.331,1.468,0.216
2025-12-08T23:18:02.570,1.271,1.422,0.068
2025-12-08T23:18:02.580,1.227,1.447,0.015
2025-12-08T23:18:02.590,1.154,1.443,-0.09
2025-12-08T23:18:02.600,1.093,1.501,-0.113
2025-12-08T23:18:02.610,1.046,1.605,-0.009
2025-12-08T23:18:02.620,0.994,1.63,0.009
2025-12-08T23:18:02.630,0.962,1.699,0.107
2025-12-08T23:18:02.640,0.904,1.762,0.268
2025-12-08T23:18:02.650,0.781,1.745,0.321
2025-12-08T23:18:02.660,0.662,1.764,0.412
2025-12-08T23:18:02.670,0.533,1.705,0.446
2025-12-08T23:18:02.680,0.389,1.606,0.423
2025-12-08T23:18:02.690,0.294,1.591,0.542
2025-12-08T23:18:02.700,0.196,1.5,0.575
2025-12-08T23:18:02.710,0.123,1.42,0.502
2025-12-08T23:18:02.720,0.107,1.459,0.483
2025-12-08T23:18:02.730,0.082,1.444,0.332
2025-12-08T23:18:02.740,0.076,1.45,0.198
2025-12-08T23:18:02.750,0.085,1.506,0.239
2025-12-08T23:18:02.760,0.059,1.454,0.234
2025-12-08T23:18:02.770,0.03,1.432,0.327
2025-12-08T23:18:02.780,0.025,1.435,0.521
2025-12-08T23:18:02.790,0.001,1.354,0.541
2025-12-08T23:18:02.800,-0.047,1.357,0.551
2025-12-08T23:18:02.810,-0.098,1.338,0.516
2025-12-08T23:18:02.820,-0.197,1.225,0.318
2025-12-08T23:18:02.830,-0.337,1.201,0.233
2025-12-08T23:18:02.840,-0.484,1.117,0.137
2025-12-08T23:18:02.850,-0.624,0.964,-0.111
2025-12-08T23:18:02.860,-0.724,0.898,-0.224
2025-12-08T23:18:02.870,-0.811,0.774,-0.279
2025-12-08T23:18:02.880,-0.905,0.63,-0.337
2025-12-08T23:18:02.890,-0.977,0.54,-0.232
2025-12-08T23:18:02.900,-1.027,0.4,-0.212
2025-12-08T23:18:02.910,-1.051,0.303,-0.243
2025-12-08T23:18:02.920,-1.044,0.265,-0.137
2025-12-08T23:18:02.930,-1.04,0.162,-0.1
2025-12-08T23:18:02.940,-1.006,0.087,-0.056
2025-12-08T23:18:02.950,-0.958,0.029,-0.009
2025-12-08T23:18:02.960,-0.963,-0.104,-0.123
2025-12-08T23:18:02.970,-0.961,-0.17,-0.208
2025-12-08T23:18:02.980,-0.972,-0.253,-0.228
2025-12-08T23:18:02.990,-1.02,-0.422,-0.318
2025-12-08T23:18:03.000,-1.036,-0.515,-0.318
2025-12-08T23:18:03.010,-1.063,-0.653,-0.28
2025-12-08T23:18:03.020,-1.086,-0.803,-0.336
2025-12-08T23:18:03.030,-1.047,-0.871,-0.262
2025-12-08T23:18:03.040,-1.006,-1.013,-0.189
2025-12-08T23:18:03.050,-0.974,-1.13,-0.126
2025-12-08T23:18:03.060,-0.942,-1.159,0.116
2025-12-08T23:18:03.070,-0.944,-1.252,0.217
2025-12-08T23:18:03.080,-0.939,-1.313,0.229
2025-12-08T23:18:03.090,-0.897,-1.301,0.275
2025-12-08T23:18:03.100,-0.891,-1.374,0.165
2025-12-08T23:18:03.110,-0.904,-1.403,0.115
2025-12-08T23:18:03.120,-0.913,-1.422,0.177
2025-12-08T23:18:03.130,-0.955,-1.554,0.145
2025-12-08T23:18:03.140,-0.982,-1.61,0.162
2025-12-08T23:18:03.150,-0.987,-1.676,0.176
2025-12-08T23:18:03.160,-1.009,-1.789,0.035
2025-12-08T23:18:03.170,-1.028,-1.785,0.011
2025-12-08T23:18:03.180,-1.047,-1.806,0.011
2025-12-08T23:18:03.190,-1.074,-1.873,-0.065
2025-12-08T23:18:03.200,-1.091,-1.856,0.023
2025-12-08T23:18:03.210,-1.109,-1.894,0.074
2025-12-08T23:18:03.220,-1.129,-1.982,0.057
2025-12-08T23:18:03.230,-1.128,-2.0,0.174
2025-12-08T23:18:03.240,-1.121,-2.091,0.254
2025-12-08T23:18:03.250,-1.093,-2.137,0.304
2025-12-08T23:18:03.260,-1.058,-2.092,0.428
2025-12-08T23:18:03.270,-1.057,-2.142,0.427
2025-12-08T23:18:03.280,-1.06,-2.13,0.42
2025-12-08T23:18:03.290,-1.069,-2.107,0.519
2025-12-08T23:18:03.300,-1.09,-2.168,0.478
2025-12-08T23:18:03.310,-1.075,-2.13,0.467
2025-12-08T23:18:03.320,-1.061,-2.084,0.482
2025-12-08T23:18:03.330,-1.069,-2.094,0.37
2025-12-08T23:18:03.340,-1.045,-2.016,0.435
2025-12-08T23:18:03.350,-1.02,-1.939,0.555
2025-12-08T23:18:03.360,-1.006,-1.885,0.59
2025-12-08T23:18:03.370,-0.949,-1.765,0.705
2025-12-08T23:18:03.380,-0.912,-1.736,0.72
2025-12-08T23:18:03.390,-0.901,-1.734,0.649
2025-12-08T23:18:03.400,-0.857,-1.678,0.69
2025-12-08T23:18:03.410,-0.827,-1.73,0.644
2025-12-08T23:18:03.420,-0.816,-1.759,0.594
2025-12-08T23:18:03.430,-0.807,-1.722,0.716
2025-12-08T23:18:03.440,-0.815,-1.73,0.719
2025-12-08T23:18:03.450,-0.812,-1.646,0.688
2025-12-08T23:18:03.460,-0.809,-1.523,0.715
2025-12-08T23:18:03.470,-0.847,-1.488,0.616
2025-12-08T23:18:03.480,-0.906,-1.402,0.627
2025-12-08T23:18:03.490,-0.96,-1.345,0.688
2025-12-08T23:18:03.500,-1.002,-1.364,0.584
2025-12-08T23:18:03.510,-1.023,-1.275,0.546
2025-12-08T23:18:03.520,-1.033,-1.204,0.496
2025-12-08T23:18:03.530,-1.042,-1.144,0.358
2025-12-08T23:18:03.540,-1.034,-0.97,0.342
2025-12-08T23:18:03.550,-1.029,-0.88,0.289
2025-12-08T23:18:03.560,-1.044,-0.817,0.206
2025-12-08T23:18:03.570,-1.065,-0.698,0.285
2025-12-08T23:18:03.580,-1.123,-0.659,0.301
2025-12-08T23:18:03.590,-1.169,-0.59,0.294
2025-12-08T23:18:03.600,-1.183,-0.489,0.36
2025-12-08T23:18:03.610,-1.218,-0.471,0.264
2025-12-08T23:18:03.620,-1.231,-0.402,0.207
2025-12-08T23:18:03.630,-1.243,-0.297,0.268
2025-12-08T23:18:03.640,-1.275,-0.28,0.22
2025-12-08T23:18:03.650,-1.269,-0.229,0.242
2025-12-08T23:18:03.660,-1.253,-0.212,0.256
2025-12-08T23:18:03.670,-1.256,-0.273,0.113
2025-12-08T23:18:03.680,-1.234,-0.252,0.084
2025-12-08T23:18:03.690,-1.196,-0.312,0.048
2025-12-08T23:18:03.700,-1.173,-0.416,-0.07
2025-12-08T23:18:03.710,-1.135,-0.393,-0.056
2025-12-08T23:18:03.720,-1.11,-0.425,-0.13
2025-12-08T23:18:03.730,-1.108,-0.439,-0.251
2025-12-08T23:18:03.740,-1.076,-0.366,-0.153
2025-12-08T23:18:03.750,-1.062,-0.362,-0.105
2025-12-08T23:18:03.760,-1.053,-0.338,-0.126
2025-12-08T23:18:03.770,-1.024,-0.288,-0.108
2025-12-08T23:18:03.780,-1.038,-0.306,-0.276
2025-12-08T23:18:03.790,-1.061,-0.263,-0.396
2025-12-08T23:18:03.800,-1.061,-0.172,-0.353
2025-12-08T23:18:03.810,-1.076,-0.15,-0.397
2025-12-08T23:18:03.820,-1.079,-0.087,-0.353
2025-12-08T23:18:03.830,-1.075,-0.055,-0.291
2025-12-08T23:18:03.840,-1.079,-0.116,-0.386
2025-12-08T23:18:03.850,-1.047,-0.109,-0.402
2025-12-08T23:18:03.860,-1.011,-0.136,-0.426
2025-12-08T23:18:03.870,-0.979,-0.19,-0.532
2025-12-08T23:18:03.880,-0.917,-0.154,-0.512
2025-12-08T23:18:03.890,-0.879,-0.186,-0.558
2025-12-08T23:18:03.900,-0.849,-0.219,-0.681
2025-12-08T23:18:03.910,-0.796,-0.165,-0.679
2025-12-08T23:18:03.920,-0.757,-0.191,-0.755
2025-12-08T23:18:03.930,-0.738,-0.203,-0.778
2025-12-08T23:18:03.940,-0.751,-0.164,-0.623
2025-12-08T23:18:03.950,-0.81,-0.254,-0.58
2025-12-08T23:18:03.960,-0.857,-0.322,-0.517
2025-12-08T23:18:03.970,-0.86,-0.367,-0.415
2025-12-08T23:18:03.980,-0.861,-0.499,-0.477
2025-12-08T23:18:03.990,-0.838,-0.529,-0.482
2025-12-08T23:18:04.000,-0.795,-0.559,-0.455
2025-12-08T23:18:04.010,-0.785,-0.614,-0.538
2025-12-08T23:18:04.020,-0.746,-0.523,-0.503
2025-12-08T23:18:04.030,-0.678,-0.472,-0.49
2025-12-08T23:18:04.040,-0.613,-0.458,-0.592
2025-12-08T23:18:04.050,-0.505,-0.355,-0.559
2025-12-08T23:18:04.060,-0.397,-0.311,-0.604
2025-12-08T23:18:04.070,-0.302,-0.292,-0.724
2025-12-08T23:18:04.080,-0.209,-0.218,-0.652
2025-12-08T23:18:04.090,-0.167,-0.223,-0.605
2025-12-08T23:18:04.100,-0.152,-0.216,-0.562
2025-12-08T23:18:04.110,-0.144,-0.165,-0.451
2025-12-08T23:18:04.120,-0.17,-0.206,-0.55
2025-12-08T23:18:04.130,-0.202,-0.196,-0.666
2025-12-08T23:18:04.140,-0.233,-0.157,-0.642
2025-12-08T23:18:04.150,-0.274,-0.181,-0.661
2025-12-08T23:18:04.160,-0.288,-0.118,-0.568
2025-12-08T23:18:04.170,-0.298,-0.052,-0.453
2025-12-08T23:18:04.180,-0.323,-0.037,-0.489
2025-12-08T23:18:04.190,-0.312,0.068,-0.406
2025-12-08T23:18:04.200,-0.288,0.165,-0.264
2025-12-08T23:18:04.210,-0.257,0.232,-0.145
2025-12-08T23:18:04.220,-0.196,0.372,0.099
2025-12-08T23:18:04.230,-0.134,0.44,0.214
2025-12-08T23:18:04.240,-0.051,0.499,0.185
2025-12-08T23:18:04.250,0.061,0.639,0.218
2025-12-08T23:18:04.260,0.14,0.681,0.115
2025-12-08T23:18:04.270,0.194,0.735,0.05
2025-12-08T23:18:04.280,0.235,0.817,0.197
2025-12-08T23:18:04.290,0.24,0.786,0.276
2025-12-08T23:18:04.300,0.241,0.834,0.396
2025-12-08T23:18:04.310,0.252,0.908,0.517
2025-12-08T23:18:04.320,0.236,0.888,0.395
2025-12-08T23:18:04.330,0.234,0.955,0.307
2025-12-08T23:18:04.340,0.262,1.002,0.294
2025-12-08T23:18:04.350,0.273,0.992,0.221
2025-12-08T23:18:04.360,0.32,1.092,0.287
2025-12-08T23:18:04.370,0.383,1.16,0.37
2025-12-08T23:18:04.380,0.419,1.177,0.367
2025-12-08T23:18:04.390,0.473,1.255,0.52
2025-12-08T23:18:04.400,0.499,1.264,0.635
2025-12-08T23:18:04.410,0.501,1.254,0.65
2025-12-08T23:18:04.420,0.51,1.315,0.772
2025-12-08T23:18:04.430,0.49,1.287,0.775
2025-12-08T23:18:04.440,0.472,1.252,0.703
2025-12-08T23:18:04.450,0.463,1.263,0.707
2025-12-08T23:18:04.460,0.436,1.184,0.6
2025-12-08T23:18:04.470,0.415,1.147,0.567
2025-12-08T23:18:04.480,0.405,1.14,0.697
2025-12-08T23:18:04.490,0.392,1.065,0.747
2025-12-08T23:18:04.500,0.413,1.061,0.798
2025-12-08T23:18:04.510,0.449,1.067,0.769
2025-12-08T23:18:04.520,0.478,1.021,0.55
2025-12-08T23:18:04.530,0.519,1.064,0.46
2025-12-08T23:18:04.540,0.525,1.083,0.485
2025-12-08T23:18:04.550,0.514,1.038,0.54
2025-12-08T23:18:04.560,0.524,1.046,0.774
2025-12-08T23:18:04.570,0.503,0.972,0.948
2025-12-08T23:18:04.580,0.461,0.889,0.999
2025-12-08T23:18:04.590,0.441,0.89,1.076
2025-12-08T23:18:04.600,0.409,0.799,0.966
2025-12-08T23:18:04.610,0.38,0.753,0.82
2025-12-08T23:18:04.620,0.358,0.78,0.836
2025-12-08T23:18:04.630,0.298,0.73,0.764
2025-12-08T23:18:04.640,0.24,0.737,0.789
2025-12-08T23:18:04.650,0.221,0.772,0.904
2025-12-08T23:18:04.660,0.208,0.724,0.822
2025-12-08T23:18:04.670,0.209,0.732,0.826
2025-12-08T23:18:04.680,0.239,0.71,0.846
2025-12-08T23:18:04.690,0.271,0.593,0.767
2025-12-08T23:18:04.700,0.317,0.577,0.844
2025-12-08T23:18:04.710,0.372,0.557,0.887
2025-12-08T23:18:04.720,0.379,0.52,0.786
2025-12-08T23:18:04.730,0.377,0.595,0.73
2025-12-08T23:18:04.740,0.391,0.591,0.583
2025-12-08T23:18:04.750,0.391,0.59,0.377
2025-12-08T23:18:04.760,0.386,0.684,0.352
2025-12-08T23:18:04.770,0.371,0.676,0.253
2025-12-08T23:18:04.780,0.368,0.651,0.103
2025-12-08T23:18:04.790,0.396,0.643,0.13
2025-12-08T23:18:04.800,0.435,0.534,0.119
2025-12-08T23:18:04.810,0.485,0.474,0.249
2025-12-08T23:18:04.820,0.526,0.459,0.5
2025-12-08T23:18:04.830,0.549,0.38,0.555
2025-12-08T23:18:04.840,0.574,0.382,0.623
2025-12-08T23:18:04.850,0.586,0.395,0.608
2025-12-08T23:18:04.860,0.562,0.355,0.367
2025-12-08T23:18:04.870,0.552,0.389,0.178
2025-12-08T23:18:04.880,0.536,0.372,-0.057
2025-12-08T23:18:04.890,0.483,0.316,-0.369
2025-12-08T23:18:04.900,0.457,0.359,-0.499
2025-12-08T23:18:04.910,0.432,0.368,-0.585
2025-12-08T23:18:04.920,0.387,0.371,-0.623
2025-12-08T23:18:04.930,0.37,0.395,-0.486
2025-12-08T23:18:04.940,0.361,0.293,-0.482
2025-12-08T23:18:04.950,0.389,0.202,-0.559
2025-12-08T23:18:04.960,0.46,0.182,-0.569
2025-12-08T23:18:04.970,0.513,0.084,-0.712
2025-12-08T23:18:04.980,0.557,0.029,-0.772
2025-12-08T23:18:04.990,0.592,0.009,-0.669
2025-12-08T23:18:05.000,0.595,-0.078,-0.649
2025-12-08T23:18:05.010,0.586,-0.074,-0.531
2025-12-08T23:18:05.020,0.576,-0.078,-0.362
2025-12-08T23:18:05.030,0.552,-0.154,-0.344
2025-12-08T23:18:05.040,0.545,-0.12,-0.289
2025-12-08T23:18:05.050,0.578,-0.128,-0.332
2025-12-08T23:18:05.060,0.635,-0.178,-0.564
2025-12-08T23:18:05.070,0.711,-0.121,-0.676
2025-12-08T23:18:05.080,0.756,-0.152,-0.746
2025-12-08T23:18:05.090,0.774,-0.234,-0.771
2025-12-08T23:18:05.100,0.811,-0.269,-0.568
2025-12-08T23:18:05.110,0.84,-0.399,-0.401
2025-12-08T23:18:05.120,0.876,-0.513,-0.295
2025-12-08T23:18:05.130,0.916,-0.579,-0.209
2025-12-08T23:18:05.140,0.916,-0.731,-0.39
2025-12-08T23:18:05.150,0.936,-0.822,-0.639
2025-12-08T23:18:05.160,0.99,-0.88,-0.81
2025-12-08T23:18:05.170,1.03,-1.01,-0.982
2025-12-08T23:18:05.180,1.103,-1.062,-0.933
2025-12-08T23:18:05.190,1.167,-1.104,-0.734
2025-12-08T23:18:05.200,1.183,-1.186,-0.598
2025-12-08T23:18:05.210,1.222,-1.187,-0.412
2025-12-08T23:18:05.220,1.247,-1.217,-0.297
2025-12-08T23:18:05.230,1.245,-1.25,-0.306
2025-12-08T23:18:05.240,1.262,-1.182,-0.215
2025-12-08T23:18:05.250,1.255,-1.161,-0.19
2025-12-08T23:18:05.260,1.235,-1.152,-0.25
2025-12-08T23:18:05.270,1.253,-1.098,-0.218
2025-12-08T23:18:05.280,1.267,-1.136,-0.303
2025-12-08T23:18:05.290,1.273,-1.177,-0.402
2025-12-08T23:18:05.300,1.29,-1.165,-0.351
2025-12-08T23:18:05.310,1.265,-1.216,-0.374
2025-12-08T23:18:05.320,1.232,-1.217,-0.397
2025-12-08T23:18:05.330,1.231,-1.175,-0.386
2025-12-08T23:18:05.340,1.218,-1.197,-0.498
2025-12-08T23:18:05.350,1.218,-1.153,-0.56
2025-12-08T23:18:05.360,1.238,-1.125,-0.539
2025-12-08T23:18:05.370,1.222,-1.166,-0.557
2025-12-08T23:18:05.380,1.205,-1.143,-0.498
2025-12-08T23:18:05.390,1.184,-1.167,-0.44
2025-12-08T23:18:05.400,1.116,-1.188,-0.483
2025-12-08T23:18:05.410,1.056,-1.109,-0.471
2025-12-08T23:18:05.420,0.979,-1.104,-0.493
2025-12-08T23:18:05.430,0.886,-1.12,-0.559
2025-12-08T23:18:05.440,0.82,-1.086,-0.521
2025-12-08T23:18:05.450,0.733,-1.106,-0.58
2025-12-08T23:18:05.460,0.672,-1.068,-0.708
2025-12-08T23:18:05.470,0.665,-0.982,-0.774
2025-12-08T23:18:05.480,0.646,-0.974,-0.924
2025-12-08T23:18:05.490,0.645,-0.909,-0.989
2025-12-08T23:18:05.500,0.664,-0.844,-0.942
2025-12-08T23:18:05.510,0.641,-0.865,-0.977
2025-12-08T23:18:05.520,0.609,-0.81,-0.913
2025-12-08T23:18:05.530,0.579,-0.765,-0.828
2025-12-08T23:18:05.540,0.512,-0.743,-0.878
2025-12-08T23:18:05.550,0.436,-0.595,-0.855
2025-12-08T23:18:05.560,0.353,-0.495,-0.925
2025-12-08T23:18:05.570,0.257,-0.442,-1.15
2025-12-08T23:18:05.580,0.203,-0.301,-1.231
2025-12-08T23:18:05.590,0.155,-0.227,-1.325
2025-12-08T23:18:05.600,0.091,-0.166,-1.406
2025-12-08T23:18:05.610,0.062,-0.043,-1.263
2025-12-08T23:18:05.620,0.052,-0.029,-1.181
2025-12-08T23:18:05.630,0.05,-0.007,-1.109
2025-12-08T23:18:05.640,0.096,0.056,-0.923
2025-12-08T23:18:05.650,0.167,0.045,-0.893
2025-12-08T23:18:05.660,0.233,0.123,-0.847
2025-12-08T23:18:05.670,0.296,0.221,-0.723
2025-12-08T23:18:05.680,0.32,0.21,-0.767
2025-12-08T23:18:05.690,0.303,0.253,-0.758
2025-12-08T23:18:05.700,0.255,0.283,-0.708
2025-12-08T23:18:05.710,0.173,0.25,-0.794
2025-12-08T23:18:05.720,0.098,0.312,-0.803
2025-12-08T23:18:05.730,0.029,0.36,-0.848
2025-12-08T23:18:05.740,-0.03,0.373,-1.035
2025-12-08T23:18:05.750,-0.063,0.458,-1.113
2025-12-08T23:18:05.760,-0.117,0.458,-1.17
2025-12-08T23:18:05.770,-0.178,0.427,-1.204
2025-12-08T23:18:05.780,-0.193,0.423,-1.042
2025-12-08T23:18:05.790,-0.213,0.313,-0.895
2025-12-08T23:18:05.800,-0.241,0.245,-0.758
2025-12-08T23:18:05.810,-0.241,0.244,-0.578
2025-12-08T23:18:05.820,-0.259,0.198,-0.596
2025-12-08T23:18:05.830,-0.27,0.243,-0.639
2025-12-08T23:18:05.840,-0.268,0.332,-0.623
2025-12-08T23:18:05.850,-0.309,0.363,-0.716
2025-12-08T23:18:05.860,-0.354,0.46,-0.73
2025-12-08T23:18:05.870,-0.391,0.528,-0.755
2025-12-08T23:18:05.880,-0.445,0.493,-0.933
2025-12-08T23:18:05.890,-0.447,0.508,-0.975
2025-12-08T23:18:05.900,-0.415,0.485,-0.942
2025-12-08T23:18:05.910,-0.429,0.446,-0.901
2025-12-08T23:18:05.920,-0.435,0.492,-0.668
2025-12-08T23:18:05.930,-0.431,0.462,-0.528
2025-12-08T23:18:05.940,-0.44,0.454,-0.536
2025-12-08T23:18:05.950,-0.414,0.557,-0.465
2025-12-08T23:18:05.960,-0.395,0.598,-0.52
2025-12-08T23:18:05.970,-0.39,0.65,-0.576
2025-12-08T23:18:05.980,-0.366,0.744,-0.445
2025-12-08T23:18:05.990,-0.369,0.763,-0.405
2025-12-08T23:18:06.000,-0.371,0.828,-0.368
2025-12-08T23:18:06.010,-0.353,0.917,-0.267
2025-12-08T23:18:06.020,-0.353,0.905,-0.27
2025-12-08T23:18:06.030,-0.332,0.938,-0.158
2025-12-08T23:18:06.040,-0.301,0.975,0.043
2025-12-08T23:18:06.050,-0.264,0.965,0.081
2025-12-08T23:18:06.060,-0.16,1.049,0.116
2025-12-08T23:18:06.070,-0.043,1.109,0.118
2025-12-08T23:18:06.080,0.063,1.119,0.058
2025-12-08T23:18:06.090,0.196,1.19,0.178
2025-12-08T23:18:06.100,0.288,1.204,0.293
2025-12-08T23:18:06.110,0.33,1.205,0.331
2025-12-08T23:18:06.120,0.373,1.247,0.422
2025-12-08T23:18:06.130,0.372,1.193,0.38
2025-12-08T23:18:06.140,0.356,1.163,0.332
2025-12-08T23:18:06.150,0.373,1.188,0.395
2025-12-08T23:18:06.160,0.374,1.139,0.327
2025-12-08T23:18:06.170,0.386,1.147,0.325
2025-12-08T23:18:06.180,0.41,1.184,0.451
2025-12-08T23:18:06.190,0.405,1.141,0.451
2025-12-08T23:18:06.200,0.439,1.18,0.55
2025-12-08T23:18:06.210,0.515,1.247,0.702
2025-12-08T23:18:06.220,0.585,1.27,0.724
2025-12-08T23:18:06.230,0.675,1.408,0.843
2025-12-08T23:18:06.240,0.775,1.511,0.893
2025-12-08T23:18:06.250,0.845,1.543,0.797
2025-12-08T23:18:06.260,0.928,1.638,0.844
2025-12-08T23:18:06.270,1.01,1.609,0.9
2025-12-08T23:18:06.280,1.038,1.55,0.968
2025-12-08T23:18:06.290,1.045,1.555,1.216
2025-12-08T23:18:06.300,1.026,1.463,1.331
2025-12-08T23:18:06.310,1.01,1.404,1.314
2025-12-08T23:18:06.320,1.018,1.409,1.305
2025-12-08T23:18:06.330,1.003,1.366,1.083
2025-12-08T23:18:06.340,1.012,1.392,0.884
2025-12-08T23:18:06.350,1.027,1.46,0.84
2025-12-08T23:18:06.360,1.02,1.46,0.757
2025-12-08T23:18:06.370,1.029,1.518,0.802
2025-12-08T23:18:06.380,1.024,1.577,0.879
2025-12-08T23:18:06.390,1.025,1.554,0.827
2025-12-08T23:18:06.400,1.066,1.615,0.911
2025-12-08T23:18:06.410,1.098,1.649,1.072
2025-12-08T23:18:06.420,1.123,1.604,1.186
2025-12-08T23:18:06.430,1.145,1.609,1.363
2025-12-08T23:18:06.440,1.119,1.541,1.378
2025-12-08T23:18:06.450,1.064,1.459,1.233
2025-12-08T23:18:06.460,1.017,1.454,1.165
2025-12-08T23:18:06.470,0.951,1.366,1.038
2025-12-08T23:18:06.480,0.89,1.295,0.974
2025-12-08T23:18:06.490,0.865,1.278,1.079
2025-12-08T23:18:06.500,0.827,1.177,1.08
2025-12-08T23:18:06.510,0.8,1.138,1.121
2025-12-08T23:18:06.520,0.806,1.141,1.25
2025-12-08T23:18:06.530,0.796,1.086,1.24
2025-12-08T23:18:06.540,0.803,1.123,1.316
2025-12-08T23:18:06.550,0.831,1.146,1.421
2025-12-08T23:18:06.560,0.833,1.105,1.36
2025-12-08T23:18:06.570,0.831,1.133,1.394
2025-12-08T23:18:06.580,0.821,1.086,1.413
2025-12-08T23:18:06.590,0.777,0.995,1.337
2025-12-08T23:18:06.600,0.738,0.984,1.398
2025-12-08T23:18:06.610,0.693,0.903,1.373
2025-12-08T23:18:06.620,0.63,0.823,1.231
2025-12-08T23:18:06.630,0.578,0.808,1.188
2025-12-08T23:18:06.640,0.511,0.709,1.076
2025-12-08T23:18:06.650,0.453,0.63,1.012
2025-12-08T23:18:06.660,0.428,0.607,1.143
2025-12-08T23:18:06.670,0.419,0.525,1.2
2025-12-08T23:18:06.680,0.446,0.513,1.258
2025-12-08T23:18:06.690,0.466,0.549,1.336
2025-12-08T23:18:06.700,0.45,0.532,1.241
2025-12-08T23:18:06.710,0.449,0.599,1.184
2025-12-08T23:18:06.720,0.45,0.665,1.17
2025-12-08T23:18:06.730,0.438,0.657,1.046
2025-12-08T23:18:06.740,0.441,0.709,1.01
2025-12-08T23:18:06.750,0.419,0.684,0.99
2025-12-08T23:18:06.760,0.373,0.562,0.909
2025-12-08T23:18:06.770,0.364,0.499,0.961
2025-12-08T23:18:06.780,0.327,0.382,0.954
2025-12-08T23:18:06.790,0.255,0.271,0.854
2025-12-08T23:18:06.800,0.219,0.264,0.845
2025-12-08T23:18:06.810,0.182,0.191,0.713
2025-12-08T23:18:06.820,0.159,0.139,0.576
2025-12-08T23:18:06.830,0.175,0.134,0.605
2025-12-08T23:18:06.840,0.173,0.038,0.574
2025-12-08T23:18:06.850,0.18,-0.012,0.603
2025-12-08T23:18:06.860,0.222,-0.025,0.711
2025-12-08T23:18:06.870,0.236,-0.082,0.682
2025-12-08T23:18:06.880,0.237,-0.058,0.708
2025-12-08T23:18:06.890,0.235,-0.055,0.77
2025-12-08T23:18:06.900,0.182,-0.132,0.705
2025-12-08T23:18:06.910,0.134,-0.152,0.695
2025-12-08T23:18:06.920,0.094,-0.216,0.633
2025-12-08T23:18:06.930,0.037,-0.327,0.43
2025-12-08T23:18:06.940,0.0,-0.351,0.309
2025-12-08T23:18:06.950,-0.053,-0.406,0.152
2025-12-08T23:18:06.960,-0.123,-0.466,-0.053
2025-12-08T23:18:06.970,-0.184,-0.452,-0.115
2025-12-08T23:18:06.980,-0.264,-0.503,-0.161
2025-12-08T23:18:06.990,-0.331,-0.515,-0.176
2025-12-08T23:18:07.000,-0.366,-0.467,-0.126
2025-12-08T23:18:07.010,-0.402,-0.51,-0.2
2025-12-08T23:18:07.020,-0.439,-0.494,-0.279
2025-12-08T23:18:07.030,-0.479,-0.46,-0.304
2025-12-08T23:18:07.040,-0.55,-0.514,-0.397
2025-12-08T23:18:07.050,-0.616,-0.517,-0.399
2025-12-08T23:18:07.060,-0.68,-0.576,-0.362
2025-12-08T23:18:07.070,-0.772,-0.701,-0.401
2025-12-08T23:18:07.080,-0.834,-0.758,-0.332
2025-12-08T23:18:07.090,-0.902,-0.862,-0.301
2025-12-08T23:18:07.100,-1.011,-0.981,-0.41
2025-12-08T23:18:07.110,-1.1,-1.015,-0.453
2025-12-08T23:18:07.120,-1.21,-1.093,-0.552
2025-12-08T23:18:07.130,-1.341,-1.159,-0.68
2025-12-08T23:18:07.140,-1.428,-1.14,-0.651
2025-12-08T23:18:07.150,-1.518,-1.194,-0.683
2025-12-08T23:18:07.160,-1.617,-1.22,-0.72
2025-12-08T23:18:07.170,-1.691,-1.181,-0.614
2025-12-08T23:18:07.180,-1.772,-1.218,-0.622
2025-12-08T23:18:07.190,-1.825,-1.215,-0.663
2025-12-08T23:18:07.200,-1.847,-1.196,-0.659
2025-12-08T23:18:07.210,-1.909,-1.248,-0.781
2025-12-08T23:18:07.220,-1.977,-1.254,-0.832
2025-12-08T23:18:07.230,-2.034,-1.277,-0.813
2025-12-08T23:18:07.240,-2.097,-1.354,-0.888
2025-12-08T23:18:07.250,-2.144,-1.335,-0.883
2025-12-08T23:18:07.260,-2.196,-1.33,-0.883
2025-12-08T23:18:07.270,-2.246,-1.363,-0.997
2025-12-08T23:18:07.280,-2.28,-1.292,-1.017
2025-12-08T23:18:07.290,-2.319,-1.269,-1.059
2025-12-08T23:18:07.300,-2.339,-1.264,-1.164
2025-12-08T23:18:07.310,-2.329,-1.204,-1.113
2025-12-08T23:18:07.320,-2.344,-1.233,-1.053
2025-12-08T23:18:07.330,-2.345,-1.229,-0.99
2025-12-08T23:18:07.340,-2.297,-1.174,-0.837
2025-12-08T23:18:07.350,-2.272,-1.202,-0.806
2025-12-08T23:18:07.360,-2.233,-1.174,-0.788
2025-12-08T23:18:07.370,-2.183,-1.12,-0.739
2025-12-08T23:18:07.380,-2.176,-1.164,-0.84
2025-12-08T23:18:07.390,-2.157,-1.133,-0.88
2025-12-08T23:18:07.400,-2.154,-1.081,-0.824
2025-12-08T23:18:07.410,-2.187,-1.081,-0.849
2025-12-08T23:18:07.420,-2.18,-0.979,-0.778
2025-12-08T23:18:07.430,-2.162,-0.897,-0.711
2025-12-08T23:18:07.440,-2.158,-0.834,-0.76
2025-12-08T23:18:07.450,-2.13,-0.704,-0.658
2025-12-08T23:18:07.460,-2.111,-0.678,-0.582
2025-12-08T23:18:07.470,-2.102,-0.688,-0.581
2025-12-08T23:18:07.480,-2.055,-0.635,-0.464
2025-12-08T23:18:07.490,-2.001,-0.648,-0.475
2025-12-08T23:18:07.500,-1.956,-0.623,-0.514
2025-12-08T23:18:07.510,-1.906,-0.505,-0.4
2025-12-08T23:18:07.520,-1.873,-0.461,-0.367
2025-12-08T23:18:07.530,-1.844,-0.407,-0.354
2025-12-08T23:18:07.540,-1.79,-0.367,-0.338
2025-12-08T23:18:07.550,-1.737,-0.437,-0.494
2025-12-08T23:18:07.560,-1.682,-0.424,-0.599
2025-12-08T23:18:07.570,-1.642,-0.403,-0.557
2025-12-08T23:18:07.580,-1.656,-0.423,-0.524
2025-12-08T23:18:07.590,-1.691,-0.334,-0.378
2025-12-08T23:18:07.600,-1.732,-0.275,-0.284
2025-12-08T23:18:07.610,-1.742,-0.232,-0.429
2025-12-08T23:18:07.620,-1.702,-0.1,-0.492
2025-12-08T23:18:07.630,-1.649,-0.029,-0.515
2025-12-08T23:18:07.640,-1.575,0.022,-0.499
2025-12-08T23:18:07.650,-1.483,0.124,-0.28
2025-12-08T23:18:07.660,-1.395,0.139,-0.189
2025-12-08T23:18:07.670,-1.305,0.169,-0.167
2025-12-08T23:18:07.680,-1.222,0.27,-0.062
2025-12-08T23:18:07.690,-1.158,0.297,-0.072
2025-12-08T23:18:07.700,-1.077,0.38,-0.013
2025-12-08T23:18:07.710,-0.964,0.494,0.15
2025-12-08T23:18:07.720,-0.869,0.503,0.218
2025-12-08T23:18:07.730,-0.769,0.576,0.325
2025-12-08T23:18:07.740,-0.659,0.617,0.391
2025-12-08T23:18:07.750,-0.569,0.584,0.275
2025-12-08T23:18:07.760,-0.458,0.641,0.227
2025-12-08T23:18:07.770,-0.364,0.642,0.226
2025-12-08T23:18:07.780,-0.316,0.594,0.225
2025-12-08T23:18:07.790,-0.265,0.618,0.414
2025-12-08T23:18:07.800,-0.251,0.599,0.533
2025-12-08T23:18:07.810,-0.255,0.591,0.471
2025-12-08T23:18:07.820,-0.199,0.66,0.389
2025-12-08T23:18:07.830,-0.111,0.671,0.169
2025-12-08T23:18:07.840,-0.01,0.693,-0.008
2025-12-08T23:18:07.850,0.11,0.738,0.042
2025-12-08T23:18:07.860,0.208,0.68,0.089
2025-12-08T23:18:07.870,0.28,0.657,0.157
2025-12-08T23:18:07.880,0.357,0.646,0.269
2025-12-08T23:18:07.890,0.425,0.556,0.252
2025-12-08T23:18:07.900,0.482,0.537,0.283
2025-12-08T23:18:07.910,0.523,0.485,0.34
2025-12-08T23:18:07.920,0.539,0.367,0.233
2025-12-08T23:18:07.930,0.587,0.351,0.158
2025-12-08T23:18:07.940,0.652,0.303,0.04
2025-12-08T23:18:07.950,0.687,0.224,-0.181
2025-12-08T23:18:07.960,0.729,0.231,-0.258
2025-12-08T23:18:07.970,0.768,0.159,-0.335
2025-12-08T23:18:07.980,0.815,0.085,-0.405
2025-12-08T23:18:07.990,0.887,0.095,-0.308
2025-12-08T23:18:08.000,0.936,0.032,-0.293
2025-12-08T23:18:08.010,0.985,0.011,-0.328
2025-12-08T23:18:08.020,1.049,0.02,-0.308
2025-12-08T23:18:08.030,1.089,-0.087,-0.395
2025-12-08T23:18:08.040,1.137,-0.152,-0.378
2025-12-08T23:18:08.050,1.193,-0.206,-0.207
2025-12-08T23:18:08.060,1.211,-0.338,-0.15
2025-12-08T23:18:08.070,1.229,-0.397,-0.083
2025-12-08T23:18:08.080,1.24,-0.457,-0.057
2025-12-08T23:18:08.090,1.218,-0.57,-0.218
2025-12-08T23:18:08.100,1.2,-0.568,-0.278
2025-12-08T23:18:08.110,1.163,-0.563,-0.286
2025-12-08T23:18:08.120,1.106,-0.581,-0.398
2025-12-08T23:18:08.130,1.073,-0.5,-0.398
2025-12-08T23:18:08.140,1.037,-0.498,-0.391
2025-12-08T23:18:08.150,0.975,-0.525,-0.414
2025-12-08T23:18:08.160,0.944,-0.501,-0.279
2025-12-08T23:18:08.170,0.911,-0.562,-0.19
2025-12-08T23:18:08.180,0.844,-0.594,-0.155
2025-12-08T23:18:08.190,0.803,-0.601,-0.088
2025-12-08T23:18:08.200,0.749,-0.689,-0.188
2025-12-08T23:18:08.210,0.692,-0.719,-0.309
2025-12-08T23:18:08.220,0.63,-0.707,-0.333
2025-12-08T23:18:08.230,0.525,-0.742,-0.4
2025-12-08T23:18:08.240,0.445,-0.722,-0.396
2025-12-08T23:18:08.250,0.369,-0.704,-0.376
2025-12-08T23:18:08.260,0.282,-0.717,-0.455
2025-12-08T23:18:08.270,0.23,-0.647,-0.423
2025-12-08T23:18:08.280,0.175,-0.635,-0.351
2025-12-08T23:18:08.290,0.117,-0.665,-0.318
2025-12-08T23:18:08.300,0.102,-0.596,-0.171
2025-12-08T23:18:08.310,0.092,-0.572,-0.112
2025-12-08T23:18:08.320,0.057,-0.539,-0.125
2025-12-08T23:18:08.330,0.039,-0.464,-0.02
2025-12-08T23:18:08.340,0.01,-0.523,-0.007
2025-12-08T23:18:08.350,-0.017,-0.589,-0.003
2025-12-08T23:18:08.360,0.004,-0.603,0.103
2025-12-08T23:18:08.370,-0.003,-0.677,0.068
2025-12-08T23:18:08.380,-0.016,-0.695,0.027
2025-12-08T23:18:08.390,0.0,-0.692,0.048
2025-12-08T23:18:08.400,-0.031,-0.755,-0.032
2025-12-08T23:18:08.410,-0.067,-0.738,0.044
2025-12-08T23:18:08.420,-0.093,-0.719,0.243
2025-12-08T23:18:08.430,-0.13,-0.758,0.334
2025-12-08T23:18:08.440,-0.136,-0.693,0.477
2025-12-08T23:18:08.450,-0.116,-0.637,0.509
2025-12-08T23:18:08.460,-0.102,-0.632,0.35
2025-12-08T23:18:08.470,-0.087,-0.58,0.323
2025-12-08T23:18:08.480,-0.082,-0.633,0.337
2025-12-08T23:18:08.490,-0.096,-0.737,0.412
2025-12-08T23:18:08.500,-0.072,-0.77,0.69
2025-12-08T23:18:08.510,-0.021,-0.86,0.82
2025-12-08T23:18:08.520,0.024,-0.892,0.785
2025-12-08T23:18:08.530,0.071,-0.824,0.769
2025-12-08T23:18:08.540,0.075,-0.837,0.626
2025-12-08T23:18:08.550,0.067,-0.811,0.544
2025-12-08T23:18:08.560,0.066,-0.787,0.64
2025-12-08T23:18:08.570,0.055,-0.873,0.661
2025-12-08T23:18:08.580,0.089,-0.881,0.733
2025-12-08T23:18:08.590,0.159,-0.895,0.844
2025-12-08T23:18:08.600,0.232,-0.945,0.824
2025-12-08T23:18:08.610,0.33,-0.899,0.904
2025-12-08T23:18:08.620,0.419,-0.91,0.968
2025-12-08T23:18:08.630,0.463,-0.944,0.931
2025-12-08T23:18:08.640,0.532,-0.897,1.044
2025-12-08T23:18:08.650,0.59,-0.9,1.105
2025-12-08T23:18:08.660,0.631,-0.919,1.106
2025-12-08T23:18:08.670,0.717,-0.904,1.226
2025-12-08T23:18:08.680,0.749,-0.928,1.234
2025-12-08T23:18:08.690,0.751,-0.911,1.21
2025-12-08T23:18:08.700,0.785,-0.86,1.297
2025-12-08T23:18:08.710,0.801,-0.881,1.279
2025-12-08T23:18:08.720,0.859,-0.857,1.29
2025-12-08T23:18:08.730,0.943,-0.808,1.406
2025-12-08T23:18:08.740,0.983,-0.828,1.376
2025-12-08T23:18:08.750,0.997,-0.793,1.392
2025-12-08T23:18:08.760,0.994,-0.765,1.457
2025-12-08T23:18:08.770,0.959,-0.805,1.374
2025-12-08T23:18:08.780,0.929,-0.789,1.375
2025-12-08T23:18:08.790,0.906,-0.793,1.37
2025-12-08T23:18:08.800,0.867,-0.797,1.25
2025-12-08T23:18:08.810,0.856,-0.695,1.214
2025-12-08T23:18:08.820,0.84,-0.625,1.117
2025-12-08T23:18:08.830,0.807,-0.557,0.96
2025-12-08T23:18:08.840,0.81,-0.442,0.913
2025-12-08T23:18:08.850,0.803,-0.422,0.814
2025-12-08T23:18:08.860,0.819,-0.4,0.746
2025-12-08T23:18:08.870,0.875,-0.35,0.801
2025-12-08T23:18:08.880,0.922,-0.396,0.751
2025-12-08T23:18:08.890,1.007,-0.401,0.727
2025-12-08T23:18:08.900,1.101,-0.363,0.769
2025-12-08T23:18:08.910,1.159,-0.385,0.699
2025-12-08T23:18:08.920,1.213,-0.339,0.74
2025-12-08T23:18:08.930,1.221,-0.296,0.83
2025-12-08T23:18:08.940,1.174,-0.309,0.817
2025-12-08T23:18:08.950,1.133,-0.225,0.911
2025-12-08T23:18:08.960,1.111,-0.178,0.929
2025-12-08T23:18:08.970,1.102,-0.168,0.794
2025-12-08T23:18:08.980,1.126,-0.057,0.767
2025-12-08T23:18:08.990,1.132,-0.003,0.682
2025-12-08T23:18:09.000,1.105,0.032,0.563
2025-12-08T23:18:09.010,1.106,0.117,0.596
2025-12-08T23:18:09.020,1.112,0.09,0.588
2025-12-08T23:18:09.030,1.101,0.062,0.632
2025-12-08T23:18:09.040,1.088,0.074,0.829
2025-12-08T23:18:09.050,1.036,-0.007,0.904
2025-12-08T23:18:09.060,0.973,-0.037,0.882
2025-12-08T23:18:09.070,0.932,-0.036,0.791
2025-12-08T23:18:09.080,0.856,-0.088,0.493
2025-12-08T23:18:09.090,0.767,-0.047,0.24
2025-12-08T23:18:09.100,0.673,0.011,0.111
2025-12-08T23:18:09.110,0.55,0.021,-0.056
2025-12-08T23:18:09.120,0.466,0.087,-0.123
2025-12-08T23:18:09.130,0.406,0.104,-0.184
2025-12-08T23:18:09.140,0.347,0.076,-0.283
2025-12-08T23:18:09.150,0.321,0.098,-0.19
2025-12-08T23:18:09.160,0.276,0.034,-0.058
2025-12-08T23:18:09.170,0.225,-0.042,0.021
2025-12-08T23:18:09.180,0.201,-0.049,0.116
2025-12-08T23:18:09.190,0.164,-0.121,0.025
2025-12-08T23:18:09.200,0.125,-0.142,-0.156
2025-12-08T23:18:09.210,0.087,-0.104,-0.224
2025-12-08T23:18:09.220,0.022,-0.139,-0.34
2025-12-08T23:18:09.230,-0.02,-0.138,-0.414
2025-12-08T23:18:09.240,-0.058,-0.144,-0.384
2025-12-08T23:18:09.250,-0.139,-0.219,-0.423
2025-12-08T23:18:09.260,-0.195,-0.236,-0.341
2025-12-08T23:18:09.270,-0.228,-0.271,-0.162
2025-12-08T23:18:09.280,-0.262,-0.355,-0.097
2025-12-08T23:18:09.290,-0.238,-0.357,0.009
2025-12-08T23:18:09.300,-0.197,-0.365,0.073
2025-12-08T23:18:09.310,-0.176,-0.377,0.034
2025-12-08T23:18:09.320,-0.141,-0.289,0.109
2025-12-08T23:18:09.330,-0.135,-0.246,0.125
2025-12-08T23:18:09.340,-0.157,-0.232,0.048
2025-12-08T23:18:09.350,-0.171,-0.162,0.084
2025-12-08T23:18:09.360,-0.203,-0.169,0.038
2025-12-08T23:18:09.370,-0.247,-0.176,-0.022
2025-12-08T23:18:09.380,-0.273,-0.147,0.061
2025-12-08T23:18:09.390,-0.323,-0.216,0.04
2025-12-08T23:18:09.400,-0.394,-0.237,-0.005
2025-12-08T23:18:09.410,-0.425,-0.196,-0.029
2025-12-08T23:18:09.420,-0.439,-0.206,-0.209
2025-12-08T23:18:09.430,-0.444,-0.131,-0.301
2025-12-08T23:18:09.440,-0.444,-0.066,-0.272
2025-12-08T23:18:09.450,-0.453,-0.091,-0.283
2025-12-08T23:18:09.460,-0.442,-0.034,-0.179
2025-12-08T23:18:09.470,-0.431,-0.014,-0.111
2025-12-08T23:18:09.480,-0.428,-0.059,-0.185
2025-12-08T23:18:09.490,-0.422,-0.03,-0.169
2025-12-08T23:18:09.500,-0.445,-0.058,-0.203
2025-12-08T23:18:09.510,-0.475,-0.093,-0.279
2025-12-08T23:18:09.520,-0.488,-0.038,-0.2
2025-12-08T23:18:09.530,-0.518,-0.039,-0.165
2025-12-08T23:18:09.540,-0.546,-0.017,-0.13
2025-12-08T23:18:09.550,-0.554,0.038,-0.005
2025-12-08T23:18:09.560,-0.569,-0.003,0.002
2025-12-08T23:18:09.570,-0.557,-0.002,0.035
2025-12-08T23:18:09.580,-0.499,0.009,0.127
2025-12-08T23:18:09.590,-0.451,-0.05,0.068
2025-12-08T23:18:09.600,-0.385,-0.014,0.068
2025-12-08T23:18:09.610,-0.31,0.036,0.108
2025-12-08T23:18:09.620,-0.297,0.033,0.05
2025-12-08T23:18:09.630,-0.289,0.108,0.121
2025-12-08T23:18:09.640,-0.289,0.151,0.211
2025-12-08T23:18:09.650,-0.324,0.156,0.212
2025-12-08T23:18:09.660,-0.33,0.244,0.286
2025-12-08T23:18:09.670,-0.321,0.252,0.236
2025-12-08T23:18:09.680,-0.308,0.252,0.025
2025-12-08T23:18:09.690,-0.259,0.354,-0.094
2025-12-08T23:18:09.700,-0.228,0.385,-0.217
2025-12-08T23:18:09.710,-0.235,0.443,-0.269
2025-12-08T23:18:09.720,-0.252,0.542,-0.128
2025-12-08T23:18:09.730,-0.289,0.545,-0.086
2025-12-08T23:18:09.740,-0.307,0.601,-0.094
2025-12-08T23:18:09.750,-0.285,0.677,-0.072
2025-12-08T23:18:09.760,-0.271,0.676,-0.161
2025-12-08T23:18:09.770,-0.238,0.738,-0.153
2025-12-08T23:18:09.780,-0.194,0.763,-0.06
2025-12-08T23:18:09.790,-0.171,0.708,-0.087
2025-12-08T23:18:09.800,-0.146,0.72,-0.1
2025-12-08T23:18:09.810,-0.149,0.7,-0.136
2025-12-08T23:18:09.820,-0.18,0.649,-0.252
2025-12-08T23:18:09.830,-0.207,0.66,-0.244
2025-12-08T23:18:09.840,-0.264,0.617,-0.225
2025-12-08T23:18:09.850,-0.328,0.566,-0.262
2025-12-08T23:18:09.860,-0.367,0.581,-0.237
2025-12-08T23:18:09.870,-0.406,0.528,-0.305
2025-12-08T23:18:09.880,-0.422,0.485,-0.404
2025-12-08T23:18:09.890,-0.395,0.489,-0.398
2025-12-08T23:18:09.900,-0.376,0.388,-0.445
2025-12-08T23:18:09.910,-0.348,0.32,-0.472
2025-12-08T23:18:09.920,-0.31,0.291,-0.435
2025-12-08T23:18:09.930,-0.321,0.201,-0.484
2025-12-08T23:18:09.940,-0.336,0.187,-0.461
2025-12-08T23:18:09.950,-0.356,0.185,-0.39
2025-12-08T23:18:09.960,-0.418,0.139,-0.467
2025-12-08T23:18:09.970,-0.445,0.155,-0.533
2025-12-08T23:18:09.980,-0.446,0.123,-0.637
2025-12-08T23:18:09.990,-0.448,0.046,-0.798
2025-12-08T23:18:10.000,-0.388,0.045,-0.794
2025-12-08T23:18:10.010,-0.305,0.007,-0.787
2025-12-08T23:18:10.020,-0.243,-0.032,-0.851
2025-12-08T23:18:10.030,-0.171,0.004,-0.831
2025-12-08T23:18:10.040,-0.136,-0.021,-0.853
2025-12-08T23:18:10.050,-0.125,-0.023,-0.863
2025-12-08T23:18:10.060,-0.091,0.028,-0.743
2025-12-08T23:18:10.070,-0.062,-0.004,-0.71
2025-12-08T23:18:10.080,-0.034,0.001,-0.701
2025-12-08T23:18:10.090,-0.024,0.03,-0.654
2025-12-08T23:18:10.100,-0.042,0.003,-0.733
2025-12-08T23:18:10.110,-0.043,0.061,-0.813
2025-12-08T23:18:10.120,-0.039,0.108,-0.889
2025-12-08T23:18:10.130,-0.05,0.072,-1.049
2025-12-08T23:18:10.140,-0.036,0.101,-1.094
2025-12-08T23:18:10.150,-0.005,0.093,-1.065
2025-12-08T23:18:10.160,0.034,0.057,-1.04
2025-12-08T23:18:10.170,0.107,0.121,-0.902
2025-12-08T23:18:10.180,0.177,0.124,-0.838
2025-12-08T23:18:10.190,0.228,0.103,-0.851
2025-12-08T23:18:10.200,0.288,0.145,-0.771
2025-12-08T23:18:10.210,0.319,0.106,-0.787
2025-12-08T23:18:10.220,0.337,0.1,-0.839
2025-12-08T23:18:10.230,0.392,0.154,-0.803
2025-12-08T23:18:10.240,0.409,0.132,-0.839
2025-12-08T23:18:10.250,0.392,0.146,-0.799
2025-12-08T23:18:10.260,0.387,0.165,-0.668
2025-12-08T23:18:10.270,0.341,0.128,-0.702
2025-12-08T23:18:10.280,0.314,0.165,-0.764
2025-12-08T23:18:10.290,0.331,0.191,-0.85
2025-12-08T23:18:10.300,0.319,0.164,-1.047
2025-12-08T23:18:10.310,0.312,0.219,-1.042
2025-12-08T23:18:10.320,0.289,0.245,-0.915
2025-12-08T23:18:10.330,0.231,0.211,-0.836
2025-12-08T23:18:10.340,0.196,0.262,-0.659
2025-12-08T23:18:10.350,0.183,0.278,-0.619
2025-12-08T23:18:10.360,0.189,0.285,-0.746
2025-12-08T23:18:10.370,0.216,0.358,-0.758
2025-12-08T23:18:10.380,0.219,0.342,-0.795
2025-12-08T23:18:10.390,0.187,0.344,-0.792
2025-12-08T23:18:10.400,0.146,0.405,-0.642
2025-12-08T23:18:10.410,0.096,0.408,-0.645
2025-12-08T23:18:10.420,0.052,0.49,-0.719
2025-12-08T23:18:10.430,0.021,0.598,-0.769
2025-12-08T23:18:10.440,-0.025,0.604,-0.905
2025-12-08T23:18:10.450,-0.059,0.653,-0.861
2025-12-08T23:18:10.460,-0.084,0.673,-0.688
2025-12-08T23:18:10.470,-0.118,0.617,-0.633
2025-12-08T23:18:10.480,-0.121,0.667,-0.555
2025-12-08T23:18:10.490,-0.12,0.704,-0.581
2025-12-08T23:18:10.500,-0.14,0.695,-0.749
2025-12-08T23:18:10.510,-0.132,0.753,-0.739
2025-12-08T23:18:10.520,-0.124,0.734,-0.702
2025-12-08T23:18:10.530,-0.124,0.709,-0.672
2025-12-08T23:18:10.540,-0.096,0.753,-0.503
2025-12-08T23:18:10.550,-0.075,0.709,-0.503
2025-12-08T23:18:10.560,-0.061,0.679,-0.577
2025-12-08T23:18:10.570,-0.053,0.696,-0.496
2025-12-08T23:18:10.580,-0.084,0.623,-0.468
2025-12-08T23:18:10.590,-0.123,0.596,-0.346
2025-12-08T23:18:10.600,-0.152,0.624,-0.126
2025-12-08T23:18:10.610,-0.189,0.581,-0.13
2025-12-08T23:18:10.620,-0.195,0.605,-0.166
2025-12-08T23:18:10.630,-0.168,0.645,-0.17
2025-12-08T23:18:10.640,-0.146,0.631,-0.275
2025-12-08T23:18:10.650,-0.112,0.713,-0.244
2025-12-08T23:18:10.660,-0.069,0.767,-0.192
2025-12-08T23:18:10.670,-0.04,0.762,-0.231
2025-12-08T23:18:10.680,-0.008,0.835,-0.103
2025-12-08T23:18:10.690,0.018,0.863,0.026
2025-12-08T23:18:10.700,0.035,0.879,0.08
2025-12-08T23:18:10.710,0.059,0.956,0.204
2025-12-08T23:18:10.720,0.059,0.954,0.201
2025-12-08T23:18:10.730,0.058,0.947,0.15
2025-12-08T23:18:10.740,0.068,0.974,0.203
2025-12-08T23:18:10.750,0.054,0.897,0.189
2025-12-08T23:18:10.760,0.042,0.851,0.221
2025-12-08T23:18:10.770,0.025,0.821,0.328
2025-12-08T23:18:10.780,-0.015,0.71,0.332
2025-12-08T23:18:10.790,-0.03,0.681,0.406
2025-12-08T23:18:10.800,-0.027,0.64,0.497
2025-12-08T23:18:10.810,-0.031,0.543,0.448
2025-12-08T23:18:10.820,-0.005,0.53,0.487
2025-12-08T23:18:10.830,0.037,0.484,0.516
2025-12-08T23:18:10.840,0.077,0.427,0.482
2025-12-08T23:18:10.850,0.161,0.457,0.634
2025-12-08T23:18:10.860,0.234,0.431,0.754
2025-12-08T23:18:10.870,0.269,0.39,0.788
2025-12-08T23:18:10.880,0.317,0.408,0.878
2025-12-08T23:18:10.890,0.336,0.325,0.8
2025-12-08T23:18:10.900,0.33,0.249,0.699
2025-12-08T23:18:10.910,0.341,0.225,0.751
2025-12-08T23:18:10.920,0.343,0.085,0.727
2025-12-08T23:18:10.930,0.339,-0.001,0.738
2025-12-08T23:18:10.940,0.347,-0.048,0.796
2025-12-08T23:18:10.950,0.325,-0.167,0.673
2025-12-08T23:18:10.960,0.269,-0.186,0.624
2025-12-08T23:18:10.970,0.21,-0.192,0.664
2025-12-08T23:18:10.980,0.144,-0.245,0.595
2025-12-08T23:18:10.990,0.096,-0.209,0.642
2025-12-08T23:18:11.000,0.07,-0.191,0.674
2025-12-08T23:18:11.010,0.029,-0.203,0.586
2025-12-08T23:18:11.020,-0.01,-0.146,0.63
2025-12-08T23:18:11.030,-0.048,-0.182,0.669
2025-12-08T23:18:11.040,-0.099,-0.242,0.687
2025-12-08T23:18:11.050,-0.131,-0.199,0.804
2025-12-08T23:18:11.060,-0.173,-0.208,0.783
2025-12-08T23:18:11.070,-0.222,-0.179,0.638
2025-12-08T23:18:11.080,-0.257,-0.106,0.537
2025-12-08T23:18:11.090,-0.316,-0.142,0.382
2025-12-08T23:18:11.100,-0.343,-0.145,0.318
2025-12-08T23:18:11.110,-0.336,-0.118,0.413
2025-12-08T23:18:11.120,-0.352,-0.146,0.439
2025-12-08T23:18:11.130,-0.326,-0.105,0.514
2025-12-08T23:18:11.140,-0.27,-0.051,0.588
2025-12-08T23:18:11.150,-0.235,-0.03,0.498
2025-12-08T23:18:11.160,-0.173,0.073,0.449
2025-12-08T23:18:11.170,-0.108,0.123,0.389
2025-12-08T23:18:11.180,-0.09,0.116,0.314
2025-12-08T23:18:11.190,-0.072,0.177,0.425
2025-12-08T23:18:11.200,-0.061,0.142,0.496
2025-12-08T23:18:11.210,-0.06,0.091,0.44
2025-12-08T23:18:11.220,-0.029,0.124,0.426
2025-12-08T23:18:11.230,-0.014,0.09,0.324
2025-12-08T23:18:11.240,-0.012,0.081,0.243
2025-12-08T23:18:11.250,0.006,0.131,0.326
2025-12-08T23:18:11.260,-0.003,0.129,0.336
2025-12-08T23:18:11.270,-0.029,0.189,0.361
2025-12-08T23:18:11.280,-0.054,0.26,0.46
2025-12-08T23:18:11.290,-0.102,0.235,0.428
2025-12-08T23:18:11.300,-0.135,0.289,0.435
2025-12-08T23:18:11.310,-0.134,0.336,0.475
2025-12-08T23:18:11.320,-0.139,0.293,0.401
2025-12-08T23:18:11.330,-0.138,0.318,0.449
2025-12-08T23:18:11.340,-0.146,0.288,0.517
2025-12-08T23:18:11.350,-0.171,0.213,0.453
2025-12-08T23:18:11.360,-0.169,0.215,0.457
2025-12-08T23:18:11.370,-0.171,0.169,0.41
2025-12-08T23:18:11.380,-0.19,0.155,0.329
2025-12-08T23:18:11.390,-0.191,0.227,0.392
2025-12-08T23:18:11.400,-0.214,0.248,0.391
2025-12-08T23:18:11.410,-0.239,0.292,0.359
2025-12-08T23:18:11.420,-0.239,0.344,0.413
2025-12-08T23:18:11.430,-0.27,0.286,0.381
2025-12-08T23:18:11.440,-0.29,0.248,0.388
2025-12-08T23:18:11.450,-0.29,0.225,0.501
2025-12-08T23:18:11.460,-0.329,0.115,0.537
2025-12-08T23:18:11.470,-0.351,0.066,0.662
2025-12-08T23:18:11.480,-0.365,0.046,0.797
2025-12-08T23:18:11.490,-0.401,-0.025,0.712
2025-12-08T23:18:11.500,-0.396,-0.012,0.646
2025-12-08T23:18:11.510,-0.374,-0.021,0.553
2025-12-08T23:18:11.520,-0.373,-0.081,0.423
2025-12-08T23:18:11.530,-0.355,-0.052,0.516
2025-12-08T23:18:11.540,-0.334,-0.084,0.601
2025-12-08T23:18:11.550,-0.331,-0.116,0.632
2025-12-08T23:18:11.560,-0.314,-0.05,0.784
2025-12-08T23:18:11.570,-0.318,-0.051,0.839
2025-12-08T23:18:11.580,-0.337,-0.025,0.849
2025-12-08T23:18:11.590,-0.329,0.026,0.933
2025-12-08T23:18:11.600,-0.329,-0.023,0.867
2025-12-08T23:18:11.610,-0.324,-0.032,0.79
2025-12-08T23:18:11.620,-0.303,-0.008,0.826
2025-12-08T23:18:11.630,-0.303,-0.043,0.758
2025-12-08T23:18:11.640,-0.306,-0.008,0.731
2025-12-08T23:18:11.650,-0.324,0.048,0.761
2025-12-08T23:18:11.660,-0.376,0.037,0.703
2025-12-08T23:18:11.670,-0.424,0.098,0.771
2025-12-08T23:18:11.680,-0.463,0.13,0.838
2025-12-08T23:18:11.690,-0.497,0.119,0.744
2025-12-08T23:18:11.700,-0.494,0.208,0.693
2025-12-08T23:18:11.710,-0.483,0.212,0.55
2025-12-08T23:18:11.720,-0.466,0.187,0.347
2025-12-08T23:18:11.730,-0.416,0.24,0.325
2025-12-08T23:18:11.740,-0.38,0.193,0.268
2025-12-08T23:18:11.750,-0.36,0.163,0.218
2025-12-08T23:18:11.760,-0.322,0.184,0.283
2025-12-08T23:18:11.770,-0.318,0.12,0.233
2025-12-08T23:18:11.780,-0.327,0.111,0.225
2025-12-08T23:18:11.790,-0.313,0.096,0.278
2025-12-08T23:18:11.800,-0.333,-0.013,0.168
2025-12-08T23:18:11.810,-0.327,-0.014,0.109
2025-12-08T23:18:11.820,-0.271,0.01,0.073
2025-12-08T23:18:11.830,-0.226,-0.017,-0.097
2025-12-08T23:18:11.840,-0.16,0.038,-0.107
2025-12-08T23:18:11.850,-0.106,0.048,-0.052
2025-12-08T23:18:11.860,-0.076,-0.0,-0.08
2025-12-08T23:18:11.870,-0.002,0.026,0.017
2025-12-08T23:18:11.880,0.081,0.007,-0.004
2025-12-08T23:18:11.890,0.144,-0.009,-0.172
2025-12-08T23:18:11.900,0.202,0.078,-0.232
2025-12-08T23:18:11.910,0.224,0.062,-0.347
2025-12-08T23:18:11.920,0.222,0.014,-0.41
2025-12-08T23:18:11.930,0.21,0.022,-0.325
2025-12-08T23:18:11.940,0.191,-0.079,-0.396
2025-12-08T23:18:11.950,0.192,-0.125,-0.537
2025-12-08T23:18:11.960,0.207,-0.114,-0.626
2025-12-08T23:18:11.970,0.227,-0.192,-0.796
2025-12-08T23:18:11.980,0.249,-0.193,-0.814
2025-12-08T23:18:11.990,0.259,-0.191,-0.705
2025-12-08T23:18:12.000,0.243,-0.236,-0.73
2025-12-08T23:18:12.010,0.236,-0.186,-0.701
2025-12-08T23:18:12.020,0.236,-0.179,-0.726
2025-12-08T23:18:12.030,0.223,-0.21,-0.844
2025-12-08T23:18:12.040,0.23,-0.151,-0.785
2025-12-08T23:18:12.050,0.225,-0.152,-0.779
2025-12-08T23:18:12.060,0.214,-0.178,-0.855
2025-12-08T23:18:12.070,0.216,-0.148,-0.816
2025-12-08T23:18:12.080,0.178,-0.2,-0.872
2025-12-08T23:18:12.090,0.123,-0.225,-0.921
2025-12-08T23:18:12.100,0.067,-0.197,-0.824
2025-12-08T23:18:12.110,-0.024,-0.284,-0.865
2025-12-08T23:18:12.120,-0.107,-0.337,-0.906
2025-12-08T23:18:12.130,-0.161,-0.35,-0.9
2025-12-08T23:18:12.140,-0.223,-0.452,-1.093
2025-12-08T23:18:12.150,-0.271,-0.464,-1.191
2025-12-08T23:18:12.160,-0.296,-0.461,-1.175
2025-12-08T23:18:12.170,-0.344,-0.505,-1.224
2025-12-08T23:18:12.180,-0.387,-0.425,-1.1
2025-12-08T23:18:12.190,-0.408,-0.361,-0.983
2025-12-08T23:18:12.200,-0.426,-0.318,-1.058
2025-12-08T23:18:12.210,-0.414,-0.193,-1.116
2025-12-08T23:18:12.220,-0.379,-0.136,-1.259
2025-12-08T23:18:12.230,-0.352,-0.09,-1.413
2025-12-08T23:18:12.240,-0.327,0.002,-1.318
2025-12-08T23:18:12.250,-0.329,0.01,-1.192
2025-12-08T23:18:12.260,-0.35,0.023,-1.09
2025-12-08T23:18:12.270,-0.357,0.076,-0.948
2025-12-08T23:18:12.280,-0.378,0.055,-0.95
2025-12-08T23:18:12.290,-0.385,0.086,-0.94
2025-12-08T23:18:12.300,-0.381,0.156,-0.839
2025-12-08T23:18:12.310,-0.406,0.156,-0.865
2025-12-08T23:18:12.320,-0.418,0.213,-0.898
2025-12-08T23:18:12.330,-0.429,0.225,-0.928
2025-12-08T23:18:12.340,-0.444,0.138,-1.05
2025-12-08T23:18:12.350,-0.397,0.136,-1.031
2025-12-08T23:18:12.360,-0.328,0.096,-0.964
2025-12-08T23:18:12.370,-0.268,0.019,-0.941
2025-12-08T23:18:12.380,-0.192,0.023,-0.781
2025-12-08T23:18:12.390,-0.139,-0.057,-0.724
2025-12-08T23:18:12.400,-0.1,-0.162,-0.766
2025-12-08T23:18:12.410,-0.056,-0.182,-0.679
2025-12-08T23:18:12.420,-0.053,-0.282,-0.666
2025-12-08T23:18:12.430,-0.075,-0.385,-0.624
2025-12-08T23:18:12.440,-0.093,-0.424,-0.468
2025-12-08T23:18:12.450,-0.131,-0.537,-0.511
2025-12-08T23:18:12.460,-0.166,-0.597,-0.592
2025-12-08T23:18:12.470,-0.186,-0.612,-0.614
2025-12-08T23:18:12.480,-0.232,-0.718,-0.767
2025-12-08T23:18:12.490,-0.273,-0.755,-0.797
2025-12-08T23:18:12.500,-0.281,-0.765,-0.722
2025-12-08T23:18:12.510,-0.278,-0.804,-0.751
2025-12-08T23:18:12.520,-0.236,-0.727,-0.681
2025-12-08T23:18:12.530,-0.171,-0.673,-0.653
2025-12-08T23:18:12.540,-0.129,-0.663,-0.764
2025-12-08T23:18:12.550,-0.093,-0.549,-0.71
2025-12-08T23:18:12.560,-0.077,-0.504,-0.626
2025-12-08T23:18:12.570,-0.101,-0.49,-0.583
2025-12-08T23:18:12.580,-0.137,-0.426,-0.407
2025-12-08T23:18:12.590,-0.203,-0.469,-0.332
2025-12-08T23:18:12.600,-0.275,-0.511,-0.306
2025-12-08T23:18:12.610,-0.32,-0.503,-0.156
2025-12-08T23:18:12.620,-0.375,-0.548,-0.141
2025-12-08T23:18:12.630,-0.396,-0.555,-0.154
2025-12-08T23:18:12.640,-0.4,-0.533,-0.096
2025-12-08T23:18:12.650,-0.426,-0.567,-0.129
2025-12-08T23:18:12.660,-0.413,-0.532,-0.036
2025-12-08T23:18:12.670,-0.396,-0.459,0.148
2025-12-08T23:18:12.680,-0.392,-0.446,0.233
2025-12-08T23:18:12.690,-0.359,-0.359,0.393
2025-12-08T23:18:12.700,-0.341,-0.309,0.501
2025-12-08T23:18:12.710,-0.349,-0.312,0.484
2025-12-08T23:18:12.720,-0.349,-0.203,0.576
2025-12-08T23:18:12.730,-0.386,-0.161,0.623
2025-12-08T23:18:12.740,-0.452,-0.153,0.586
2025-12-08T23:18:12.750,-0.477,-0.095,0.608
2025-12-08T23:18:12.760,-0.501,-0.15,0.482
2025-12-08T23:18:12.770,-0.526,-0.194,0.306
2025-12-08T23:18:12.780,-0.506,-0.19,0.284
2025-12-08T23:18:12.790,-0.5,-0.265,0.223
2025-12-08T23:18:12.800,-0.495,-0.266,0.221
2025-12-08T23:18:12.810,-0.448,-0.219,0.335
2025-12-08T23:18:12.820,-0.411,-0.242,0.339
2025-12-08T23:18:12.830,-0.37,-0.179,0.442
2025-12-08T23:18:12.840,-0.323,-0.118,0.662
2025-12-08T23:18:12.850,-0.306,-0.129,0.788
2025-12-08T23:18:12.860,-0.281,-0.068,0.99
2025-12-08T23:18:12.870,-0.262,-0.06,1.128
2025-12-08T23:18:12.880,-0.264,-0.112,1.064
2025-12-08T23:18:12.890,-0.249,-0.089,1.027
2025-12-08T23:18:12.900,-0.242,-0.117,0.927
2025-12-08T23:18:12.910,-0.248,-0.154,0.794
2025-12-08T23:18:12.920,-0.229,-0.118,0.831
2025-12-08T23:18:12.930,-0.206,-0.137,0.833
2025-12-08T23:18:12.940,-0.181,-0.117,0.821
2025-12-08T23:18:12.950,-0.136,-0.037,0.901
2025-12-08T23:18:12.960,-0.1,-0.048,0.876
2025-12-08T23:18:12.970,-0.054,-0.032,0.925
2025-12-08T23:18:12.980,0.002,-0.018,1.088
2025-12-08T23:18:12.990,0.011,-0.099,1.132
2025-12-08T23:18:13.000,0.007,-0.105,1.228
2025-12-08T23:18:13.010,-0.008,-0.125,1.29
2025-12-08T23:18:13.020,-0.078,-0.222,1.168
2025-12-08T23:18:13.030,-0.137,-0.222,1.131
2025-12-08T23:18:13.040,-0.191,-0.248,1.061
2025-12-08T23:18:13.050,-0.262,-0.318,0.866
2025-12-08T23:18:13.060,-0.284,-0.308,0.797
2025-12-08T23:18:13.070,-0.278,-0.367,0.699
2025-12-08T23:18:13.080,-0.256,-0.417,0.589
2025-12-08T23:18:13.090,-0.188,-0.359,0.654
2025-12-08T23:18:13.100,-0.128,-0.374,0.609
2025-12-08T23:18:13.110,-0.08,-0.364,0.538
2025-12-08T23:18:13.120,-0.028,-0.289,0.631
2025-12-08T23:18:13.130,-0.032,-0.304,0.633
2025-12-08T23:18:13.140,-0.068,-0.279,0.668
2025-12-08T23:18:13.150,-0.1,-0.244,0.76
2025-12-08T23:18:13.160,-0.163,-0.321,0.633
2025-12-08T23:18:13.170,-0.237,-0.347,0.511
2025-12-08T23:18:13.180,-0.304,-0.381,0.432
2025-12-08T23:18:13.190,-0.376,-0.474,0.255
2025-12-08T23:18:13.200,-0.418,-0.475,0.234
2025-12-08T23:18:13.210,-0.421,-0.507,0.272
2025-12-08T23:18:13.220,-0.397,-0.562,0.256
2025-12-08T23:18:13.230,-0.336,-0.5,0.421
2025-12-08T23:18:13.240,-0.255,-0.473,0.557
2025-12-08T23:18:13.250,-0.148,-0.444,0.602
2025-12-08T23:18:13.260,-0.005,-0.313,0.763
2025-12-08T23:18:13.270,0.116,-0.25,0.827
2025-12-08T23:18:13.280,0.212,-0.197,0.848
2025-12-08T23:18:13.290,0.291,-0.131,0.955
2025-12-08T23:18:13.300,0.31,-0.183,0.933
2025-12-08T23:18:13.310,0.313,-0.19,0.907
2025-12-08T23:18:13.320,0.325,-0.186,0.903
2025-12-08T23:18:13.330,0.314,-0.276,0.698
2025-12-08T23:18:13.340,0.319,-0.289,0.491
2025-12-08T23:18:13.350,0.337,-0.307,0.299
2025-12-08T23:18:13.360,0.337,-0.388,0.016
2025-12-08T23:18:13.370,0.376,-0.394,-0.075
2025-12-08T23:18:13.380,0.451,-0.428,-0.079
2025-12-08T23:18:13.390,0.527,-0.484,-0.129
2025-12-08T23:18:13.400,0.629,-0.437,0.006
2025-12-08T23:18:13.410,0.713,-0.438,0.141
2025-12-08T23:18:13.420,0.777,-0.477,0.205
2025-12-08T23:18:13.430,0.876,-0.43,0.39
2025-12-08T23:18:13.440,0.963,-0.44,0.469
2025-12-08T23:18:13.450,1.041,-0.448,0.414
2025-12-08T23:18:13.460,1.137,-0.407,0.408
2025-12-08T23:18:13.470,1.206,-0.461,0.284
2025-12-08T23:18:13.480,1.274,-0.498,0.144
2025-12-08T23:18:13.490,1.348,-0.516,0.143
2025-12-08T23:18:13.500,1.382,-0.61,0.11
2025-12-08T23:18:13.510,1.422,-0.663,0.141
2025-12-08T23:18:13.520,1.489,-0.71,0.234
2025-12-08T23:18:13.530,1.563,-0.778,0.23
2025-12-08T23:18:13.540,1.672,-0.735,0.276
2025-12-08T23:18:13.550,1.78,-0.687,0.31
2025-12-08T23:18:13.560,1.875,-0.675,0.26
2025-12-08T23:18:13.570,1.991,-0.589,0.281
2025-12-08T23:18:13.580,2.087,-0.562,0.25
2025-12-08T23:18:13.590,2.168,-0.568,0.149
2025-12-08T23:18:13.600,2.25,-0.526,0.141
2025-12-08T23:18:13.610,2.279,-0.58,0.095
2025-12-08T23:18:13.620,2.279,-0.611,0.059
2025-12-08T23:18:13.630,2.288,-0.584,0.112
2025-12-08T23:18:13.640,2.257,-0.628,0.06
2025-12-08T23:18:13.650,2.22,-0.617,0.043
2025-12-08T23:18:13.660,2.224,-0.585,0.113
2025-12-08T23:18:13.670,2.217,-0.605,0.087
2025-12-08T23:18:13.680,2.244,-0.533,0.123
2025-12-08T23:18:13.690,2.308,-0.453,0.165
2025-12-08T23:18:13.700,2.33,-0.417,0.093
2025-12-08T23:18:13.710,2.356,-0.306,0.133
2025-12-08T23:18:13.720,2.381,-0.24,0.175
2025-12-08T23:18:13.730,2.369,-0.221,0.131
2025-12-08T23:18:13.740,2.373,-0.136,0.225
2025-12-08T23:18:13.750,2.365,-0.136,0.274
2025-12-08T23:18:13.760,2.33,-0.158,0.226
2025-12-08T23:18:13.770,2.318,-0.081,0.231
2025-12-08T23:18:13.780,2.314,-0.064,0.061
2025-12-08T23:18:13.790,2.308,-0.02,-0.171
2025-12-08T23:18:13.800,2.299,0.078,-0.22
2025-12-08T23:18:13.810,2.261,0.056,-0.246
2025-12-08T23:18:13.820,2.228,0.045,-0.178
2025-12-08T23:18:13.830,2.208,0.069,0.002
2025-12-08T23:18:13.840,2.178,0.037,0.064
2025-12-08T23:18:13.850,2.173,0.078,0.135
2025-12-08T23:18:13.860,2.177,0.119,0.217
2025-12-08T23:18:13.870,2.155,0.113,0.164
2025-12-08T23:18:13.880,2.145,0.199,0.174
2025-12-08T23:18:13.890,2.129,0.259,0.18
2025-12-08T23:18:13.900,2.085,0.282,0.111
2025-12-08T23:18:13.910,2.046,0.376,0.173
2025-12-08T23:18:13.920,1.989,0.388,0.164
2025-12-08T23:18:13.930,1.91,0.369,0.071
2025-12-08T23:18:13.940,1.832,0.419,0.1
2025-12-08T23:18:13.950,1.721,0.375,0.073
2025-12-08T23:18:13.960,1.601,0.362,0.057
2025-12-08T23:18:13.970,1.514,0.42,0.127
2025-12-08T23:18:13.980,1.416,0.4,0.036
2025-12-08T23:18:13.990,1.313,0.444,-0.057
2025-12-08T23:18:14.000,1.231,0.503,-0.049
2025-12-08T23:18:14.010,1.131,0.459,-0.127
2025-12-08T23:18:14.020,1.05,0.483,-0.099
2025-12-08T23:18:14.030,0.992,0.53,-0.025
2025-12-08T23:18:14.040,0.913,0.544,-0.148
2025-12-08T23:18:14.050,0.845,0.637,-0.21
2025-12-08T23:18:14.060,0.758,0.701,-0.244
2025-12-08T23:18:14.070,0.627,0.709,-0.326
2025-12-08T23:18:14.080,0.51,0.773,-0.207
2025-12-08T23:18:14.090,0.403,0.766,-0.084
2025-12-08T23:18:14.100,0.296,0.712,-0.076
2025-12-08T23:18:14.110,0.213,0.711,-0.02
2025-12-08T23:18:14.120,0.112,0.631,-0.061
2025-12-08T23:18:14.130,-0.018,0.56,-0.121
2025-12-08T23:18:14.140,-0.16,0.573,-0.047
2025-12-08T23:18:14.150,-0.329,0.528,-0.062
2025-12-08T23:18:14.160,-0.48,0.537,-0.157
2025-12-08T23:18:14.170,-0.617,0.589,-0.246
2025-12-08T23:18:14.180,-0.771,0.552,-0.435
2025-12-08T23:18:14.190,-0.914,0.576,-0.521
2025-12-08T23:18:14.200,-1.076,0.603,-0.481
2025-12-08T23:18:14.210,-1.247,0.563,-0.526
2025-12-08T23:18:14.220,-1.368,0.599,-0.53
2025-12-08T23:18:14.230,-1.476,0.623,-0.573
2025-12-08T23:18:14.240,-1.594,0.614,-0.712
2025-12-08T23:18:14.250,-1.676,0.673,-0.721
2025-12-08T23:18:14.260,-1.769,0.663,-0.708
2025-12-08T23:18:14.270,-1.878,0.607,-0.706
2025-12-08T23:18:14.280,-1.94,0.599,-0.613
2025-12-08T23:18:14.290,-2.015,0.521,-0.628
2025-12-08T23:18:14.300,-2.097,0.464,-0.737
2025-12-08T23:18:14.310,-2.142,0.48,-0.764
2025-12-08T23:18:14.320,-2.219,0.43,-0.824
2025-12-08T23:18:14.330,-2.295,0.429,-0.826
2025-12-08T23:18:14.340,-2.345,0.464,-0.715
2025-12-08T23:18:14.350,-2.406,0.41,-0.738
2025-12-08T23:18:14.360,-2.428,0.399,-0.778
2025-12-08T23:18:14.370,-2.422,0.383,-0.774
2025-12-08T23:18:14.380,-2.445,0.31,-0.845
2025-12-08T23:18:14.390,-2.458,0.323,-0.804
2025-12-08T23:18:14.400,-2.449,0.319,-0.736
2025-12-08T23:18:14.410,-2.444,0.288,-0.759
2025-12-08T23:18:14.420,-2.42,0.34,-0.701
2025-12-08T23:18:14.430,-2.394,0.325,-0.664
2025-12-08T23:18:14.440,-2.38,0.28,-0.699
2025-12-08T23:18:14.450,-2.351,0.294,-0.638
2025-12-08T23:18:14.460,-2.351,0.236,-0.626
2025-12-08T23:18:14.470,-2.357,0.18,-0.704
2025-12-08T23:18:14.480,-2.338,0.169,-0.739
2025-12-08T23:18:14.490,-2.345,0.103,-0.844
2025-12-08T23:18:14.500,-2.336,0.094,-0.889
2025-12-08T23:18:14.510,-2.314,0.143,-0.765
2025-12-08T23:18:14.520,-2.321,0.125,-0.665
2025-12-08T23:18:14.530,-2.307,0.155,-0.564
2025-12-08T23:18:14.540,-2.295,0.193,-0.535
2025-12-08T23:18:14.550,-2.296,0.162,-0.67
2025-12-08T23:18:14.560,-2.266,0.206,-0.724
2025-12-08T23:18:14.570,-2.255,0.217,-0.72
2025-12-08T23:18:14.580,-2.265,0.185,-0.755
2025-12-08T23:18:14.590,-2.231,0.236,-0.698
2025-12-08T23:18:14.600,-2.197,0.234,-0.706
2025-12-08T23:18:14.610,-2.174,0.233,-0.766
2025-12-08T23:18:14.620,-2.117,0.292,-0.667
2025-12-08T23:18:14.630,-2.073,0.262,-0.642
2025-12-08T23:18:14.640,-2.028,0.232,-0.685
2025-12-08T23:18:14.650,-1.941,0.252,-0.645
2025-12-08T23:18:14.660,-1.885,0.225,-0.715
2025-12-08T23:18:14.670,-1.85,0.26,-0.737
2025-12-08T23:18:14.680,-1.805,0.332,-0.617
2025-12-08T23:18:14.690,-1.772,0.32,-0.589
2025-12-08T23:18:14.700,-1.716,0.356,-0.502
2025-12-08T23:18:14.710,-1.649,0.384,-0.378
2025-12-08T23:18:14.720,-1.592,0.33,-0.4
2025-12-08T23:18:14.730,-1.532,0.346,-0.332
2025-12-08T23:18:14.740,-1.477,0.338,-0.237
2025-12-08T23:18:14.750,-1.427,0.276,-0.253
2025-12-08T23:18:14.760,-1.371,0.289,-0.196
2025-12-08T23:18:14.770,-1.315,0.257,-0.225
2025-12-08T23:18:14.780,-1.256,0.217,-0.334
2025-12-08T23:18:14.790,-1.192,0.26,-0.275
2025-12-08T23:18:14.800,-1.147,0.226,-0.23
2025-12-08T23:18:14.810,-1.104,0.193,-0.173
2025-12-08T23:18:14.820,-1.035,0.208,-0.022
2025-12-08T23:18:14.830,-0.976,0.129,-0.043
2025-12-08T23:18:14.840,-0.9,0.095,-0.113
2025-12-08T23:18:14.850,-0.807,0.116,-0.127
2025-12-08T23:18:14.860,-0.741,0.087,-0.252
2025-12-08T23:18:14.870,-0.685,0.151,-0.248
2025-12-08T23:18:14.880,-0.659,0.219,-0.126
2025-12-08T23:18:14.890,-0.663,0.176,-0.106
2025-12-08T23:18:14.900,-0.636,0.183,-0.019
2025-12-08T23:18:14.910,-0.598,0.178,0.006
2025-12-08T23:18:14.920,-0.557,0.152,-0.087
2025-12-08T23:18:14.930,-0.482,0.234,-0.012
2025-12-08T23:18:14.940,-0.43,0.261,0.061
2025-12-08T23:18:14.950,-0.418,0.261,0.085
2025-12-08T23:18:14.960,-0.395,0.35,0.246
2025-12-08T23:18:14.970,-0.382,0.364,0.303
2025-12-08T23:18:14.980,-0.353,0.382,0.28
2025-12-08T23:18:14.990,-0.277,0.467,0.332
2025-12-08T23:18:15.000,-0.202,0.465,0.222
2025-12-08T23:18:15.010,-0.141,0.494,0.128
2025-12-08T23:18:15.020,-0.08,0.551,0.205
2025-12-08T23:18:15.030,-0.024,0.495,0.233
2025-12-08T23:18:15.040,0.037,0.491,0.341
2025-12-08T23:18:15.050,0.12,0.507,0.478
2025-12-08T23:18:15.060,0.199,0.471,0.46
2025-12-08T23:18:15.070,0.271,0.539,0.505
2025-12-08T23:18:15.080,0.344,0.571,0.551
2025-12-08T23:18:15.090,0.41,0.547,0.474
2025-12-08T23:18:15.100,0.475,0.602,0.484
2025-12-08T23:18:15.110,0.511,0.584,0.45
2025-12-08T23:18:15.120,0.528,0.562,0.347
2025-12-08T23:18:15.130,0.561,0.633,0.412
2025-12-08T23:18:15.140,0.578,0.658,0.45
2025-12-08T23:18:15.150,0.597,0.704,0.488
2025-12-08T23:18:15.160,0.619,0.792,0.64
2025-12-08T23:18:15.170,0.6,0.783,0.639
2025-12-08T23:18:15.180,0.591,0.784,0.607
2025-12-08T23:18:15.190,0.605,0.815,0.639
2025-12-08T23:18:15.200,0.598,0.756,0.557
2025-12-08T23:18:15.210,0.623,0.745,0.545
2025-12-08T23:18:15.220,0.664,0.731,0.585
2025-12-08T23:18:15.230,0.673,0.655,0.49
2025-12-08T23:18:15.240,0.687,0.66,0.453
2025-12-08T23:18:15.250,0.687,0.627,0.434
2025-12-08T23:18:15.260,0.66,0.549,0.334
2025-12-08T23:18:15.270,0.668,0.552,0.359
2025-12-08T23:18:15.280,0.672,0.516,0.367
2025-12-08T23:18:15.290,0.658,0.46,0.284
2025-12-08T23:18:15.300,0.66,0.48,0.296
2025-12-08T23:18:15.310,0.637,0.465,0.241
2025-12-08T23:18:15.320,0.608,0.474,0.185
2025-12-08T23:18:15.330,0.592,0.554,0.29
2025-12-08T23:18:15.340,0.545,0.519,0.33
2025-12-08T23:18:15.350,0.5,0.474,0.366
2025-12-08T23:18:15.360,0.48,0.453,0.455
2025-12-08T23:18:15.370,0.458,0.352,0.399
2025-12-08T23:18:15.380,0.449,0.334,0.382
2025-12-08T23:18:15.390,0.453,0.321,0.437
2025-12-08T23:18:15.400,0.442,0.237,0.397
2025-12-08T23:18:15.410,0.438,0.219,0.426
2025-12-08T23:18:15.420,0.435,0.164,0.429
2025-12-08T23:18:15.430,0.437,0.064,0.321
2025-12-08T23:18:15.440,0.478,0.038,0.338
2025-12-08T23:18:15.450,0.494,-0.023,0.365
2025-12-08T23:18:15.460,0.491,-0.107,0.34
2025-12-08T23:18:15.470,0.502,-0.101,0.354
2025-12-08T23:18:15.480,0.47,-0.136,0.246
2025-12-08T23:18:15.490,0.435,-0.167,0.109
2025-12-08T23:18:15.500,0.424,-0.129,0.103
2025-12-08T23:18:15.510,0.388,-0.18,0.081
2025-12-08T23:18:15.520,0.359,-0.197,0.096
2025-12-08T23:18:15.530,0.349,-0.189,0.162
2025-12-08T23:18:15.540,0.325,-0.276,0.102
2025-12-08T23:18:15.550,0.333,-0.316,0.082
2025-12-08T23:18:15.560,0.354,-0.37,0.105
2025-12-08T23:18:15.570,0.328,-0.458,0.025
2025-12-08T23:18:15.580,0.319,-0.454,0.036
2025-12-08T23:18:15.590,0.321,-0.484,0.081
2025-12-08T23:18:15.600,0.293,-0.555,0.063
2025-12-08T23:18:15.610,0.28,-0.56,0.127
2025-12-08T23:18:15.620,0.259,-0.62,0.096
2025-12-08T23:18:15.630,0.233,-0.689,-0.066
2025-12-08T23:18:15.640,0.242,-0.683,-0.132
2025-12-08T23:18:15.650,0.248,-0.746,-0.208
2025-12-08T23:18:15.660,0.241,-0.794,-0.271
2025-12-08T23:18:15.670,0.228,-0.793,-0.219
2025-12-08T23:18:15.680,0.191,-0.88,-0.267
2025-12-08T23:18:15.690,0.162,-0.923,-0.318
2025-12-08T23:18:15.700,0.157,-0.929,-0.269
2025-12-08T23:18:15.710,0.141,-0.99,-0.29
2025-12-08T23:18:15.720,0.14,-0.986,-0.284
2025-12-08T23:18:15.730,0.167,-0.995,-0.274
2025-12-08T23:18:15.740,0.183,-1.051,-0.369
2025-12-08T23:18:15.750,0.234,-1.018,-0.401
2025-12-08T23:18:15.760,0.3,-1.004,-0.385
2025-12-08T23:18:15.770,0.353,-1.01,-0.341
2025-12-08T23:18:15.780,0.428,-0.926,-0.132
2025-12-08T23:18:15.790,0.452,-0.89,0.087
2025-12-08T23:18:15.800,0.451,-0.881,0.201
2025-12-08T23:18:15.810,0.496,-0.831,0.298
2025-12-08T23:18:15.820,0.521,-0.845,0.262
2025-12-08T23:18:15.830,0.551,-0.819,0.194
2025-12-08T23:18:15.840,0.62,-0.747,0.256
2025-12-08T23:18:15.850,0.661,-0.777,0.242
2025-12-08T23:18:15.860,0.708,-0.788,0.224
2025-12-08T23:18:15.870,0.774,-0.785,0.26
2025-12-08T23:18:15.880,0.793,-0.863,0.206
2025-12-08T23:18:15.890,0.819,-0.876,0.286
2025-12-08T23:18:15.900,0.86,-0.866,0.46
2025-12-08T23:18:15.910,0.862,-0.894,0.49
2025-12-08T23:18:15.920,0.862,-0.818,0.527
2025-12-08T23:18:15.930,0.865,-0.736,0.519
2025-12-08T23:18:15.940,0.87,-0.676,0.416
2025-12-08T23:18:15.950,0.911,-0.528,0.433
2025-12-08T23:18:15.960,0.97,-0.446,0.439
2025-12-08T23:18:15.970,1.019,-0.421,0.364
2025-12-08T23:18:15.980,1.057,-0.351,0.396
2025-12-08T23:18:15.990,1.066,-0.374,0.407
2025-12-08T23:18:16.000,1.067,-0.405,0.395
2025-12-08T23:18:16.010,1.095,-0.387,0.483
2025-12-08T23:18:16.020,1.121,-0.454,0.472
2025-12-08T23:18:16.030,1.132,-0.465,0.433
2025-12-08T23:18:16.040,1.134,-0.43,0.463
2025-12-08T23:18:16.050,1.115,-0.456,0.384
2025-12-08T23:18:16.060,1.095,-0.404,0.362
2025-12-08T23:18:16.070,1.079,-0.362,0.402
2025-12-08T23:18:16.080,1.045,-0.378,0.327
2025-12-08T23:18:16.090,1.044,-0.311,0.293
2025-12-08T23:18:16.100,1.064,-0.273,0.22
2025-12-08T23:18:16.110,1.079,-0.253,0.065
2025-12-08T23:18:16.120,1.116,-0.141,0.064
2025-12-08T23:18:16.130,1.133,-0.086,0.071
2025-12-08T23:18:16.140,1.167,-0.065,0.041
2025-12-08T23:18:16.150,1.252,-0.006,0.149
2025-12-08T23:18:16.160,1.322,-0.041,0.204
2025-12-08T23:18:16.170,1.369,-0.072,0.269
2025-12-08T23:18:16.180,1.428,-0.059,0.442
2025-12-08T23:18:16.190,1.474,-0.145,0.415
2025-12-08T23:18:16.200,1.503,-0.186,0.334
2025-12-08T23:18:16.210,1.531,-0.184,0.307
2025-12-08T23:18:16.220,1.507,-0.263,0.163
2025-12-08T23:18:16.230,1.452,-0.252,0.166
2025-12-08T23:18:16.240,1.404,-0.24,0.256
2025-12-08T23:18:16.250,1.356,-0.311,0.188
2025-12-08T23:18:16.260,1.341,-0.282,0.169
2025-12-08T23:18:16.270,1.333,-0.274,0.107
2025-12-08T23:18:16.280,1.304,-0.297,-0.07
2025-12-08T23:18:16.290,1.3,-0.23,-0.063
2025-12-08T23:18:16.300,1.319,-0.23,-0.02
2025-12-08T23:18:16.310,1.325,-0.244,-0.03
2025-12-08T23:18:16.320,1.324,-0.186,0.083
2025-12-08T23:18:16.330,1.301,-0.21,0.098
2025-12-08T23:18:16.340,1.267,-0.223,0.075
2025-12-08T23:18:16.350,1.241,-0.166,0.18
2025-12-08T23:18:16.360,1.192,-0.171,0.135
2025-12-08T23:18:16.370,1.134,-0.125,0.038
2025-12-08T23:18:16.380,1.071,-0.051,0.028
2025-12-08T23:18:16.390,0.989,-0.093,-0.073
2025-12-08T23:18:16.400,0.925,-0.09,-0.066
2025-12-08T23:18:16.410,0.885,-0.073,0.019
2025-12-08T23:18:16.420,0.855,-0.102,-0.052
2025-12-08T23:18:16.430,0.847,-0.012,-0.033
2025-12-08T23:18:16.440,0.821,0.073,-0.003
2025-12-08T23:18:16.450,0.73,0.117,-0.068
2025-12-08T23:18:16.460,0.644,0.216,-0.013
2025-12-08T23:18:16.470,0.552,0.224,-0.006
2025-12-08T23:18:16.480,0.426,0.206,-0.042
2025-12-08T23:18:16.490,0.341,0.244,0.048
2025-12-08T23:18:16.500,0.264,0.189,0.02
2025-12-08T23:18:16.510,0.184,0.133,-0.107
2025-12-08T23:18:16.520,0.148,0.116,-0.152
2025-12-08T23:18:16.530,0.094,0.021,-0.268
2025-12-08T23:18:16.540,0.032,-0.021,-0.366
2025-12-08T23:18:16.550,0.0,-0.037,-0.352
2025-12-08T23:18:16.560,-0.073,-0.137,-0.42
2025-12-08T23:18:16.570,-0.161,-0.161,-0.412
2025-12-08T23:18:16.580,-0.23,-0.183,-0.323
2025-12-08T23:18:16.590,-0.304,-0.272,-0.369
2025-12-08T23:18:16.600,-0.345,-0.271,-0.368
2025-12-08T23:18:16.610,-0.369,-0.268,-0.35
2025-12-08T23:18:16.620,-0.405,-0.299,-0.426
2025-12-08T23:18:16.630,-0.43,-0.269,-0.396
2025-12-08T23:18:16.640,-0.452,-0.291,-0.413
2025-12-08T23:18:16.650,-0.469,-0.333,-0.551
2025-12-08T23:18:16.660,-0.475,-0.324,-0.604
2025-12-08T23:18:16.670,-0.515,-0.398,-0.682
2025-12-08T23:18:16.680,-0.575,-0.467,-0.733
2025-12-08T23:18:16.690,-0.605,-0.482,-0.642
2025-12-08T23:18:16.700,-0.641,-0.557,-0.647
2025-12-08T23:18:16.710,-0.656,-0.585,-0.671
2025-12-08T23:18:16.720,-0.655,-0.587,-0.626
2025-12-08T23:18:16.730,-0.694,-0.647,-0.676
2025-12-08T23:18:16.740,-0.719,-0.653,-0.653
2025-12-08T23:18:16.750,-0.726,-0.674,-0.58
2025-12-08T23:18:16.760,-0.742,-0.767,-0.615
2025-12-08T23:18:16.770,-0.741,-0.806,-0.563
2025-12-08T23:18:16.780,-0.766,-0.878,-0.523
2025-12-08T23:18:16.790,-0.83,-0.991,-0.578
2025-12-08T23:18:16.800,-0.883,-1.019,-0.533
2025-12-08T23:18:16.810,-0.955,-1.096,-0.557
2025-12-08T23:18:16.820,-1.036,-1.197,-0.66
2025-12-08T23:18:16.830,-1.063,-1.226,-0.629
2025-12-08T23:18:16.840,-1.096,-1.306,-0.626
2025-12-08T23:18:16.850,-1.126,-1.336,-0.674
2025-12-08T23:18:16.860,-1.106,-1.308,-0.656
2025-12-08T23:18:16.870,-1.109,-1.341,-0.752
2025-12-08T23:18:16.880,-1.134,-1.304,-0.83
2025-12-08T23:18:16.890,-1.151,-1.257,-0.737
2025-12-08T23:18:16.900,-1.173,-1.296,-0.721
2025-12-08T23:18:16.910,-1.179,-1.282,-0.705
2025-12-08T23:18:16.920,-1.168,-1.241,-0.684
2025-12-08T23:18:16.930,-1.17,-1.256,-0.788
2025-12-08T23:18:16.940,-1.193,-1.219,-0.767
2025-12-08T23:18:16.950,-1.252,-1.187,-0.658
2025-12-08T23:18:16.960,-1.331,-1.216,-0.596
2025-12-08T23:18:16.970,-1.387,-1.176,-0.462
2025-12-08T23:18:16.980,-1.433,-1.172,-0.404
2025-12-08T23:18:16.990,-1.449,-1.197,-0.483
2025-12-08T23:18:17.000,-1.413,-1.136,-0.522
2025-12-08T23:18:17.010,-1.392,-1.138,-0.582
2025-12-08T23:18:17.020,-1.382,-1.141,-0.574
2025-12-08T23:18:17.030,-1.37,-1.102,-0.385
2025-12-08T23:18:17.040,-1.384,-1.151,-0.273
2025-12-08T23:18:17.050,-1.359,-1.132,-0.186
2025-12-08T23:18:17.060,-1.29,-1.045,-0.054
2025-12-08T23:18:17.070,-1.259,-0.997,-0.066
2025-12-08T23:18:17.080,-1.219,-0.868,-0.057
2025-12-08T23:18:17.090,-1.19,-0.753,-0.017
2025-12-08T23:18:17.100,-1.222,-0.702,-0.082
2025-12-08T23:18:17.110,-1.248,-0.593,-0.052
2025-12-08T23:18:17.120,-1.29,-0.567,0.002
2025-12-08T23:18:17.130,-1.37,-0.6,-0.02
2025-12-08T23:18:17.140,-1.406,-0.545,0.055
2025-12-08T23:18:17.150,-1.414,-0.557,0.096
2025-12-08T23:18:17.160,-1.425,-0.584,0.077
2025-12-08T23:18:17.170,-1.413,-0.524,0.159
2025-12-08T23:18:17.180,-1.43,-0.508,0.177
2025-12-08T23:18:17.190,-1.475,-0.473,0.137
2025-12-08T23:18:17.200,-1.513,-0.383,0.182
2025-12-08T23:18:17.210,-1.571,-0.342,0.164
2025-12-08T23:18:17.220,-1.615,-0.254,0.134
2025-12-08T23:18:17.230,-1.629,-0.149,0.141
2025-12-08T23:18:17.240,-1.657,-0.155,0.046
2025-12-08T23:18:17.250,-1.685,-0.124,0.048
2025-12-08T23:18:17.260,-1.703,-0.082,0.152
2025-12-08T23:18:17.270,-1.72,-0.107,0.143
2025-12-08T23:18:17.280,-1.707,-0.046,0.162
2025-12-08T23:18:17.290,-1.696,-0.002,0.152
2025-12-08T23:18:17.300,-1.705,0.003,0.062
2025-12-08T23:18:17.310,-1.689,0.114,0.136
2025-12-08T23:18:17.320,-1.666,0.191,0.211
2025-12-08T23:18:17.330,-1.625,0.282,0.211
2025-12-08T23:18:17.340,-1.546,0.449,0.296
2025-12-08T23:18:17.350,-1.508,0.54,0.285
2025-12-08T23:18:17.360,-1.483,0.647,0.268
2025-12-08T23:18:17.370,-1.438,0.794,0.389
2025-12-08T23:18:17.380,-1.436,0.856,0.436
2025-12-08T23:18:17.390,-1.429,0.934,0.525
2025-12-08T23:18:17.400,-1.417,1.023,0.706
2025-12-08T23:18:17.410,-1.429,1.028,0.728
2025-12-08T23:18:17.420,-1.384,1.072,0.716
2025-12-08T23:18:17.430,-1.31,1.132,0.679
2025-12-08T23:18:17.440,-1.257,1.12,0.495
2025-12-08T23:18:17.450,-1.214,1.174,0.471
2025-12-08T23:18:17.460,-1.19,1.217,0.501
2025-12-08T23:18:17.470,-1.162,1.202,0.394
2025-12-08T23:18:17.480,-1.113,1.292,0.422
2025-12-08T23:18:17.490,-1.072,1.342,0.455
2025-12-08T23:18:17.500,-1.063,1.337,0.447
2025-12-08T23:18:17.510,-1.061,1.42,0.581
2025-12-08T23:18:17.520,-1.047,1.422,0.585
2025-12-08T23:18:17.530,-1.02,1.411,0.453
2025-12-08T23:18:17.540,-0.987,1.452,0.419
2025-12-08T23:18:17.550,-0.993,1.389,0.334
2025-12-08T23:18:17.560,-1.004,1.365,0.288
2025-12-08T23:18:17.570,-0.981,1.385,0.367
2025-12-08T23:18:17.580,-0.953,1.32,0.298
2025-12-08T23:18:17.590,-0.909,1.327,0.231
2025-12-08T23:18:17.600,-0.869,1.362,0.178
2025-12-08T23:18:17.610,-0.843,1.332,-0.009
2025-12-08T23:18:17.620,-0.802,1.366,-0.047
2025-12-08T23:18:17.630,-0.77,1.379,-0.005
2025-12-08T23:18:17.640,-0.738,1.326,0.053
2025-12-08T23:18:17.650,-0.683,1.345,0.262
2025-12-08T23:18:17.660,-0.636,1.322,0.323
2025-12-08T23:18:17.670,-0.572,1.267,0.213
2025-12-08T23:18:17.680,-0.494,1.31,0.189
2025-12-08T23:18:17.690,-0.472,1.266,0.153
2025-12-08T23:18:17.700,-0.467,1.215,0.183
2025-12-08T23:18:17.710,-0.444,1.251,0.306
2025-12-08T23:18:17.720,-0.424,1.191,0.188
2025-12-08T23:18:17.730,-0.398,1.2,-0.014
2025-12-08T23:18:17.740,-0.363,1.258,-0.094
2025-12-08T23:18:17.750,-0.35,1.197,-0.154
2025-12-08T23:18:17.760,-0.343,1.193,0.023
2025-12-08T23:18:17.770,-0.31,1.152,0.309
2025-12-08T23:18:17.780,-0.291,1.013,0.348
2025-12-08T23:18:17.790,-0.251,0.929,0.31
2025-12-08T23:18:17.800,-0.19,0.819,0.199
2025-12-08T23:18:17.810,-0.178,0.701,-0.002
2025-12-08T23:18:17.820,-0.162,0.667,-0.007
2025-12-08T23:18:17.830,-0.15,0.563,0.009
2025-12-08T23:18:17.840,-0.169,0.399,-0.076
2025-12-08T23:18:17.850,-0.175,0.313,-0.072
2025-12-08T23:18:17.860,-0.185,0.205,-0.163
2025-12-08T23:18:17.870,-0.185,0.144,-0.294
2025-12-08T23:18:17.880,-0.164,0.168,-0.275
2025-12-08T23:18:17.890,-0.17,0.108,-0.302
2025-12-08T23:18:17.900,-0.171,0.074,-0.289
2025-12-08T23:18:17.910,-0.141,0.068,-0.223
2025-12-08T23:18:17.920,-0.1,-0.017,-0.31
2025-12-08T23:18:17.930,-0.036,-0.032,-0.323
2025-12-08T23:18:17.940,0.006,-0.056,-0.225
2025-12-08T23:18:17.950,0.022,-0.187,-0.156
2025-12-08T23:18:17.960,0.071,-0.248,-0.022
2025-12-08T23:18:17.970,0.11,-0.294,0.006
2025-12-08T23:18:17.980,0.146,-0.362,-0.156
2025-12-08T23:18:17.990,0.231,-0.346,-0.255
2025-12-08T23:18:18.000,0.309,-0.397,-0.303
2025-12-08T23:18:18.010,0.344,-0.457,-0.29
2025-12-08T23:18:18.020,0.371,-0.455,-0.07
2025-12-08T23:18:18.030,0.4,-0.548,0.085
2025-12-08T23:18:18.040,0.432,-0.595,0.111
2025-12-08T23:18:18.050,0.52,-0.594,0.155
2025-12-08T23:18:18.060,0.592,-0.68,0.074
2025-12-08T23:18:18.070,0.603,-0.69,0.068
2025-12-08T23:18:18.080,0.648,-0.681,0.191
2025-12-08T23:18:18.090,0.663,-0.774,0.193
2025-12-08T23:18:18.100,0.668,-0.804,0.222
2025-12-08T23:18:18.110,0.712,-0.84,0.269
2025-12-08T23:18:18.120,0.728,-0.951,0.191
2025-12-08T23:18:18.130,0.776,-0.972,0.188
2025-12-08T23:18:18.140,0.851,-1.01,0.206
2025-12-08T23:18:18.150,0.896,-1.098,0.125
2025-12-08T23:18:18.160,0.936,-1.099,0.165
2025-12-08T23:18:18.170,0.95,-1.139,0.178
2025-12-08T23:18:18.180,0.96,-1.195,0.123
2025-12-08T23:18:18.190,1.002,-1.175,0.205
2025-12-08T23:18:18.200,1.054,-1.214,0.232
2025-12-08T23:18:18.210,1.115,-1.236,0.225
2025-12-08T23:18:18.220,1.184,-1.204,0.245
2025-12-08T23:18:18.230,1.229,-1.266,0.15
2025-12-08T23:18:18.240,1.268,-1.291,0.096
2025-12-08T23:18:18.250,1.311,-1.275,0.144
2025-12-08T23:18:18.260,1.322,-1.336,0.168
2025-12-08T23:18:18.270,1.335,-1.339,0.244
2025-12-08T23:18:18.280,1.361,-1.33,0.337
2025-12-08T23:18:18.290,1.387,-1.369,0.284
2025-12-08T23:18:18.300,1.46,-1.309,0.235
2025-12-08T23:18:18.310,1.55,-1.245,0.219
2025-12-08T23:18:18.320,1.602,-1.215,0.199
2025-12-08T23:18:18.330,1.673,-1.133,0.38
2025-12-08T23:18:18.340,1.734,-1.138,0.571
2025-12-08T23:18:18.350,1.759,-1.165,0.612
2025-12-08T23:18:18.360,1.802,-1.087,0.694
2025-12-08T23:18:18.370,1.842,-1.1,0.703
2025-12-08T23:18:18.380,1.893,-1.134,0.7
2025-12-08T23:18:18.390,1.916,-1.048,0.825
2025-12-08T23:18:18.400,1.896,-1.056,0.828
2025-12-08T23:18:18.410,1.91,-1.07,0.774
2025-12-08T23:18:18.420,1.898,-0.94,0.72
2025-12-08T23:18:18.430,1.886,-0.895,0.522
2025-12-08T23:18:18.440,1.895,-0.841,0.431
2025-12-08T23:18:18.450,1.862,-0.76,0.505
2025-12-08T23:18:18.460,1.834,-0.797,0.572
2025-12-08T23:18:18.470,1.812,-0.729,0.658
2025-12-08T23:18:18.480,1.799,-0.674,0.619
2025-12-08T23:18:18.490,1.797,-0.688,0.458
2025-12-08T23:18:18.500,1.801,-0.585,0.416
2025-12-08T23:18:18.510,1.796,-0.566,0.389
2025-12-08T23:18:18.520,1.784,-0.567,0.299
2025-12-08T23:18:18.530,1.825,-0.527,0.28
2025-12-08T23:18:18.540,1.813,-0.567,0.238
2025-12-08T23:18:18.550,1.782,-0.568,0.148
2025-12-08T23:18:18.560,1.802,-0.53,0.134
2025-12-08T23:18:18.570,1.762,-0.518,0.094
2025-12-08T23:18:18.580,1.725,-0.473,0.093
2025-12-08T23:18:18.590,1.669,-0.376,0.18
2025-12-08T23:18:18.600,1.591,-0.336,0.136
2025-12-08T23:18:18.610,1.566,-0.252,0.129
2025-12-08T23:18:18.620,1.541,-0.132,0.185
2025-12-08T23:18:18.630,1.504,-0.102,0.129
2025-12-08T23:18:18.640,1.475,0.025,0.164
2025-12-08T23:18:18.650,1.475,0.122,0.158
2025-12-08T23:18:18.660,1.466,0.147,0.036
2025-12-08T23:18:18.670,1.494,0.278,0.011
2025-12-08T23:18:18.680,1.518,0.332,-0.07
2025-12-08T23:18:18.690,1.475,0.378,-0.169
2025-12-08T23:18:18.700,1.455,0.495,-0.12
2025-12-08T23:18:18.710,1.399,0.551,-0.107
2025-12-08T23:18:18.720,1.323,0.642,-0.144
2025-12-08T23:18:18.730,1.3,0.761,-0.149
2025-12-08T23:18:18.740,1.249,0.799,-0.284
2025-12-08T23:18:18.750,1.151,0.897,-0.365
2025-12-08T23:18:18.760,1.093,1.022,-0.323
2025-12-08T23:18:18.770,1.039,1.052,-0.445
2025-12-08T23:18:18.780,0.939,1.143,-0.521
2025-12-08T23:18:18.790,0.872,1.193,-0.461
2025-12-08T23:18:18.800,0.803,1.197,-0.499
2025-12-08T23:18:18.810,0.733,1.334,-0.504
2025-12-08T23:18:18.820,0.689,1.39,-0.515
2025-12-08T23:18:18.830,0.618,1.431,-0.617
2025-12-08T23:18:18.840,0.558,1.594,-0.53
2025-12-08T23:18:18.850,0.498,1.653,-0.474
2025-12-08T23:18:18.860,0.439,1.68,-0.611
2025-12-08T23:18:18.870,0.423,1.734,-0.608
2025-12-08T23:18:18.880,0.384,1.691,-0.583
2025-12-08T23:18:18.890,0.321,1.646,-0.523
2025-12-08T23:18:18.900,0.263,1.639,-0.368
2025-12-08T23:18:18.910,0.214,1.589,-0.403
2025-12-08T23:18:18.920,0.183,1.599,-0.47
2025-12-08T23:18:18.930,0.115,1.657,-0.52
2025-12-08T23:18:18.940,0.025,1.624,-0.718
2025-12-08T23:18:18.950,-0.051,1.644,-0.79
2025-12-08T23:18:18.960,-0.127,1.709,-0.716
2025-12-08T23:18:18.970,-0.203,1.702,-0.699
2025-12-08T23:18:18.980,-0.258,1.756,-0.601
2025-12-08T23:18:18.990,-0.297,1.773,-0.519
2025-12-08T23:18:19.000,-0.37,1.716,-0.561
2025-12-08T23:18:19.010,-0.415,1.755,-0.523
2025-12-08T23:18:19.020,-0.45,1.736,-0.541
2025-12-08T23:18:19.030,-0.518,1.67,-0.631
2025-12-08T23:18:19.040,-0.564,1.667,-0.559
2025-12-08T23:18:19.050,-0.636,1.564,-0.526
2025-12-08T23:18:19.060,-0.719,1.487,-0.549
2025-12-08T23:18:19.070,-0.787,1.489,-0.498
2025-12-08T23:18:19.080,-0.869,1.396,-0.586
2025-12-08T23:18:19.090,-0.949,1.354,-0.667
2025-12-08T23:18:19.100,-1.013,1.35,-0.626
2025-12-08T23:18:19.110,-1.068,1.277,-0.719
2025-12-08T23:18:19.120,-1.115,1.265,-0.758
2025-12-08T23:18:19.130,-1.154,1.247,-0.668
2025-12-08T23:18:19.140,-1.19,1.176,-0.685
2025-12-08T23:18:19.150,-1.175,1.156,-0.692
2025-12-08T23:18:19.160,-1.161,1.092,-0.705
2025-12-08T23:18:19.170,-1.179,0.978,-0.759
2025-12-08T23:18:19.180,-1.151,0.963,-0.636
2025-12-08T23:18:19.190,-1.167,0.961,-0.505
2025-12-08T23:18:19.200,-1.197,0.908,-0.549
2025-12-08T23:18:19.210,-1.167,0.901,-0.594
2025-12-08T23:18:19.220,-1.202,0.888,-0.637
2025-12-08T23:18:19.230,-1.258,0.858,-0.645
2025-12-08T23:18:19.240,-1.296,0.84,-0.554
2025-12-08T23:18:19.250,-1.341,0.758,-0.529
2025-12-08T23:18:19.260,-1.334,0.703,-0.469
2025-12-08T23:18:19.270,-1.344,0.682,-0.346
2025-12-08T23:18:19.280,-1.36,0.569,-0.398
2025-12-08T23:18:19.290,-1.311,0.491,-0.454
2025-12-08T23:18:19.300,-1.279,0.449,-0.427
2025-12-08T23:18:19.310,-1.308,0.365,-0.452
2025-12-08T23:18:19.320,-1.34,0.358,-0.388
2025-12-08T23:18:19.330,-1.338,0.315,-0.354
2025-12-08T23:18:19.340,-1.372,0.233,-0.424
2025-12-08T23:18:19.350,-1.408,0.24,-0.353
2025-12-08T23:18:19.360,-1.423,0.185,-0.313
2025-12-08T23:18:19.370,-1.461,0.106,-0.361
2025-12-08T23:18:19.380,-1.459,0.103,-0.312
2025-12-08T23:18:19.390,-1.464,0.035,-0.394
2025-12-08T23:18:19.400,-1.475,-0.035,-0.566
2025-12-08T23:18:19.410,-1.447,-0.039,-0.589
2025-12-08T23:18:19.420,-1.433,-0.114,-0.612
2025-12-08T23:18:19.430,-1.41,-0.165,-0.571
2025-12-08T23:18:19.440,-1.37,-0.156,-0.397
2025-12-08T23:18:19.450,-1.316,-0.219,-0.364
2025-12-08T23:18:19.460,-1.234,-0.225,-0.351
2025-12-08T23:18:19.470,-1.17,-0.225,-0.266
2025-12-08T23:18:19.480,-1.124,-0.31,-0.291
2025-12-08T23:18:19.490,-1.064,-0.289,-0.268
2025-12-08T23:18:19.500,-1.002,-0.285,-0.252
2025-12-08T23:18:19.510,-0.955,-0.349,-0.338
2025-12-08T23:18:19.520,-0.922,-0.303,-0.257
2025-12-08T23:18:19.530,-0.916,-0.307,-0.209
2025-12-08T23:18:19.540,-0.881,-0.373,-0.297
2025-12-08T23:18:19.550,-0.835,-0.401,-0.231
2025-12-08T23:18:19.560,-0.853,-0.535,-0.195
2025-12-08T23:18:19.570,-0.838,-0.633,-0.196
2025-12-08T23:18:19.580,-0.773,-0.585,-0.02
2025-12-08T23:18:19.590,-0.717,-0.609,-0.004
2025-12-08T23:18:19.600,-0.61,-0.685,-0.109
2025-12-08T23:18:19.610,-0.501,-0.676,-0.019
2025-12-08T23:18:19.620,-0.456,-0.676,0.037
2025-12-08T23:18:19.630,-0.41,-0.683,0.054
2025-12-08T23:18:19.640,-0.346,-0.66,0.075
2025-12-08T23:18:19.650,-0.269,-0.724,-0.043
2025-12-08T23:18:19.660,-0.233,-0.762,-0.014
2025-12-08T23:18:19.670,-0.262,-0.774,0.092
2025-12-08T23:18:19.680,-0.257,-0.906,-0.033
2025-12-08T23:18:19.690,-0.205,-0.977,-0.126
2025-12-08T23:18:19.700,-0.175,-1.032,-0.141
2025-12-08T23:18:19.710,-0.202,-1.131,-0.143
2025-12-08T23:18:19.720,-0.193,-1.159,-0.067
2025-12-08T23:18:19.730,-0.127,-1.265,-0.114
2025-12-08T23:18:19.740,-0.089,-1.324,-0.194
2025-12-08T23:18:19.750,-0.011,-1.285,-0.184
2025-12-08T23:18:19.760,0.065,-1.336,-0.254
2025-12-08T23:18:19.770,0.137,-1.338,-0.298
2025-12-08T23:18:19.780,0.241,-1.325,-0.235
2025-12-08T23:18:19.790,0.273,-1.395,-0.209
2025-12-08T23:18:19.800,0.309,-1.422,-0.126
2025-12-08T23:18:19.810,0.373,-1.467,0.016
2025-12-08T23:18:19.820,0.432,-1.577,0.011
2025-12-08T23:18:19.830,0.515,-1.604,0.052
2025-12-08T23:18:19.840,0.58,-1.64,0.103
2025-12-08T23:18:19.850,0.632,-1.699,-0.005
2025-12-08T23:18:19.860,0.703,-1.649,-0.038
2025-12-08T23:18:19.870,0.765,-1.683,-0.078
2025-12-08T23:18:19.880,0.813,-1.73,-0.096
2025-12-08T23:18:19.890,0.88,-1.666,0.092
2025-12-08T23:18:19.900,0.942,-1.678,0.193
2025-12-08T23:18:19.910,1.019,-1.683,0.219
2025-12-08T23:18:19.920,1.099,-1.652,0.362
2025-12-08T23:18:19.930,1.108,-1.693,0.429
2025-12-08T23:18:19.940,1.125,-1.703,0.481
2025-12-08T23:18:19.950,1.164,-1.685,0.604
2025-12-08T23:18:19.960,1.159,-1.725,0.573
2025-12-08T23:18:19.970,1.181,-1.714,0.489
2025-12-08T23:18:19.980,1.211,-1.687,0.458
2025-12-08T23:18:19.990,1.168,-1.697,0.378
2025-12-08T23:18:20.000,1.126,-1.627,0.394
2025-12-08T23:18:20.010,1.098,-1.57,0.417
2025-12-08T23:18:20.020,1.079,-1.534,0.281
2025-12-08T23:18:20.030,1.09,-1.436,0.261
2025-12-08T23:18:20.040,1.068,-1.381,0.321
2025-12-08T23:18:20.050,1.075,-1.336,0.366
2025-12-08T23:18:20.060,1.129,-1.23,0.578
2025-12-08T23:18:20.070,1.17,-1.174,0.692
2025-12-08T23:18:20.080,1.186,-1.143,0.695
2025-12-08T23:18:20.090,1.177,-1.099,0.74
2025-12-08T23:18:20.100,1.181,-1.134,0.621
2025-12-08T23:18:20.110,1.163,-1.107,0.589
2025-12-08T23:18:20.120,1.129,-1.039,0.686
2025-12-08T23:18:20.130,1.076,-1.062,0.671
2025-12-08T23:18:20.140,1.02,-1.008,0.71
2025-12-08T23:18:20.150,0.997,-0.936,0.708
2025-12-08T23:18:20.160,0.949,-0.912,0.576
2025-12-08T23:18:20.170,0.944,-0.811,0.568
2025-12-08T23:18:20.180,0.958,-0.748,0.617
2025-12-08T23:18:20.190,0.962,-0.742,0.631
2025-12-08T23:18:20.200,1.024,-0.662,0.782
2025-12-08T23:18:20.210,1.042,-0.639,0.888
2025-12-08T23:18:20.220,1.04,-0.646,0.862
2025-12-08T23:18:20.230,1.066,-0.542,0.923
2025-12-08T23:18:20.240,1.047,-0.544,0.902
2025-12-08T23:18:20.250,0.998,-0.574,0.898
2025-12-08T23:18:20.260,0.942,-0.51,1.076
2025-12-08T23:18:20.270,0.883,-0.525,1.058
2025-12-08T23:18:20.280,0.848,-0.519,0.934
2025-12-08T23:18:20.290,0.819,-0.486,0.833
2025-12-08T23:18:20.300,0.751,-0.517,0.596
2025-12-08T23:18:20.310,0.7,-0.491,0.488
2025-12-08T23:18:20.320,0.662,-0.421,0.533
2025-12-08T23:18:20.330,0.577,-0.386,0.524
2025-12-08T23:18:20.340,0.55,-0.311,0.553
2025-12-08T23:18:20.350,0.562,-0.232,0.548
2025-12-08T23:18:20.360,0.547,-0.19,0.446
2025-12-08T23:18:20.370,0.547,-0.063,0.434
2025-12-08T23:18:20.380,0.523,0.009,0.42
2025-12-08T23:18:20.390,0.502,0.039,0.357
2025-12-08T23:18:20.400,0.488,0.16,0.396
2025-12-08T23:18:20.410,0.448,0.17,0.376
2025-12-08T23:18:20.420,0.419,0.182,0.317
2025-12-08T23:18:20.430,0.403,0.276,0.334
2025-12-08T23:18:20.440,0.378,0.276,0.262
2025-12-08T23:18:20.450,0.35,0.327,0.246
2025-12-08T23:18:20.460,0.35,0.413,0.344
2025-12-08T23:18:20.470,0.35,0.433,0.331
2025-12-08T23:18:20.480,0.372,0.539,0.349
2025-12-08T23:18:20.490,0.414,0.659,0.404
2025-12-08T23:18:20.500,0.415,0.713,0.371
2025-12-08T23:18:20.510,0.441,0.829,0.469
2025-12-08T23:18:20.520,0.456,0.928,0.599
2025-12-08T23:18:20.530,0.414,0.991,0.623
2025-12-08T23:18:20.540,0.378,1.133,0.677
2025-12-08T23:18:20.550,0.316,1.22,0.581
2025-12-08T23:18:20.560,0.235,1.273,0.346
2025-12-08T23:18:20.570,0.183,1.387,0.196
2025-12-08T23:18:20.580,0.123,1.396,0.042
2025-12-08T23:18:20.590,0.042,1.399,-0.052
2025-12-08T23:18:20.600,-0.015,1.477,-0.016
2025-12-08T23:18:20.610,-0.068,1.486,-0.087
2025-12-08T23:18:20.620,-0.112,1.542,-0.17
2025-12-08T23:18:20.630,-0.139,1.615,-0.168
2025-12-08T23:18:20.640,-0.2,1.643,-0.291
2025-12-08T23:18:20.650,-0.244,1.77,-0.386
2025-12-08T23:18:20.660,-0.261,1.851,-0.399
2025-12-08T23:18:20.670,-0.292,1.828,-0.482
2025-12-08T23:18:20.680,-0.28,1.876,-0.462
2025-12-08T23:18:20.690,-0.271,1.929,-0.405
2025-12-08T23:18:20.700,-0.293,1.946,-0.462
2025-12-08T23:18:20.710,-0.28,2.028,-0.481
2025-12-08T23:18:20.720,-0.274,2.069,-0.533
2025-12-08T23:18:20.730,-0.279,2.072,-0.647
2025-12-08T23:18:20.740,-0.287,2.172,-0.606
2025-12-08T23:18:20.750,-0.309,2.205,-0.583
2025-12-08T23:18:20.760,-0.287,2.225,-0.621
2025-12-08T23:18:20.770,-0.254,2.317,-0.556
2025-12-08T23:18:20.780,-0.251,2.301,-0.548
2025-12-08T23:18:20.790,-0.246,2.324,-0.497
2025-12-08T23:18:20.800,-0.227,2.388,-0.389
2025-12-08T23:18:20.810,-0.207,2.363,-0.414
2025-12-08T23:18:20.820,-0.153,2.393,-0.39
2025-12-08T23:18:20.830,-0.092,2.433,-0.319
2025-12-08T23:18:20.840,-0.095,2.428,-0.35
2025-12-08T23:18:20.850,-0.067,2.476,-0.364
2025-12-08T23:18:20.860,-0.033,2.497,-0.364
2025-12-08T23:18:20.870,-0.044,2.453,-0.418
2025-12-08T23:18:20.880,-0.026,2.48,-0.362
2025-12-08T23:18:20.890,-0.03,2.482,-0.306
2025-12-08T23:18:20.900,-0.062,2.453,-0.358
2025-12-08T23:18:20.910,-0.088,2.495,-0.311
2025-12-08T23:18:20.920,-0.155,2.451,-0.331
2025-12-08T23:18:20.930,-0.234,2.399,-0.373
2025-12-08T23:18:20.940,-0.289,2.395,-0.296
2025-12-08T23:18:20.950,-0.355,2.3,-0.323
2025-12-08T23:18:20.960,-0.426,2.246,-0.327
2025-12-08T23:18:20.970,-0.476,2.237,-0.302
2025-12-08T23:18:20.980,-0.536,2.168,-0.402
2025-12-08T23:18:20.990,-0.591,2.167,-0.469
2025-12-08T23:18:21.000,-0.619,2.183,-0.469
2025-12-08T23:18:21.010,-0.655,2.13,-0.513
2025-12-08T23:18:21.020,-0.671,2.147,-0.5
2025-12-08T23:18:21.030,-0.677,2.133,-0.437
2025-12-08T23:18:21.040,-0.694,2.07,-0.477
2025-12-08T23:18:21.050,-0.692,2.087,-0.414
2025-12-08T23:18:21.060,-0.703,2.014,-0.38
2025-12-08T23:18:21.070,-0.714,1.938,-0.469
2025-12-08T23:18:21.080,-0.707,1.964,-0.406
2025-12-08T23:18:21.090,-0.71,1.873,-0.431
2025-12-08T23:18:21.100,-0.715,1.767,-0.46
2025-12-08T23:18:21.110,-0.719,1.72,-0.318
2025-12-08T23:18:21.120,-0.736,1.584,-0.245
2025-12-08T23:18:21.130,-0.766,1.481,-0.134
2025-12-08T23:18:21.140,-0.755,1.414,-0.024
2025-12-08T23:18:21.150,-0.748,1.27,-0.096
2025-12-08T23:18:21.160,-0.771,1.224,-0.112
2025-12-08T23:18:21.170,-0.779,1.207,-0.005
2025-12-08T23:18:21.180,-0.785,1.095,-0.006
2025-12-08T23:18:21.190,-0.743,1.056,0.039
2025-12-08T23:18:21.200,-0.721,0.989,0.132
2025-12-08T23:18:21.210,-0.741,0.833,0.098
2025-12-08T23:18:21.220,-0.746,0.738,0.189
2025-12-08T23:18:21.230,-0.759,0.602,0.208
2025-12-08T23:18:21.240,-0.751,0.462,0.041
2025-12-08T23:18:21.250,-0.749,0.42,0.023
2025-12-08T23:18:21.260,-0.767,0.339,-0.027
2025-12-08T23:18:21.270,-0.805,0.273,-0.099
2025-12-08T23:18:21.280,-0.84,0.279,-0.069
2025-12-08T23:18:21.290,-0.862,0.217,-0.135
2025-12-08T23:18:21.300,-0.91,0.166,-0.19
2025-12-08T23:18:21.310,-0.92,0.133,-0.17
2025-12-08T23:18:21.320,-0.942,0.009,-0.218
2025-12-08T23:18:21.330,-0.96,-0.059,-0.25
2025-12-08T23:18:21.340,-0.945,-0.139,-0.199
2025-12-08T23:18:21.350,-0.957,-0.293,-0.196
2025-12-08T23:18:21.360,-0.927,-0.355,-0.15
2025-12-08T23:18:21.370,-0.898,-0.437,-0.07
2025-12-08T23:18:21.380,-0.883,-0.54,-0.121
2025-12-08T23:18:21.390,-0.844,-0.552,-0.097
2025-12-08T23:18:21.400,-0.837,-0.61,-0.095
2025-12-08T23:18:21.410,-0.835,-0.689,-0.184
2025-12-08T23:18:21.420,-0.816,-0.712,-0.162
2025-12-08T23:18:21.430,-0.813,-0.795,-0.192
2025-12-08T23:18:21.440,-0.809,-0.871,-0.198
2025-12-08T23:18:21.450,-0.785,-0.874,-0.104
2025-12-08T23:18:21.460,-0.788,-0.949,-0.107
2025-12-08T23:18:21.470,-0.791,-1.002,-0.111
2025-12-08T23:18:21.480,-0.76,-1.026,-0.06
2025-12-08T23:18:21.490,-0.763,-1.144,-0.101
2025-12-08T23:18:21.500,-0.744,-1.183,-0.134
2025-12-08T23:18:21.510,-0.688,-1.214,-0.143
2025-12-08T23:18:21.520,-0.648,-1.311,-0.291
2025-12-08T23:18:21.530,-0.574,-1.311,-0.397
2025-12-08T23:18:21.540,-0.503,-1.334,-0.451
2025-12-08T23:18:21.550,-0.479,-1.383,-0.548
2025-12-08T23:18:21.560,-0.444,-1.36,-0.49
2025-12-08T23:18:21.570,-0.4,-1.39,-0.424
2025-12-08T23:18:21.580,-0.366,-1.445,-0.428
2025-12-08T23:18:21.590,-0.32,-1.434,-0.349
2025-12-08T23:18:21.600,-0.294,-1.482,-0.353
2025-12-08T23:18:21.610,-0.279,-1.541,-0.434
2025-12-08T23:18:21.620,-0.229,-1.525,-0.459
2025-12-08T23:18:21.630,-0.186,-1.573,-0.56
2025-12-08T23:18:21.640,-0.129,-1.597,-0.685
2025-12-08T23:18:21.650,-0.041,-1.577,-0.727
2025-12-08T23:18:21.660,0.03,-1.618,-0.796
2025-12-08T23:18:21.670,0.109,-1.589,-0.787
2025-12-08T23:18:21.680,0.181,-1.57,-0.68
2025-12-08T23:18:21.690,0.22,-1.614,-0.634
2025-12-08T23:18:21.700,0.288,-1.58,-0.539
2025-12-08T23:18:21.710,0.349,-1.571,-0.455
2025-12-08T23:18:21.720,0.377,-1.579,-0.485
2025-12-08T23:18:21.730,0.433,-1.495,-0.438
2025-12-08T23:18:21.740,0.469,-1.457,-0.41
2025-12-08T23:18:21.750,0.474,-1.444,-0.439
2025-12-08T23:18:21.760,0.501,-1.387,-0.361
2025-12-08T23:18:21.770,0.498,-1.406,-0.375
2025-12-08T23:18:21.780,0.478,-1.406,-0.46
2025-12-08T23:18:21.790,0.488,-1.352,-0.45
2025-12-08T23:18:21.800,0.461,-1.379,-0.521
2025-12-08T23:18:21.810,0.419,-1.378,-0.548
2025-12-08T23:18:21.820,0.398,-1.343,-0.48
2025-12-08T23:18:21.830,0.345,-1.38,-0.525
2025-12-08T23:18:21.840,0.31,-1.372,-0.531
2025-12-08T23:18:21.850,0.297,-1.336,-0.488
2025-12-08T23:18:21.860,0.259,-1.359,-0.519
2025-12-08T23:18:21.870,0.243,-1.316,-0.46
2025-12-08T23:18:21.880,0.231,-1.279,-0.414
2025-12-08T23:18:21.890,0.211,-1.286,-0.527
2025-12-08T23:18:21.900,0.207,-1.2,-0.596
2025-12-08T23:18:21.910,0.191,-1.156,-0.687
2025-12-08T23:18:21.920,0.147,-1.12,-0.779
2025-12-08T23:18:21.930,0.091,-1.003,-0.647
2025-12-08T23:18:21.940,0.034,-0.989,-0.571
2025-12-08T23:18:21.950,-0.014,-0.985,-0.559
2025-12-08T23:18:21.960,-0.023,-0.931,-0.476
2025-12-08T23:18:21.970,-0.02,-0.972,-0.554
2025-12-08T23:18:21.980,0.002,-0.993,-0.637
2025-12-08T23:18:21.990,0.042,-0.97,-0.63
2025-12-08T23:18:22.000,0.068,-1.027,-0.706
2025-12-08T23:18:22.010,0.12,-1.022,-0.684
2025-12-08T23:18:22.020,0.17,-0.994,-0.581
2025-12-08T23:18:22.030,0.184,-1.047,-0.609
2025-12-08T23:18:22.040,0.208,-1.0,-0.556
2025-12-08T23:18:22.050,0.221,-0.961,-0.491
2025-12-08T23:18:22.060,0.216,-0.986,-0.552
2025-12-08T23:18:22.070,0.239,-0.907,-0.462
2025-12-08T23:18:22.080,0.273,-0.886,-0.41
2025-12-08T23:18:22.090,0.319,-0.911,-0.463
2025-12-08T23:18:22.100,0.406,-0.854,-0.401
2025-12-08T23:18:22.110,0.471,-0.857,-0.454
2025-12-08T23:18:22.120,0.51,-0.856,-0.516
2025-12-08T23:18:22.130,0.551,-0.797,-0.403
2025-12-08T23:18:22.140,0.557,-0.841,-0.366
2025-12-08T23:18:22.150,0.549,-0.869,-0.33
2025-12-08T23:18:22.160,0.559,-0.859,-0.226
2025-12-08T23:18:22.170,0.542,-0.941,-0.276
2025-12-08T23:18:22.180,0.517,-0.949,-0.281
2025-12-08T23:18:22.190,0.502,-0.938,-0.199
2025-12-08T23:18:22.200,0.469,-1.01,-0.273
2025-12-08T23:18:22.210,0.444,-1.006,-0.26
2025-12-08T23:18:22.220,0.426,-1.015,-0.219
2025-12-08T23:18:22.230,0.404,-1.042,-0.291
2025-12-08T23:18:22.240,0.398,-0.955,-0.228
2025-12-08T23:18:22.250,0.4,-0.909,-0.227
2025-12-08T23:18:22.260,0.398,-0.892,-0.308
2025-12-08T23:18:22.270,0.402,-0.788,-0.22
2025-12-08T23:18:22.280,0.403,-0.763,-0.164
2025-12-08T23:18:22.290,0.413,-0.748,-0.11
2025-12-08T23:18:22.300,0.444,-0.689,0.058
2025-12-08T23:18:22.310,0.477,-0.718,0.086
2025-12-08T23:18:22.320,0.53,-0.68,0.082
2025-12-08T23:18:22.330,0.592,-0.602,0.158
2025-12-08T23:18:22.340,0.62,-0.614,0.1
2025-12-08T23:18:22.350,0.644,-0.567,0.111
2025-12-08T23:18:22.360,0.665,-0.526,0.187
2025-12-08T23:18:22.370,0.669,-0.569,0.138
2025-12-08T23:18:22.380,0.677,-0.517,0.245
2025-12-08T23:18:22.390,0.664,-0.463,0.401
2025-12-08T23:18:22.400,0.623,-0.474,0.449
2025-12-08T23:18:22.410,0.603,-0.375,0.591
2025-12-08T23:18:22.420,0.59,-0.317,0.624
2025-12-08T23:18:22.430,0.564,-0.297,0.537
2025-12-08T23:18:22.440,0.563,-0.187,0.598
2025-12-08T23:18:22.450,0.57,-0.164,0.604
2025-12-08T23:18:22.460,0.574,-0.139,0.571
2025-12-08T23:18:22.470,0.597,-0.06,0.68
2025-12-08T23:18:22.480,0.59,-0.072,0.679
2025-12-08T23:18:22.490,0.573,-0.035,0.664
2025-12-08T23:18:22.500,0.581,0.058,0.772
2025-12-08T23:18:22.510,0.574,0.075,0.727
2025-12-08T23:18:22.520,0.58,0.155,0.698
2025-12-08T23:18:22.530,0.597,0.264,0.726
2025-12-08T23:18:22.540,0.581,0.295,0.601
2025-12-08T23:18:22.550,0.558,0.4,0.581
2025-12-08T23:18:22.560,0.54,0.488,0.595
2025-12-08T23:18:22.570,0.514,0.503,0.505
2025-12-08T23:18:22.580,0.508,0.593,0.57
2025-12-08T23:18:22.590,0.505,0.609,0.655
2025-12-08T23:18:22.600,0.486,0.582,0.672
2025-12-08T23:18:22.610,0.493,0.625,0.769
2025-12-08T23:18:22.620,0.491,0.608,0.736
2025-12-08T23:18:22.630,0.485,0.632,0.629
2025-12-08T23:18:22.640,0.498,0.715,0.653
2025-12-08T23:18:22.650,0.486,0.709,0.609
2025-12-08T23:18:22.660,0.5,0.721,0.614
2025-12-08T23:18:22.670,0.531,0.747,0.728
2025-12-08T23:18:22.680,0.531,0.679,0.731
2025-12-08T23:18:22.690,0.529,0.666,0.821
2025-12-08T23:18:22.700,0.53,0.67,0.919
2025-12-08T23:18:22.710,0.505,0.615,0.826
2025-12-08T23:18:22.720,0.482,0.691,0.815
2025-12-08T23:18:22.730,0.496,0.744,0.799
2025-12-08T23:18:22.740,0.498,0.736,0.678
2025-12-08T23:18:22.750,0.51,0.854,0.719
2025-12-08T23:18:22.760,0.528,0.897,0.694
2025-12-08T23:18:22.770,0.504,0.904,0.546
2025-12-08T23:18:22.780,0.499,0.985,0.605
2025-12-08T23:18:22.790,0.488,0.964,0.614
2025-12-08T23:18:22.800,0.458,0.958,0.561
2025-12-08T23:18:22.810,0.458,0.988,0.649
2025-12-08T23:18:22.820,0.448,0.896,0.589
2025-12-08T23:18:22.830,0.411,0.844,0.53
2025-12-08T23:18:22.840,0.374,0.848,0.615
2025-12-08T23:18:22.850,0.326,0.779,0.566
2025-12-08T23:18:22.860,0.274,0.771,0.548
2025-12-08T23:18:22.870,0.233,0.788,0.579
2025-12-08T23:18:22.880,0.196,0.729,0.444
2025-12-08T23:18:22.890,0.191,0.754,0.392
2025-12-08T23:18:22.900,0.203,0.782,0.392
2025-12-08T23:18:22.910,0.198,0.744,0.346
2025-12-08T23:18:22.920,0.207,0.783,0.468
2025-12-08T23:18:22.930,0.203,0.761,0.559
2025-12-08T23:18:22.940,0.19,0.699,0.572
2025-12-08T23:18:22.950,0.206,0.722,0.68
2025-12-08T23:18:22.960,0.203,0.675,0.679
2025-12-08T23:18:22.970,0.21,0.632,0.637
2025-12-08T23:18:22.980,0.241,0.662,0.68
2025-12-08T23:18:22.990,0.243,0.627,0.573
2025-12-08T23:18:23.000,0.254,0.633,0.471
2025-12-08T23:18:23.010,0.284,0.679,0.502
2025-12-08T23:18:23.020,0.285,0.629,0.451
2025-12-08T23:18:23.030,0.284,0.645,0.527
2025-12-08T23:18:23.040,0.289,0.662,0.672
2025-12-08T23:18:23.050,0.265,0.59,0.639
2025-12-08T23:18:23.060,0.242,0.635,0.678
2025-12-08T23:18:23.070,0.234,0.648,0.674
2025-12-08T23:18:23.080,0.203,0.596,0.536
2025-12-08T23:18:23.090,0.177,0.648,0.573
2025-12-08T23:18:23.100,0.15,0.624,0.601
2025-12-08T23:18:23.110,0.09,0.58,0.576
2025-12-08T23:18:23.120,0.045,0.637,0.694
2025-12-08T23:18:23.130,0.039,0.597,0.679
2025-12-08T23:18:23.140,0.045,0.563,0.587
2025-12-08T23:18:23.150,0.064,0.625,0.624
2025-12-08T23:18:23.160,0.098,0.584,0.528
2025-12-08T23:18:23.170,0.127,0.577,0.455
2025-12-08T23:18:23.180,0.15,0.627,0.569
2025-12-08T23:18:23.190,0.183,0.585,0.578
2025-12-08T23:18:23.200,0.224,0.631,0.62
2025-12-08T23:18:23.210,0.258,0.705,0.735
2025-12-08T23:18:23.220,0.285,0.679,0.69
2025-12-08T23:18:23.230,0.317,0.734,0.665
2025-12-08T23:18:23.240,0.327,0.753,0.677
2025-12-08T23:18:23.250,0.322,0.672,0.598
2025-12-08T23:18:23.260,0.313,0.674,0.603
2025-12-08T23:18:23.270,0.296,0.617,0.642
2025-12-08T23:18:23.280,0.281,0.53,0.625
2025-12-08T23:18:23.290,0.276,0.546,0.658
2025-12-08T23:18:23.300,0.268,0.517,0.608
2025-12-08T23:18:23.310,0.258,0.531,0.532
2025-12-08T23:18:23.320,0.258,0.587,0.568
2025-12-08T23:18:23.330,0.234,0.562,0.526
2025-12-08T23:18:23.340,0.212,0.574,0.556
2025-12-08T23:18:23.350,0.221,0.598,0.647
2025-12-08T23:18:23.360,0.218,0.551,0.542
2025-12-08T23:18:23.370,0.223,0.54,0.482
2025-12-08T23:18:23.380,0.244,0.514,0.442
2025-12-08T23:18:23.390,0.229,0.428,0.298
2025-12-08T23:18:23.400,0.211,0.441,0.316
2025-12-08T23:18:23.410,0.205,0.424,0.372
2025-12-08T23:18:23.420,0.164,0.356,0.337
2025-12-08T23:18:23.430,0.14,0.384,0.398
2025-12-08T23:18:23.440,0.137,0.338,0.352
2025-12-08T23:18:23.450,0.109,0.296,0.159
2025-12-08T23:18:23.460,0.086,0.329,0.13
2025-12-08T23:18:23.470,0.056,0.279,0.115
2025-12-08T23:18:23.480,0.012,0.263,0.133
2025-12-08T23:18:23.490,-0.027,0.31,0.296
2025-12-08T23:18:23.500,-0.059,0.283,0.287
2025-12-08T23:18:23.510,-0.094,0.292,0.237
2025-12-08T23:18:23.520,-0.123,0.337,0.264
2025-12-08T23:18:23.530,-0.132,0.289,0.151
2025-12-08T23:18:23.540,-0.138,0.308,0.115
2025-12-08T23:18:23.550,-0.13,0.341,0.136
2025-12-08T23:18:23.560,-0.134,0.286,0.03
2025-12-08T23:18:23.570,-0.139,0.328,0.026
2025-12-08T23:18:23.580,-0.12,0.343,0.02
2025-12-08T23:18:23.590,-0.099,0.293,-0.091
2025-12-08T23:18:23.600,-0.059,0.34,-0.059
2025-12-08T23:18:23.610,-0.029,0.319,-0.036
2025-12-08T23:18:23.620,-0.012,0.243,-0.093
2025-12-08T23:18:23.630,0.016,0.251,-0.034
2025-12-08T23:18:23.640,0.022,0.186,-0.058
2025-12-08T23:18:23.650,0.003,0.133,-0.128
2025-12-08T23:18:23.660,-0.015,0.167,-0.037
2025-12-08T23:18:23.670,-0.045,0.109,-0.056
2025-12-08T23:18:23.680,-0.09,0.113,-0.123
2025-12-08T23:18:23.690,-0.122,0.171,-0.122
2025-12-08T23:18:23.700,-0.178,0.153,-0.303
2025-12-08T23:18:23.710,-0.244,0.207,-0.43
2025-12-08T23:18:23.720,-0.276,0.248,-0.439
2025-12-08T23:18:23.730,-0.317,0.215,-0.54
2025-12-08T23:18:23.740,-0.334,0.237,-0.512
2025-12-08T23:18:23.750,-0.329,0.228,-0.449
2025-12-08T23:18:23.760,-0.34,0.16,-0.496
2025-12-08T23:18:23.770,-0.331,0.148,-0.439
2025-12-08T23:18:23.780,-0.325,0.095,-0.432
2025-12-08T23:18:23.790,-0.34,0.037,-0.514
2025-12-08T23:18:23.800,-0.375,0.084,-0.483
2025-12-08T23:18:23.810,-0.446,0.075,-0.516
2025-12-08T23:18:23.820,-0.519,0.073,-0.608
2025-12-08T23:18:23.830,-0.569,0.128,-0.599
2025-12-08T23:18:23.840,-0.612,0.081,-0.68
2025-12-08T23:18:23.850,-0.632,0.07,-0.749
2025-12-08T23:18:23.860,-0.617,0.081,-0.706
2025-12-08T23:18:23.870,-0.603,-0.009,-0.771
2025-12-08T23:18:23.880,-0.574,-0.042,-0.767
2025-12-08T23:18:23.890,-0.534,-0.062,-0.683
2025-12-08T23:18:23.900,-0.522,-0.138,-0.663
2025-12-08T23:18:23.910,-0.495,-0.125,-0.54
2025-12-08T23:18:23.920,-0.46,-0.132,-0.466
2025-12-08T23:18:23.930,-0.453,-0.188,-0.54
2025-12-08T23:18:23.940,-0.444,-0.15,-0.538
2025-12-08T23:18:23.950,-0.449,-0.166,-0.592
2025-12-08T23:18:23.960,-0.478,-0.199,-0.74
2025-12-08T23:18:23.970,-0.471,-0.141,-0.764
2025-12-08T23:18:23.980,-0.476,-0.152,-0.848
2025-12-08T23:18:23.990,-0.506,-0.147,-0.905
2025-12-08T23:18:24.000,-0.488,-0.098,-0.771
2025-12-08T23:18:24.010,-0.478,-0.144,-0.741
2025-12-08T23:18:24.020,-0.477,-0.141,-0.704
2025-12-08T23:18:24.030,-0.451,-0.102,-0.605
2025-12-08T23:18:24.040,-0.452,-0.167,-0.668
2025-12-08T23:18:24.050,-0.458,-0.146,-0.664
2025-12-08T23:18:24.060,-0.464,-0.075,-0.605
2025-12-08T23:18:24.070,-0.47,-0.109,-0.716
2025-12-08T23:18:24.080,-0.471,-0.064,-0.762
2025-12-08T23:18:24.090,-0.486,-0.041,-0.763
2025-12-08T23:18:24.100,-0.514,-0.096,-0.87
2025-12-08T23:18:24.110,-0.548,-0.062,-0.83
2025-12-08T23:18:24.120,-0.58,-0.102,-0.793
2025-12-08T23:18:24.130,-0.627,-0.14,-0.903
2025-12-08T23:18:24.140,-0.647,-0.091,-0.898
2025-12-08T23:18:24.150,-0.649,-0.114,-0.954
2025-12-08T23:18:24.160,-0.668,-0.089,-1.021
2025-12-08T23:18:24.170,-0.642,-0.015,-0.889
2025-12-08T23:18:24.180,-0.617,-0.002,-0.868
2025-12-08T23:18:24.190,-0.593,0.044,-0.859
2025-12-08T23:18:24.200,-0.548,0.11,-0.782
2025-12-08T23:18:24.210,-0.524,0.093,-0.862
2025-12-08T23:18:24.220,-0.478,0.112,-0.843
2025-12-08T23:18:24.230,-0.443,0.148,-0.73
2025-12-08T23:18:24.240,-0.439,0.079,-0.707
2025-12-08T23:18:24.250,-0.408,0.092,-0.605
2025-12-08T23:18:24.260,-0.37,0.097,-0.558
2025-12-08T23:18:24.270,-0.334,0.039,-0.67
2025-12-08T23:18:24.280,-0.277,0.1,-0.674
2025-12-08T23:18:24.290,-0.238,0.093,-0.662
2025-12-08T23:18:24.300,-0.223,0.057,-0.687
2025-12-08T23:18:24.310,-0.189,0.106,-0.548
2025-12-08T23:18:24.320,-0.166,0.085,-0.497
2025-12-08T23:18:24.330,-0.152,0.096,-0.515
2025-12-08T23:18:24.340,-0.12,0.196,-0.411
2025-12-08T23:18:24.350,-0.093,0.206,-0.432
2025-12-08T23:18:24.360,-0.069,0.235,-0.449
2025-12-08T23:18:24.370,-0.039,0.294,-0.381
2025-12-08T23:18:24.380,-0.03,0.232,-0.421
2025-12-08T23:18:24.390,-0.037,0.234,-0.391
2025-12-08T23:18:24.400,-0.019,0.221,-0.292
2025-12-08T23:18:24.410,0.009,0.107,-0.322
2025-12-08T23:18:24.420,0.042,0.095,-0.28
2025-12-08T23:18:24.430,0.07,0.056,-0.193
2025-12-08T23:18:24.440,0.075,0.001,-0.215
2025-12-08T23:18:24.450,0.095,0.05,-0.116
2025-12-08T23:18:24.460,0.128,0.062,-0.071
2025-12-08T23:18:24.470,0.167,0.063,-0.137
2025-12-08T23:18:24.480,0.21,0.146,-0.057
2025-12-08T23:18:24.490,0.234,0.166,-0.037
2025-12-08T23:18:24.500,0.264,0.184,-0.016
2025-12-08T23:18:24.510,0.321,0.259,0.108
2025-12-08T23:18:24.520,0.352,0.217,0.112
2025-12-08T23:18:24.530,0.366,0.206,0.15
2025-12-08T23:18:24.540,0.392,0.226,0.269
2025-12-08T23:18:24.550,0.397,0.152,0.255
2025-12-08T23:18:24.560,0.415,0.167,0.28
2025-12-08T23:18:24.570,0.452,0.182,0.327
2025-12-08T23:18:24.580,0.477,0.121,0.216
2025-12-08T23:18:24.590,0.525,0.142,0.246
2025-12-08T23:18:24.600,0.578,0.143,0.306
2025-12-08T23:18:24.610,0.607,0.096,0.283
2025-12-08T23:18:24.620,0.643,0.139,0.437
2025-12-08T23:18:24.630,0.668,0.141,0.546
2025-12-08T23:18:24.640,0.672,0.098,0.594
2025-12-08T23:18:24.650,0.695,0.143,0.75
2025-12-08T23:18:24.660,0.725,0.118,0.804
2025-12-08T23:18:24.670,0.75,0.095,0.787
2025-12-08T23:18:24.680,0.778,0.159,0.831
2025-12-08T23:18:24.690,0.78,0.125,0.757
2025-12-08T23:18:24.700,0.767,0.108,0.665
2025-12-08T23:18:24.710,0.759,0.123,0.685
2025-12-08T23:18:24.720,0.737,0.075,0.605
2025-12-08T23:18:24.730,0.714,0.093,0.617
2025-12-08T23:18:24.740,0.713,0.089,0.721
2025-12-08T23:18:24.750,0.715,0.007,0.674
2025-12-08T23:18:24.760,0.727,0.005,0.713
2025-12-08T23:18:24.770,0.749,-0.023,0.736
2025-12-08T23:18:24.780,0.762,-0.113,0.642
2025-12-08T23:18:24.790,0.793,-0.119,0.669
2025-12-08T23:18:24.800,0.823,-0.162,0.658
2025-12-08T23:18:24.810,0.845,-0.205,0.569
2025-12-08T23:18:24.820,0.88,-0.144,0.614
2025-12-08T23:18:24.830,0.88,-0.156,0.653
2025-12-08T23:18:24.840,0.856,-0.147,0.695
2025-12-08T23:18:24.850,0.84,-0.085,0.852
2025-12-08T23:18:24.860,0.81,-0.123,0.878
2025-12-08T23:18:24.870,0.793,-0.102,0.875
2025-12-08T23:18:24.880,0.813,-0.039,0.936
2025-12-08T23:18:24.890,0.821,-0.063,0.83
2025-12-08T23:18:24.900,0.834,-0.04,0.767
2025-12-08T23:18:24.910,0.863,-0.036,0.793
2025-12-08T23:18:24.920,0.843,-0.116,0.774
2025-12-08T23:18:24.930,0.822,-0.112,0.929
2025-12-08T23:18:24.940,0.815,-0.124,1.079
2025-12-08T23:18:24.950,0.787,-0.183,1.017
2025-12-08T23:18:24.960,0.773,-0.14,0.979
2025-12-08T23:18:24.970,0.724,-0.136,0.877
2025-12-08T23:18:24.980,0.623,-0.143,0.711
2025-12-08T23:18:24.990,0.542,-0.09,0.737
2025-12-08T23:18:25.000,0.445,-0.144,0.74
2025-12-08T23:18:25.010,0.346,-0.192,0.708
2025-12-08T23:18:25.020,0.312,-0.17,0.828
2025-12-08T23:18:25.030,0.271,-0.24,0.821
2025-12-08T23:18:25.040,0.228,-0.279,0.727
2025-12-08T23:18:25.050,0.228,-0.245,0.725
2025-12-08T23:18:25.060,0.214,-0.284,0.598
2025-12-08T23:18:25.070,0.193,-0.226,0.517
2025-12-08T23:18:25.080,0.168,-0.165,0.626
2025-12-08T23:18:25.090,0.132,-0.231,0.589
2025-12-08T23:18:25.100,0.086,-0.152,0.548
2025-12-08T23:18:25.110,0.02,-0.11,0.605
2025-12-08T23:18:25.120,-0.044,-0.153,0.493
2025-12-08T23:18:25.130,-0.084,-0.097,0.451
2025-12-08T23:18:25.140,-0.123,-0.126,0.478
2025-12-08T23:18:25.150,-0.171,-0.184,0.392
2025-12-08T23:18:25.160,-0.202,-0.21,0.411
2025-12-08T23:18:25.170,-0.22,-0.297,0.434
2025-12-08T23:18:25.180,-0.244,-0.376,0.392
2025-12-08T23:18:25.190,-0.256,-0.385,0.428
2025-12-08T23:18:25.200,-0.257,-0.413,0.432
2025-12-08T23:18:25.210,-0.276,-0.432,0.421
2025-12-08T23:18:25.220,-0.3,-0.372,0.433
2025-12-08T23:18:25.230,-0.301,-0.382,0.378
2025-12-08T23:18:25.240,-0.32,-0.371,0.399
2025-12-08T23:18:25.250,-0.344,-0.33,0.457
2025-12-08T23:18:25.260,-0.365,-0.378,0.438
2025-12-08T23:18:25.270,-0.409,-0.374,0.483
2025-12-08T23:18:25.280,-0.445,-0.398,0.469
2025-12-08T23:18:25.290,-0.481,-0.455,0.382
2025-12-08T23:18:25.300,-0.51,-0.43,0.373
2025-12-08T23:18:25.310,-0.537,-0.456,0.274
2025-12-08T23:18:25.320,-0.587,-0.496,0.16
2025-12-08T23:18:25.330,-0.631,-0.466,0.16
2025-12-08T23:18:25.340,-0.683,-0.51,0.077
2025-12-08T23:18:25.350,-0.728,-0.526,-0.004
2025-12-08T23:18:25.360,-0.744,-0.478,0.007
2025-12-08T23:18:25.370,-0.767,-0.535,-0.083
2025-12-08T23:18:25.380,-0.782,-0.527,-0.082
2025-12-08T23:18:25.390,-0.779,-0.492,0.037
2025-12-08T23:18:25.400,-0.797,-0.535,0.008
2025-12-08T23:18:25.410,-0.817,-0.489,0.045
2025-12-08T23:18:25.420,-0.837,-0.476,0.105
2025-12-08T23:18:25.430,-0.873,-0.544,0.012
2025-12-08T23:18:25.440,-0.883,-0.524,0.073
2025-12-08T23:18:25.450,-0.893,-0.515,0.159
2025-12-08T23:18:25.460,-0.917,-0.557,0.09
2025-12-08T23:18:25.470,-0.919,-0.498,0.143
2025-12-08T23:18:25.480,-0.923,-0.485,0.134
2025-12-08T23:18:25.490,-0.943,-0.517,0.018
2025-12-08T23:18:25.500,-0.94,-0.452,0.127
2025-12-08T23:18:25.510,-0.923,-0.489,0.217
2025-12-08T23:18:25.520,-0.913,-0.54,0.279
2025-12-08T23:18:25.530,-0.885,-0.5,0.492
2025-12-08T23:18:25.540,-0.882,-0.561,0.482
2025-12-08T23:18:25.550,-0.895,-0.585,0.369
2025-12-08T23:18:25.560,-0.899,-0.536,0.378
2025-12-08T23:18:25.570,-0.933,-0.57,0.283
2025-12-08T23:18:25.580,-0.972,-0.551,0.272
2025-12-08T23:18:25.590,-1.012,-0.514,0.36
2025-12-08T23:18:25.600,-1.068,-0.565,0.263
2025-12-08T23:18:25.610,-1.12,-0.526,0.183
2025-12-08T23:18:25.620,-1.155,-0.489,0.148
2025-12-08T23:18:25.630,-1.182,-0.53,0.016
2025-12-08T23:18:25.640,-1.201,-0.49,0.005
2025-12-08T23:18:25.650,-1.214,-0.5,0.053
2025-12-08T23:18:25.660,-1.234,-0.542,-0.001
2025-12-08T23:18:25.670,-1.231,-0.515,-0.012
2025-12-08T23:18:25.680,-1.209,-0.554,-0.086
2025-12-08T23:18:25.690,-1.2,-0.57,-0.191
2025-12-08T23:18:25.700,-1.197,-0.527,-0.156
2025-12-08T23:18:25.710,-1.213,-0.563,-0.154
2025-12-08T23:18:25.720,-1.25,-0.556,-0.14
2025-12-08T23:18:25.730,-1.265,-0.516,-0.106
2025-12-08T23:18:25.740,-1.29,-0.55,-0.211
2025-12-08T23:18:25.750,-1.325,-0.497,-0.266
2025-12-08T23:18:25.760,-1.344,-0.434,-0.266
2025-12-08T23:18:25.770,-1.385,-0.426,-0.328
2025-12-08T23:18:25.780,-1.388,-0.334,-0.287
2025-12-08T23:18:25.790,-1.372,-0.309,-0.259
2025-12-08T23:18:25.800,-1.372,-0.336,-0.332
2025-12-08T23:18:25.810,-1.34,-0.289,-0.274
2025-12-08T23:18:25.820,-1.307,-0.306,-0.261
2025-12-08T23:18:25.830,-1.281,-0.332,-0.289
2025-12-08T23:18:25.840,-1.236,-0.26,-0.158
2025-12-08T23:18:25.850,-1.189,-0.249,-0.158
2025-12-08T23:18:25.860,-1.149,-0.222,-0.246
2025-12-08T23:18:25.870,-1.097,-0.125,-0.262
2025-12-08T23:18:25.880,-1.07,-0.146,-0.415
2025-12-08T23:18:25.890,-1.089,-0.125,-0.509
2025-12-08T23:18:25.900,-1.101,-0.07,-0.449
2025-12-08T23:18:25.910,-1.123,-0.144,-0.531
2025-12-08T23:18:25.920,-1.145,-0.127,-0.565
2025-12-08T23:18:25.930,-1.127,-0.089,-0.524
2025-12-08T23:18:25.940,-1.095,-0.157,-0.644
2025-12-08T23:18:25.950,-1.052,-0.137,-0.644
2025-12-08T23:18:25.960,-0.998,-0.132,-0.554
2025-12-08T23:18:25.970,-0.959,-0.207,-0.585
2025-12-08T23:18:25.980,-0.926,-0.187,-0.535
2025-12-08T23:18:25.990,-0.898,-0.215,-0.528
2025-12-08T23:18:26.000,-0.878,-0.29,-0.64
2025-12-08T23:18:26.010,-0.86,-0.255,-0.61
2025-12-08T23:18:26.020,-0.858,-0.285,-0.581
2025-12-08T23:18:26.030,-0.862,-0.309,-0.557
2025-12-08T23:18:26.040,-0.845,-0.237,-0.436
2025-12-08T23:18:26.050,-0.816,-0.244,-0.497
2025-12-08T23:18:26.060,-0.775,-0.218,-0.603
2025-12-08T23:18:26.070,-0.71,-0.163,-0.616
2025-12-08T23:18:26.080,-0.651,-0.197,-0.686
2025-12-08T23:18:26.090,-0.591,-0.16,-0.608
2025-12-08T23:18:26.100,-0.523,-0.113,-0.446
2025-12-08T23:18:26.110,-0.489,-0.103,-0.453
2025-12-08T23:18:26.120,-0.449,0.012,-0.405
2025-12-08T23:18:26.130,-0.397,0.094,-0.339
2025-12-08T23:18:26.140,-0.359,0.105,-0.389
2025-12-08T23:18:26.150,-0.306,0.19,-0.284
2025-12-08T23:18:26.160,-0.264,0.22,-0.217
2025-12-08T23:18:26.170,-0.24,0.201,-0.301
2025-12-08T23:18:26.180,-0.183,0.258,-0.276
2025-12-08T23:18:26.190,-0.134,0.227,-0.325
2025-12-08T23:18:26.200,-0.111,0.19,-0.367
2025-12-08T23:18:26.210,-0.066,0.228,-0.246
2025-12-08T23:18:26.220,-0.037,0.178,-0.225
2025-12-08T23:18:26.230,-0.01,0.18,-0.203
2025-12-08T23:18:26.240,0.044,0.218,-0.121
2025-12-08T23:18:26.250,0.068,0.18,-0.231
2025-12-08T23:18:26.260,0.085,0.214,-0.298
2025-12-08T23:18:26.270,0.118,0.264,-0.25
2025-12-08T23:18:26.280,0.151,0.266,-0.315
2025-12-08T23:18:26.290,0.204,0.355,-0.275
2025-12-08T23:18:26.300,0.264,0.443,-0.239
2025-12-08T23:18:26.310,0.312,0.444,-0.353
2025-12-08T23:18:26.320,0.381,0.504,-0.33
2025-12-08T23:18:26.330,0.45,0.508,-0.298
2025-12-08T23:18:26.340,0.491,0.473,-0.326
2025-12-08T23:18:26.350,0.531,0.551,-0.238
2025-12-08T23:18:26.360,0.546,0.533,-0.217
2025-12-08T23:18:26.370,0.544,0.52,-0.23
2025-12-08T23:18:26.380,0.535,0.592,-0.099
2025-12-08T23:18:26.390,0.502,0.567,-0.079
2025-12-08T23:18:26.400,0.499,0.606,-0.092
2025-12-08T23:18:26.410,0.527,0.701,-0.021
2025-12-08T23:18:26.420,0.542,0.716,-0.111
2025-12-08T23:18:26.430,0.577,0.791,-0.148
2025-12-08T23:18:26.440,0.63,0.846,-0.145
2025-12-08T23:18:26.450,0.656,0.803,-0.246
2025-12-08T23:18:26.460,0.701,0.825,-0.147
2025-12-08T23:18:26.470,0.758,0.809,-0.011
2025-12-08T23:18:26.480,0.773,0.764,0.004
2025-12-08T23:18:26.490,0.799,0.839,0.153
2025-12-08T23:18:26.500,0.826,0.844,0.207
2025-12-08T23:18:26.510,0.824,0.84,0.078
2025-12-08T23:18:26.520,0.84,0.918,0.076
2025-12-08T23:18:26.530,0.852,0.891,-0.029
2025-12-08T23:18:26.540,0.836,0.879,-0.193
2025-12-08T23:18:26.550,0.833,0.918,-0.095
2025-12-08T23:18:26.560,0.824,0.844,-0.062
2025-12-08T23:18:26.570,0.813,0.797,-0.05
2025-12-08T23:18:26.580,0.83,0.799,0.075
2025-12-08T23:18:26.590,0.863,0.703,0.029
2025-12-08T23:18:26.600,0.913,0.685,0.003
2025-12-08T23:18:26.610,0.975,0.713,0.026
2025-12-08T23:18:26.620,1.037,0.651,-0.112
2025-12-08T23:18:26.630,1.099,0.669,-0.135
2025-12-08T23:18:26.640,1.135,0.653,-0.066
2025-12-08T23:18:26.650,1.151,0.547,-0.063
2025-12-08T23:18:26.660,1.174,0.527,0.089
2025-12-08T23:18:26.670,1.178,0.461,0.173
2025-12-08T23:18:26.680,1.186,0.377,0.071
2025-12-08T23:18:26.690,1.209,0.391,0.058
2025-12-08T23:18:26.700,1.213,0.33,-0.028
2025-12-08T23:18:26.710,1.218,0.257,-0.136
2025-12-08T23:18:26.720,1.215,0.267,-0.036
2025-12-08T23:18:26.730,1.184,0.205,0.019
2025-12-08T23:18:26.740,1.162,0.182,0.052
2025-12-08T23:18:26.750,1.164,0.229,0.145
2025-12-08T23:18:26.760,1.162,0.184,0.085
2025-12-08T23:18:26.770,1.163,0.202,0.066
2025-12-08T23:18:26.780,1.161,0.23,0.152
2025-12-08T23:18:26.790,1.12,0.156,0.148
2025-12-08T23:18:26.800,1.087,0.158,0.218
2025-12-08T23:18:26.810,1.072,0.112,0.268
2025-12-08T23:18:26.820,1.035,0.008,0.153
2025-12-08T23:18:26.830,1.004,0.007,0.132
2025-12-08T23:18:26.840,0.947,-0.042,0.091
2025-12-08T23:18:26.850,0.85,-0.112,-0.019
2025-12-08T23:18:26.860,0.793,-0.133,-0.0
2025-12-08T23:18:26.870,0.734,-0.189,-0.097
2025-12-08T23:18:26.880,0.659,-0.202,-0.267
2025-12-08T23:18:26.890,0.639,-0.178,-0.342
2025-12-08T23:18:26.900,0.628,-0.209,-0.497
2025-12-08T23:18:26.910,0.612,-0.214,-0.489
2025-12-08T23:18:26.920,0.601,-0.202,-0.321
2025-12-08T23:18:26.930,0.544,-0.247,-0.28
2025-12-08T23:18:26.940,0.464,-0.24,-0.152
2025-12-08T23:18:26.950,0.4,-0.227,-0.049
2025-12-08T23:18:26.960,0.342,-0.271,-0.165
2025-12-08T23:18:26.970,0.296,-0.214,-0.203
2025-12-08T23:18:26.980,0.253,-0.178,-0.252
2025-12-08T23:18:26.990,0.205,-0.188,-0.411
2025-12-08T23:18:27.000,0.163,-0.09,-0.364
2025-12-08T23:18:27.010,0.131,-0.057,-0.293
2025-12-08T23:18:27.020,0.115,-0.066,-0.326
2025-12-08T23:18:27.030,0.118,-0.005,-0.213
2025-12-08T23:18:27.040,0.096,-0.043,-0.136
2025-12-08T23:18:27.050,0.068,-0.088,-0.067
2025-12-08T23:18:27.060,0.068,-0.037,0.106
2025-12-08T23:18:27.070,0.051,-0.068,0.098
2025-12-08T23:18:27.080,0.045,-0.066,0.052
2025-12-08T23:18:27.090,0.052,0.001,0.082
2025-12-08T23:18:27.100,0.03,-0.049,-0.02
2025-12-08T23:18:27.110,0.013,-0.041,-0.058
2025-12-08T23:18:27.120,0.009,-0.018,-0.037
2025-12-08T23:18:27.130,-0.021,-0.085,-0.178
2025-12-08T23:18:27.140,-0.058,-0.05,-0.191
2025-12-08T23:18:27.150,-0.095,-0.041,-0.126
2025-12-08T23:18:27.160,-0.165,-0.095,-0.203
2025-12-08T23:18:27.170,-0.214,-0.066,-0.132
2025-12-08T23:18:27.180,-0.239,-0.082,-0.064
2025-12-08T23:18:27.190,-0.271,-0.137,-0.116
2025-12-08T23:18:27.200,-0.27,-0.11,-0.017
2025-12-08T23:18:27.210,-0.252,-0.145,-0.007
2025-12-08T23:18:27.220,-0.239,-0.18,-0.089
2025-12-08T23:18:27.230,-0.227,-0.111,-0.048
2025-12-08T23:18:27.240,-0.227,-0.146,-0.111
2025-12-08T23:18:27.250,-0.234,-0.158,-0.161
2025-12-08T23:18:27.260,-0.234,-0.128,-0.062
2025-12-08T23:18:27.270,-0.243,-0.202,-0.064
2025-12-08T23:18:27.280,-0.275,-0.183,-0.004
2025-12-08T23:18:27.290,-0.3,-0.155,0.107
2025-12-08T23:18:27.300,-0.318,-0.215,0.031
2025-12-08T23:18:27.310,-0.296,-0.223,0.031
2025-12-08T23:18:27.320,-0.253,-0.24,0.03
2025-12-08T23:18:27.330,-0.236,-0.267,-0.065
2025-12-08T23:18:27.340,-0.182,-0.209,0.029
2025-12-08T23:18:27.350,-0.116,-0.214,0.11
2025-12-08T23:18:27.360,-0.086,-0.255,0.137
2025-12-08T23:18:27.370,-0.07,-0.191,0.334
2025-12-08T23:18:27.380,-0.08,-0.232,0.403
2025-12-08T23:18:27.390,-0.098,-0.283,0.348
2025-12-08T23:18:27.400,-0.109,-0.26,0.437
2025-12-08T23:18:27.410,-0.13,-0.359,0.412
2025-12-08T23:18:27.420,-0.148,-0.39,0.358
2025-12-08T23:18:27.430,-0.155,-0.365,0.483
2025-12-08T23:18:27.440,-0.165,-0.434,0.487
2025-12-08T23:18:27.450,-0.146,-0.43,0.458
2025-12-08T23:18:27.460,-0.1,-0.393,0.45
2025-12-08T23:18:27.470,-0.065,-0.438,0.309
2025-12-08T23:18:27.480,-0.016,-0.405,0.271
2025-12-08T23:18:27.490,0.042,-0.355,0.298
2025-12-08T23:18:27.500,0.077,-0.4,0.3
2025-12-08T23:18:27.510,0.098,-0.365,0.402
2025-12-08T23:18:27.520,0.102,-0.371,0.439
2025-12-08T23:18:27.530,0.087,-0.43,0.428
2025-12-08T23:18:27.540,0.094,-0.4,0.559
2025-12-08T23:18:27.550,0.101,-0.458,0.623
2025-12-08T23:18:27.560,0.08,-0.51,0.579
2025-12-08T23:18:27.570,0.077,-0.521,0.573
2025-12-08T23:18:27.580,0.073,-0.615,0.432
2025-12-08T23:18:27.590,0.072,-0.646,0.329
2025-12-08T23:18:27.600,0.102,-0.635,0.417
2025-12-08T23:18:27.610,0.123,-0.653,0.445
2025-12-08T23:18:27.620,0.16,-0.589,0.533
2025-12-08T23:18:27.630,0.205,-0.502,0.646
2025-12-08T23:18:27.640,0.223,-0.489,0.644
2025-12-08T23:18:27.650,0.26,-0.417,0.75
2025-12-08T23:18:27.660,0.306,-0.36,0.825
2025-12-08T23:18:27.670,0.327,-0.366,0.774
2025-12-08T23:18:27.680,0.366,-0.3,0.799
2025-12-08T23:18:27.690,0.386,-0.322,0.746
2025-12-08T23:18:27.700,0.368,-0.391,0.66
2025-12-08T23:18:27.710,0.356,-0.378,0.75
2025-12-08T23:18:27.720,0.319,-0.43,0.719
2025-12-08T23:18:27.730,0.291,-0.459,0.594
2025-12-08T23:18:27.740,0.305,-0.415,0.566
2025-12-08T23:18:27.750,0.307,-0.441,0.4
2025-12-08T23:18:27.760,0.301,-0.436,0.308
2025-12-08T23:18:27.770,0.312,-0.384,0.403
2025-12-08T23:18:27.780,0.322,-0.414,0.391
2025-12-08T23:18:27.790,0.343,-0.351,0.44
2025-12-08T23:18:27.800,0.379,-0.24,0.525
2025-12-08T23:18:27.810,0.407,-0.247,0.431
2025-12-08T23:18:27.820,0.423,-0.178,0.426
2025-12-08T23:18:27.830,0.402,-0.1,0.488
2025-12-08T23:18:27.840,0.347,-0.109,0.425
2025-12-08T23:18:27.850,0.301,-0.056,0.417
2025-12-08T23:18:27.860,0.253,-0.046,0.36
2025-12-08T23:18:27.870,0.194,-0.075,0.237
2025-12-08T23:18:27.880,0.163,-0.028,0.234
2025-12-08T23:18:27.890,0.137,-0.039,0.166
2025-12-08T23:18:27.900,0.113,-0.047,0.108
2025-12-08T23:18:27.910,0.12,0.026,0.157
2025-12-08T23:18:27.920,0.127,0.02,0.078
2025-12-08T23:18:27.930,0.149,0.057,0.054
2025-12-08T23:18:27.940,0.187,0.137,0.149
2025-12-08T23:18:27.950,0.204,0.1,0.11
2025-12-08T23:18:27.960,0.218,0.12,0.16
2025-12-08T23:18:27.970,0.21,0.127,0.273
2025-12-08T23:18:27.980,0.191,0.074,0.184
2025-12-08T23:18:27.990,0.197,0.136,0.155
2025-12-08T23:18:28.000,0.21,0.177,0.105
2025-12-08T23:18:28.010,0.201,0.166,-0.074
2025-12-08T23:18:28.020,0.189,0.233,-0.079
2025-12-08T23:18:28.030,0.175,0.243,-0.117
2025-12-08T23:18:28.040,0.133,0.194,-0.22
2025-12-08T23:18:28.050,0.109,0.231,-0.149
2025-12-08T23:18:28.060,0.103,0.189,-0.159
2025-12-08T23:18:28.070,0.099,0.139,-0.201
2025-12-08T23:18:28.080,0.136,0.184,-0.154
2025-12-08T23:18:28.090,0.159,0.114,-0.276
2025-12-08T23:18:28.100,0.162,0.102,-0.367
2025-12-08T23:18:28.110,0.178,0.152,-0.269
2025-12-08T23:18:28.120,0.147,0.096,-0.271
2025-12-08T23:18:28.130,0.106,0.124,-0.234
2025-12-08T23:18:28.140,0.093,0.153,-0.193
2025-12-08T23:18:28.150,0.078,0.098,-0.42
2025-12-08T23:18:28.160,0.077,0.122,-0.558
2025-12-08T23:18:28.170,0.074,0.141,-0.587
2025-12-08T23:18:28.180,0.069,0.106,-0.667
2025-12-08T23:18:28.190,0.072,0.156,-0.569
2025-12-08T23:18:28.200,0.064,0.187,-0.494
2025-12-08T23:18:28.210,0.061,0.181,-0.501
2025-12-08T23:18:28.220,0.06,0.271,-0.379
2025-12-08T23:18:28.230,0.047,0.291,-0.344
2025-12-08T23:18:28.240,0.031,0.297,-0.364
2025-12-08T23:18:28.250,0.004,0.396,-0.294
2025-12-08T23:18:28.260,-0.034,0.402,-0.363
2025-12-08T23:18:28.270,-0.056,0.435,-0.467
2025-12-08T23:18:28.280,-0.048,0.494,-0.491
2025-12-08T23:18:28.290,-0.056,0.463,-0.615
2025-12-08T23:18:28.300,-0.073,0.499,-0.63
2025-12-08T23:18:28.310,-0.07,0.519,-0.569
2025-12-08T23:18:28.320,-0.095,0.474,-0.626
2025-12-08T23:18:28.330,-0.108,0.5,-0.551
2025-12-08T23:18:28.340,-0.101,0.489,-0.507
2025-12-08T23:18:28.350,-0.125,0.437,-0.582
2025-12-08T23:18:28.360,-0.116,0.477,-0.499
2025-12-08T23:18:28.370,-0.112,0.49,-0.486
2025-12-08T23:18:28.380,-0.15,0.478,-0.553
2025-12-08T23:18:28.390,-0.172,0.555,-0.484
2025-12-08T23:18:28.400,-0.204,0.564,-0.555
2025-12-08T23:18:28.410,-0.24,0.569,-0.687
2025-12-08T23:18:28.420,-0.25,0.641,-0.656
2025-12-08T23:18:28.430,-0.265,0.592,-0.714
2025-12-08T23:18:28.440,-0.289,0.557,-0.701
2025-12-08T23:18:28.450,-0.304,0.583,-0.523
2025-12-08T23:18:28.460,-0.314,0.517,-0.507
2025-12-08T23:18:28.470,-0.325,0.524,-0.457
2025-12-08T23:18:28.480,-0.328,0.561,-0.348
2025-12-08T23:18:28.490,-0.346,0.501,-0.371
2025-12-08T23:18:28.500,-0.382,0.548,-0.288
2025-12-08T23:18:28.510,-0.419,0.584,-0.196
2025-12-08T23:18:28.520,-0.448,0.542,-0.266
2025-12-08T23:18:28.530,-0.454,0.601,-0.289
2025-12-08T23:18:28.540,-0.457,0.598,-0.347
2025-12-08T23:18:28.550,-0.465,0.566,-0.458
2025-12-08T23:18:28.560,-0.465,0.605,-0.363
2025-12-08T23:18:28.570,-0.481,0.546,-0.275
2025-12-08T23:18:28.580,-0.494,0.498,-0.246
2025-12-08T23:18:28.590,-0.489,0.514,-0.128
2025-12-08T23:18:28.600,-0.503,0.463,-0.165
2025-12-08T23:18:28.610,-0.515,0.46,-0.191
2025-12-08T23:18:28.620,-0.509,0.487,-0.101
2025-12-08T23:18:28.630,-0.517,0.423,-0.124
2025-12-08T23:18:28.640,-0.515,0.416,-0.068
2025-12-08T23:18:28.650,-0.494,0.432,0.021
2025-12-08T23:18:28.660,-0.496,0.376,-0.048
2025-12-08T23:18:28.670,-0.488,0.391,-0.049
2025-12-08T23:18:28.680,-0.472,0.371,-0.032
2025-12-08T23:18:28.690,-0.497,0.291,-0.082
2025-12-08T23:18:28.700,-0.526,0.305,0.035
2025-12-08T23:18:28.710,-0.553,0.262,0.126
2025-12-08T23:18:28.720,-0.588,0.188,0.105
2025-12-08T23:18:28.730,-0.583,0.203,0.21
2025-12-08T23:18:28.740,-0.56,0.123,0.212
2025-12-08T23:18:28.750,-0.549,0.057,0.156
2025-12-08T23:18:28.760,-0.517,0.082,0.247
2025-12-08T23:18:28.770,-0.498,0.032,0.189
2025-12-08T23:18:28.780,-0.505,0.034,0.125
2025-12-08T23:18:28.790,-0.485,0.037,0.209
2025-12-08T23:18:28.800,-0.479,-0.056,0.163
2025-12-08T23:18:28.810,-0.478,-0.066,0.188
2025-12-08T23:18:28.820,-0.447,-0.07,0.285
2025-12-08T23:18:28.830,-0.416,-0.143,0.205
2025-12-08T23:18:28.840,-0.37,-0.133,0.214
2025-12-08T23:18:28.850,-0.333,-0.131,0.276
2025-12-08T23:18:28.860,-0.312,-0.2,0.221
2025-12-08T23:18:28.870,-0.282,-0.164,0.268
2025-12-08T23:18:28.880,-0.278,-0.154,0.292
2025-12-08T23:18:28.890,-0.295,-0.21,0.212
2025-12-08T23:18:28.900,-0.326,-0.169,0.264
2025-12-08T23:18:28.910,-0.377,-0.212,0.272
2025-12-08T23:18:28.920,-0.413,-0.262,0.23
2025-12-08T23:18:28.930,-0.401,-0.219,0.305
2025-12-08T23:18:28.940,-0.371,-0.287,0.254
2025-12-08T23:18:28.950,-0.338,-0.312,0.235
2025-12-08T23:18:28.960,-0.285,-0.294,0.347
2025-12-08T23:18:28.970,-0.262,-0.384,0.289
2025-12-08T23:18:28.980,-0.237,-0.408,0.291
2025-12-08T23:18:28.990,-0.2,-0.427,0.382
2025-12-08T23:18:29.000,-0.22,-0.521,0.337
2025-12-08T23:18:29.010,-0.235,-0.537,0.392
2025-12-08T23:18:29.020,-0.253,-0.545,0.444
2025-12-08T23:18:29.030,-0.31,-0.589,0.322
2025-12-08T23:18:29.040,-0.352,-0.545,0.296
2025-12-08T23:18:29.050,-0.389,-0.543,0.258
2025-12-08T23:18:29.060,-0.428,-0.589,0.132
2025-12-08T23:18:29.070,-0.442,-0.544,0.153
2025-12-08T23:18:29.080,-0.453,-0.561,0.125
2025-12-08T23:18:29.090,-0.465,-0.604,0.038
2025-12-08T23:18:29.100,-0.467,-0.574,0.082
2025-12-08T23:18:29.110,-0.482,-0.629,0.041
2025-12-08T23:18:29.120,-0.502,-0.662,0.016
2025-12-08T23:18:29.130,-0.517,-0.632,0.106
2025-12-08T23:18:29.140,-0.534,-0.679,0.095
2025-12-08T23:18:29.150,-0.535,-0.649,0.138
2025-12-08T23:18:29.160,-0.518,-0.603,0.223
2025-12-08T23:18:29.170,-0.498,-0.649,0.123
2025-12-08T23:18:29.180,-0.473,-0.602,0.054
2025-12-08T23:18:29.190,-0.462,-0.576,0.02
2025-12-08T23:18:29.200,-0.466,-0.603,-0.1
2025-12-08T23:18:29.210,-0.456,-0.546,-0.06
2025-12-08T23:18:29.220,-0.458,-0.555,-0.022
2025-12-08T23:18:29.230,-0.469,-0.593,-0.076
2025-12-08T23:18:29.240,-0.453,-0.559,0.001
2025-12-08T23:18:29.250,-0.435,-0.58,-0.02
2025-12-08T23:18:29.260,-0.405,-0.58,-0.072
2025-12-08T23:18:29.270,-0.34,-0.527,0.004
2025-12-08T23:18:29.280,-0.307,-0.539,-0.039
2025-12-08T23:18:29.290,-0.312,-0.514,0.001
2025-12-08T23:18:29.300,-0.305,-0.474,0.153
2025-12-08T23:18:29.310,-0.321,-0.508,0.09
2025-12-08T23:18:29.320,-0.345,-0.492,0.046
2025-12-08T23:18:29.330,-0.373,-0.491,0.058
2025-12-08T23:18:29.340,-0.445,-0.548,-0.06
2025-12-08T23:18:29.350,-0.514,-0.53,-0.048
2025-12-08T23:18:29.360,-0.569,-0.54,-0.005
2025-12-08T23:18:29.370,-0.634,-0.605,-0.112
2025-12-08T23:18:29.380,-0.679,-0.582,-0.096
2025-12-08T23:18:29.390,-0.701,-0.609,-0.086
2025-12-08T23:18:29.400,-0.716,-0.662,-0.18
2025-12-08T23:18:29.410,-0.708,-0.621,-0.129
2025-12-08T23:18:29.420,-0.702,-0.656,-0.115
2025-12-08T23:18:29.430,-0.711,-0.689,-0.141
2025-12-08T23:18:29.440,-0.701,-0.651,-0.054
2025-12-08T23:18:29.450,-0.701,-0.691,-0.096
2025-12-08T23:18:29.460,-0.708,-0.698,-0.135
2025-12-08T23:18:29.470,-0.711,-0.692,-0.043
2025-12-08T23:18:29.480,-0.743,-0.78,-0.039
2025-12-08T23:18:29.490,-0.769,-0.795,0.005
2025-12-08T23:18:29.500,-0.777,-0.784,0.054
2025-12-08T23:18:29.510,-0.785,-0.829,-0.065
2025-12-08T23:18:29.520,-0.771,-0.764,-0.093
2025-12-08T23:18:29.530,-0.762,-0.704,-0.044
2025-12-08T23:18:29.540,-0.769,-0.702,-0.066
2025-12-08T23:18:29.550,-0.744,-0.614,0.027
2025-12-08T23:18:29.560,-0.723,-0.595,0.098
2025-12-08T23:18:29.570,-0.721,-0.613,0.093
2025-12-08T23:18:29.580,-0.697,-0.556,0.249
2025-12-08T23:18:29.590,-0.701,-0.58,0.337
2025-12-08T23:18:29.600,-0.727,-0.585,0.335
2025-12-08T23:18:29.610,-0.735,-0.512,0.434
2025-12-08T23:18:29.620,-0.76,-0.539,0.364
2025-12-08T23:18:29.630,-0.787,-0.561,0.278
2025-12-08T23:18:29.640,-0.793,-0.54,0.325
2025-12-08T23:18:29.650,-0.806,-0.605,0.229
2025-12-08T23:18:29.660,-0.815,-0.621,0.2
2025-12-08T23:18:29.670,-0.815,-0.596,0.236
2025-12-08T23:18:29.680,-0.824,-0.619,0.109
2025-12-08T23:18:29.690,-0.809,-0.53,0.077
2025-12-08T23:18:29.700,-0.765,-0.444,0.1
2025-12-08T23:18:29.710,-0.75,-0.413,0.045
2025-12-08T23:18:29.720,-0.746,-0.295,0.175
2025-12-08T23:18:29.730,-0.726,-0.249,0.299
2025-12-08T23:18:29.740,-0.713,-0.241,0.255
2025-12-08T23:18:29.750,-0.694,-0.161,0.319
2025-12-08T23:18:29.760,-0.683,-0.187,0.328
2025-12-08T23:18:29.770,-0.688,-0.238,0.282
2025-12-08T23:18:29.780,-0.684,-0.214,0.366
2025-12-08T23:18:29.790,-0.686,-0.273,0.325
2025-12-08T23:18:29.800,-0.673,-0.308,0.224
2025-12-08T23:18:29.810,-0.651,-0.274,0.219
2025-12-08T23:18:29.820,-0.647,-0.323,0.148
2025-12-08T23:18:29.830,-0.626,-0.299,0.155
2025-12-08T23:18:29.840,-0.594,-0.25,0.244
2025-12-08T23:18:29.850,-0.559,-0.287,0.216
2025-12-08T23:18:29.860,-0.488,-0.228,0.286
2025-12-08T23:18:29.870,-0.412,-0.18,0.389
2025-12-08T23:18:29.880,-0.371,-0.179,0.368
2025-12-08T23:18:29.890,-0.308,-0.106,0.448
2025-12-08T23:18:29.900,-0.239,-0.091,0.449
2025-12-08T23:18:29.910,-0.207,-0.092,0.329
2025-12-08T23:18:29.920,-0.153,-0.018,0.333
2025-12-08T23:18:29.930,-0.115,-0.015,0.262
2025-12-08T23:18:29.940,-0.093,-0.012,0.187
2025-12-08T23:18:29.950,-0.047,0.07,0.286
2025-12-08T23:18:29.960,-0.024,0.075,0.298
2025-12-08T23:18:29.970,-0.001,0.112,0.286
2025-12-08T23:18:29.980,0.052,0.183,0.373
2025-12-08T23:18:29.990,0.087,0.161,0.358
2025-12-08T23:18:30.000,0.106,0.217,0.398
2025-12-08T23:18:30.010,0.124,0.287,0.499
2025-12-08T23:18:30.020,0.122,0.278,0.423
2025-12-08T23:18:30.030,0.132,0.342,0.379
2025-12-08T23:18:30.040,0.152,0.377,0.366
2025-12-08T23:18:30.050,0.154,0.342,0.262
2025-12-08T23:18:30.060,0.154,0.382,0.275
2025-12-08T23:18:30.070,0.151,0.384,0.25
2025-12-08T23:18:30.080,0.159,0.354,0.09
2025-12-08T23:18:30.090,0.19,0.42,0.016
2025-12-08T23:18:30.100,0.209,0.421,-0.1
2025-12-08T23:18:30.110,0.237,0.408,-0.23
2025-12-08T23:18:30.120,0.303,0.449,-0.199
2025-12-08T23:18:30.130,0.362,0.403,-0.177
2025-12-08T23:18:30.140,0.423,0.408,-0.107
2025-12-08T23:18:30.150,0.491,0.454,0.055
2025-12-08T23:18:30.160,0.542,0.414,0.049
2025-12-08T23:18:30.170,0.617,0.45,0.032
2025-12-08T23:18:30.180,0.689,0.521,0.079
2025-12-08T23:18:30.190,0.724,0.52,-0.005
2025-12-08T23:18:30.200,0.77,0.576,-0.005
2025-12-08T23:18:30.210,0.801,0.618,0.038
2025-12-08T23:18:30.220,0.81,0.571,-0.05
2025-12-08T23:18:30.230,0.85,0.602,-0.061
2025-12-08T23:18:30.240,0.887,0.583,-0.067
2025-12-08T23:18:30.250,0.895,0.483,-0.131
2025-12-08T23:18:30.260,0.913,0.48,-0.065
2025-12-08T23:18:30.270,0.906,0.417,-0.014
2025-12-08T23:18:30.280,0.885,0.36,-0.03
2025-12-08T23:18:30.290,0.911,0.39,0.025
2025-12-08T23:18:30.300,0.934,0.357,-0.025
2025-12-08T23:18:30.310,0.944,0.378,-0.107
2025-12-08T23:18:30.320,0.972,0.423,-0.083
2025-12-08T23:18:30.330,0.982,0.395,-0.175
2025-12-08T23:18:30.340,0.986,0.417,-0.239
2025-12-08T23:18:30.350,1.011,0.44,-0.229
2025-12-08T23:18:30.360,1.024,0.406,-0.317
2025-12-08T23:18:30.370,1.031,0.437,-0.275
2025-12-08T23:18:30.380,1.041,0.456,-0.159
2025-12-08T23:18:30.390,1.044,0.422,-0.144
2025-12-08T23:18:30.400,1.056,0.485,-0.062
2025-12-08T23:18:30.410,1.074,0.511,-0.044
2025-12-08T23:18:30.420,1.076,0.503,-0.149
2025-12-08T23:18:30.430,1.072,0.559,-0.142
2025-12-08T23:18:30.440,1.056,0.524,-0.183
2025-12-08T23:18:30.450,1.037,0.493,-0.245
2025-12-08T23:18:30.460,1.034,0.515,-0.15
2025-12-08T23:18:30.470,1.005,0.444,-0.145
2025-12-08T23:18:30.480,0.975,0.403,-0.121
2025-12-08T23:18:30.490,0.968,0.404,-0.021
2025-12-08T23:18:30.500,0.94,0.332,-0.121
2025-12-08T23:18:30.510,0.926,0.324,-0.202
2025-12-08T23:18:30.520,0.922,0.36,-0.212
2025-12-08T23:18:30.530,0.897,0.329,-0.335
2025-12-08T23:18:30.540,0.897,0.367,-0.332
2025-12-08T23:18:30.550,0.903,0.394,-0.276
2025-12-08T23:18:30.560,0.881,0.35,-0.331
2025-12-08T23:18:30.570,0.868,0.389,-0.249
2025-12-08T23:18:30.580,0.858,0.39,-0.18
2025-12-08T23:18:30.590,0.836,0.342,-0.247
2025-12-08T23:18:30.600,0.838,0.385,-0.233
2025-12-08T23:18:30.610,0.842,0.35,-0.31
2025-12-08T23:18:30.620,0.826,0.301,-0.445
2025-12-08T23:18:30.630,0.818,0.338,-0.396
2025-12-08T23:18:30.640,0.809,0.277,-0.423
2025-12-08T23:18:30.650,0.803,0.222,-0.491
2025-12-08T23:18:30.660,0.801,0.218,-0.438
2025-12-08T23:18:30.670,0.772,0.152,-0.491
2025-12-08T23:18:30.680,0.751,0.137,-0.485
2025-12-08T23:18:30.690,0.736,0.147,-0.398
2025-12-08T23:18:30.700,0.683,0.105,-0.468
2025-12-08T23:18:30.710,0.635,0.123,-0.476
2025-12-08T23:18:30.720,0.589,0.137,-0.446
2025-12-08T23:18:30.730,0.532,0.093,-0.523
2025-12-08T23:18:30.740,0.514,0.113,-0.505
2025-12-08T23:18:30.750,0.51,0.096,-0.527
2025-12-08T23:18:30.760,0.507,0.036,-0.658
2025-12-08T23:18:30.770,0.526,0.052,-0.644
2025-12-08T23:18:30.780,0.525,0.009,-0.655
2025-12-08T23:18:30.790,0.524,-0.014,-0.702
2025-12-08T23:18:30.800,0.549,0.043,-0.608
2025-12-08T23:18:30.810,0.548,0.029,-0.61
2025-12-08T23:18:30.820,0.541,0.048,-0.59
2025-12-08T23:18:30.830,0.545,0.109,-0.452
2025-12-08T23:18:30.840,0.527,0.077,-0.491
2025-12-08T23:18:30.850,0.521,0.088,-0.512
2025-12-08T23:18:30.860,0.524,0.116,-0.474
2025-12-08T23:18:30.870,0.489,0.054,-0.59
2025-12-08T23:18:30.880,0.46,0.065,-0.617
2025-12-08T23:18:30.890,0.439,0.056,-0.62
2025-12-08T23:18:30.900,0.39,-0.018,-0.762
2025-12-08T23:18:30.910,0.365,-0.002,-0.767
2025-12-08T23:18:30.920,0.355,-0.043,-0.79
2025-12-08T23:18:30.930,0.332,-0.101,-0.923
2025-12-08T23:18:30.940,0.341,-0.072,-0.879
2025-12-08T23:18:30.950,0.346,-0.097,-0.864
2025-12-08T23:18:30.960,0.326,-0.104,-0.875
2025-12-08T23:18:30.970,0.325,-0.035,-0.762
2025-12-08T23:18:30.980,0.322,-0.038,-0.79
2025-12-08T23:18:30.990,0.311,-0.027,-0.816
2025-12-08T23:18:31.000,0.303,0.038,-0.716
2025-12-08T23:18:31.010,0.276,0.016,-0.722
2025-12-08T23:18:31.020,0.249,0.046,-0.717
2025-12-08T23:18:31.030,0.23,0.096,-0.701
2025-12-08T23:18:31.040,0.215,0.048,-0.841
2025-12-08T23:18:31.050,0.222,0.07,-0.874
2025-12-08T23:18:31.060,0.221,0.075,-0.833
2025-12-08T23:18:31.070,0.209,0.032,-0.886
2025-12-08T23:18:31.080,0.229,0.086,-0.822
2025-12-08T23:18:31.090,0.259,0.109,-0.822
2025-12-08T23:18:31.100,0.268,0.122,-0.895
2025-12-08T23:18:31.110,0.276,0.203,-0.782
2025-12-08T23:18:31.120,0.271,0.188,-0.756
2025-12-08T23:18:31.130,0.244,0.188,-0.787
2025-12-08T23:18:31.140,0.239,0.27,-0.721
2025-12-08T23:18:31.150,0.228,0.259,-0.817
2025-12-08T23:18:31.160,0.2,0.298,-0.917
2025-12-08T23:18:31.170,0.205,0.386,-0.891
2025-12-08T23:18:31.180,0.198,0.371,-0.956
2025-12-08T23:18:31.190,0.184,0.421,-0.917
2025-12-08T23:18:31.200,0.197,0.474,-0.779
2025-12-08T23:18:31.210,0.203,0.442,-0.789
2025-12-08T23:18:31.220,0.218,0.508,-0.683
2025-12-08T23:18:31.230,0.246,0.574,-0.547
2025-12-08T23:18:31.240,0.252,0.58,-0.563
2025-12-08T23:18:31.250,0.264,0.669,-0.442
2025-12-08T23:18:31.260,0.283,0.707,-0.371
2025-12-08T23:18:31.270,0.282,0.68,-0.45
2025-12-08T23:18:31.280,0.293,0.71,-0.394
2025-12-08T23:18:31.290,0.287,0.658,-0.387
2025-12-08T23:18:31.300,0.238,0.603,-0.398
2025-12-08T23:18:31.310,0.181,0.623,-0.264
2025-12-08T23:18:31.320,0.118,0.553,-0.257
2025-12-08T23:18:31.330,0.072,0.515,-0.28
2025-12-08T23:18:31.340,0.062,0.514,-0.229
2025-12-08T23:18:31.350,0.055,0.429,-0.321
2025-12-08T23:18:31.360,0.062,0.419,-0.356
2025-12-08T23:18:31.370,0.069,0.437,-0.277
2025-12-08T23:18:31.380,0.05,0.398,-0.264
2025-12-08T23:18:31.390,0.04,0.436,-0.098
2025-12-08T23:18:31.400,0.034,0.451,0.108
2025-12-08T23:18:31.410,0.021,0.393,0.168
2025-12-08T23:18:31.420,0.037,0.4,0.305
2025-12-08T23:18:31.430,0.046,0.361,0.328
2025-12-08T23:18:31.440,0.038,0.289,0.197
2025-12-08T23:18:31.450,0.059,0.313,0.195
2025-12-08T23:18:31.460,0.055,0.265,0.148
2025-12-08T23:18:31.470,0.027,0.201,0.121
2025-12-08T23:18:31.480,0.02,0.214,0.277
2025-12-08T23:18:31.490,0.005,0.131,0.306
2025-12-08T23:18:31.500,0.005,0.09,0.301
2025-12-08T23:18:31.510,0.02,0.123,0.403
2025-12-08T23:18:31.520,0.012,0.069,0.387
2025-12-08T23:18:31.530,-0.012,0.058,0.457
2025-12-08T23:18:31.540,-0.03,0.035,0.603
2025-12-08T23:18:31.550,-0.069,-0.064,0.562
2025-12-08T23:18:31.560,-0.11,-0.071,0.605
2025-12-08T23:18:31.570,-0.109,-0.12,0.664
2025-12-08T23:18:31.580,-0.125,-0.21,0.567
2025-12-08T23:18:31.590,-0.136,-0.176,0.656
2025-12-08T23:18:31.600,-0.129,-0.22,0.763
2025-12-08T23:18:31.610,-0.148,-0.286,0.659
2025-12-08T23:18:31.620,-0.114,-0.265,0.667
2025-12-08T23:18:31.630,-0.106,-0.301,0.667
2025-12-08T23:18:31.640,-0.12,-0.301,0.602
2025-12-08T23:18:31.650,-0.047,-0.283,0.703
2025-12-08T23:18:31.660,-0.034,-0.291,0.747
2025-12-08T23:18:31.670,-0.016,-0.291,0.813
2025-12-08T23:18:31.680,0.046,-0.284,0.975
2025-12-08T23:18:31.690,0.031,-0.286,0.952
2025-12-08T23:18:31.700,0.064,-0.309,0.925
2025-12-08T23:18:31.710,0.078,-0.265,0.923
2025-12-08T23:18:31.720,0.032,-0.284,0.799
2025-12-08T23:18:31.730,0.048,-0.332,0.769
2025-12-08T23:18:31.740,0.042,-0.332,0.831
2025-12-08T23:18:31.750,0.04,-0.426,0.823
2025-12-08T23:18:31.760,0.084,-0.445,0.867
2025-12-08T23:18:31.770,0.121,-0.464,0.904
2025-12-08T23:18:31.780,0.175,-0.543,0.84
2025-12-08T23:18:31.790,0.248,-0.498,0.898
2025-12-08T23:18:31.800,0.297,-0.498,0.941
2025-12-08T23:18:31.810,0.345,-0.517,0.903
2025-12-08T23:18:31.820,0.417,-0.453,1.005
2025-12-08T23:18:31.830,0.452,-0.464,1.063
2025-12-08T23:18:31.840,0.469,-0.444,1.088
2025-12-08T23:18:31.850,0.497,-0.368,1.194
2025-12-08T23:18:31.860,0.505,-0.407,1.183
2025-12-08T23:18:31.870,0.508,-0.383,1.152
2025-12-08T23:18:31.880,0.517,-0.344,1.165
2025-12-08T23:18:31.890,0.528,-0.419,1.022
2025-12-08T23:18:31.900,0.533,-0.4,0.946
2025-12-08T23:18:31.910,0.527,-0.396,0.982
2025-12-08T23:18:31.920,0.51,-0.459,0.907
2025-12-08T23:18:31.930,0.505,-0.44,0.96
2025-12-08T23:18:31.940,0.504,-0.466,1.026
2025-12-08T23:18:31.950,0.5,-0.505,0.937
2025-12-08T23:18:31.960,0.512,-0.457,0.942
2025-12-08T23:18:31.970,0.499,-0.465,0.884
2025-12-08T23:18:31.980,0.46,-0.471,0.793
2025-12-08T23:18:31.990,0.428,-0.422,0.869
2025-12-08T23:18:32.000,0.366,-0.458,0.847
2025-12-08T23:18:32.010,0.317,-0.464,0.785
2025-12-08T23:18:32.020,0.3,-0.43,0.793
2025-12-08T23:18:32.030,0.264,-0.477,0.657
2025-12-08T23:18:32.040,0.254,-0.457,0.579
2025-12-08T23:18:32.050,0.248,-0.409,0.617
2025-12-08T23:18:32.060,0.218,-0.453,0.578
2025-12-08T23:18:32.070,0.209,-0.427,0.672
2025-12-08T23:18:32.080,0.207,-0.412,0.787
2025-12-08T23:18:32.090,0.206,-0.466,0.742
2025-12-08T23:18:32.100,0.216,-0.393,0.807
2025-12-08T23:18:32.110,0.222,-0.365,0.833
2025-12-08T23:18:32.120,0.219,-0.386,0.744
2025-12-08T23:18:32.130,0.225,-0.312,0.808
2025-12-08T23:18:32.140,0.22,-0.331,0.756
2025-12-08T23:18:32.150,0.186,-0.367,0.596
2025-12-08T23:18:32.160,0.16,-0.341,0.598
2025-12-08T23:18:32.170,0.125,-0.398,0.541
2025-12-08T23:18:32.180,0.076,-0.416,0.546
2025-12-08T23:18:32.190,0.044,-0.393,0.678
2025-12-08T23:18:32.200,0.009,-0.454,0.633
2025-12-08T23:18:32.210,-0.043,-0.443,0.605
2025-12-08T23:18:32.220,-0.098,-0.404,0.618
2025-12-08T23:18:32.230,-0.157,-0.454,0.467
2025-12-08T23:18:32.240,-0.216,-0.432,0.421
2025-12-08T23:18:32.250,-0.265,-0.421,0.433
2025-12-08T23:18:32.260,-0.317,-0.489,0.345
2025-12-08T23:18:32.270,-0.361,-0.47,0.399
2025-12-08T23:18:32.280,-0.4,-0.498,0.41
2025-12-08T23:18:32.290,-0.449,-0.569,0.292
2025-12-08T23:18:32.300,-0.486,-0.535,0.305
2025-12-08T23:18:32.310,-0.519,-0.556,0.248
2025-12-08T23:18:32.320,-0.565,-0.553,0.146
2025-12-08T23:18:32.330,-0.604,-0.464,0.15
2025-12-08T23:18:32.340,-0.652,-0.478,0.005
2025-12-08T23:18:32.350,-0.698,-0.442,-0.137
2025-12-08T23:18:32.360,-0.716,-0.352,-0.133
2025-12-08T23:18:32.370,-0.739,-0.364,-0.214
2025-12-08T23:18:32.380,-0.742,-0.314,-0.198
2025-12-08T23:18:32.390,-0.731,-0.271,-0.075
2025-12-08T23:18:32.400,-0.764,-0.321,-0.116
2025-12-08T23:18:32.410,-0.792,-0.298,-0.106
2025-12-08T23:18:32.420,-0.803,-0.29,-0.118
2025-12-08T23:18:32.430,-0.831,-0.323,-0.285
2025-12-08T23:18:32.440,-0.844,-0.269,-0.269
2025-12-08T23:18:32.450,-0.859,-0.256,-0.232
2025-12-08T23:18:32.460,-0.895,-0.265,-0.278
2025-12-08T23:18:32.470,-0.903,-0.179,-0.195
2025-12-08T23:18:32.480,-0.902,-0.171,-0.241
2025-12-08T23:18:32.490,-0.918,-0.173,-0.362
2025-12-08T23:18:32.500,-0.933,-0.108,-0.281
2025-12-08T23:18:32.510,-0.969,-0.15,-0.245
2025-12-08T23:18:32.520,-1.009,-0.174,-0.209
2025-12-08T23:18:32.530,-1.031,-0.155,-0.073
2025-12-08T23:18:32.540,-1.052,-0.209,-0.153
2025-12-08T23:18:32.550,-1.063,-0.2,-0.282
2025-12-08T23:18:32.560,-1.069,-0.169,-0.356
2025-12-08T23:18:32.570,-1.108,-0.21,-0.556
2025-12-08T23:18:32.580,-1.15,-0.2,-0.616
2025-12-08T23:18:32.590,-1.185,-0.204,-0.607
2025-12-08T23:18:32.600,-1.232,-0.285,-0.705
2025-12-08T23:18:32.610,-1.263,-0.281,-0.684
2025-12-08T23:18:32.620,-1.296,-0.29,-0.689
2025-12-08T23:18:32.630,-1.331,-0.348,-0.772
2025-12-08T23:18:32.640,-1.341,-0.31,-0.711
2025-12-08T23:18:32.650,-1.366,-0.343,-0.696
2025-12-08T23:18:32.660,-1.386,-0.4,-0.75
2025-12-08T23:18:32.670,-1.377,-0.389,-0.711
2025-12-08T23:18:32.680,-1.381,-0.478,-0.776
2025-12-08T23:18:32.690,-1.377,-0.516,-0.836
2025-12-08T23:18:32.700,-1.341,-0.478,-0.778
2025-12-08T23:18:32.710,-1.315,-0.513,-0.86
2025-12-08T23:18:32.720,-1.286,-0.469,-0.897
2025-12-08T23:18:32.730,-1.244,-0.407,-0.832
2025-12-08T23:18:32.740,-1.222,-0.429,-0.876
2025-12-08T23:18:32.750,-1.185,-0.371,-0.808
2025-12-08T23:18:32.760,-1.129,-0.331,-0.713
2025-12-08T23:18:32.770,-1.089,-0.355,-0.768
2025-12-08T23:18:32.780,-1.031,-0.282,-0.725
2025-12-08T23:18:32.790,-0.968,-0.265,-0.715
2025-12-08T23:18:32.800,-0.923,-0.292,-0.794
2025-12-08T23:18:32.810,-0.872,-0.232,-0.703
2025-12-08T23:18:32.820,-0.824,-0.253,-0.634
2025-12-08T23:18:32.830,-0.798,-0.267,-0.604
2025-12-08T23:18:32.840,-0.782,-0.205,-0.464
2025-12-08T23:18:32.850,-0.771,-0.225,-0.49
2025-12-08T23:18:32.860,-0.753,-0.23,-0.592
2025-12-08T23:18:32.870,-0.725,-0.189,-0.591
2025-12-08T23:18:32.880,-0.699,-0.223,-0.667
2025-12-08T23:18:32.890,-0.651,-0.21,-0.662
2025-12-08T23:18:32.900,-0.595,-0.158,-0.558
2025-12-08T23:18:32.910,-0.534,-0.196,-0.591
2025-12-08T23:18:32.920,-0.447,-0.176,-0.59
2025-12-08T23:18:32.930,-0.359,-0.159,-0.566
2025-12-08T23:18:32.940,-0.28,-0.212,-0.635
2025-12-08T23:18:32.950,-0.2,-0.17,-0.569
2025-12-08T23:18:32.960,-0.145,-0.174,-0.505
2025-12-08T23:18:32.970,-0.113,-0.213,-0.568
2025-12-08T23:18:32.980,-0.053,-0.168,-0.557
2025-12-08T23:18:32.990,0.008,-0.197,-0.654
2025-12-08T23:18:33.000,0.058,-0.23,-0.776
2025-12-08T23:18:33.010,0.131,-0.199,-0.687
2025-12-08T23:18:33.020,0.177,-0.243,-0.635
2025-12-08T23:18:33.030,0.232,-0.252,-0.574
2025-12-08T23:18:33.040,0.338,-0.204,-0.464
2025-12-08T23:18:33.050,0.436,-0.225,-0.546
2025-12-08T23:18:33.060,0.547,-0.171,-0.583
2025-12-08T23:18:33.070,0.657,-0.086,-0.494
2025-12-08T23:18:33.080,0.742,-0.097,-0.491
2025-12-08T23:18:33.090,0.844,-0.03,-0.368
2025-12-08T23:18:33.100,0.953,0.015,-0.224
2025-12-08T23:18:33.110,1.025,-0.02,-0.253
2025-12-08T23:18:33.120,1.077,0.03,-0.157
2025-12-08T23:18:33.130,1.129,0.026,-0.087
2025-12-08T23:18:33.140,1.175,-0.01,-0.16
2025-12-08T23:18:33.150,1.223,0.055,-0.099
2025-12-08T23:18:33.160,1.27,0.061,-0.122
2025-12-08T23:18:33.170,1.3,0.071,-0.225
2025-12-08T23:18:33.180,1.325,0.148,-0.166
2025-12-08T23:18:33.190,1.354,0.121,-0.175
2025-12-08T23:18:33.200,1.394,0.111,-0.179
2025-12-08T23:18:33.210,1.451,0.158,-0.058
2025-12-08T23:18:33.220,1.496,0.124,-0.058
2025-12-08T23:18:33.230,1.534,0.166,-0.031
2025-12-08T23:18:33.240,1.575,0.255,0.074
2025-12-08T23:18:33.250,1.598,0.264,0.033
2025-12-08T23:18:33.260,1.632,0.358,0.035
2025-12-08T23:18:33.270,1.646,0.435,0.049
2025-12-08T23:18:33.280,1.625,0.421,-0.062
2025-12-08T23:18:33.290,1.636,0.48,-0.018
2025-12-08T23:18:33.300,1.644,0.486,0.055
2025-12-08T23:18:33.310,1.644,0.455,0.046
2025-12-08T23:18:33.320,1.664,0.511,0.168
2025-12-08T23:18:33.330,1.661,0.495,0.168
2025-12-08T23:18:33.340,1.646,0.48,0.082
2025-12-08T23:18:33.350,1.646,0.559,0.18
2025-12-08T23:18:33.360,1.638,0.551,0.216
2025-12-08T23:18:33.370,1.63,0.567,0.298
2025-12-08T23:18:33.380,1.636,0.633,0.527
2025-12-08T23:18:33.390,1.626,0.59,0.567
2025-12-08T23:18:33.400,1.617,0.614,0.581
2025-12-08T23:18:33.410,1.64,0.667,0.635
2025-12-08T23:18:33.420,1.649,0.638,0.515
2025-12-08T23:18:33.430,1.65,0.695,0.532
2025-12-08T23:18:33.440,1.659,0.728,0.663
2025-12-08T23:18:33.450,1.642,0.69,0.698
2025-12-08T23:18:33.460,1.633,0.747,0.848
2025-12-08T23:18:33.470,1.632,0.762,0.933
2025-12-08T23:18:33.480,1.611,0.737,0.868
2025-12-08T23:18:33.490,1.605,0.786,0.892
2025-12-08T23:18:33.500,1.591,0.766,0.849
2025-12-08T23:18:33.510,1.552,0.749,0.778
2025-12-08T23:18:33.520,1.514,0.803,0.836
2025-12-08T23:18:33.530,1.45,0.781,0.81
2025-12-08T23:18:33.540,1.386,0.798,0.771
2025-12-08T23:18:33.550,1.341,0.856,0.819
2025-12-08T23:18:33.560,1.274,0.813,0.748
2025-12-08T23:18:33.570,1.204,0.825,0.716
2025-12-08T23:18:33.580,1.138,0.858,0.762
2025-12-08T23:18:33.590,1.063,0.815,0.674
2025-12-08T23:18:33.600,1.011,0.87,0.674
2025-12-08T23:18:33.610,0.958,0.924,0.699
2025-12-08T23:18:33.620,0.888,0.903,0.606
2025-12-08T23:18:33.630,0.837,0.962,0.669
2025-12-08T23:18:33.640,0.775,0.971,0.713
2025-12-08T23:18:33.650,0.707,0.937,0.66
2025-12-08T23:18:33.660,0.691,0.991,0.711
2025-12-08T23:18:33.670,0.679,0.965,0.635
2025-12-08T23:18:33.680,0.639,0.926,0.498
2025-12-08T23:18:33.690,0.603,0.956,0.521
2025-12-08T23:18:33.700,0.533,0.889,0.488
2025-12-08T23:18:33.710,0.452,0.847,0.48
2025-12-08T23:18:33.720,0.407,0.853,0.578
2025-12-08T23:18:33.730,0.343,0.779,0.517
2025-12-08T23:18:33.740,0.274,0.765,0.468
2025-12-08T23:18:33.750,0.216,0.787,0.505
2025-12-08T23:18:33.760,0.146,0.738,0.408
2025-12-08T23:18:33.770,0.093,0.751,0.385
2025-12-08T23:18:33.780,0.048,0.76,0.408
2025-12-08T23:18:33.790,-0.007,0.699,0.306
2025-12-08T23:18:33.800,-0.053,0.726,0.312
2025-12-08T23:18:33.810,-0.096,0.735,0.331
2025-12-08T23:18:33.820,-0.149,0.694,0.265
2025-12-08T23:18:33.830,-0.189,0.731,0.31
2025-12-08T23:18:33.840,-0.24,0.695,0.301
2025-12-08T23:18:33.850,-0.303,0.643,0.219
2025-12-08T23:18:33.860,-0.341,0.672,0.238
2025-12-08T23:18:33.870,-0.402,0.637,0.189
2025-12-08T23:18:33.880,-0.455,0.633,0.131
2025-12-08T23:18:33.890,-0.48,0.666,0.173
2025-12-08T23:18:33.900,-0.536,0.622,0.109
2025-12-08T23:18:33.910,-0.573,0.62,0.073
2025-12-08T23:18:33.920,-0.597,0.624,0.101
2025-12-08T23:18:33.930,-0.655,0.544,0.01
2025-12-08T23:18:33.940,-0.694,0.509,0.027
2025-12-08T23:18:33.950,-0.737,0.477,0.115
2025-12-08T23:18:33.960,-0.802,0.395,0.087
2025-12-08T23:18:33.970,-0.828,0.391,0.149
2025-12-08T23:18:33.980,-0.856,0.375,0.187
2025-12-08T23:18:33.990,-0.902,0.31,0.106
2025-12-08T23:18:34.000,-0.913,0.324,0.145
2025-12-08T23:18:34.010,-0.928,0.297,0.139
2025-12-08T23:18:34.020,-0.955,0.253,0.075
2025-12-08T23:18:34.030,-0.969,0.292,0.164
2025-12-08T23:18:34.040,-1.0,0.241,0.186
2025-12-08T23:18:34.050,-1.039,0.2,0.175
2025-12-08T23:18:34.060,-1.062,0.221,0.252
2025-12-08T23:18:34.070,-1.094,0.155,0.193
2025-12-08T23:18:34.080,-1.114,0.154,0.137
2025-12-08T23:18:34.090,-1.112,0.175,0.187
2025-12-08T23:18:34.100,-1.117,0.117,0.142
2025-12-08T23:18:34.110,-1.097,0.12,0.15
2025-12-08T23:18:34.120,-1.072,0.093,0.198
2025-12-08T23:18:34.130,-1.071,0.018,0.131
2025-12-08T23:18:34.140,-1.076,0.015,0.178
2025-12-08T23:18:34.150,-1.106,-0.022,0.249
2025-12-08T23:18:34.160,-1.152,-0.1,0.244
2025-12-08T23:18:34.170,-1.188,-0.095,0.332
2025-12-08T23:18:34.180,-1.228,-0.137,0.32
2025-12-08T23:18:34.190,-1.25,-0.197,0.228
2025-12-08T23:18:34.200,-1.251,-0.18,0.231
2025-12-08T23:18:34.210,-1.267,-0.241,0.168
2025-12-08T23:18:34.220,-1.273,-0.264,0.129
2025-12-08T23:18:34.230,-1.25,-0.235,0.199
2025-12-08T23:18:34.240,-1.236,-0.299,0.157
2025-12-08T23:18:34.250,-1.219,-0.292,0.161
2025-12-08T23:18:34.260,-1.193,-0.273,0.243
2025-12-08T23:18:34.270,-1.189,-0.338,0.181
2025-12-08T23:18:34.280,-1.175,-0.321,0.217
2025-12-08T23:18:34.290,-1.151,-0.309,0.275
2025-12-08T23:18:34.300,-1.155,-0.352,0.194
2025-12-08T23:18:34.310,-1.148,-0.313,0.237
2025-12-08T23:18:34.320,-1.141,-0.326,0.227
2025-12-08T23:18:34.330,-1.16,-0.391,0.101
2025-12-08T23:18:34.340,-1.158,-0.375,0.126
2025-12-08T23:18:34.350,-1.159,-0.428,0.108
2025-12-08T23:18:34.360,-1.173,-0.475,0.048
2025-12-08T23:18:34.370,-1.162,-0.435,0.129
2025-12-08T23:18:34.380,-1.156,-0.479,0.083
2025-12-08T23:18:34.390,-1.155,-0.495,-0.018
2025-12-08T23:18:34.400,-1.134,-0.449,0.002
2025-12-08T23:18:34.410,-1.116,-0.496,-0.08
2025-12-08T23:18:34.420,-1.1,-0.491,-0.07
2025-12-08T23:18:34.430,-1.084,-0.448,0.064
2025-12-08T23:18:34.440,-1.072,-0.505,0.046
2025-12-08T23:18:34.450,-1.061,-0.49,0.068
2025-12-08T23:18:34.460,-1.043,-0.486,0.082
2025-12-08T23:18:34.470,-1.038,-0.556,-0.05
2025-12-08T23:18:34.480,-1.038,-0.526,-0.076
2025-12-08T23:18:34.490,-1.033,-0.544,-0.098
2025-12-08T23:18:34.500,-1.034,-0.596,-0.179
2025-12-08T23:18:34.510,-1.025,-0.555,-0.109
2025-12-08T23:18:34.520,-1.02,-0.583,-0.095
2025-12-08T23:18:34.530,-1.025,-0.608,-0.14
2025-12-08T23:18:34.540,-1.006,-0.551,-0.059
2025-12-08T23:18:34.550,-0.997,-0.561,-0.073
2025-12-08T23:18:34.560,-0.99,-0.531,-0.08
2025-12-08T23:18:34.570,-0.958,-0.446,0.012
2025-12-08T23:18:34.580,-0.951,-0.451,-0.057
2025-12-08T23:18:34.590,-0.936,-0.405,-0.114
2025-12-08T23:18:34.600,-0.893,-0.343,-0.106
2025-12-08T23:18:34.610,-0.871,-0.375,-0.218
2025-12-08T23:18:34.620,-0.844,-0.341,-0.218
2025-12-08T23:18:34.630,-0.816,-0.327,-0.179
2025-12-08T23:18:34.640,-0.815,-0.378,-0.259
2025-12-08T23:18:34.650,-0.8,-0.338,-0.198
2025-12-08T23:18:34.660,-0.77,-0.337,-0.162
2025-12-08T23:18:34.670,-0.751,-0.377,-0.246
2025-12-08T23:18:34.680,-0.706,-0.312,-0.212
2025-12-08T23:18:34.690,-0.649,-0.307,-0.249
2025-12-08T23:18:34.700,-0.611,-0.309,-0.354
2025-12-08T23:18:34.710,-0.558,-0.216,-0.311
2025-12-08T23:18:34.720,-0.516,-0.212,-0.341
2025-12-08T23:18:34.730,-0.496,-0.195,-0.387
2025-12-08T23:18:34.740,-0.474,-0.133,-0.298
2025-12-08T23:18:34.750,-0.476,-0.166,-0.314
2025-12-08T23:18:34.760,-0.481,-0.154,-0.301
2025-12-08T23:18:34.770,-0.476,-0.126,-0.203
2025-12-08T23:18:34.780,-0.48,-0.172,-0.244
2025-12-08T23:18:34.790,-0.463,-0.162,-0.239
2025-12-08T23:18:34.800,-0.441,-0.147,-0.231
2025-12-08T23:18:34.810,-0.43,-0.192,-0.347
2025-12-08T23:18:34.820,-0.405,-0.15,-0.36
2025-12-08T23:18:34.830,-0.399,-0.12,-0.368
2025-12-08T23:18:34.840,-0.403,-0.14,-0.436
2025-12-08T23:18:34.850,-0.38,-0.075,-0.39
2025-12-08T23:18:34.860,-0.376,-0.078,-0.401
2025-12-08T23:18:34.870,-0.379,-0.091,-0.467
2025-12-08T23:18:34.880,-0.356,-0.025,-0.413
2025-12-08T23:18:34.890,-0.34,-0.059,-0.444
2025-12-08T23:18:34.900,-0.307,-0.07,-0.471
2025-12-08T23:18:34.910,-0.246,-0.035,-0.372
2025-12-08T23:18:34.920,-0.205,-0.083,-0.402
2025-12-08T23:18:34.930,-0.169,-0.082,-0.421
2025-12-08T23:18:34.940,-0.131,-0.064,-0.41
2025-12-08T23:18:34.950,-0.125,-0.121,-0.542
2025-12-08T23:18:34.960,-0.121,-0.105,-0.551
2025-12-08T23:18:34.970,-0.097,-0.097,-0.478
2025-12-08T23:18:34.980,-0.085,-0.158,-0.476
2025-12-08T23:18:34.990,-0.048,-0.126,-0.356
2025-12-08T23:18:35.000,0.007,-0.126,-0.273
2025-12-08T23:18:35.010,0.034,-0.171,-0.328
2025-12-08T23:18:35.020,0.075,-0.145,-0.283
2025-12-08T23:18:35.030,0.106,-0.193,-0.263
2025-12-08T23:18:35.040,0.114,-0.243,-0.297
2025-12-08T23:18:35.050,0.13,-0.222,-0.215
2025-12-08T23:18:35.060,0.121,-0.274,-0.233
2025-12-08T23:18:35.070,0.118,-0.294,-0.316
2025-12-08T23:18:35.080,0.132,-0.248,-0.329
2025-12-08T23:18:35.090,0.149,-0.268,-0.441
2025-12-08T23:18:35.100,0.185,-0.244,-0.491
2025-12-08T23:18:35.110,0.218,-0.202,-0.434
2025-12-08T23:18:35.120,0.237,-0.249,-0.462
2025-12-08T23:18:35.130,0.279,-0.224,-0.419
2025-12-08T23:18:35.140,0.325,-0.199,-0.36
2025-12-08T23:18:35.150,0.338,-0.242,-0.423
2025-12-08T23:18:35.160,0.369,-0.209,-0.428
2025-12-08T23:18:35.170,0.389,-0.23,-0.429
2025-12-08T23:18:35.180,0.377,-0.287,-0.477
2025-12-08T23:18:35.190,0.407,-0.252,-0.424
2025-12-08T23:18:35.200,0.44,-0.274,-0.444
2025-12-08T23:18:35.210,0.475,-0.293,-0.542
2025-12-08T23:18:35.220,0.539,-0.248,-0.522
2025-12-08T23:18:35.230,0.572,-0.291,-0.544
2025-12-08T23:18:35.240,0.594,-0.304,-0.528
2025-12-08T23:18:35.250,0.635,-0.258,-0.406
2025-12-08T23:18:35.260,0.657,-0.287,-0.432
2025-12-08T23:18:35.270,0.68,-0.257,-0.441
2025-12-08T23:18:35.280,0.731,-0.223,-0.375
2025-12-08T23:18:35.290,0.762,-0.272,-0.418
2025-12-08T23:18:35.300,0.79,-0.238,-0.389
2025-12-08T23:18:35.310,0.844,-0.229,-0.344
2025-12-08T23:18:35.320,0.873,-0.294,-0.411
2025-12-08T23:18:35.330,0.893,-0.279,-0.36
2025-12-08T23:18:35.340,0.9,-0.305,-0.296
2025-12-08T23:18:35.350,0.886,-0.359,-0.334
2025-12-08T23:18:35.360,0.887,-0.316,-0.266
2025-12-08T23:18:35.370,0.872,-0.32,-0.239
2025-12-08T23:18:35.380,0.864,-0.325,-0.289
2025-12-08T23:18:35.390,0.879,-0.25,-0.241
2025-12-08T23:18:35.400,0.884,-0.259,-0.282
2025-12-08T23:18:35.410,0.893,-0.26,-0.316
2025-12-08T23:18:35.420,0.905,-0.207,-0.193
2025-12-08T23:18:35.430,0.905,-0.235,-0.158
2025-12-08T23:18:35.440,0.927,-0.194,-0.116
2025-12-08T23:18:35.450,0.959,-0.117,-0.067
2025-12-08T23:18:35.460,0.955,-0.124,-0.18
2025-12-08T23:18:35.470,0.942,-0.076,-0.195
2025-12-08T23:18:35.480,0.912,-0.069,-0.127
2025-12-08T23:18:35.490,0.857,-0.129,-0.112
2025-12-08T23:18:35.500,0.841,-0.095,0.006
2025-12-08T23:18:35.510,0.839,-0.103,0.039
2025-12-08T23:18:35.520,0.831,-0.146,-0.07
2025-12-08T23:18:35.530,0.856,-0.091,-0.075
2025-12-08T23:18:35.540,0.884,-0.096,-0.106
2025-12-08T23:18:35.550,0.903,-0.107,-0.111
2025-12-08T23:18:35.560,0.935,-0.032,0.082
2025-12-08T23:18:35.570,0.946,-0.046,0.183
2025-12-08T23:18:35.580,0.941,-0.028,0.221
2025-12-08T23:18:35.590,0.964,0.039,0.325
2025-12-08T23:18:35.600,0.983,0.005,0.261
2025-12-08T23:18:35.610,0.981,0.039,0.257
2025-12-08T23:18:35.620,0.992,0.081,0.378
2025-12-08T23:18:35.630,0.99,0.029,0.335
2025-12-08T23:18:35.640,0.975,0.059,0.367
2025-12-08T23:18:35.650,0.975,0.077,0.407
2025-12-08T23:18:35.660,0.962,0.023,0.287
2025-12-08T23:18:35.670,0.948,0.061,0.301
2025-12-08T23:18:35.680,0.941,0.061,0.312
2025-12-08T23:18:35.690,0.911,0.011,0.252
2025-12-08T23:18:35.700,0.877,0.065,0.353
2025-12-08T23:18:35.710,0.856,0.053,0.387
2025-12-08T23:18:35.720,0.851,0.021,0.335
2025-12-08T23:18:35.730,0.854,0.081,0.423
2025-12-08T23:18:35.740,0.855,0.056,0.422
2025-12-08T23:18:35.750,0.863,0.059,0.385
2025-12-08T23:18:35.760,0.874,0.118,0.453
2025-12-08T23:18:35.770,0.87,0.085,0.358
2025-12-08T23:18:35.780,0.872,0.096,0.302
2025-12-08T23:18:35.790,0.871,0.127,0.369
2025-12-08T23:18:35.800,0.832,0.081,0.295
2025-12-08T23:18:35.810,0.81,0.107,0.298
2025-12-08T23:18:35.820,0.801,0.134,0.308
2025-12-08T23:18:35.830,0.77,0.087,0.194
2025-12-08T23:18:35.840,0.763,0.124,0.247
2025-12-08T23:18:35.850,0.757,0.128,0.313
2025-12-08T23:18:35.860,0.741,0.078,0.281
2025-12-08T23:18:35.870,0.761,0.109,0.35
2025-12-08T23:18:35.880,0.776,0.066,0.329
2025-12-08T23:18:35.890,0.77,0.023,0.243
2025-12-08T23:18:35.900,0.779,0.057,0.301
2025-12-08T23:18:35.910,0.776,-0.007,0.255
2025-12-08T23:18:35.920,0.754,-0.055,0.206
2025-12-08T23:18:35.930,0.744,-0.046,0.305
2025-12-08T23:18:35.940,0.722,-0.118,0.268
2025-12-08T23:18:35.950,0.687,-0.125,0.255
2025-12-08T23:18:35.960,0.661,-0.082,0.32
2025-12-08T23:18:35.970,0.61,-0.108,0.242
2025-12-08T23:18:35.980,0.538,-0.046,0.258
2025-12-08T23:18:35.990,0.465,0.008,0.311
2025-12-08T23:18:36.000,0.378,-0.018,0.217
2025-12-08T23:18:36.010,0.298,0.045,0.226
2025-12-08T23:18:36.020,0.227,0.05,0.216
2025-12-08T23:18:36.030,0.15,0.004,0.113
2025-12-08T23:18:36.040,0.102,0.039,0.141
2025-12-08T23:18:36.050,0.064,0.004,0.082
2025-12-08T23:18:36.060,0.034,-0.032,-0.053
2025-12-08T23:18:36.070,0.014,0.003,-0.052
2025-12-08T23:18:36.080,-0.052,-0.041,-0.133
2025-12-08T23:18:36.090,-0.124,-0.063,-0.189
2025-12-08T23:18:36.100,-0.168,-0.029,-0.099
2025-12-08T23:18:36.110,-0.219,-0.078,-0.143
2025-12-08T23:18:36.120,-0.249,-0.075,-0.165
2025-12-08T23:18:36.130,-0.264,-0.034,-0.133
2025-12-08T23:18:36.140,-0.288,-0.076,-0.278
2025-12-08T23:18:36.150,-0.288,-0.048,-0.337
2025-12-08T23:18:36.160,-0.289,-0.026,-0.324
2025-12-08T23:18:36.170,-0.319,-0.08,-0.418
2025-12-08T23:18:36.180,-0.331,-0.05,-0.362
2025-12-08T23:18:36.190,-0.333,-0.056,-0.31
2025-12-08T23:18:36.200,-0.349,-0.11,-0.382
2025-12-08T23:18:36.210,-0.349,-0.07,-0.31
2025-12-08T23:18:36.220,-0.356,-0.093,-0.279
2025-12-08T23:18:36.230,-0.378,-0.132,-0.31
2025-12-08T23:18:36.240,-0.373,-0.08,-0.207
2025-12-08T23:18:36.250,-0.37,-0.107,-0.227
2025-12-08T23:18:36.260,-0.37,-0.113,-0.308
2025-12-08T23:18:36.270,-0.363,-0.06,-0.289
2025-12-08T23:18:36.280,-0.378,-0.096,-0.387
2025-12-08T23:18:36.290,-0.394,-0.077,-0.44
2025-12-08T23:18:36.300,-0.406,-0.038,-0.391
2025-12-08T23:18:36.310,-0.437,-0.081,-0.482
2025-12-08T23:18:36.320,-0.462,-0.048,-0.517
2025-12-08T23:18:36.330,-0.485,-0.03,-0.516
2025-12-08T23:18:36.340,-0.513,-0.057,-0.636
2025-12-08T23:18:36.350,-0.526,0.014,-0.634
2025-12-08T23:18:36.360,-0.542,0.054,-0.633
2025-12-08T23:18:36.370,-0.564,0.055,-0.723
2025-12-08T23:18:36.380,-0.564,0.132,-0.692
2025-12-08T23:18:36.390,-0.579,0.14,-0.728
2025-12-08T23:18:36.400,-0.608,0.114,-0.813
2025-12-08T23:18:36.410,-0.612,0.158,-0.767
2025-12-08T23:18:36.420,-0.627,0.127,-0.802
2025-12-08T23:18:36.430,-0.626,0.115,-0.84
2025-12-08T23:18:36.440,-0.595,0.158,-0.784
2025-12-08T23:18:36.450,-0.603,0.109,-0.838
2025-12-08T23:18:36.460,-0.607,0.127,-0.833
2025-12-08T23:18:36.470,-0.578,0.183,-0.767
2025-12-08T23:18:36.480,-0.569,0.151,-0.85
2025-12-08T23:18:36.490,-0.551,0.189,-0.824
2025-12-08T23:18:36.500,-0.523,0.215,-0.752
2025-12-08T23:18:36.510,-0.526,0.169,-0.815
2025-12-08T23:18:36.520,-0.518,0.206,-0.765
2025-12-08T23:18:36.530,-0.512,0.203,-0.756
2025-12-08T23:18:36.540,-0.531,0.148,-0.868
2025-12-08T23:18:36.550,-0.524,0.168,-0.828
2025-12-08T23:18:36.560,-0.507,0.121,-0.817
2025-12-08T23:18:36.570,-0.499,0.066,-0.838
2025-12-08T23:18:36.580,-0.476,0.089,-0.712
2025-12-08T23:18:36.590,-0.468,0.03,-0.713
2025-12-08T23:18:36.600,-0.467,0.011,-0.776
2025-12-08T23:18:36.610,-0.456,0.083,-0.738
2025-12-08T23:18:36.620,-0.462,0.078,-0.813
2025-12-08T23:18:36.630,-0.456,0.12,-0.838
2025-12-08T23:18:36.640,-0.441,0.18,-0.75
2025-12-08T23:18:36.650,-0.443,0.146,-0.77
2025-12-08T23:18:36.660,-0.429,0.171,-0.694
2025-12-08T23:18:36.670,-0.398,0.166,-0.601
2025-12-08T23:18:36.680,-0.373,0.081,-0.66
2025-12-08T23:18:36.690,-0.335,0.078,-0.588
2025-12-08T23:18:36.700,-0.316,0.04,-0.544
2025-12-08T23:18:36.710,-0.328,-0.033,-0.623
2025-12-08T23:18:36.720,-0.32,-0.027,-0.575
2025-12-08T23:18:36.730,-0.339,-0.076,-0.596
2025-12-08T23:18:36.740,-0.387,-0.125,-0.631
2025-12-08T23:18:36.750,-0.395,-0.095,-0.507
2025-12-08T23:18:36.760,-0.41,-0.127,-0.487
2025-12-08T23:18:36.770,-0.411,-0.119,-0.48
2025-12-08T23:18:36.780,-0.372,-0.043,-0.384
2025-12-08T23:18:36.790,-0.347,-0.07,-0.437
2025-12-08T23:18:36.800,-0.31,-0.046,-0.41
2025-12-08T23:18:36.810,-0.268,0.008,-0.223
2025-12-08T23:18:36.820,-0.258,-0.062,-0.144
2025-12-08T23:18:36.830,-0.263,-0.052,0.041
2025-12-08T23:18:36.840,-0.263,-0.035,0.226
2025-12-08T23:18:36.850,-0.271,-0.109,0.156
2025-12-08T23:18:36.860,-0.287,-0.059,0.165
2025-12-08T23:18:36.870,-0.305,-0.063,0.189
2025-12-08T23:18:36.880,-0.353,-0.117,0.125
2025-12-08T23:18:36.890,-0.409,-0.032,0.261
2025-12-08T23:18:36.900,-0.444,-0.046,0.35
2025-12-08T23:18:36.910,-0.491,-0.077,0.276
2025-12-08T23:18:36.920,-0.534,-0.001,0.356
2025-12-08T23:18:36.930,-0.548,-0.035,0.36
2025-12-08T23:18:36.940,-0.556,-0.026,0.293
2025-12-08T23:18:36.950,-0.554,0.073,0.416
2025-12-08T23:18:36.960,-0.523,0.046,0.428
2025-12-08T23:18:36.970,-0.485,0.075,0.44
2025-12-08T23:18:36.980,-0.453,0.136,0.606
2025-12-08T23:18:36.990,-0.412,0.07,0.603
2025-12-08T23:18:37.000,-0.395,0.119,0.655
2025-12-08T23:18:37.010,-0.417,0.165,0.804
2025-12-08T23:18:37.020,-0.448,0.104,0.767
2025-12-08T23:18:37.030,-0.481,0.155,0.829
2025-12-08T23:18:37.040,-0.522,0.155,0.899
2025-12-08T23:18:37.050,-0.557,0.103,0.801
2025-12-08T23:18:37.060,-0.553,0.139,0.854
2025-12-08T23:18:37.070,-0.541,0.102,0.895
2025-12-08T23:18:37.080,-0.532,0.063,0.867
2025-12-08T23:18:37.090,-0.493,0.096,1.001
2025-12-08T23:18:37.100,-0.477,0.036,1.026
2025-12-08T23:18:37.110,-0.476,0.006,1.017
2025-12-08T23:18:37.120,-0.464,0.061,1.175
2025-12-08T23:18:37.130,-0.482,0.051,1.17
2025-12-08T23:18:37.140,-0.496,0.107,1.138
2025-12-08T23:18:37.150,-0.485,0.202,1.158
2025-12-08T23:18:37.160,-0.495,0.195,0.977
2025-12-08T23:18:37.170,-0.491,0.229,0.908
2025-12-08T23:18:37.180,-0.474,0.243,0.961
2025-12-08T23:18:37.190,-0.482,0.169,0.939
2025-12-08T23:18:37.200,-0.489,0.173,1.068
2025-12-08T23:18:37.210,-0.501,0.153,1.128
2025-12-08T23:18:37.220,-0.525,0.091,1.003
2025-12-08T23:18:37.230,-0.536,0.144,1.009
2025-12-08T23:18:37.240,-0.552,0.153,0.977
2025-12-08T23:18:37.250,-0.574,0.152,0.891
2025-12-08T23:18:37.260,-0.566,0.248,0.938
2025-12-08T23:18:37.270,-0.552,0.268,0.859
2025-12-08T23:18:37.280,-0.538,0.307,0.758
2025-12-08T23:18:37.290,-0.518,0.392,0.819
2025-12-08T23:18:37.300,-0.518,0.346,0.76
2025-12-08T23:18:37.310,-0.539,0.345,0.767
2025-12-08T23:18:37.320,-0.571,0.37,0.907
2025-12-08T23:18:37.330,-0.594,0.282,0.831
2025-12-08T23:18:37.340,-0.618,0.302,0.779
2025-12-08T23:18:37.350,-0.632,0.305,0.772
2025-12-08T23:18:37.360,-0.625,0.21,0.59
2025-12-08T23:18:37.370,-0.624,0.271,0.557
2025-12-08T23:18:37.380,-0.594,0.259,0.551
2025-12-08T23:18:37.390,-0.548,0.201,0.413
2025-12-08T23:18:37.400,-0.517,0.312,0.488
2025-12-08T23:18:37.410,-0.464,0.311,0.514
2025-12-08T23:18:37.420,-0.412,0.305,0.407
2025-12-08T23:18:37.430,-0.378,0.407,0.517
2025-12-08T23:18:37.440,-0.348,0.381,0.524
2025-12-08T23:18:37.450,-0.345,0.398,0.454
2025-12-08T23:18:37.460,-0.334,0.47,0.552
2025-12-08T23:18:37.470,-0.32,0.423,0.445
2025-12-08T23:18:37.480,-0.325,0.43,0.315
2025-12-08T23:18:37.490,-0.306,0.432,0.317
2025-12-08T23:18:37.500,-0.296,0.33,0.129
2025-12-08T23:18:37.510,-0.286,0.312,0.054
2025-12-08T23:18:37.520,-0.264,0.309,0.098
2025-12-08T23:18:37.530,-0.266,0.262,-0.025
2025-12-08T23:18:37.540,-0.255,0.304,-0.008
2025-12-08T23:18:37.550,-0.238,0.334,0.026
2025-12-08T23:18:37.560,-0.23,0.337,-0.093
2025-12-08T23:18:37.570,-0.195,0.416,-0.083
2025-12-08T23:18:37.580,-0.144,0.423,-0.147
2025-12-08T23:18:37.590,-0.091,0.394,-0.251
2025-12-08T23:18:37.600,-0.036,0.443,-0.157
2025-12-08T23:18:37.610,-0.012,0.403,-0.168
2025-12-08T23:18:37.620,-0.005,0.364,-0.184
2025-12-08T23:18:37.630,-0.002,0.388,-0.088
2025-12-08T23:18:37.640,-0.026,0.311,-0.148
2025-12-08T23:18:37.650,-0.045,0.271,-0.173
2025-12-08T23:18:37.660,-0.052,0.279,-0.145
2025-12-08T23:18:37.670,-0.07,0.218,-0.304
2025-12-08T23:18:37.680,-0.056,0.237,-0.388
2025-12-08T23:18:37.690,-0.027,0.253,-0.417
2025-12-08T23:18:37.700,-0.01,0.182,-0.539
2025-12-08T23:18:37.710,0.039,0.194,-0.465
2025-12-08T23:18:37.720,0.086,0.186,-0.355
2025-12-08T23:18:37.730,0.117,0.116,-0.364
2025-12-08T23:18:37.740,0.166,0.132,-0.239
2025-12-08T23:18:37.750,0.189,0.114,-0.211
2025-12-08T23:18:37.760,0.198,0.091,-0.314
2025-12-08T23:18:37.770,0.233,0.163,-0.326
2025-12-08T23:18:37.780,0.244,0.153,-0.467
2025-12-08T23:18:37.790,0.237,0.129,-0.596
2025-12-08T23:18:37.800,0.24,0.171,-0.532
2025-12-08T23:18:37.810,0.229,0.123,-0.545
2025-12-08T23:18:37.820,0.22,0.109,-0.522
2025-12-08T23:18:37.830,0.214,0.142,-0.426
2025-12-08T23:18:37.840,0.198,0.074,-0.485
2025-12-08T23:18:37.850,0.192,0.075,-0.504
2025-12-08T23:18:37.860,0.197,0.085,-0.478
2025-12-08T23:18:37.870,0.216,0.003,-0.554
2025-12-08T23:18:37.880,0.227,0.037,-0.516
2025-12-08T23:18:37.890,0.232,0.026,-0.456
2025-12-08T23:18:37.900,0.241,-0.054,-0.507
2025-12-08T23:18:37.910,0.239,-0.029,-0.446
2025-12-08T23:18:37.920,0.223,-0.098,-0.438
2025-12-08T23:18:37.930,0.183,-0.178,-0.523
2025-12-08T23:18:37.940,0.154,-0.176,-0.475
2025-12-08T23:18:37.950,0.123,-0.259,-0.515
2025-12-08T23:18:37.960,0.086,-0.291,-0.58
2025-12-08T23:18:37.970,0.087,-0.262,-0.53
2025-12-08T23:18:37.980,0.071,-0.311,-0.609
2025-12-08T23:18:37.990,0.069,-0.3,-0.638
2025-12-08T23:18:38.000,0.105,-0.273,-0.568
2025-12-08T23:18:38.010,0.127,-0.325,-0.642
2025-12-08T23:18:38.020,0.174,-0.304,-0.614
2025-12-08T23:18:38.030,0.224,-0.3,-0.522
2025-12-08T23:18:38.040,0.238,-0.359,-0.565
2025-12-08T23:18:38.050,0.261,-0.334,-0.467
2025-12-08T23:18:38.060,0.28,-0.336,-0.405
2025-12-08T23:18:38.070,0.271,-0.387,-0.485
2025-12-08T23:18:38.080,0.274,-0.352,-0.42
2025-12-08T23:18:38.090,0.275,-0.364,-0.444
2025-12-08T23:18:38.100,0.262,-0.398,-0.54
2025-12-08T23:18:38.110,0.275,-0.352,-0.481
2025-12-08T23:18:38.120,0.278,-0.412,-0.502
2025-12-08T23:18:38.130,0.279,-0.475,-0.511
2025-12-08T23:18:38.140,0.31,-0.467,-0.377
2025-12-08T23:18:38.150,0.346,-0.543,-0.373
2025-12-08T23:18:38.160,0.393,-0.544,-0.386
2025-12-08T23:18:38.170,0.453,-0.503,-0.34
2025-12-08T23:18:38.180,0.504,-0.55,-0.443
2025-12-08T23:18:38.190,0.565,-0.533,-0.441
2025-12-08T23:18:38.200,0.617,-0.507,-0.343
2025-12-08T23:18:38.210,0.647,-0.551,-0.37
2025-12-08T23:18:38.220,0.687,-0.518,-0.294
2025-12-08T23:18:38.230,0.708,-0.502,-0.256
2025-12-08T23:18:38.240,0.718,-0.548,-0.35
2025-12-08T23:18:38.250,0.74,-0.5,-0.332
2025-12-08T23:18:38.260,0.754,-0.507,-0.359
2025-12-08T23:18:38.270,0.769,-0.533,-0.398
2025-12-08T23:18:38.280,0.81,-0.475,-0.283
2025-12-08T23:18:38.290,0.848,-0.502,-0.279
2025-12-08T23:18:38.300,0.86,-0.472,-0.291
2025-12-08T23:18:38.310,0.889,-0.393,-0.196
2025-12-08T23:18:38.320,0.895,-0.427,-0.257
2025-12-08T23:18:38.330,0.871,-0.397,-0.242
2025-12-08T23:18:38.340,0.869,-0.369,-0.136
2025-12-08T23:18:38.350,0.837,-0.424,-0.219
2025-12-08T23:18:38.360,0.806,-0.39,-0.216
2025-12-08T23:18:38.370,0.81,-0.37,-0.227
2025-12-08T23:18:38.380,0.783,-0.391,-0.401
2025-12-08T23:18:38.390,0.768,-0.311,-0.405
2025-12-08T23:18:38.400,0.772,-0.293,-0.389
2025-12-08T23:18:38.410,0.75,-0.312,-0.43
2025-12-08T23:18:38.420,0.746,-0.234,-0.28
2025-12-08T23:18:38.430,0.753,-0.227,-0.207
2025-12-08T23:18:38.440,0.747,-0.205,-0.243
2025-12-08T23:18:38.450,0.759,-0.093,-0.133
2025-12-08T23:18:38.460,0.777,-0.075,-0.132
2025-12-08T23:18:38.470,0.776,-0.036,-0.136
2025-12-08T23:18:38.480,0.763,0.054,0.002
2025-12-08T23:18:38.490,0.748,0.034,-0.039
2025-12-08T23:18:38.500,0.724,0.062,-0.058
2025-12-08T23:18:38.510,0.699,0.125,0.01
2025-12-08T23:18:38.520,0.669,0.08,-0.09
2025-12-08T23:18:38.530,0.642,0.103,-0.11
2025-12-08T23:18:38.540,0.628,0.128,-0.108
2025-12-08T23:18:38.550,0.599,0.077,-0.232
2025-12-08T23:18:38.560,0.587,0.125,-0.214
2025-12-08T23:18:38.570,0.567,0.137,-0.183
2025-12-08T23:18:38.580,0.533,0.111,-0.221
2025-12-08T23:18:38.590,0.537,0.176,-0.132
2025-12-08T23:18:38.600,0.532,0.177,-0.121
2025-12-08T23:18:38.610,0.528,0.177,-0.189
2025-12-08T23:18:38.620,0.551,0.256,-0.129
2025-12-08T23:18:38.630,0.546,0.258,-0.145
2025-12-08T23:18:38.640,0.548,0.273,-0.161
2025-12-08T23:18:38.650,0.564,0.334,-0.064
2025-12-08T23:18:38.660,0.543,0.294,-0.114
2025-12-08T23:18:38.670,0.512,0.285,-0.123
2025-12-08T23:18:38.680,0.475,0.318,-0.015
2025-12-08T23:18:38.690,0.428,0.262,-0.035
2025-12-08T23:18:38.700,0.4,0.291,0.022
2025-12-08T23:18:38.710,0.386,0.345,0.083
2025-12-08T23:18:38.720,0.367,0.326,-0.018
2025-12-08T23:18:38.730,0.36,0.423,0.007
2025-12-08T23:18:38.740,0.367,0.469,0.059
2025-12-08T23:18:38.750,0.35,0.455,0.034
2025-12-08T23:18:38.760,0.334,0.532,0.145
2025-12-08T23:18:38.770,0.326,0.512,0.177
2025-12-08T23:18:38.780,0.303,0.488,0.107
2025-12-08T23:18:38.790,0.306,0.534,0.178
2025-12-08T23:18:38.800,0.305,0.494,0.164
2025-12-08T23:18:38.810,0.293,0.486,0.148
2025-12-08T23:18:38.820,0.29,0.524,0.264
2025-12-08T23:18:38.830,0.272,0.491,0.243
2025-12-08T23:18:38.840,0.255,0.51,0.239
2025-12-08T23:18:38.850,0.232,0.562,0.305
2025-12-08T23:18:38.860,0.197,0.523,0.25
2025-12-08T23:18:38.870,0.175,0.555,0.276
2025-12-08T23:18:38.880,0.158,0.597,0.327
2025-12-08T23:18:38.890,0.143,0.555,0.252
2025-12-08T23:18:38.900,0.144,0.615,0.308
2025-12-08T23:18:38.910,0.134,0.641,0.408
2025-12-08T23:18:38.920,0.113,0.612,0.444
2025-12-08T23:18:38.930,0.115,0.676,0.608
2025-12-08T23:18:38.940,0.104,0.659,0.667
2025-12-08T23:18:38.950,0.084,0.631,0.61
2025-12-08T23:18:38.960,0.087,0.688,0.651
2025-12-08T23:18:38.970,0.057,0.659,0.564
2025-12-08T23:18:38.980,0.003,0.655,0.495
2025-12-08T23:18:38.990,-0.026,0.692,0.577
2025-12-08T23:18:39.000,-0.071,0.622,0.53
2025-12-08T23:18:39.010,-0.116,0.603,0.537
2025-12-08T23:18:39.020,-0.109,0.618,0.622
2025-12-08T23:18:39.030,-0.095,0.568,0.538
2025-12-08T23:18:39.040,-0.067,0.61,0.53
2025-12-08T23:18:39.050,-0.015,0.642,0.557
2025-12-08T23:18:39.060,0.015,0.601,0.456
2025-12-08T23:18:39.070,0.034,0.646,0.523
2025-12-08T23:18:39.080,0.048,0.651,0.617
2025-12-08T23:18:39.090,0.031,0.616,0.595
2025-12-08T23:18:39.100,0.018,0.679,0.689
2025-12-08T23:18:39.110,0.007,0.67,0.683
2025-12-08T23:18:39.120,-0.023,0.628,0.586
2025-12-08T23:18:39.130,-0.046,0.656,0.629
2025-12-08T23:18:39.140,-0.068,0.583,0.583
2025-12-08T23:18:39.150,-0.084,0.531,0.525
2025-12-08T23:18:39.160,-0.079,0.532,0.584
2025-12-08T23:18:39.170,-0.078,0.439,0.503
2025-12-08T23:18:39.180,-0.077,0.419,0.444
2025-12-08T23:18:39.190,-0.074,0.43,0.459
2025-12-08T23:18:39.200,-0.095,0.366,0.356
2025-12-08T23:18:39.210,-0.115,0.397,0.383
2025-12-08T23:18:39.220,-0.125,0.435,0.455
2025-12-08T23:18:39.230,-0.149,0.408,0.386
2025-12-08T23:18:39.240,-0.15,0.474,0.425
2025-12-08T23:18:39.250,-0.147,0.501,0.421
2025-12-08T23:18:39.260,-0.169,0.464,0.312
2025-12-08T23:18:39.270,-0.171,0.517,0.361
2025-12-08T23:18:39.280,-0.192,0.485,0.348
2025-12-08T23:18:39.290,-0.231,0.427,0.269
2025-12-08T23:18:39.300,-0.232,0.455,0.344
2025-12-08T23:18:39.310,-0.231,0.394,0.284
2025-12-08T23:18:39.320,-0.234,0.377,0.181
2025-12-08T23:18:39.330,-0.209,0.425,0.203
2025-12-08T23:18:39.340,-0.189,0.37,0.075
2025-12-08T23:18:39.350,-0.177,0.37,0.036
2025-12-08T23:18:39.360,-0.152,0.407,0.158
2025-12-08T23:18:39.370,-0.143,0.367,0.143
2025-12-08T23:18:39.380,-0.131,0.408,0.196
2025-12-08T23:18:39.390,-0.113,0.444,0.254
2025-12-08T23:18:39.400,-0.114,0.392,0.137
2025-12-08T23:18:39.410,-0.111,0.423,0.126
2025-12-08T23:18:39.420,-0.105,0.408,0.129
2025-12-08T23:18:39.430,-0.097,0.344,0.039
2025-12-08T23:18:39.440,-0.082,0.375,0.103
2025-12-08T23:18:39.450,-0.075,0.325,0.12
2025-12-08T23:18:39.460,-0.074,0.265,0.034
2025-12-08T23:18:39.470,-0.065,0.285,0.064
2025-12-08T23:18:39.480,-0.059,0.224,-0.015
2025-12-08T23:18:39.490,-0.051,0.195,-0.071
2025-12-08T23:18:39.500,-0.034,0.222,0.065
2025-12-08T23:18:39.510,-0.034,0.165,0.082
2025-12-08T23:18:39.520,-0.025,0.16,0.101
2025-12-08T23:18:39.530,-0.01,0.181,0.112
2025-12-08T23:18:39.540,-0.02,0.107,-0.068
2025-12-08T23:18:39.550,-0.017,0.093,-0.105
2025-12-08T23:18:39.560,-0.027,0.089,-0.036
2025-12-08T23:18:39.570,-0.06,0.01,-0.054
2025-12-08T23:18:39.580,-0.057,0.02,0.018
2025-12-08T23:18:39.590,-0.073,0.024,-0.006
2025-12-08T23:18:39.600,-0.118,-0.013,-0.185
2025-12-08T23:18:39.610,-0.151,0.036,-0.204
2025-12-08T23:18:39.620,-0.197,0.005,-0.222
2025-12-08T23:18:39.630,-0.246,-0.069,-0.244
2025-12-08T23:18:39.640,-0.273,-0.061,-0.104
2025-12-08T23:18:39.650,-0.289,-0.137,-0.124
2025-12-08T23:18:39.660,-0.301,-0.194,-0.213
2025-12-08T23:18:39.670,-0.293,-0.174,-0.175
2025-12-08T23:18:39.680,-0.284,-0.255,-0.243
2025-12-08T23:18:39.690,-0.29,-0.28,-0.232
2025-12-08T23:18:39.700,-0.282,-0.268,-0.11
2025-12-08T23:18:39.710,-0.278,-0.36,-0.148
2025-12-08T23:18:39.720,-0.286,-0.359,-0.131
2025-12-08T23:18:39.730,-0.299,-0.36,-0.061
2025-12-08T23:18:39.740,-0.337,-0.439,-0.113
2025-12-08T23:18:39.750,-0.374,-0.406,-0.043
2025-12-08T23:18:39.760,-0.416,-0.426,0.043
2025-12-08T23:18:39.770,-0.463,-0.49,0.004
2025-12-08T23:18:39.780,-0.48,-0.456,0.078
2025-12-08T23:18:39.790,-0.498,-0.492,0.09
2025-12-08T23:18:39.800,-0.507,-0.542,0.007
2025-12-08T23:18:39.810,-0.484,-0.521,0.055
2025-12-08T23:18:39.820,-0.478,-0.574,0.028
2025-12-08T23:18:39.830,-0.471,-0.615,0.006
2025-12-08T23:18:39.840,-0.461,-0.594,0.109
2025-12-08T23:18:39.850,-0.482,-0.656,0.078
2025-12-08T23:18:39.860,-0.496,-0.667,0.065
2025-12-08T23:18:39.870,-0.502,-0.623,0.12
2025-12-08T23:18:39.880,-0.533,-0.663,0.073
2025-12-08T23:18:39.890,-0.568,-0.615,0.141
2025-12-08T23:18:39.900,-0.589,-0.574,0.234
2025-12-08T23:18:39.910,-0.624,-0.621,0.164
2025-12-08T23:18:39.920,-0.637,-0.588,0.178
2025-12-08T23:18:39.930,-0.632,-0.602,0.2
2025-12-08T23:18:39.940,-0.652,-0.648,0.155
2025-12-08T23:18:39.950,-0.638,-0.602,0.25
2025-12-08T23:18:39.960,-0.624,-0.618,0.275
2025-12-08T23:18:39.970,-0.641,-0.646,0.206
2025-12-08T23:18:39.980,-0.635,-0.611,0.256
2025-12-08T23:18:39.990,-0.642,-0.655,0.222
2025-12-08T23:18:40.000,-0.649,-0.677,0.192
2025-12-08T23:18:40.010,-0.637,-0.629,0.288
2025-12-08T23:18:40.020,-0.636,-0.664,0.245
2025-12-08T23:18:40.030,-0.632,-0.662,0.216
2025-12-08T23:18:40.040,-0.627,-0.633,0.266
2025-12-08T23:18:40.050,-0.626,-0.692,0.182
2025-12-08T23:18:40.060,-0.62,-0.687,0.177
2025-12-08T23:18:40.070,-0.598,-0.682,0.238
2025-12-08T23:18:40.080,-0.58,-0.738,0.183
2025-12-08T23:18:40.090,-0.573,-0.714,0.222
2025-12-08T23:18:40.100,-0.556,-0.721,0.241
2025-12-08T23:18:40.110,-0.543,-0.765,0.14
2025-12-08T23:18:40.120,-0.528,-0.721,0.161
2025-12-08T23:18:40.130,-0.512,-0.723,0.169
2025-12-08T23:18:40.140,-0.506,-0.749,0.145
2025-12-08T23:18:40.150,-0.498,-0.709,0.248
2025-12-08T23:18:40.160,-0.488,-0.73,0.268
2025-12-08T23:18:40.170,-0.483,-0.755,0.249
2025-12-08T23:18:40.180,-0.467,-0.74,0.33
2025-12-08T23:18:40.190,-0.445,-0.799,0.329
2025-12-08T23:18:40.200,-0.438,-0.82,0.339
2025-12-08T23:18:40.210,-0.425,-0.783,0.41
2025-12-08T23:18:40.220,-0.414,-0.798,0.332
2025-12-08T23:18:40.230,-0.423,-0.755,0.265
2025-12-08T23:18:40.240,-0.408,-0.685,0.265
2025-12-08T23:18:40.250,-0.385,-0.673,0.187
2025-12-08T23:18:40.260,-0.37,-0.62,0.222
2025-12-08T23:18:40.270,-0.331,-0.581,0.337
2025-12-08T23:18:40.280,-0.308,-0.592,0.352
2025-12-08T23:18:40.290,-0.295,-0.576,0.403
2025-12-08T23:18:40.300,-0.255,-0.578,0.433
2025-12-08T23:18:40.310,-0.25,-0.603,0.362
2025-12-08T23:18:40.320,-0.268,-0.601,0.368
2025-12-08T23:18:40.330,-0.261,-0.602,0.366
2025-12-08T23:18:40.340,-0.268,-0.612,0.277
2025-12-08T23:18:40.350,-0.273,-0.59,0.244
2025-12-08T23:18:40.360,-0.243,-0.576,0.184
2025-12-08T23:18:40.370,-0.218,-0.58,0.094
2025-12-08T23:18:40.380,-0.196,-0.55,0.1
2025-12-08T23:18:40.390,-0.149,-0.531,0.112
2025-12-08T23:18:40.400,-0.12,-0.517,0.109
2025-12-08T23:18:40.410,-0.109,-0.474,0.174
2025-12-08T23:18:40.420,-0.072,-0.448,0.202
2025-12-08T23:18:40.430,-0.046,-0.435,0.137
2025-12-08T23:18:40.440,-0.03,-0.418,0.106
2025-12-08T23:18:40.450,-0.014,-0.402,0.068
2025-12-08T23:18:40.460,-0.015,-0.407,0.008
2025-12-08T23:18:40.470,-0.007,-0.43,0.018
2025-12-08T23:18:40.480,-0.002,-0.421,0.0
2025-12-08T23:18:40.490,-0.001,-0.419,-0.101
2025-12-08T23:18:40.500,0.02,-0.433,-0.225
2025-12-08T23:18:40.510,0.04,-0.405,-0.333
2025-12-08T23:18:40.520,0.055,-0.396,-0.37
2025-12-08T23:18:40.530,0.084,-0.397,-0.317
2025-12-08T23:18:40.540,0.113,-0.362,-0.246
2025-12-08T23:18:40.550,0.138,-0.371,-0.228
2025-12-08T23:18:40.560,0.169,-0.369,-0.243
2025-12-08T23:18:40.570,0.19,-0.329,-0.259
2025-12-08T23:18:40.580,0.189,-0.326,-0.277
2025-12-08T23:18:40.590,0.2,-0.302,-0.264
2025-12-08T23:18:40.600,0.207,-0.276,-0.261
2025-12-08T23:18:40.610,0.185,-0.28,-0.316
2025-12-08T23:18:40.620,0.184,-0.273,-0.385
2025-12-08T23:18:40.630,0.165,-0.278,-0.475
2025-12-08T23:18:40.640,0.123,-0.314,-0.532
2025-12-08T23:18:40.650,0.125,-0.344,-0.503
2025-12-08T23:18:40.660,0.11,-0.369,-0.454
2025-12-08T23:18:40.670,0.09,-0.404,-0.399
2025-12-08T23:18:40.680,0.106,-0.401,-0.357
2025-12-08T23:18:40.690,0.091,-0.394,-0.366
2025-12-08T23:18:40.700,0.073,-0.387,-0.376
2025-12-08T23:18:40.710,0.092,-0.339,-0.372
2025-12-08T23:18:40.720,0.103,-0.312,-0.411
2025-12-08T23:18:40.730,0.114,-0.31,-0.432
2025-12-08T23:18:40.740,0.14,-0.292,-0.413
2025-12-08T23:18:40.750,0.142,-0.296,-0.451
2025-12-08T23:18:40.760,0.121,-0.294,-0.469
2025-12-08T23:18:40.770,0.127,-0.265,-0.476
2025-12-08T23:18:40.780,0.111,-0.289,-0.515
2025-12-08T23:18:40.790,0.06,-0.309,-0.464
2025-12-08T23:18:40.800,0.043,-0.301,-0.39
2025-12-08T23:18:40.810,0.018,-0.325,-0.418
2025-12-08T23:18:40.820,-0.006,-0.313,-0.486
2025-12-08T23:18:40.830,0.026,-0.284,-0.548
2025-12-08T23:18:40.840,0.044,-0.284,-0.618
2025-12-08T23:18:40.850,0.047,-0.264,-0.587
2025-12-08T23:18:40.860,0.097,-0.244,-0.5
2025-12-08T23:18:40.870,0.14,-0.244,-0.481
2025-12-08T23:18:40.880,0.164,-0.22,-0.431
2025-12-08T23:18:40.890,0.218,-0.165,-0.377
2025-12-08T23:18:40.900,0.248,-0.13,-0.387
2025-12-08T23:18:40.910,0.242,-0.107,-0.354
2025-12-08T23:18:40.920,0.266,-0.083,-0.298
2025-12-08T23:18:40.930,0.275,-0.109,-0.298
2025-12-08T23:18:40.940,0.256,-0.134,-0.286
2025-12-08T23:18:40.950,0.27,-0.142,-0.276
2025-12-08T23:18:40.960,0.266,-0.182,-0.304
2025-12-08T23:18:40.970,0.229,-0.197,-0.268
2025-12-08T23:18:40.980,0.228,-0.217,-0.205
2025-12-08T23:18:40.990,0.204,-0.273,-0.212
2025-12-08T23:18:41.000,0.165,-0.298,-0.232
2025-12-08T23:18:41.010,0.169,-0.294,-0.25
2025-12-08T23:18:41.020,0.174,-0.282,-0.301
2025-12-08T23:18:41.030,0.172,-0.263,-0.328
2025-12-08T23:18:41.040,0.194,-0.23,-0.334
2025-12-08T23:18:41.050,0.221,-0.207,-0.369
2025-12-08T23:18:41.060,0.22,-0.189,-0.373
2025-12-08T23:18:41.070,0.239,-0.158,-0.327
2025-12-08T23:18:41.080,0.258,-0.149,-0.295
2025-12-08T23:18:41.090,0.237,-0.138,-0.259
2025-12-08T23:18:41.100,0.234,-0.115,-0.205
2025-12-08T23:18:41.110,0.226,-0.122,-0.193
2025-12-08T23:18:41.120,0.202,-0.128,-0.197
2025-12-08T23:18:41.130,0.208,-0.121,-0.199
2025-12-08T23:18:41.140,0.216,-0.128,-0.239
2025-12-08T23:18:41.150,0.214,-0.117,-0.264
2025-12-08T23:18:41.160,0.219,-0.087,-0.242
2025-12-08T23:18:41.170,0.24,-0.069,-0.23
2025-12-08T23:18:41.180,0.257,-0.059,-0.234
2025-12-08T23:18:41.190,0.277,-0.038,-0.205
2025-12-08T23:18:41.200,0.309,-0.008,-0.164
2025-12-08T23:18:41.210,0.321,-0.005,-0.115
2025-12-08T23:18:41.220,0.344,0.011,-0.036
2025-12-08T23:18:41.230,0.377,0.032,0.034
2025-12-08T23:18:41.240,0.364,0.013,0.092
2025-12-08T23:18:41.250,0.341,0.026,0.166
2025-12-08T23:18:41.260,0.332,0.032,0.202
2025-12-08T23:18:41.270,0.314,0.021,0.177
2025-12-08T23:18:41.280,0.311,0.051,0.143
2025-12-08T23:18:41.290,0.321,0.063,0.093
2025-12-08T23:18:41.300,0.323,0.066,0.035
2025-12-08T23:18:41.310,0.319,0.096,0.016
2025-12-08T23:18:41.320,0.329,0.127,0.007
2025-12-08T23:18:41.330,0.337,0.169,-0.01
2025-12-08T23:18:41.340,0.327,0.223,0.007
2025-12-08T23:18:41.350,0.338,0.278,0.034
2025-12-08T23:18:41.360,0.335,0.317,0.05
2025-12-08T23:18:41.370,0.306,0.344,0.098
2025-12-08T23:18:41.380,0.304,0.376,0.146
2025-12-08T23:18:41.390,0.29,0.373,0.156
2025-12-08T23:18:41.400,0.268,0.358,0.144
2025-12-08T23:18:41.410,0.27,0.355,0.099
2025-12-08T23:18:41.420,0.257,0.34,0.029
2025-12-08T23:18:41.430,0.225,0.351,-0.021
2025-12-08T23:18:41.440,0.208,0.371,-0.025
2025-12-08T23:18:41.450,0.196,0.382,0.002
2025-12-08T23:18:41.460,0.168,0.406,0.062
2025-12-08T23:18:41.470,0.17,0.43,0.132
2025-12-08T23:18:41.480,0.2,0.47,0.159
2025-12-08T23:18:41.490,0.214,0.515,0.165
2025-12-08T23:18:41.500,0.238,0.562,0.199
2025-12-08T23:18:41.510,0.254,0.608,0.246
2025-12-08T23:18:41.520,0.234,0.621,0.295
2025-12-08T23:18:41.530,0.212,0.632,0.348
2025-12-08T23:18:41.540,0.189,0.638,0.347
2025-12-08T23:18:41.550,0.16,0.621,0.289
2025-12-08T23:18:41.560,0.151,0.627,0.219
2025-12-08T23:18:41.570,0.16,0.625,0.143
2025-12-08T23:18:41.580,0.155,0.615,0.087
2025-12-08T23:18:41.590,0.146,0.633,0.069
2025-12-08T23:18:41.600,0.151,0.653,0.084
2025-12-08T23:18:41.610,0.146,0.678,0.105
2025-12-08T23:18:41.620,0.124,0.699,0.138
2025-12-08T23:18:41.630,0.119,0.713,0.188
2025-12-08T23:18:41.640,0.118,0.725,0.23
2025-12-08T23:18:41.650,0.1,0.738,0.265
2025-12-08T23:18:41.660,0.108,0.758,0.269
2025-12-08T23:18:41.670,0.126,0.758,0.228
2025-12-08T23:18:41.680,0.122,0.756,0.175
2025-12-08T23:18:41.690,0.127,0.767,0.15
2025-12-08T23:18:41.700,0.125,0.767,0.146
2025-12-08T23:18:41.710,0.093,0.769,0.167
2025-12-08T23:18:41.720,0.071,0.77,0.218
2025-12-08T23:18:41.730,0.067,0.765,0.235
2025-12-08T23:18:41.740,0.059,0.765,0.21
2025-12-08T23:18:41.750,0.074,0.788,0.173
2025-12-08T23:18:41.760,0.112,0.831,0.127
2025-12-08T23:18:41.770,0.146,0.861,0.111
2025-12-08T23:18:41.780,0.178,0.881,0.151
2025-12-08T23:18:41.790,0.212,0.878,0.22
2025-12-08T23:18:41.800,0.224,0.839,0.294
2025-12-08T23:18:41.810,0.214,0.808,0.367
2025-12-08T23:18:41.820,0.227,0.777,0.387
2025-12-08T23:18:41.830,0.235,0.749,0.355
2025-12-08T23:18:41.840,0.214,0.746,0.328
2025-12-08T23:18:41.850,0.212,0.73,0.29
2025-12-08T23:18:41.860,0.218,0.71,0.252
2025-12-08T23:18:41.870,0.207,0.691,0.233
2025-12-08T23:18:41.880,0.221,0.656,0.222
2025-12-08T23:18:41.890,0.248,0.625,0.232
2025-12-08T23:18:41.900,0.248,0.594,0.265
2025-12-08T23:18:41.910,0.256,0.565,0.29
2025-12-08T23:18:41.920,0.291,0.545,0.286
2025-12-08T23:18:41.930,0.309,0.525,0.257
2025-12-08T23:18:41.940,0.327,0.516,0.213
2025-12-08T23:18:41.950,0.358,0.521,0.172
2025-12-08T23:18:41.960,0.363,0.532,0.131
2025-12-08T23:18:41.970,0.371,0.528,0.088
2025-12-08T23:18:41.980,0.393,0.515,0.067
2025-12-08T23:18:41.990,0.39,0.509,0.053
2025-12-08T23:18:42.000,0.38,0.5,0.035
2025-12-08T23:18:42.010,0.379,0.508,0.019
2025-12-08T23:18:42.020,0.379,0.521,-0.006
2025-12-08T23:18:42.030,0.372,0.511,-0.01
2025-12-08T23:18:42.040,0.373,0.516,0.043
2025-12-08T23:18:42.050,0.394,0.522,0.113
2025-12-08T23:18:42.060,0.411,0.496,0.177
2025-12-08T23:18:42.070,0.433,0.482,0.229
2025-12-08T23:18:42.080,0.46,0.471,0.227
2025-12-08T23:18:42.090,0.473,0.466,0.191
2025-12-08T23:18:42.100,0.482,0.495,0.178
2025-12-08T23:18:42.110,0.492,0.532,0.184
2025-12-08T23:18:42.120,0.487,0.566,0.187
2025-12-08T23:18:42.130,0.467,0.589,0.2
2025-12-08T23:18:42.140,0.451,0.606,0.196
2025-12-08T23:18:42.150,0.431,0.625,0.169
2025-12-08T23:18:42.160,0.409,0.626,0.148
2025-12-08T23:18:42.170,0.415,0.624,0.124
2025-12-08T23:18:42.180,0.421,0.61,0.099
2025-12-08T23:18:42.190,0.406,0.564,0.084
2025-12-08T23:18:42.200,0.406,0.512,0.081
2025-12-08T23:18:42.210,0.412,0.476,0.071
2025-12-08T23:18:42.220,0.411,0.444,0.058
2025-12-08T23:18:42.230,0.422,0.412,0.052
2025-12-08T23:18:42.240,0.423,0.387,0.033
2025-12-08T23:18:42.250,0.412,0.365,-0.009
2025-12-08T23:18:42.260,0.403,0.358,-0.075
2025-12-08T23:18:42.270,0.402,0.357,-0.157
2025-12-08T23:18:42.280,0.414,0.355,-0.221
2025-12-08T23:18:42.290,0.414,0.366,-0.214
2025-12-08T23:18:42.300,0.414,0.385,-0.159
2025-12-08T23:18:42.310,0.426,0.396,-0.11
2025-12-08T23:18:42.320,0.436,0.386,-0.078
2025-12-08T23:18:42.330,0.448,0.362,-0.083
2025-12-08T23:18:42.340,0.459,0.345,-0.107
2025-12-08T23:18:42.350,0.468,0.318,-0.127
2025-12-08T23:18:42.360,0.474,0.281,-0.152
2025-12-08T23:18:42.370,0.469,0.255,-0.17
2025-12-08T23:18:42.380,0.466,0.219,-0.186
2025-12-08T23:18:42.390,0.458,0.182,-0.215
2025-12-08T23:18:42.400,0.456,0.155,-0.229
2025-12-08T23:18:42.410,0.47,0.133,-0.221
2025-12-08T23:18:42.420,0.478,0.115,-0.203
2025-12-08T23:18:42.430,0.487,0.102,-0.175
2025-12-08T23:18:42.440,0.505,0.103,-0.14
2025-12-08T23:18:42.450,0.534,0.092,-0.124
2025-12-08T23:18:42.460,0.559,0.077,-0.123
2025-12-08T23:18:42.470,0.576,0.072,-0.098
2025-12-08T23:18:42.480,0.596,0.058,-0.057
2025-12-08T23:18:42.490,0.593,0.039,-0.012
2025-12-08T23:18:42.500,0.579,0.036,0.013
2025-12-08T23:18:42.510,0.569,0.031,-0.007
2025-12-08T23:18:42.520,0.537,0.007,-0.073
2025-12-08T23:18:42.530,0.489,-0.023,-0.144
2025-12-08T23:18:42.540,0.453,-0.054,-0.182
2025-12-08T23:18:42.550,0.435,-0.094,-0.23
2025-12-08T23:18:42.560,0.418,-0.134,-0.269
2025-12-08T23:18:42.570,0.414,-0.162,-0.295
2025-12-08T23:18:42.580,0.418,-0.197,-0.331
2025-12-08T23:18:42.590,0.41,-0.226,-0.341
2025-12-08T23:18:42.600,0.418,-0.233,-0.323
2025-12-08T23:18:42.610,0.44,-0.251,-0.296
2025-12-08T23:18:42.620,0.451,-0.264,-0.273
2025-12-08T23:18:42.630,0.462,-0.262,-0.219
2025-12-08T23:18:42.640,0.478,-0.257,-0.163
2025-12-08T23:18:42.650,0.476,-0.257,-0.14
2025-12-08T23:18:42.660,0.462,-0.263,-0.12
2025-12-08T23:18:42.670,0.461,-0.278,-0.12
2025-12-08T23:18:42.680,0.455,-0.307,-0.123
2025-12-08T23:18:42.690,0.435,-0.331,-0.095
2025-12-08T23:18:42.700,0.422,-0.347,-0.046
2025-12-08T23:18:42.710,0.411,-0.346,-0.012
2025-12-08T23:18:42.720,0.394,-0.331,-0.005
2025-12-08T23:18:42.730,0.403,-0.312,-0.014
2025-12-08T23:18:42.740,0.423,-0.289,-0.033
2025-12-08T23:18:42.750,0.425,-0.274,-0.021
2025-12-08T23:18:42.760,0.427,-0.268,0.029
2025-12-08T23:18:42.770,0.419,-0.268,0.072
2025-12-08T23:18:42.780,0.407,-0.281,0.087
2025-12-08T23:18:42.790,0.407,-0.289,0.075
2025-12-08T23:18:42.800,0.409,-0.27,0.024
2025-12-08T23:18:42.810,0.419,-0.252,-0.026
2025-12-08T23:18:42.820,0.412,-0.243,-0.033
2025-12-08T23:18:42.830,0.392,-0.24,-0.017
2025-12-08T23:18:42.840,0.384,-0.244,0.03
2025-12-08T23:18:42.850,0.366,-0.237,0.1
2025-12-08T23:18:42.860,0.35,-0.221,0.152
2025-12-08T23:18:42.870,0.332,-0.172,0.186
2025-12-08T23:18:42.880,0.312,-0.126,0.202
2025-12-08T23:18:42.890,0.297,-0.1,0.19
2025-12-08T23:18:42.900,0.268,-0.048,0.2
2025-12-08T23:18:42.910,0.252,-0.013,0.238
2025-12-08T23:18:42.920,0.244,-0.004,0.274
2025-12-08T23:18:42.930,0.219,0.013,0.32
2025-12-08T23:18:42.940,0.216,0.021,0.342
2025-12-08T23:18:42.950,0.217,0.018,0.314
2025-12-08T23:18:42.960,0.197,0.025,0.284
2025-12-08T23:18:42.970,0.182,0.025,0.276
2025-12-08T23:18:42.980,0.162,0.011,0.281
2025-12-08T23:18:42.990,0.128,0.011,0.294
2025-12-08T23:18:43.000,0.107,0.018,0.309
2025-12-08T23:18:43.010,0.104,0.033,0.304
2025-12-08T23:18:43.020,0.091,0.051,0.287
2025-12-08T23:18:43.030,0.076,0.076,0.298
2025-12-08T23:18:43.040,0.079,0.1,0.335
2025-12-08T23:18:43.050,0.071,0.104,0.384
2025-12-08T23:18:43.060,0.056,0.116,0.44
2025-12-08T23:18:43.070,0.055,0.125,0.47
2025-12-08T23:18:43.080,0.03,0.136,0.456
2025-12-08T23:18:43.090,-0.016,0.155,0.449
2025-12-08T23:18:43.100,-0.052,0.169,0.456
2025-12-08T23:18:43.110,-0.081,0.181,0.442
2025-12-08T23:18:43.120,-0.102,0.176,0.411
2025-12-08T23:18:43.130,-0.122,0.18,0.369
2025-12-08T23:18:43.140,-0.13,0.175,0.318
2025-12-08T23:18:43.150,-0.153,0.145,0.291
2025-12-08T23:18:43.160,-0.186,0.114,0.307
2025-12-08T23:18:43.170,-0.192,0.064,0.333
2025-12-08T23:18:43.180,-0.222,0.025,0.347
2025-12-08T23:18:43.190,-0.244,-0.005,0.345
2025-12-08T23:18:43.200,-0.238,-0.03,0.32
2025-12-08T23:18:43.210,-0.252,-0.04,0.26
2025-12-08T23:18:43.220,-0.275,-0.057,0.196
2025-12-08T23:18:43.230,-0.302,-0.061,0.15
2025-12-08T23:18:43.240,-0.328,-0.062,0.101
2025-12-08T23:18:43.250,-0.355,-0.076,0.061
2025-12-08T23:18:43.260,-0.375,-0.069,0.026
2025-12-08T23:18:43.270,-0.386,-0.053,-0.006
2025-12-08T23:18:43.280,-0.402,-0.053,-0.01
2025-12-08T23:18:43.290,-0.404,-0.054,0.02
2025-12-08T23:18:43.300,-0.401,-0.061,0.068
2025-12-08T23:18:43.310,-0.399,-0.096,0.103
2025-12-08T23:18:43.320,-0.391,-0.139,0.116
2025-12-08T23:18:43.330,-0.387,-0.168,0.101
2025-12-08T23:18:43.340,-0.393,-0.201,0.071
2025-12-08T23:18:43.350,-0.412,-0.245,0.057
2025-12-08T23:18:43.360,-0.442,-0.292,0.03
2025-12-08T23:18:43.370,-0.476,-0.359,-0.017
2025-12-08T23:18:43.380,-0.512,-0.432,-0.07
2025-12-08T23:18:43.390,-0.548,-0.492,-0.131
2025-12-08T23:18:43.400,-0.583,-0.553,-0.171
2025-12-08T23:18:43.410,-0.623,-0.598,-0.19
2025-12-08T23:18:43.420,-0.659,-0.63,-0.217
2025-12-08T23:18:43.430,-0.686,-0.642,-0.265
2025-12-08T23:18:43.440,-0.701,-0.645,-0.316
2025-12-08T23:18:43.450,-0.713,-0.655,-0.346
2025-12-08T23:18:43.460,-0.728,-0.657,-0.342
2025-12-08T23:18:43.470,-0.73,-0.685,-0.294
2025-12-08T23:18:43.480,-0.738,-0.723,-0.229
2025-12-08T23:18:43.490,-0.768,-0.753,-0.18
2025-12-08T23:18:43.500,-0.788,-0.797,-0.183
2025-12-08T23:18:43.510,-0.808,-0.837,-0.252
2025-12-08T23:18:43.520,-0.855,-0.864,-0.344
2025-12-08T23:18:43.530,-0.911,-0.877,-0.394
2025-12-08T23:18:43.540,-0.957,-0.904,-0.383
2025-12-08T23:18:43.550,-1.001,-0.935,-0.357
2025-12-08T23:18:43.560,-1.038,-0.958,-0.328
2025-12-08T23:18:43.570,-1.055,-0.988,-0.338
2025-12-08T23:18:43.580,-1.073,-1.018,-0.397
2025-12-08T23:18:43.590,-1.079,-1.057,-0.43
2025-12-08T23:18:43.600,-1.055,-1.089,-0.412
2025-12-08T23:18:43.610,-1.035,-1.115,-0.356
2025-12-08T23:18:43.620,-1.011,-1.127,-0.291
2025-12-08T23:18:43.630,-0.979,-1.109,-0.255
2025-12-08T23:18:43.640,-0.956,-1.092,-0.264
2025-12-08T23:18:43.650,-0.953,-1.077,-0.29
2025-12-08T23:18:43.660,-0.953,-1.07,-0.282
2025-12-08T23:18:43.670,-0.95,-1.085,-0.25
2025-12-08T23:18:43.680,-0.97,-1.109,-0.204
2025-12-08T23:18:43.690,-0.978,-1.114,-0.176
2025-12-08T23:18:43.700,-0.958,-1.101,-0.204
2025-12-08T23:18:43.710,-0.941,-1.083,-0.257
2025-12-08T23:18:43.720,-0.921,-1.052,-0.294
2025-12-08T23:18:43.730,-0.903,-1.008,-0.289
2025-12-08T23:18:43.740,-0.899,-0.973,-0.24
2025-12-08T23:18:43.750,-0.906,-0.944,-0.166
2025-12-08T23:18:43.760,-0.903,-0.919,-0.111
2025-12-08T23:18:43.770,-0.888,-0.904,-0.105
2025-12-08T23:18:43.780,-0.881,-0.894,-0.121
2025-12-08T23:18:43.790,-0.868,-0.884,-0.135
2025-12-08T23:18:43.800,-0.867,-0.875,-0.146
2025-12-08T23:18:43.810,-0.894,-0.879,-0.13
2025-12-08T23:18:43.820,-0.919,-0.878,-0.103
2025-12-08T23:18:43.830,-0.944,-0.862,-0.102
2025-12-08T23:18:43.840,-0.97,-0.856,-0.133
2025-12-08T23:18:43.850,-0.985,-0.846,-0.186
2025-12-08T23:18:43.860,-0.986,-0.827,-0.241
2025-12-08T23:18:43.870,-0.982,-0.815,-0.277
2025-12-08T23:18:43.880,-0.981,-0.794,-0.268
2025-12-08T23:18:43.890,-0.973,-0.759,-0.247
2025-12-08T23:18:43.900,-0.951,-0.72,-0.211
2025-12-08T23:18:43.910,-0.927,-0.676,-0.135
2025-12-08T23:18:43.920,-0.903,-0.628,-0.071
2025-12-08T23:18:43.930,-0.88,-0.593,-0.029
2025-12-08T23:18:43.940,-0.852,-0.56,-0.008
2025-12-08T23:18:43.950,-0.836,-0.527,-0.024
2025-12-08T23:18:43.960,-0.836,-0.516,-0.052
2025-12-08T23:18:43.970,-0.837,-0.519,-0.059
2025-12-08T23:18:43.980,-0.853,-0.532,-0.064
2025-12-08T23:18:43.990,-0.868,-0.539,-0.075
2025-12-08T23:18:44.000,-0.872,-0.539,-0.064
2025-12-08T23:18:44.010,-0.876,-0.548,-0.054
2025-12-08T23:18:44.020,-0.866,-0.548,-0.028
2025-12-08T23:18:44.030,-0.842,-0.526,0.02
2025-12-08T23:18:44.040,-0.801,-0.498,0.04
2025-12-08T23:18:44.050,-0.756,-0.46,0.029
2025-12-08T23:18:44.060,-0.7,-0.403,0.032
2025-12-08T23:18:44.070,-0.634,-0.362,0.061
2025-12-08T23:18:44.080,-0.587,-0.326,0.105
2025-12-08T23:18:44.090,-0.542,-0.281,0.161
2025-12-08T23:18:44.100,-0.497,-0.25,0.185
2025-12-08T23:18:44.110,-0.472,-0.235,0.172
2025-12-08T23:18:44.120,-0.466,-0.221,0.191
2025-12-08T23:18:44.130,-0.467,-0.193,0.237
2025-12-08T23:18:44.140,-0.465,-0.178,0.266
2025-12-08T23:18:44.150,-0.453,-0.162,0.264
2025-12-08T23:18:44.160,-0.423,-0.128,0.237
2025-12-08T23:18:44.170,-0.396,-0.114,0.203
2025-12-08T23:18:44.180,-0.38,-0.093,0.196
2025-12-08T23:18:44.190,-0.347,-0.077,0.249
2025-12-08T23:18:44.200,-0.321,-0.066,0.303
2025-12-08T23:18:44.210,-0.307,-0.052,0.325
2025-12-08T23:18:44.220,-0.279,-0.036,0.331
2025-12-08T23:18:44.230,-0.251,0.004,0.313
2025-12-08T23:18:44.240,-0.222,0.029,0.296
2025-12-08T23:18:44.250,-0.197,0.059,0.308
2025-12-08T23:18:44.260,-0.177,0.086,0.342
2025-12-08T23:18:44.270,-0.158,0.089,0.359
2025-12-08T23:18:44.280,-0.147,0.11,0.375
2025-12-08T23:18:44.290,-0.122,0.134,0.382
2025-12-08T23:18:44.300,-0.097,0.158,0.356
2025-12-08T23:18:44.310,-0.081,0.177,0.346
2025-12-08T23:18:44.320,-0.056,0.21,0.329
2025-12-08T23:18:44.330,-0.043,0.246,0.323
2025-12-08T23:18:44.340,-0.04,0.271,0.351
2025-12-08T23:18:44.350,-0.036,0.312,0.4
2025-12-08T23:18:44.360,-0.033,0.335,0.458
2025-12-08T23:18:44.370,-0.028,0.351,0.492
2025-12-08T23:18:44.380,-0.019,0.372,0.519
2025-12-08T23:18:44.390,0.001,0.401,0.522
2025-12-08T23:18:44.400,0.015,0.428,0.527
2025-12-08T23:18:44.410,0.026,0.443,0.537
2025-12-08T23:18:44.420,0.038,0.46,0.516
2025-12-08T23:18:44.430,0.036,0.468,0.489
2025-12-08T23:18:44.440,0.029,0.487,0.467
2025-12-08T23:18:44.450,0.018,0.524,0.487
2025-12-08T23:18:44.460,0.009,0.574,0.522
2025-12-08T23:18:44.470,0.009,0.61,0.557
2025-12-08T23:18:44.480,0.009,0.647,0.587
2025-12-08T23:18:44.490,0.02,0.699,0.578
2025-12-08T23:18:44.500,0.037,0.736,0.562
2025-12-08T23:18:44.510,0.055,0.778,0.53
2025-12-08T23:18:44.520,0.081,0.808,0.508
2025-12-08T23:18:44.530,0.1,0.836,0.523
2025-12-08T23:18:44.540,0.113,0.86,0.544
2025-12-08T23:18:44.550,0.114,0.876,0.574
2025-12-08T23:18:44.560,0.105,0.909,0.614
2025-12-08T23:18:44.570,0.098,0.917,0.644
2025-12-08T23:18:44.580,0.081,0.926,0.647
2025-12-08T23:18:44.590,0.071,0.949,0.651
2025-12-08T23:18:44.600,0.07,0.954,0.641
2025-12-08T23:18:44.610,0.055,0.954,0.607
2025-12-08T23:18:44.620,0.049,0.943,0.594
2025-12-08T23:18:44.630,0.049,0.933,0.588
2025-12-08T23:18:44.640,0.037,0.917,0.581
2025-12-08T23:18:44.650,0.029,0.918,0.568
2025-12-08T23:18:44.660,0.035,0.927,0.529
2025-12-08T23:18:44.670,0.042,0.921,0.453
2025-12-08T23:18:44.680,0.039,0.94,0.376
2025-12-08T23:18:44.690,0.054,0.955,0.336
2025-12-08T23:18:44.700,0.077,0.939,0.319
2025-12-08T23:18:44.710,0.078,0.927,0.35
2025-12-08T23:18:44.720,0.085,0.928,0.408
2025-12-08T23:18:44.730,0.095,0.922,0.428
2025-12-08T23:18:44.740,0.089,0.911,0.411
2025-12-08T23:18:44.750,0.096,0.903,0.388
2025-12-08T23:18:44.760,0.097,0.9,0.36
2025-12-08T23:18:44.770,0.082,0.888,0.327
2025-12-08T23:18:44.780,0.079,0.873,0.295
2025-12-08T23:18:44.790,0.083,0.881,0.235
2025-12-08T23:18:44.800,0.081,0.877,0.168
2025-12-08T23:18:44.810,0.084,0.867,0.139
2025-12-08T23:18:44.820,0.099,0.876,0.15
2025-12-08T23:18:44.830,0.095,0.87,0.194
2025-12-08T23:18:44.840,0.088,0.863,0.24
2025-12-08T23:18:44.850,0.104,0.849,0.273
2025-12-08T23:18:44.860,0.113,0.832,0.269
2025-12-08T23:18:44.870,0.117,0.815,0.218
2025-12-08T23:18:44.880,0.134,0.786,0.139
2025-12-08T23:18:44.890,0.136,0.765,0.038
2025-12-08T23:18:44.900,0.121,0.717,-0.026
2025-12-08T23:18:44.910,0.103,0.661,-0.023
2025-12-08T23:18:44.920,0.08,0.624,0.012
2025-12-08T23:18:44.930,0.069,0.574,0.039
2025-12-08T23:18:44.940,0.07,0.551,0.016
2025-12-08T23:18:44.950,0.069,0.535,-0.04
2025-12-08T23:18:44.960,0.069,0.511,-0.096
2025-12-08T23:18:44.970,0.051,0.499,-0.1
2025-12-08T23:18:44.980,0.032,0.466,-0.055
2025-12-08T23:18:44.990,0.021,0.429,-0.021
2025-12-08T23:18:45.000,0.011,0.385,0.0
2025-12-08T23:18:45.010,0.02,0.346,-0.028
2025-12-08T23:18:45.020,0.031,0.322,-0.086
2025-12-08T23:18:45.030,0.04,0.29,-0.138
2025-12-08T23:18:45.040,0.046,0.25,-0.177
2025-12-08T23:18:45.050,0.032,0.2,-0.178
2025-12-08T23:18:45.060,0.014,0.144,-0.171
2025-12-08T23:18:45.070,-0.014,0.089,-0.192
2025-12-08T23:18:45.080,-0.03,0.037,-0.25
2025-12-08T23:18:45.090,-0.026,-0.01,-0.312
2025-12-08T23:18:45.100,-0.029,-0.058,-0.339
2025-12-08T23:18:45.110,-0.034,-0.102,-0.316
2025-12-08T23:18:45.120,-0.03,-0.12,-0.281
2025-12-08T23:18:45.130,-0.004,-0.131,-0.284
2025-12-08T23:18:45.140,0.025,-0.138,-0.318
2025-12-08T23:18:45.150,0.053,-0.129,-0.361
2025-12-08T23:18:45.160,0.091,-0.144,-0.376
2025-12-08T23:18:45.170,0.102,-0.167,-0.34
2025-12-08T23:18:45.180,0.107,-0.18,-0.271
2025-12-08T23:18:45.190,0.108,-0.196,-0.211
2025-12-08T23:18:45.200,0.084,-0.211,-0.189
2025-12-08T23:18:45.210,0.059,-0.226,-0.188
2025-12-08T23:18:45.220,0.045,-0.244,-0.205
2025-12-08T23:18:45.230,0.034,-0.27,-0.247
2025-12-08T23:18:45.240,0.023,-0.305,-0.286
2025-12-08T23:18:45.250,0.033,-0.333,-0.323
2025-12-08T23:18:45.260,0.05,-0.354,-0.38
2025-12-08T23:18:45.270,0.062,-0.377,-0.438
2025-12-08T23:18:45.280,0.092,-0.391,-0.489
2025-12-08T23:18:45.290,0.116,-0.412,-0.519
2025-12-08T23:18:45.300,0.105,-0.44,-0.496
2025-12-08T23:18:45.310,0.095,-0.465,-0.453
2025-12-08T23:18:45.320,0.093,-0.487,-0.455
2025-12-08T23:18:45.330,0.089,-0.49,-0.506
2025-12-08T23:18:45.340,0.109,-0.496,-0.563
2025-12-08T23:18:45.350,0.134,-0.495,-0.615
2025-12-08T23:18:45.360,0.141,-0.498,-0.631
2025-12-08T23:18:45.370,0.164,-0.526,-0.623
2025-12-08T23:18:45.380,0.189,-0.533,-0.598
2025-12-08T23:18:45.390,0.202,-0.543,-0.568
2025-12-08T23:18:45.400,0.234,-0.563,-0.589
2025-12-08T23:18:45.410,0.273,-0.584,-0.58
2025-12-08T23:18:45.420,0.307,-0.602,-0.55
2025-12-08T23:18:45.430,0.335,-0.592,-0.574
2025-12-08T23:18:45.440,0.355,-0.62,-0.56
2025-12-08T23:18:45.450,0.378,-0.638,-0.503
2025-12-08T23:18:45.460,0.388,-0.619,-0.448
2025-12-08T23:18:45.470,0.405,-0.628,-0.427
2025-12-08T23:18:45.480,0.437,-0.608,-0.437
2025-12-08T23:18:45.490,0.441,-0.591,-0.48
2025-12-08T23:18:45.500,0.449,-0.602,-0.558
2025-12-08T23:18:45.510,0.465,-0.601,-0.583
2025-12-08T23:18:45.520,0.456,-0.615,-0.589
2025-12-08T23:18:45.530,0.457,-0.633,-0.589
2025-12-08T23:18:45.540,0.466,-0.64,-0.568
2025-12-08T23:18:45.550,0.465,-0.625,-0.556
2025-12-08T23:18:45.560,0.484,-0.61,-0.548
2025-12-08T23:18:45.570,0.491,-0.573,-0.547
2025-12-08T23:18:45.580,0.474,-0.509,-0.537
2025-12-08T23:18:45.590,0.49,-0.469,-0.547
2025-12-08T23:18:45.600,0.486,-0.443,-0.505
2025-12-08T23:18:45.610,0.469,-0.415,-0.444
2025-12-08T23:18:45.620,0.487,-0.359,-0.456
2025-12-08T23:18:45.630,0.496,-0.337,-0.487
2025-12-08T23:18:45.640,0.494,-0.328,-0.532
2025-12-08T23:18:45.650,0.51,-0.291,-0.582
2025-12-08T23:18:45.660,0.536,-0.307,-0.598
2025-12-08T23:18:45.670,0.558,-0.292,-0.541
2025-12-08T23:18:45.680,0.591,-0.239,-0.499
2025-12-08T23:18:45.690,0.64,-0.24,-0.477
2025-12-08T23:18:45.700,0.672,-0.221,-0.438
2025-12-08T23:18:45.710,0.689,-0.184,-0.43
2025-12-08T23:18:45.720,0.715,-0.192,-0.426
2025-12-08T23:18:45.730,0.731,-0.196,-0.412
2025-12-08T23:18:45.740,0.714,-0.176,-0.374
2025-12-08T23:18:45.750,0.715,-0.166,-0.363
2025-12-08T23:18:45.760,0.738,-0.143,-0.373
2025-12-08T23:18:45.770,0.751,-0.092,-0.401
2025-12-08T23:18:45.780,0.786,-0.048,-0.42
2025-12-08T23:18:45.790,0.806,-0.018,-0.401
2025-12-08T23:18:45.800,0.782,0.003,-0.35
2025-12-08T23:18:45.810,0.784,0.037,-0.247
2025-12-08T23:18:45.820,0.781,0.075,-0.179
2025-12-08T23:18:45.830,0.755,0.101,-0.146
2025-12-08T23:18:45.840,0.737,0.169,-0.157
2025-12-08T23:18:45.850,0.717,0.219,-0.18
2025-12-08T23:18:45.860,0.687,0.242,-0.191
2025-12-08T23:18:45.870,0.649,0.295,-0.179
2025-12-08T23:18:45.880,0.636,0.294,-0.166
2025-12-08T23:18:45.890,0.608,0.28,-0.178
2025-12-08T23:18:45.900,0.55,0.303,-0.187
2025-12-08T23:18:45.910,0.525,0.296,-0.286
2025-12-08T23:18:45.920,0.482,0.304,-0.359
2025-12-08T23:18:45.930,0.419,0.348,-0.4
2025-12-08T23:18:45.940,0.378,0.357,-0.425
2025-12-08T23:18:45.950,0.333,0.356,-0.367
2025-12-08T23:18:45.960,0.293,0.357,-0.337
2025-12-08T23:18:45.970,0.281,0.339,-0.31
2025-12-08T23:18:45.980,0.263,0.343,-0.284
2025-12-08T23:18:45.990,0.24,0.349,-0.268
2025-12-08T23:18:46.000,0.241,0.34,-0.271
2025-12-08T23:18:46.010,0.247,0.339,-0.265
2025-12-08T23:18:46.020,0.255,0.353,-0.268
2025-12-08T23:18:46.030,0.267,0.362,-0.263
2025-12-08T23:18:46.040,0.279,0.37,-0.206
2025-12-08T23:18:46.050,0.285,0.391,-0.168
2025-12-08T23:18:46.060,0.275,0.408,-0.101
2025-12-08T23:18:46.070,0.267,0.433,-0.088
2025-12-08T23:18:46.080,0.251,0.444,-0.082
2025-12-08T23:18:46.090,0.223,0.454,-0.046
2025-12-08T23:18:46.100,0.206,0.453,-0.037
2025-12-08T23:18:46.110,0.183,0.424,0.023
2025-12-08T23:18:46.120,0.151,0.425,0.048
2025-12-08T23:18:46.130,0.128,0.389,0.031
2025-12-08T23:18:46.140,0.102,0.364,0.012
2025-12-08T23:18:46.150,0.066,0.401,-0.009
2025-12-08T23:18:46.160,0.048,0.401,-0.065
2025-12-08T23:18:46.170,0.018,0.426,-0.105
2025-12-08T23:18:46.180,-0.011,0.458,-0.115
2025-12-08T23:18:46.190,-0.023,0.433,-0.132
2025-12-08T23:18:46.200,-0.062,0.448,-0.082
2025-12-08T23:18:46.210,-0.084,0.469,-0.025
2025-12-08T23:18:46.220,-0.091,0.475,-0.004
2025-12-08T23:18:46.230,-0.112,0.503,-0.014
2025-12-08T23:18:46.240,-0.124,0.523,-0.036
2025-12-08T23:18:46.250,-0.136,0.529,-0.057
2025-12-08T23:18:46.260,-0.163,0.505,-0.038
2025-12-08T23:18:46.270,-0.188,0.498,0.006
2025-12-08T23:18:46.280,-0.187,0.503,0.014
2025-12-08T23:18:46.290,-0.189,0.482,0.013
2025-12-08T23:18:46.300,-0.203,0.473,-0.004
2025-12-08T23:18:46.310,-0.211,0.462,-0.005
2025-12-08T23:18:46.320,-0.214,0.432,0.003
2025-12-08T23:18:46.330,-0.225,0.409,0.038
2025-12-08T23:18:46.340,-0.22,0.411,0.077
2025-12-08T23:18:46.350,-0.183,0.387,0.071
2025-12-08T23:18:46.360,-0.165,0.367,0.085
2025-12-08T23:18:46.370,-0.148,0.383,0.113
2025-12-08T23:18:46.380,-0.12,0.382,0.128
2025-12-08T23:18:46.390,-0.106,0.382,0.118
2025-12-08T23:18:46.400,-0.081,0.388,0.129
2025-12-08T23:18:46.410,-0.057,0.385,0.163
2025-12-08T23:18:46.420,-0.056,0.396,0.205
2025-12-08T23:18:46.430,-0.067,0.403,0.297
2025-12-08T23:18:46.440,-0.063,0.417,0.355
2025-12-08T23:18:46.450,-0.055,0.439,0.349
2025-12-08T23:18:46.460,-0.054,0.44,0.327
2025-12-08T23:18:46.470,-0.037,0.456,0.312
2025-12-08T23:18:46.480,-0.019,0.472,0.302
2025-12-08T23:18:46.490,-0.018,0.463,0.315
2025-12-08T23:18:46.500,-0.009,0.47,0.338
2025-12-08T23:18:46.510,0.014,0.458,0.33
2025-12-08T23:18:46.520,0.01,0.444,0.342
2025-12-08T23:18:46.530,0.009,0.444,0.356
2025-12-08T23:18:46.540,0.009,0.44,0.374
2025-12-08T23:18:46.550,-0.016,0.446,0.397
2025-12-08T23:18:46.560,-0.011,0.438,0.401
2025-12-08T23:18:46.570,-0.016,0.445,0.402
2025-12-08T23:18:46.580,-0.027,0.465,0.348
2025-12-08T23:18:46.590,-0.012,0.458,0.293
2025-12-08T23:18:46.600,0.004,0.456,0.251
2025-12-08T23:18:46.610,0.036,0.441,0.243
2025-12-08T23:18:46.620,0.065,0.425,0.282
2025-12-08T23:18:46.630,0.1,0.423,0.326
2025-12-08T23:18:46.640,0.143,0.416,0.387
2025-12-08T23:18:46.650,0.175,0.407,0.421
2025-12-08T23:18:46.660,0.203,0.399,0.464
2025-12-08T23:18:46.670,0.221,0.421,0.495
2025-12-08T23:18:46.680,0.245,0.422,0.511
2025-12-08T23:18:46.690,0.264,0.407,0.545
2025-12-08T23:18:46.700,0.264,0.414,0.563
2025-12-08T23:18:46.710,0.261,0.398,0.594
2025-12-08T23:18:46.720,0.255,0.364,0.602
2025-12-08T23:18:46.730,0.248,0.328,0.591
2025-12-08T23:18:46.740,0.242,0.306,0.58
2025-12-08T23:18:46.750,0.257,0.275,0.565
2025-12-08T23:18:46.760,0.275,0.241,0.565
2025-12-08T23:18:46.770,0.289,0.23,0.574
2025-12-08T23:18:46.780,0.329,0.194,0.569
2025-12-08T23:18:46.790,0.36,0.165,0.524
2025-12-08T23:18:46.800,0.382,0.153,0.49
2025-12-08T23:18:46.810,0.401,0.129,0.492
2025-12-08T23:18:46.820,0.394,0.101,0.528
2025-12-08T23:18:46.830,0.389,0.083,0.583
2025-12-08T23:18:46.840,0.393,0.086,0.595
2025-12-08T23:18:46.850,0.373,0.076,0.552
2025-12-08T23:18:46.860,0.338,0.08,0.475
2025-12-08T23:18:46.870,0.324,0.088,0.41
2025-12-08T23:18:46.880,0.314,0.054,0.39
2025-12-08T23:18:46.890,0.288,0.023,0.385
2025-12-08T23:18:46.900,0.285,-0.015,0.403
2025-12-08T23:18:46.910,0.288,-0.055,0.423
2025-12-08T23:18:46.920,0.28,-0.069,0.409
2025-12-08T23:18:46.930,0.29,-0.08,0.41
2025-12-08T23:18:46.940,0.3,-0.094,0.439
2025-12-08T23:18:46.950,0.303,-0.101,0.458
2025-12-08T23:18:46.960,0.303,-0.105,0.469
2025-12-08T23:18:46.970,0.311,-0.116,0.456
2025-12-08T23:18:46.980,0.321,-0.11,0.39
2025-12-08T23:18:46.990,0.314,-0.107,0.33
2025-12-08T23:18:47.000,0.322,-0.12,0.31
2025-12-08T23:18:47.010,0.316,-0.114,0.314
2025-12-08T23:18:47.020,0.292,-0.109,0.341
2025-12-08T23:18:47.030,0.301,-0.087,0.355
2025-12-08T23:18:47.040,0.294,-0.058,0.353
2025-12-08T23:18:47.050,0.276,-0.045,0.353
2025-12-08T23:18:47.060,0.27,-0.012,0.371
2025-12-08T23:18:47.070,0.251,0.026,0.384
2025-12-08T23:18:47.080,0.25,0.057,0.364
2025-12-08T23:18:47.090,0.255,0.078,0.367
2025-12-08T23:18:47.100,0.26,0.097,0.371
2025-12-08T23:18:47.110,0.276,0.119,0.366
2025-12-08T23:18:47.120,0.275,0.118,0.387
2025-12-08T23:18:47.130,0.273,0.121,0.404
2025-12-08T23:18:47.140,0.248,0.121,0.402
2025-12-08T23:18:47.150,0.217,0.096,0.36
2025-12-08T23:18:47.160,0.196,0.072,0.298
2025-12-08T23:18:47.170,0.166,0.056,0.23
2025-12-08T23:18:47.180,0.168,0.016,0.168
2025-12-08T23:18:47.190,0.161,-0.017,0.171
2025-12-08T23:18:47.200,0.138,-0.009,0.178
2025-12-08T23:18:47.210,0.132,-0.017,0.163
2025-12-08T23:18:47.220,0.115,-0.029,0.144
2025-12-08T23:18:47.230,0.109,-0.019,0.122
2025-12-08T23:18:47.240,0.094,-0.014,0.122
2025-12-08T23:18:47.250,0.086,-0.017,0.122
2025-12-08T23:18:47.260,0.081,-0.008,0.129
2025-12-08T23:18:47.270,0.074,-0.003,0.139
2025-12-08T23:18:47.280,0.101,-0.032,0.148
2025-12-08T23:18:47.290,0.1,-0.035,0.159
2025-12-08T23:18:47.300,0.097,-0.025,0.141
2025-12-08T23:18:47.310,0.115,-0.05,0.111
2025-12-08T23:18:47.320,0.092,-0.06,0.101
2025-12-08T23:18:47.330,0.078,-0.066,0.096
2025-12-08T23:18:47.340,0.087,-0.078,0.09
2025-12-08T23:18:47.350,0.072,-0.087,0.098
2025-12-08T23:18:47.360,0.051,-0.086,0.109
2025-12-08T23:18:47.370,0.031,-0.077,0.091
2025-12-08T23:18:47.380,-0.001,-0.079,0.061
2025-12-08T23:18:47.390,-0.032,-0.075,0.038
2025-12-08T23:18:47.400,-0.039,-0.073,-0.001
2025-12-08T23:18:47.410,-0.04,-0.088,-0.039
2025-12-08T23:18:47.420,-0.053,-0.09,-0.093
2025-12-08T23:18:47.430,-0.059,-0.107,-0.168
2025-12-08T23:18:47.440,-0.078,-0.154,-0.208
2025-12-08T23:18:47.450,-0.115,-0.187,-0.215
2025-12-08T23:18:47.460,-0.13,-0.213,-0.196
2025-12-08T23:18:47.470,-0.136,-0.239,-0.192
2025-12-08T23:18:47.480,-0.152,-0.262,-0.215
2025-12-08T23:18:47.490,-0.159,-0.265,-0.239
2025-12-08T23:18:47.500,-0.157,-0.247,-0.275
2025-12-08T23:18:47.510,-0.166,-0.241,-0.312
2025-12-08T23:18:47.520,-0.186,-0.235,-0.312
2025-12-08T23:18:47.530,-0.198,-0.227,-0.293
2025-12-08T23:18:47.540,-0.203,-0.239,-0.277
2025-12-08T23:18:47.550,-0.215,-0.253,-0.264
2025-12-08T23:18:47.560,-0.216,-0.252,-0.283
2025-12-08T23:18:47.570,-0.216,-0.253,-0.323
2025-12-08T23:18:47.580,-0.227,-0.262,-0.364
2025-12-08T23:18:47.590,-0.222,-0.265,-0.389
2025-12-08T23:18:47.600,-0.233,-0.276,-0.392
2025-12-08T23:18:47.610,-0.257,-0.302,-0.397
2025-12-08T23:18:47.620,-0.283,-0.327,-0.4
2025-12-08T23:18:47.630,-0.325,-0.336,-0.394
2025-12-08T23:18:47.640,-0.358,-0.326,-0.396
2025-12-08T23:18:47.650,-0.38,-0.321,-0.414
2025-12-08T23:18:47.660,-0.396,-0.303,-0.426
2025-12-08T23:18:47.670,-0.409,-0.28,-0.434
2025-12-08T23:18:47.680,-0.422,-0.289,-0.432
2025-12-08T23:18:47.690,-0.431,-0.29,-0.426
2025-12-08T23:18:47.700,-0.432,-0.289,-0.441
2025-12-08T23:18:47.710,-0.413,-0.286,-0.47
2025-12-08T23:18:47.720,-0.385,-0.263,-0.492
2025-12-08T23:18:47.730,-0.359,-0.248,-0.491
2025-12-08T23:18:47.740,-0.339,-0.258,-0.466
2025-12-08T23:18:47.750,-0.335,-0.275,-0.403
2025-12-08T23:18:47.760,-0.338,-0.269,-0.356
2025-12-08T23:18:47.770,-0.338,-0.275,-0.329
2025-12-08T23:18:47.780,-0.344,-0.281,-0.31
2025-12-08T23:18:47.790,-0.366,-0.278,-0.326
2025-12-08T23:18:47.800,-0.384,-0.308,-0.351
2025-12-08T23:18:47.810,-0.404,-0.332,-0.398
2025-12-08T23:18:47.820,-0.428,-0.344,-0.458
2025-12-08T23:18:47.830,-0.429,-0.357,-0.51
2025-12-08T23:18:47.840,-0.427,-0.367,-0.525
2025-12-08T23:18:47.850,-0.428,-0.379,-0.503
2025-12-08T23:18:47.860,-0.405,-0.379,-0.499
2025-12-08T23:18:47.870,-0.367,-0.387,-0.49
2025-12-08T23:18:47.880,-0.328,-0.39,-0.495
2025-12-08T23:18:47.890,-0.29,-0.384,-0.503
2025-12-08T23:18:47.900,-0.249,-0.391,-0.452
2025-12-08T23:18:47.910,-0.221,-0.396,-0.387
2025-12-08T23:18:47.920,-0.207,-0.4,-0.334
2025-12-08T23:18:47.930,-0.176,-0.387,-0.312
2025-12-08T23:18:47.940,-0.151,-0.355,-0.355
2025-12-08T23:18:47.950,-0.142,-0.348,-0.414
2025-12-08T23:18:47.960,-0.133,-0.341,-0.428
2025-12-08T23:18:47.970,-0.142,-0.341,-0.403
2025-12-08T23:18:47.980,-0.166,-0.348,-0.38
2025-12-08T23:18:47.990,-0.191,-0.337,-0.327
2025-12-08T23:18:48.000,-0.207,-0.34,-0.28
2025-12-08T23:18:48.010,-0.21,-0.362,-0.28
2025-12-08T23:18:48.020,-0.204,-0.368,-0.268
2025-12-08T23:18:48.030,-0.17,-0.359,-0.298
2025-12-08T23:18:48.040,-0.138,-0.372,-0.358
2025-12-08T23:18:48.050,-0.115,-0.379,-0.362
2025-12-08T23:18:48.060,-0.077,-0.376,-0.332
2025-12-08T23:18:48.070,-0.055,-0.403,-0.291
2025-12-08T23:18:48.080,-0.034,-0.433,-0.256
2025-12-08T23:18:48.090,-0.007,-0.474,-0.231
2025-12-08T23:18:48.100,0.003,-0.515,-0.225
2025-12-08T23:18:48.110,-0.0,-0.542,-0.216
2025-12-08T23:18:48.120,-0.009,-0.57,-0.198
2025-12-08T23:18:48.130,-0.016,-0.59,-0.202
2025-12-08T23:18:48.140,-0.037,-0.62,-0.205
2025-12-08T23:18:48.150,-0.059,-0.644,-0.205
2025-12-08T23:18:48.160,-0.072,-0.642,-0.2
2025-12-08T23:18:48.170,-0.086,-0.644,-0.205
2025-12-08T23:18:48.180,-0.079,-0.651,-0.209
2025-12-08T23:18:48.190,-0.063,-0.644,-0.199
2025-12-08T23:18:48.200,-0.049,-0.65,-0.186
2025-12-08T23:18:48.210,-0.039,-0.651,-0.144
2025-12-08T23:18:48.220,-0.025,-0.628,-0.115
2025-12-08T23:18:48.230,-0.005,-0.617,-0.121
2025-12-08T23:18:48.240,0.005,-0.608,-0.132
2025-12-08T23:18:48.250,0.011,-0.612,-0.124
2025-12-08T23:18:48.260,0.0,-0.635,-0.089
2025-12-08T23:18:48.270,-0.021,-0.663,-0.029
2025-12-08T23:18:48.280,-0.032,-0.697,0.019
2025-12-08T23:18:48.290,-0.046,-0.718,0.011
2025-12-08T23:18:48.300,-0.057,-0.733,-0.014
2025-12-08T23:18:48.310,-0.072,-0.741,-0.054
2025-12-08T23:18:48.320,-0.099,-0.741,-0.067
2025-12-08T23:18:48.330,-0.122,-0.744,-0.004
2025-12-08T23:18:48.340,-0.144,-0.743,0.072
2025-12-08T23:18:48.350,-0.164,-0.737,0.135
2025-12-08T23:18:48.360,-0.168,-0.724,0.162
2025-12-08T23:18:48.370,-0.154,-0.726,0.142
2025-12-08T23:18:48.380,-0.15,-0.732,0.131
2025-12-08T23:18:48.390,-0.158,-0.731,0.164
2025-12-08T23:18:48.400,-0.176,-0.749,0.225
2025-12-08T23:18:48.410,-0.205,-0.773,0.274
2025-12-08T23:18:48.420,-0.23,-0.79,0.28
2025-12-08T23:18:48.430,-0.251,-0.804,0.226
2025-12-08T23:18:48.440,-0.276,-0.808,0.132
2025-12-08T23:18:48.450,-0.31,-0.806,0.067
2025-12-08T23:18:48.460,-0.332,-0.807,0.061
2025-12-08T23:18:48.470,-0.355,-0.811,0.069
2025-12-08T23:18:48.480,-0.376,-0.817,0.077
2025-12-08T23:18:48.490,-0.38,-0.791,0.084
2025-12-08T23:18:48.500,-0.382,-0.751,0.061
2025-12-08T23:18:48.510,-0.381,-0.721,0.039
2025-12-08T23:18:48.520,-0.377,-0.664,0.077
2025-12-08T23:18:48.530,-0.368,-0.611,0.123
2025-12-08T23:18:48.540,-0.385,-0.576,0.158
2025-12-08T23:18:48.550,-0.412,-0.53,0.202
2025-12-08T23:18:48.560,-0.418,-0.494,0.208
2025-12-08T23:18:48.570,-0.439,-0.479,0.174
2025-12-08T23:18:48.580,-0.446,-0.458,0.129
2025-12-08T23:18:48.590,-0.432,-0.426,0.078
2025-12-08T23:18:48.600,-0.417,-0.403,0.028
2025-12-08T23:18:48.610,-0.396,-0.379,-0.011
2025-12-08T23:18:48.620,-0.356,-0.36,-0.037
2025-12-08T23:18:48.630,-0.317,-0.356,-0.055
2025-12-08T23:18:48.640,-0.3,-0.345,-0.037
2025-12-08T23:18:48.650,-0.271,-0.336,-0.002
2025-12-08T23:18:48.660,-0.243,-0.317,0.018
2025-12-08T23:18:48.670,-0.237,-0.288,0.027
2025-12-08T23:18:48.680,-0.227,-0.252,0.012
2025-12-08T23:18:48.690,-0.21,-0.205,-0.032
2025-12-08T23:18:48.700,-0.201,-0.183,-0.094
2025-12-08T23:18:48.710,-0.195,-0.177,-0.145
2025-12-08T23:18:48.720,-0.189,-0.176,-0.178
2025-12-08T23:18:48.730,-0.196,-0.209,-0.189
2025-12-08T23:18:48.740,-0.199,-0.245,-0.166
2025-12-08T23:18:48.750,-0.195,-0.253,-0.144
2025-12-08T23:18:48.760,-0.195,-0.25,-0.155
2025-12-08T23:18:48.770,-0.17,-0.251,-0.199
2025-12-08T23:18:48.780,-0.142,-0.233,-0.234
2025-12-08T23:18:48.790,-0.143,-0.207,-0.224
2025-12-08T23:18:48.800,-0.148,-0.192,-0.171
2025-12-08T23:18:48.810,-0.153,-0.171,-0.142
2025-12-08T23:18:48.820,-0.153,-0.15,-0.152
2025-12-08T23:18:48.830,-0.151,-0.128,-0.198
2025-12-08T23:18:48.840,-0.165,-0.116,-0.266
2025-12-08T23:18:48.850,-0.189,-0.103,-0.292
2025-12-08T23:18:48.860,-0.221,-0.075,-0.309
2025-12-08T23:18:48.870,-0.257,-0.057,-0.326
2025-12-08T23:18:48.880,-0.284,-0.023,-0.359
2025-12-08T23:18:48.890,-0.297,0.011,-0.394
2025-12-08T23:18:48.900,-0.305,0.039,-0.41
2025-12-08T23:18:48.910,-0.303,0.076,-0.421
2025-12-08T23:18:48.920,-0.287,0.116,-0.397
2025-12-08T23:18:48.930,-0.259,0.141,-0.37
2025-12-08T23:18:48.940,-0.234,0.146,-0.328
2025-12-08T23:18:48.950,-0.207,0.161,-0.295
2025-12-08T23:18:48.960,-0.164,0.153,-0.292
2025-12-08T23:18:48.970,-0.143,0.147,-0.31
2025-12-08T23:18:48.980,-0.143,0.141,-0.322
2025-12-08T23:18:48.990,-0.143,0.118,-0.288
2025-12-08T23:18:49.000,-0.154,0.12,-0.251
2025-12-08T23:18:49.010,-0.155,0.123,-0.218
2025-12-08T23:18:49.020,-0.139,0.143,-0.232
2025-12-08T23:18:49.030,-0.121,0.153,-0.289
2025-12-08T23:18:49.040,-0.124,0.145,-0.341
2025-12-08T23:18:49.050,-0.121,0.145,-0.352
2025-12-08T23:18:49.060,-0.118,0.129,-0.313
2025-12-08T23:18:49.070,-0.136,0.123,-0.266
2025-12-08T23:18:49.080,-0.14,0.132,-0.212
2025-12-08T23:18:49.090,-0.144,0.159,-0.208
2025-12-08T23:18:49.100,-0.156,0.185,-0.25
2025-12-08T23:18:49.110,-0.17,0.212,-0.262
2025-12-08T23:18:49.120,-0.189,0.244,-0.244
2025-12-08T23:18:49.130,-0.221,0.248,-0.201
2025-12-08T23:18:49.140,-0.261,0.273,-0.166
2025-12-08T23:18:49.150,-0.281,0.324,-0.184
2025-12-08T23:18:49.160,-0.306,0.369,-0.269
2025-12-08T23:18:49.170,-0.34,0.421,-0.35
2025-12-08T23:18:49.180,-0.369,0.474,-0.364
2025-12-08T23:18:49.190,-0.397,0.506,-0.321
2025-12-08T23:18:49.200,-0.418,0.52,-0.228
2025-12-08T23:18:49.210,-0.43,0.538,-0.136
2025-12-08T23:18:49.220,-0.43,0.563,-0.11
2025-12-08T23:18:49.230,-0.43,0.591,-0.15
2025-12-08T23:18:49.240,-0.423,0.628,-0.223
2025-12-08T23:18:49.250,-0.415,0.674,-0.283
2025-12-08T23:18:49.260,-0.415,0.695,-0.297
2025-12-08T23:18:49.270,-0.421,0.707,-0.247
2025-12-08T23:18:49.280,-0.425,0.719,-0.168
2025-12-08T23:18:49.290,-0.421,0.723,-0.138
2025-12-08T23:18:49.300,-0.419,0.735,-0.141
2025-12-08T23:18:49.310,-0.416,0.74,-0.153
2025-12-08T23:18:49.320,-0.416,0.744,-0.173
2025-12-08T23:18:49.330,-0.408,0.742,-0.164
2025-12-08T23:18:49.340,-0.38,0.747,-0.145
2025-12-08T23:18:49.350,-0.346,0.77,-0.136
2025-12-08T23:18:49.360,-0.307,0.771,-0.111
2025-12-08T23:18:49.370,-0.286,0.769,-0.087
2025-12-08T23:18:49.380,-0.276,0.767,-0.064
2025-12-08T23:18:49.390,-0.28,0.753,-0.021
2025-12-08T23:18:49.400,-0.297,0.742,0.018
2025-12-08T23:18:49.410,-0.303,0.718,0.041
2025-12-08T23:18:49.420,-0.308,0.714,0.037
2025-12-08T23:18:49.430,-0.303,0.71,-0.009
2025-12-08T23:18:49.440,-0.294,0.694,-0.087
2025-12-08T23:18:49.450,-0.3,0.686,-0.14
2025-12-08T23:18:49.460,-0.314,0.661,-0.132
2025-12-08T23:18:49.470,-0.342,0.641,-0.103
2025-12-08T23:18:49.480,-0.368,0.633,-0.047
2025-12-08T23:18:49.490,-0.369,0.622,-0.004
2025-12-08T23:18:49.500,-0.375,0.625,-0.016
2025-12-08T23:18:49.510,-0.384,0.651,-0.027
2025-12-08T23:18:49.520,-0.374,0.689,-0.05
2025-12-08T23:18:49.530,-0.367,0.697,-0.083
2025-12-08T23:18:49.540,-0.36,0.69,-0.083
2025-12-08T23:18:49.550,-0.344,0.68,-0.055
2025-12-08T23:18:49.560,-0.316,0.644,-0.037
2025-12-08T23:18:49.570,-0.283,0.599,-0.045
2025-12-08T23:18:49.580,-0.239,0.558,-0.05
2025-12-08T23:18:49.590,-0.189,0.521,-0.075
2025-12-08T23:18:49.600,-0.167,0.488,-0.077
2025-12-08T23:18:49.610,-0.152,0.478,-0.021
2025-12-08T23:18:49.620,-0.128,0.475,0.03
2025-12-08T23:18:49.630,-0.123,0.462,0.065
2025-12-08T23:18:49.640,-0.118,0.466,0.071
2025-12-08T23:18:49.650,-0.102,0.451,0.04
2025-12-08T23:18:49.660,-0.091,0.425,-0.002
2025-12-08T23:18:49.670,-0.071,0.406,-0.017
2025-12-08T23:18:49.680,-0.037,0.381,-0.01
2025-12-08T23:18:49.690,-0.008,0.353,-0.003
2025-12-08T23:18:49.700,0.006,0.324,0.02
2025-12-08T23:18:49.710,0.026,0.307,0.025
2025-12-08T23:18:49.720,0.055,0.276,-0.003
2025-12-08T23:18:49.730,0.072,0.251,-0.028
2025-12-08T23:18:49.740,0.087,0.244,-0.026
2025-12-08T23:18:49.750,0.103,0.221,-0.005
2025-12-08T23:18:49.760,0.107,0.209,0.014
2025-12-08T23:18:49.770,0.113,0.192,0.032
2025-12-08T23:18:49.780,0.13,0.181,0.013
2025-12-08T23:18:49.790,0.143,0.169,-0.009
2025-12-08T23:18:49.800,0.153,0.145,0.009
2025-12-08T23:18:49.810,0.155,0.136,0.036
2025-12-08T23:18:49.820,0.155,0.099,0.074
2025-12-08T23:18:49.830,0.162,0.064,0.102
2025-12-08T23:18:49.840,0.168,0.052,0.107
2025-12-08T23:18:49.850,0.175,0.046,0.084
2025-12-08T23:18:49.860,0.179,0.044,0.062
2025-12-08T23:18:49.870,0.189,0.035,0.066
2025-12-08T23:18:49.880,0.206,0.044,0.066
2025-12-08T23:18:49.890,0.216,0.052,0.088
2025-12-08T23:18:49.900,0.237,0.064,0.109
2025-12-08T23:18:49.910,0.269,0.093,0.136
2025-12-08T23:18:49.920,0.314,0.111,0.199
2025-12-08T23:18:49.930,0.364,0.115,0.251
2025-12-08T23:18:49.940,0.403,0.107,0.278
2025-12-08T23:18:49.950,0.453,0.098,0.297
2025-12-08T23:18:49.960,0.509,0.084,0.305
2025-12-08T23:18:49.970,0.557,0.071,0.313
2025-12-08T23:18:49.980,0.606,0.065,0.351
2025-12-08T23:18:49.990,0.667,0.052,0.39
2025-12-08T23:18:50.000,0.703,0.054,0.42
2025-12-08T23:18:50.010,0.717,0.08,0.469
2025-12-08T23:18:50.020,0.739,0.102,0.496
2025-12-08T23:18:50.030,0.744,0.135,0.503
2025-12-08T23:18:50.040,0.746,0.187,0.515
2025-12-08T23:18:50.050,0.762,0.216,0.522
2025-12-08T23:18:50.060,0.765,0.232,0.521
2025-12-08T23:18:50.070,0.764,0.241,0.538
2025-12-08T23:18:50.080,0.776,0.227,0.568
2025-12-08T23:18:50.090,0.786,0.199,0.588
2025-12-08T23:18:50.100,0.785,0.163,0.634
2025-12-08T23:18:50.110,0.795,0.138,0.68
2025-12-08T23:18:50.120,0.801,0.12,0.69
2025-12-08T23:18:50.130,0.783,0.116,0.668
2025-12-08T23:18:50.140,0.789,0.137,0.599
2025-12-08T23:18:50.150,0.804,0.157,0.518
2025-12-08T23:18:50.160,0.803,0.184,0.473
2025-12-08T23:18:50.170,0.815,0.203,0.488
2025-12-08T23:18:50.180,0.829,0.194,0.549
2025-12-08T23:18:50.190,0.819,0.166,0.626
2025-12-08T23:18:50.200,0.797,0.143,0.703
2025-12-08T23:18:50.210,0.786,0.13,0.728
2025-12-08T23:18:50.220,0.787,0.118,0.695
2025-12-08T23:18:50.230,0.792,0.126,0.642
2025-12-08T23:18:50.240,0.808,0.145,0.583
2025-12-08T23:18:50.250,0.812,0.158,0.554
2025-12-08T23:18:50.260,0.808,0.157,0.55
2025-12-08T23:18:50.270,0.82,0.154,0.555
2025-12-08T23:18:50.280,0.828,0.161,0.563
2025-12-08T23:18:50.290,0.827,0.153,0.582
2025-12-08T23:18:50.300,0.829,0.153,0.622
2025-12-08T23:18:50.310,0.828,0.157,0.68
2025-12-08T23:18:50.320,0.819,0.157,0.729
2025-12-08T23:18:50.330,0.817,0.168,0.732
2025-12-08T23:18:50.340,0.823,0.185,0.702
2025-12-08T23:18:50.350,0.826,0.201,0.661
2025-12-08T23:18:50.360,0.822,0.2,0.637
2025-12-08T23:18:50.370,0.814,0.211,0.637
2025-12-08T23:18:50.380,0.806,0.216,0.63
2025-12-08T23:18:50.390,0.796,0.209,0.607
2025-12-08T23:18:50.400,0.774,0.222,0.579
2025-12-08T23:18:50.410,0.746,0.222,0.542
2025-12-08T23:18:50.420,0.725,0.214,0.507
2025-12-08T23:18:50.430,0.706,0.207,0.494
2025-12-08T23:18:50.440,0.685,0.2,0.48
2025-12-08T23:18:50.450,0.678,0.189,0.459
2025-12-08T23:18:50.460,0.676,0.167,0.454
2025-12-08T23:18:50.470,0.662,0.139,0.449
2025-12-08T23:18:50.480,0.652,0.101,0.446
2025-12-08T23:18:50.490,0.635,0.061,0.446
2025-12-08T23:18:50.500,0.595,0.019,0.435
2025-12-08T23:18:50.510,0.559,-0.027,0.414
2025-12-08T23:18:50.520,0.529,-0.074,0.374
2025-12-08T23:18:50.530,0.492,-0.109,0.324
2025-12-08T23:18:50.540,0.467,-0.137,0.283
2025-12-08T23:18:50.550,0.456,-0.174,0.253
2025-12-08T23:18:50.560,0.446,-0.189,0.237
2025-12-08T23:18:50.570,0.455,-0.188,0.214
2025-12-08T23:18:50.580,0.474,-0.181,0.175
2025-12-08T23:18:50.590,0.481,-0.18,0.15
2025-12-08T23:18:50.600,0.475,-0.184,0.171
2025-12-08T23:18:50.610,0.475,-0.184,0.228
2025-12-08T23:18:50.620,0.473,-0.192,0.258
2025-12-08T23:18:50.630,0.46,-0.191,0.243
2025-12-08T23:18:50.640,0.46,-0.182,0.197
2025-12-08T23:18:50.650,0.446,-0.185,0.137
2025-12-08T23:18:50.660,0.406,-0.197,0.106
2025-12-08T23:18:50.670,0.375,-0.209,0.11
2025-12-08T23:18:50.680,0.345,-0.216,0.117
2025-12-08T23:18:50.690,0.316,-0.232,0.083
2025-12-08T23:18:50.700,0.315,-0.236,0.02
2025-12-08T23:18:50.710,0.336,-0.232,-0.073
2025-12-08T23:18:50.720,0.357,-0.243,-0.177
2025-12-08T23:18:50.730,0.367,-0.24,-0.198
2025-12-08T23:18:50.740,0.382,-0.232,-0.17
2025-12-08T23:18:50.750,0.388,-0.235,-0.144
2025-12-08T23:18:50.760,0.387,-0.219,-0.132
2025-12-08T23:18:50.770,0.412,-0.196,-0.161
2025-12-08T23:18:50.780,0.424,-0.19,-0.23
2025-12-08T23:18:50.790,0.417,-0.206,-0.289
2025-12-08T23:18:50.800,0.408,-0.228,-0.312
2025-12-08T23:18:50.810,0.394,-0.25,-0.352
2025-12-08T23:18:50.820,0.383,-0.28,-0.389
2025-12-08T23:18:50.830,0.376,-0.295,-0.436
2025-12-08T23:18:50.840,0.379,-0.305,-0.519
2025-12-08T23:18:50.850,0.371,-0.314,-0.577
2025-12-08T23:18:50.860,0.359,-0.325,-0.592
2025-12-08T23:18:50.870,0.348,-0.33,-0.559
2025-12-08T23:18:50.880,0.318,-0.309,-0.506
2025-12-08T23:18:50.890,0.298,-0.292,-0.469
2025-12-08T23:18:50.900,0.3,-0.277,-0.499
2025-12-08T23:18:50.910,0.313,-0.269,-0.571
2025-12-08T23:18:50.920,0.318,-0.252,-0.63
2025-12-08T23:18:50.930,0.307,-0.215,-0.688
2025-12-08T23:18:50.940,0.289,-0.193,-0.712
2025-12-08T23:18:50.950,0.266,-0.181,-0.7
2025-12-08T23:18:50.960,0.241,-0.183,-0.703
2025-12-08T23:18:50.970,0.217,-0.192,-0.743
2025-12-08T23:18:50.980,0.195,-0.199,-0.804
2025-12-08T23:18:50.990,0.184,-0.196,-0.876
2025-12-08T23:18:51.000,0.18,-0.18,-0.927
2025-12-08T23:18:51.010,0.186,-0.158,-0.949
2025-12-08T23:18:51.020,0.197,-0.12,-0.967
2025-12-08T23:18:51.030,0.2,-0.082,-0.967
2025-12-08T23:18:51.040,0.205,-0.05,-0.943
2025-12-08T23:18:51.050,0.22,-0.029,-0.911
2025-12-08T23:18:51.060,0.234,0.003,-0.899
2025-12-08T23:18:51.070,0.255,0.038,-0.913
2025-12-08T23:18:51.080,0.276,0.055,-0.962
2025-12-08T23:18:51.090,0.271,0.081,-1.017
2025-12-08T23:18:51.100,0.26,0.103,-1.034
2025-12-08T23:18:51.110,0.246,0.119,-1.019
2025-12-08T23:18:51.120,0.211,0.123,-0.972
2025-12-08T23:18:51.130,0.188,0.125,-0.92
2025-12-08T23:18:51.140,0.179,0.145,-0.894
2025-12-08T23:18:51.150,0.169,0.159,-0.931
2025-12-08T23:18:51.160,0.163,0.189,-1.01
2025-12-08T23:18:51.170,0.166,0.224,-1.067
2025-12-08T23:18:51.180,0.166,0.243,-1.081
2025-12-08T23:18:51.190,0.151,0.268,-1.043
2025-12-08T23:18:51.200,0.145,0.29,-0.99
2025-12-08T23:18:51.210,0.139,0.308,-0.961
2025-12-08T23:18:51.220,0.116,0.33,-0.949
2025-12-08T23:18:51.230,0.098,0.355,-0.942
2025-12-08T23:18:51.240,0.093,0.362,-0.955
2025-12-08T23:18:51.250,0.073,0.375,-0.981
2025-12-08T23:18:51.260,0.052,0.407,-0.991
2025-12-08T23:18:51.270,0.043,0.425,-0.999
2025-12-08T23:18:51.280,0.001,0.433,-0.99
2025-12-08T23:18:51.290,-0.051,0.433,-0.929
2025-12-08T23:18:51.300,-0.087,0.442,-0.867
2025-12-08T23:18:51.310,-0.125,0.45,-0.846
2025-12-08T23:18:51.320,-0.152,0.448,-0.857
2025-12-08T23:18:51.330,-0.171,0.454,-0.886
2025-12-08T23:18:51.340,-0.186,0.447,-0.91
2025-12-08T23:18:51.350,-0.205,0.441,-0.903
2025-12-08T23:18:51.360,-0.217,0.423,-0.851
2025-12-08T23:18:51.370,-0.223,0.396,-0.799
2025-12-08T23:18:51.380,-0.243,0.368,-0.763
2025-12-08T23:18:51.390,-0.264,0.337,-0.722
2025-12-08T23:18:51.400,-0.289,0.335,-0.703
2025-12-08T23:18:51.410,-0.336,0.337,-0.711
2025-12-08T23:18:51.420,-0.373,0.327,-0.721
2025-12-08T23:18:51.430,-0.405,0.317,-0.715
2025-12-08T23:18:51.440,-0.449,0.31,-0.685
2025-12-08T23:18:51.450,-0.474,0.301,-0.625
2025-12-08T23:18:51.460,-0.482,0.31,-0.558
2025-12-08T23:18:51.470,-0.48,0.335,-0.518
2025-12-08T23:18:51.480,-0.481,0.342,-0.477
2025-12-08T23:18:51.490,-0.499,0.361,-0.405
2025-12-08T23:18:51.500,-0.521,0.377,-0.315
2025-12-08T23:18:51.510,-0.548,0.376,-0.238
2025-12-08T23:18:51.520,-0.574,0.39,-0.178
2025-12-08T23:18:51.530,-0.607,0.41,-0.133
2025-12-08T23:18:51.540,-0.651,0.446,-0.117
2025-12-08T23:18:51.550,-0.704,0.478,-0.098
2025-12-08T23:18:51.560,-0.764,0.505,-0.075
2025-12-08T23:18:51.570,-0.816,0.523,-0.036
2025-12-08T23:18:51.580,-0.872,0.52,0.021
2025-12-08T23:18:51.590,-0.928,0.515,0.058
2025-12-08T23:18:51.600,-0.969,0.507,0.089
2025-12-08T23:18:51.610,-1.0,0.5,0.1
2025-12-08T23:18:51.620,-1.026,0.489,0.139
2025-12-08T23:18:51.630,-1.05,0.487,0.225
2025-12-08T23:18:51.640,-1.069,0.489,0.294
2025-12-08T23:18:51.650,-1.084,0.48,0.356
2025-12-08T23:18:51.660,-1.1,0.489,0.41
2025-12-08T23:18:51.670,-1.114,0.492,0.463
2025-12-08T23:18:51.680,-1.128,0.486,0.516
2025-12-08T23:18:51.690,-1.154,0.496,0.564
2025-12-08T23:18:51.700,-1.167,0.511,0.583
2025-12-08T23:18:51.710,-1.184,0.517,0.571
2025-12-08T23:18:51.720,-1.218,0.517,0.59
2025-12-08T23:18:51.730,-1.228,0.518,0.655
2025-12-08T23:18:51.740,-1.242,0.489,0.759
2025-12-08T23:18:51.750,-1.264,0.445,0.856
2025-12-08T23:18:51.760,-1.262,0.401,0.908
2025-12-08T23:18:51.770,-1.256,0.362,0.923
2025-12-08T23:18:51.780,-1.253,0.345,0.91
2025-12-08T23:18:51.790,-1.242,0.342,0.896
2025-12-08T23:18:51.800,-1.218,0.344,0.913
2025-12-08T23:18:51.810,-1.203,0.33,0.967
2025-12-08T23:18:51.820,-1.213,0.319,1.045
2025-12-08T23:18:51.830,-1.221,0.316,1.129
2025-12-08T23:18:51.840,-1.234,0.306,1.162
2025-12-08T23:18:51.850,-1.264,0.312,1.158
2025-12-08T23:18:51.860,-1.26,0.323,1.141
2025-12-08T23:18:51.870,-1.249,0.33,1.112
2025-12-08T23:18:51.880,-1.243,0.329,1.134
2025-12-08T23:18:51.890,-1.21,0.335,1.202
2025-12-08T23:18:51.900,-1.186,0.345,1.276
2025-12-08T23:18:51.910,-1.169,0.332,1.354
2025-12-08T23:18:51.920,-1.163,0.33,1.421
2025-12-08T23:18:51.930,-1.163,0.333,1.456
2025-12-08T23:18:51.940,-1.163,0.325,1.475
2025-12-08T23:18:51.950,-1.17,0.318,1.471
2025-12-08T23:18:51.960,-1.162,0.301,1.444
2025-12-08T23:18:51.970,-1.154,0.291,1.407
2025-12-08T23:18:51.980,-1.125,0.274,1.364
2025-12-08T23:18:51.990,-1.078,0.251,1.34
2025-12-08T23:18:52.000,-1.051,0.228,1.345
2025-12-08T23:18:52.010,-1.033,0.191,1.375
2025-12-08T23:18:52.020,-1.033,0.163,1.406
2025-12-08T23:18:52.030,-1.019,0.128,1.421
2025-12-08T23:18:52.040,-0.996,0.086,1.402
2025-12-08T23:18:52.050,-0.976,0.052,1.358
2025-12-08T23:18:52.060,-0.946,0.024,1.326
2025-12-08T23:18:52.070,-0.926,0.003,1.324
2025-12-08T23:18:52.080,-0.906,-0.02,1.353
2025-12-08T23:18:52.090,-0.893,-0.039,1.39
2025-12-08T23:18:52.100,-0.884,-0.059,1.404
2025-12-08T23:18:52.110,-0.865,-0.086,1.366
2025-12-08T23:18:52.120,-0.862,-0.112,1.301
2025-12-08T23:18:52.130,-0.853,-0.125,1.251
2025-12-08T23:18:52.140,-0.834,-0.137,1.23
2025-12-08T23:18:52.150,-0.832,-0.154,1.229
2025-12-08T23:18:52.160,-0.822,-0.163,1.236
2025-12-08T23:18:52.170,-0.803,-0.171,1.227
2025-12-08T23:18:52.180,-0.797,-0.187,1.183
2025-12-08T23:18:52.190,-0.792,-0.207,1.149
2025-12-08T23:18:52.200,-0.769,-0.221,1.114
2025-12-08T23:18:52.210,-0.747,-0.25,1.082
2025-12-08T23:18:52.220,-0.75,-0.281,1.089
2025-12-08T23:18:52.230,-0.746,-0.311,1.083
2025-12-08T23:18:52.240,-0.734,-0.357,1.047
2025-12-08T23:18:52.250,-0.75,-0.386,0.984
2025-12-08T23:18:52.260,-0.757,-0.408,0.91
2025-12-08T23:18:52.270,-0.76,-0.441,0.856
2025-12-08T23:18:52.280,-0.767,-0.477,0.833
2025-12-08T23:18:52.290,-0.75,-0.512,0.831
2025-12-08T23:18:52.300,-0.706,-0.54,0.786
2025-12-08T23:18:52.310,-0.653,-0.569,0.706
2025-12-08T23:18:52.320,-0.619,-0.587,0.653
2025-12-08T23:18:52.330,-0.592,-0.587,0.623
2025-12-08T23:18:52.340,-0.566,-0.599,0.605
2025-12-08T23:18:52.350,-0.555,-0.621,0.6
2025-12-08T23:18:52.360,-0.549,-0.633,0.605
2025-12-08T23:18:52.370,-0.54,-0.656,0.591
2025-12-08T23:18:52.380,-0.531,-0.689,0.578
2025-12-08T23:18:52.390,-0.522,-0.703,0.547
2025-12-08T23:18:52.400,-0.502,-0.72,0.424
2025-12-08T23:18:52.410,-0.472,-0.744,0.3
2025-12-08T23:18:52.420,-0.457,-0.755,0.246
2025-12-08T23:18:52.430,-0.465,-0.774,0.226
2025-12-08T23:18:52.440,-0.47,-0.803,0.251
2025-12-08T23:18:52.450,-0.454,-0.813,0.277
2025-12-08T23:18:52.460,-0.435,-0.821,0.249
2025-12-08T23:18:52.470,-0.406,-0.827,0.208
2025-12-08T23:18:52.480,-0.359,-0.815,0.167
2025-12-08T23:18:52.490,-0.326,-0.803,0.118
2025-12-08T23:18:52.500,-0.306,-0.791,0.099
2025-12-08T23:18:52.510,-0.29,-0.78,0.105
2025-12-08T23:18:52.520,-0.28,-0.778,0.082
2025-12-08T23:18:52.530,-0.278,-0.768,0.039
2025-12-08T23:18:52.540,-0.269,-0.762,0.014
2025-12-08T23:18:52.550,-0.263,-0.778,0.013
2025-12-08T23:18:52.560,-0.291,-0.81,0.048
2025-12-08T23:18:52.570,-0.316,-0.851,0.076
2025-12-08T23:18:52.580,-0.326,-0.87,0.014
2025-12-08T23:18:52.590,-0.329,-0.876,-0.126
2025-12-08T23:18:52.600,-0.321,-0.883,-0.243
2025-12-08T23:18:52.610,-0.314,-0.864,-0.287
2025-12-08T23:18:52.620,-0.303,-0.851,-0.285
2025-12-08T23:18:52.630,-0.297,-0.854,-0.258
2025-12-08T23:18:52.640,-0.281,-0.84,-0.249
2025-12-08T23:18:52.650,-0.263,-0.824,-0.289
2025-12-08T23:18:52.660,-0.254,-0.817,-0.325
2025-12-08T23:18:52.670,-0.237,-0.812,-0.338
2025-12-08T23:18:52.680,-0.227,-0.801,-0.351
2025-12-08T23:18:52.690,-0.211,-0.799,-0.344
2025-12-08T23:18:52.700,-0.195,-0.805,-0.332
2025-12-08T23:18:52.710,-0.18,-0.823,-0.357
2025-12-08T23:18:52.720,-0.147,-0.852,-0.398
2025-12-08T23:18:52.730,-0.111,-0.872,-0.432
2025-12-08T23:18:52.740,-0.088,-0.905,-0.443
2025-12-08T23:18:52.750,-0.085,-0.925,-0.418
2025-12-08T23:18:52.760,-0.08,-0.936,-0.382
2025-12-08T23:18:52.770,-0.078,-0.941,-0.376
2025-12-08T23:18:52.780,-0.078,-0.918,-0.397
2025-12-08T23:18:52.790,-0.059,-0.9,-0.432
2025-12-08T23:18:52.800,-0.038,-0.867,-0.48
2025-12-08T23:18:52.810,-0.03,-0.83,-0.51
2025-12-08T23:18:52.820,-0.021,-0.816,-0.512
2025-12-08T23:18:52.830,-0.014,-0.805,-0.48
2025-12-08T23:18:52.840,-0.026,-0.8,-0.455
2025-12-08T23:18:52.850,-0.03,-0.803,-0.471
2025-12-08T23:18:52.860,-0.023,-0.782,-0.519
2025-12-08T23:18:52.870,-0.023,-0.759,-0.578
2025-12-08T23:18:52.880,-0.023,-0.754,-0.599
2025-12-08T23:18:52.890,-0.031,-0.725,-0.584
2025-12-08T23:18:52.900,-0.032,-0.698,-0.576
2025-12-08T23:18:52.910,-0.027,-0.69,-0.603
2025-12-08T23:18:52.920,-0.018,-0.667,-0.634
2025-12-08T23:18:52.930,-0.011,-0.629,-0.656
2025-12-08T23:18:52.940,-0.004,-0.592,-0.678
2025-12-08T23:18:52.950,0.012,-0.567,-0.667
2025-12-08T23:18:52.960,0.023,-0.543,-0.649
2025-12-08T23:18:52.970,0.036,-0.521,-0.655
2025-12-08T23:18:52.980,0.059,-0.495,-0.669
2025-12-08T23:18:52.990,0.078,-0.47,-0.671
2025-12-08T23:18:53.000,0.097,-0.432,-0.689
2025-12-08T23:18:53.010,0.126,-0.382,-0.733
2025-12-08T23:18:53.020,0.146,-0.354,-0.762
2025-12-08T23:18:53.030,0.149,-0.325,-0.785
2025-12-08T23:18:53.040,0.155,-0.311,-0.8
2025-12-08T23:18:53.050,0.17,-0.305,-0.779
2025-12-08T23:18:53.060,0.178,-0.276,-0.733
2025-12-08T23:18:53.070,0.184,-0.248,-0.709
2025-12-08T23:18:53.080,0.219,-0.226,-0.719
2025-12-08T23:18:53.090,0.247,-0.19,-0.726
2025-12-08T23:18:53.100,0.27,-0.145,-0.738
2025-12-08T23:18:53.110,0.301,-0.116,-0.733
2025-12-08T23:18:53.120,0.307,-0.097,-0.676
2025-12-08T23:18:53.130,0.308,-0.08,-0.6
2025-12-08T23:18:53.140,0.308,-0.064,-0.559
2025-12-08T23:18:53.150,0.319,-0.038,-0.592
2025-12-08T23:18:53.160,0.34,-0.02,-0.649
2025-12-08T23:18:53.170,0.348,-0.013,-0.671
2025-12-08T23:18:53.180,0.351,-0.012,-0.66
2025-12-08T23:18:53.190,0.339,-0.009,-0.618
2025-12-08T23:18:53.200,0.327,-0.003,-0.587
2025-12-08T23:18:53.210,0.303,-0.005,-0.599
2025-12-08T23:18:53.220,0.271,0.009,-0.647
2025-12-08T23:18:53.230,0.266,0.027,-0.693
2025-12-08T23:18:53.240,0.252,0.035,-0.713
2025-12-08T23:18:53.250,0.242,0.043,-0.728
2025-12-08T23:18:53.260,0.251,0.054,-0.71
2025-12-08T23:18:53.270,0.259,0.073,-0.671
2025-12-08T23:18:53.280,0.252,0.093,-0.616
2025-12-08T23:18:53.290,0.249,0.108,-0.556
2025-12-08T23:18:53.300,0.252,0.114,-0.518
2025-12-08T23:18:53.310,0.24,0.123,-0.478
2025-12-08T23:18:53.320,0.238,0.139,-0.459
2025-12-08T23:18:53.330,0.244,0.154,-0.462
2025-12-08T23:18:53.340,0.249,0.168,-0.467
2025-12-08T23:18:53.350,0.269,0.179,-0.478
2025-12-08T23:18:53.360,0.29,0.188,-0.461
2025-12-08T23:18:53.370,0.309,0.181,-0.416
2025-12-08T23:18:53.380,0.331,0.179,-0.38
2025-12-08T23:18:53.390,0.353,0.171,-0.359
2025-12-08T23:18:53.400,0.374,0.153,-0.343
2025-12-08T23:18:53.410,0.396,0.162,-0.319
2025-12-08T23:18:53.420,0.423,0.169,-0.269
2025-12-08T23:18:53.430,0.441,0.184,-0.213
2025-12-08T23:18:53.440,0.452,0.218,-0.177
2025-12-08T23:18:53.450,0.473,0.249,-0.17
2025-12-08T23:18:53.460,0.482,0.28,-0.187
2025-12-08T23:18:53.470,0.482,0.31,-0.207
2025-12-08T23:18:53.480,0.485,0.349,-0.219
2025-12-08T23:18:53.490,0.482,0.364,-0.212
2025-12-08T23:18:53.500,0.476,0.372,-0.182
2025-12-08T23:18:53.510,0.471,0.401,-0.146
2025-12-08T23:18:53.520,0.478,0.405,-0.14
2025-12-08T23:18:53.530,0.48,0.406,-0.115
2025-12-08T23:18:53.540,0.482,0.412,-0.068
2025-12-08T23:18:53.550,0.482,0.394,-0.047
2025-12-08T23:18:53.560,0.476,0.385,-0.041
2025-12-08T23:18:53.570,0.483,0.393,-0.058
2025-12-08T23:18:53.580,0.48,0.392,-0.086
2025-12-08T23:18:53.590,0.477,0.41,-0.114
2025-12-08T23:18:53.600,0.483,0.448,-0.122
2025-12-08T23:18:53.610,0.487,0.479,-0.124
2025-12-08T23:18:53.620,0.485,0.507,-0.137
2025-12-08T23:18:53.630,0.475,0.526,-0.123
2025-12-08T23:18:53.640,0.479,0.538,-0.105
2025-12-08T23:18:53.650,0.48,0.549,-0.066
2025-12-08T23:18:53.660,0.489,0.556,-0.015
2025-12-08T23:18:53.670,0.521,0.549,0.025
2025-12-08T23:18:53.680,0.548,0.557,0.037
2025-12-08T23:18:53.690,0.569,0.587,-0.006
2025-12-08T23:18:53.700,0.589,0.606,-0.043
2025-12-08T23:18:53.710,0.592,0.629,-0.045
2025-12-08T23:18:53.720,0.581,0.643,0.002
2025-12-08T23:18:53.730,0.573,0.65,0.067
2025-12-08T23:18:53.740,0.565,0.665,0.083
2025-12-08T23:18:53.750,0.56,0.685,0.058
2025-12-08T23:18:53.760,0.571,0.718,0.021
2025-12-08T23:18:53.770,0.58,0.725,0.016
2025-12-08T23:18:53.780,0.563,0.735,0.07
2025-12-08T23:18:53.790,0.553,0.746,0.146
2025-12-08T23:18:53.800,0.558,0.724,0.182
2025-12-08T23:18:53.810,0.555,0.721,0.172
2025-12-08T23:18:53.820,0.566,0.708,0.13
2025-12-08T23:18:53.830,0.58,0.68,0.06
2025-12-08T23:18:53.840,0.589,0.672,0.013
2025-12-08T23:18:53.850,0.608,0.661,-0.015
2025-12-08T23:18:53.860,0.621,0.645,-0.032
2025-12-08T23:18:53.870,0.633,0.64,-0.031
2025-12-08T23:18:53.880,0.658,0.646,-0.045
2025-12-08T23:18:53.890,0.679,0.643,-0.062
2025-12-08T23:18:53.900,0.682,0.647,-0.06
2025-12-08T23:18:53.910,0.679,0.662,-0.045
2025-12-08T23:18:53.920,0.673,0.653,-0.02
2025-12-08T23:18:53.930,0.655,0.646,0.002
2025-12-08T23:18:53.940,0.65,0.64,0.01
2025-12-08T23:18:53.950,0.667,0.627,-0.011
2025-12-08T23:18:53.960,0.677,0.621,-0.027
2025-12-08T23:18:53.970,0.694,0.626,-0.027
2025-12-08T23:18:53.980,0.723,0.636,-0.055
2025-12-08T23:18:53.990,0.735,0.635,-0.073
2025-12-08T23:18:54.000,0.753,0.631,-0.075
2025-12-08T23:18:54.010,0.782,0.611,-0.07
2025-12-08T23:18:54.020,0.811,0.586,-0.044
2025-12-08T23:18:54.030,0.838,0.559,-0.013
2025-12-08T23:18:54.040,0.864,0.523,0.023
2025-12-08T23:18:54.050,0.885,0.489,0.05
2025-12-08T23:18:54.060,0.891,0.467,0.075
2025-12-08T23:18:54.070,0.914,0.453,0.078
2025-12-08T23:18:54.080,0.937,0.427,0.059
2025-12-08T23:18:54.090,0.929,0.41,0.062
2025-12-08T23:18:54.100,0.927,0.385,0.073
2025-12-08T23:18:54.110,0.917,0.352,0.082
2025-12-08T23:18:54.120,0.896,0.346,0.066
2025-12-08T23:18:54.130,0.899,0.329,0.039
2025-12-08T23:18:54.140,0.896,0.316,0.029
2025-12-08T23:18:54.150,0.897,0.312,0.034
2025-12-08T23:18:54.160,0.922,0.287,0.042
2025-12-08T23:18:54.170,0.949,0.266,0.031
2025-12-08T23:18:54.180,0.979,0.244,0.014
2025-12-08T23:18:54.190,1.012,0.208,0.02
2025-12-08T23:18:54.200,1.04,0.172,0.061
2025-12-08T23:18:54.210,1.047,0.14,0.104
2025-12-08T23:18:54.220,1.043,0.113,0.109
2025-12-08T23:18:54.230,1.041,0.095,0.085
2025-12-08T23:18:54.240,1.02,0.079,0.056
2025-12-08T23:18:54.250,0.997,0.063,0.052
2025-12-08T23:18:54.260,0.994,0.043,0.069
2025-12-08T23:18:54.270,1.001,0.019,0.094
2025-12-08T23:18:54.280,1.009,0.004,0.118
2025-12-08T23:18:54.290,1.028,-0.02,0.133
2025-12-08T23:18:54.300,1.06,-0.045,0.138
2025-12-08T23:18:54.310,1.092,-0.055,0.155
2025-12-08T23:18:54.320,1.132,-0.066,0.204
2025-12-08T23:18:54.330,1.163,-0.078,0.268
2025-12-08T23:18:54.340,1.17,-0.086,0.323
2025-12-08T23:18:54.350,1.163,-0.092,0.358
2025-12-08T23:18:54.360,1.137,-0.082,0.387
2025-12-08T23:18:54.370,1.098,-0.06,0.4
2025-12-08T23:18:54.380,1.062,-0.057,0.405
2025-12-08T23:18:54.390,1.024,-0.055,0.402
2025-12-08T23:18:54.400,0.98,-0.054,0.353
2025-12-08T23:18:54.410,0.953,-0.068,0.29
2025-12-08T23:18:54.420,0.93,-0.073,0.255
2025-12-08T23:18:54.430,0.904,-0.078,0.238
2025-12-08T23:18:54.440,0.895,-0.089,0.241
2025-12-08T23:18:54.450,0.89,-0.09,0.246
2025-12-08T23:18:54.460,0.885,-0.082,0.241
2025-12-08T23:18:54.470,0.888,-0.069,0.256
2025-12-08T23:18:54.480,0.881,-0.052,0.301
2025-12-08T23:18:54.490,0.863,-0.043,0.333
2025-12-08T23:18:54.500,0.861,-0.048,0.35
2025-12-08T23:18:54.510,0.853,-0.045,0.391
2025-12-08T23:18:54.520,0.829,-0.048,0.434
2025-12-08T23:18:54.530,0.806,-0.062,0.458
2025-12-08T23:18:54.540,0.783,-0.066,0.447
2025-12-08T23:18:54.550,0.762,-0.078,0.393
2025-12-08T23:18:54.560,0.735,-0.11,0.344
2025-12-08T23:18:54.570,0.704,-0.142,0.348
2025-12-08T23:18:54.580,0.67,-0.17,0.405
2025-12-08T23:18:54.590,0.64,-0.183,0.471
2025-12-08T23:18:54.600,0.62,-0.176,0.53
2025-12-08T23:18:54.610,0.607,-0.16,0.563
2025-12-08T23:18:54.620,0.614,-0.13,0.565
2025-12-08T23:18:54.630,0.631,-0.095,0.58
2025-12-08T23:18:54.640,0.633,-0.066,0.598
2025-12-08T23:18:54.650,0.606,-0.05,0.627
2025-12-08T23:18:54.660,0.571,-0.051,0.674
2025-12-08T23:18:54.670,0.544,-0.057,0.678
2025-12-08T23:18:54.680,0.512,-0.055,0.639
2025-12-08T23:18:54.690,0.486,-0.051,0.576
2025-12-08T23:18:54.700,0.467,-0.057,0.51
2025-12-08T23:18:54.710,0.449,-0.073,0.464
2025-12-08T23:18:54.720,0.443,-0.099,0.456
2025-12-08T23:18:54.730,0.437,-0.116,0.466
2025-12-08T23:18:54.740,0.425,-0.114,0.464
2025-12-08T23:18:54.750,0.417,-0.109,0.476
2025-12-08T23:18:54.760,0.4,-0.091,0.484
2025-12-08T23:18:54.770,0.363,-0.081,0.485
2025-12-08T23:18:54.780,0.329,-0.075,0.48
2025-12-08T23:18:54.790,0.309,-0.063,0.441
2025-12-08T23:18:54.800,0.291,-0.072,0.388
2025-12-08T23:18:54.810,0.266,-0.083,0.352
2025-12-08T23:18:54.820,0.237,-0.1,0.348
2025-12-08T23:18:54.830,0.209,-0.121,0.351
2025-12-08T23:18:54.840,0.189,-0.134,0.338
2025-12-08T23:18:54.850,0.172,-0.15,0.298
2025-12-08T23:18:54.860,0.149,-0.159,0.237
2025-12-08T23:18:54.870,0.128,-0.166,0.207
2025-12-08T23:18:54.880,0.107,-0.164,0.237
2025-12-08T23:18:54.890,0.073,-0.151,0.289
2025-12-08T23:18:54.900,0.03,-0.142,0.3
2025-12-08T23:18:54.910,0.009,-0.141,0.255
2025-12-08T23:18:54.920,0.002,-0.146,0.196
2025-12-08T23:18:54.930,-0.014,-0.151,0.158
2025-12-08T23:18:54.940,-0.02,-0.175,0.172
2025-12-08T23:18:54.950,-0.024,-0.193,0.209
2025-12-08T23:18:54.960,-0.038,-0.207,0.207
2025-12-08T23:18:54.970,-0.059,-0.221,0.168
2025-12-08T23:18:54.980,-0.084,-0.223,0.101
2025-12-08T23:18:54.990,-0.12,-0.23,0.045
2025-12-08T23:18:55.000,-0.173,-0.232,0.062
2025-12-08T23:18:55.010,-0.214,-0.239,0.106
2025-12-08T23:18:55.020,-0.248,-0.248,0.122
2025-12-08T23:18:55.030,-0.265,-0.248,0.108
2025-12-08T23:18:55.040,-0.26,-0.255,0.043
2025-12-08T23:18:55.050,-0.27,-0.26,-0.053
2025-12-08T23:18:55.060,-0.289,-0.268,-0.099
2025-12-08T23:18:55.070,-0.304,-0.275,-0.1
2025-12-08T23:18:55.080,-0.325,-0.287,-0.101
2025-12-08T23:18:55.090,-0.344,-0.291,-0.097
2025-12-08T23:18:55.100,-0.362,-0.291,-0.117
2025-12-08T23:18:55.110,-0.389,-0.316,-0.164
2025-12-08T23:18:55.120,-0.417,-0.328,-0.193
2025-12-08T23:18:55.130,-0.428,-0.35,-0.205
2025-12-08T23:18:55.140,-0.441,-0.378,-0.212
2025-12-08T23:18:55.150,-0.469,-0.378,-0.197
2025-12-08T23:18:55.160,-0.48,-0.388,-0.175
2025-12-08T23:18:55.170,-0.48,-0.394,-0.176
2025-12-08T23:18:55.180,-0.494,-0.382,-0.178
2025-12-08T23:18:55.190,-0.514,-0.373,-0.179
2025-12-08T23:18:55.200,-0.538,-0.371,-0.176
2025-12-08T23:18:55.210,-0.567,-0.369,-0.167
2025-12-08T23:18:55.220,-0.586,-0.376,-0.161
2025-12-08T23:18:55.230,-0.592,-0.384,-0.171
2025-12-08T23:18:55.240,-0.6,-0.377,-0.209
2025-12-08T23:18:55.250,-0.608,-0.371,-0.252
2025-12-08T23:18:55.260,-0.63,-0.358,-0.28
2025-12-08T23:18:55.270,-0.676,-0.338,-0.295
2025-12-08T23:18:55.280,-0.731,-0.338,-0.296
2025-12-08T23:18:55.290,-0.794,-0.351,-0.285
2025-12-08T23:18:55.300,-0.854,-0.361,-0.297
2025-12-08T23:18:55.310,-0.895,-0.366,-0.337
2025-12-08T23:18:55.320,-0.918,-0.359,-0.394
2025-12-08T23:18:55.330,-0.935,-0.348,-0.462
2025-12-08T23:18:55.340,-0.948,-0.331,-0.498
2025-12-08T23:18:55.350,-0.951,-0.314,-0.494
2025-12-08T23:18:55.360,-0.965,-0.316,-0.467
2025-12-08T23:18:55.370,-0.985,-0.322,-0.412
2025-12-08T23:18:55.380,-0.995,-0.326,-0.344
2025-12-08T23:18:55.390,-1.013,-0.324,-0.301
2025-12-08T23:18:55.400,-1.042,-0.326,-0.294
2025-12-08T23:18:55.410,-1.073,-0.338,-0.314
2025-12-08T23:18:55.420,-1.115,-0.339,-0.357
2025-12-08T23:18:55.430,-1.158,-0.345,-0.376
2025-12-08T23:18:55.440,-1.186,-0.357,-0.371
2025-12-08T23:18:55.450,-1.217,-0.358,-0.359
2025-12-08T23:18:55.460,-1.236,-0.355,-0.342
2025-12-08T23:18:55.470,-1.229,-0.355,-0.339
2025-12-08T23:18:55.480,-1.229,-0.352,-0.35
2025-12-08T23:18:55.490,-1.243,-0.347,-0.37
2025-12-08T23:18:55.500,-1.245,-0.354,-0.367
2025-12-08T23:18:55.510,-1.266,-0.357,-0.333
2025-12-08T23:18:55.520,-1.299,-0.364,-0.28
2025-12-08T23:18:55.530,-1.293,-0.388,-0.228
2025-12-08T23:18:55.540,-1.288,-0.402,-0.209
2025-12-08T23:18:55.550,-1.295,-0.41,-0.222
2025-12-08T23:18:55.560,-1.29,-0.42,-0.252
2025-12-08T23:18:55.570,-1.294,-0.431,-0.282
2025-12-08T23:18:55.580,-1.311,-0.443,-0.307
2025-12-08T23:18:55.590,-1.349,-0.432,-0.322
2025-12-08T23:18:55.600,-1.393,-0.43,-0.323
2025-12-08T23:18:55.610,-1.434,-0.446,-0.334
2025-12-08T23:18:55.620,-1.47,-0.442,-0.332
2025-12-08T23:18:55.630,-1.486,-0.457,-0.311
2025-12-08T23:18:55.640,-1.493,-0.485,-0.31
2025-12-08T23:18:55.650,-1.484,-0.489,-0.307
2025-12-08T23:18:55.660,-1.453,-0.504,-0.289
2025-12-08T23:18:55.670,-1.409,-0.522,-0.275
2025-12-08T23:18:55.680,-1.363,-0.521,-0.248
2025-12-08T23:18:55.690,-1.324,-0.52,-0.227
2025-12-08T23:18:55.700,-1.289,-0.521,-0.235
2025-12-08T23:18:55.710,-1.27,-0.52,-0.242
2025-12-08T23:18:55.720,-1.262,-0.526,-0.232
2025-12-08T23:18:55.730,-1.263,-0.538,-0.218
2025-12-08T23:18:55.740,-1.264,-0.561,-0.181
2025-12-08T23:18:55.750,-1.264,-0.588,-0.125
2025-12-08T23:18:55.760,-1.265,-0.612,-0.096
2025-12-08T23:18:55.770,-1.254,-0.642,-0.096
2025-12-08T23:18:55.780,-1.236,-0.647,-0.114
2025-12-08T23:18:55.790,-1.204,-0.65,-0.125
2025-12-08T23:18:55.800,-1.163,-0.661,-0.119
2025-12-08T23:18:55.810,-1.124,-0.657,-0.098
2025-12-08T23:18:55.820,-1.08,-0.66,-0.068
2025-12-08T23:18:55.830,-1.037,-0.653,-0.066
2025-12-08T23:18:55.840,-0.994,-0.621,-0.065
2025-12-08T23:18:55.850,-0.951,-0.594,-0.061
2025-12-08T23:18:55.860,-0.937,-0.576,-0.049
2025-12-08T23:18:55.870,-0.94,-0.562,0.011
2025-12-08T23:18:55.880,-0.943,-0.559,0.082
2025-12-08T23:18:55.890,-0.949,-0.561,0.107
2025-12-08T23:18:55.900,-0.948,-0.548,0.073
2025-12-08T23:18:55.910,-0.94,-0.53,-0.018
2025-12-08T23:18:55.920,-0.936,-0.51,-0.144
2025-12-08T23:18:55.930,-0.935,-0.501,-0.208
2025-12-08T23:18:55.940,-0.931,-0.507,-0.174
2025-12-08T23:18:55.950,-0.929,-0.518,-0.091
2025-12-08T23:18:55.960,-0.915,-0.511,-0.017
2025-12-08T23:18:55.970,-0.871,-0.496,-0.002
2025-12-08T23:18:55.980,-0.819,-0.482,-0.051
2025-12-08T23:18:55.990,-0.781,-0.452,-0.121
2025-12-08T23:18:56.000,-0.757,-0.437,-0.131
2025-12-08T23:18:56.010,-0.742,-0.409,-0.091
2025-12-08T23:18:56.020,-0.729,-0.384,-0.038
2025-12-08T23:18:56.030,-0.707,-0.389,-0.007
2025-12-08T23:18:56.040,-0.678,-0.392,-0.042
2025-12-08T23:18:56.050,-0.65,-0.401,-0.104
2025-12-08T23:18:56.060,-0.615,-0.393,-0.158
2025-12-08T23:18:56.070,-0.57,-0.384,-0.191
2025-12-08T23:18:56.080,-0.534,-0.382,-0.199
2025-12-08T23:18:56.090,-0.51,-0.369,-0.177
2025-12-08T23:18:56.100,-0.47,-0.352,-0.13
2025-12-08T23:18:56.110,-0.422,-0.319,-0.089
2025-12-08T23:18:56.120,-0.373,-0.285,-0.049
2025-12-08T23:18:56.130,-0.314,-0.249,-0.03
2025-12-08T23:18:56.140,-0.272,-0.211,-0.027
2025-12-08T23:18:56.150,-0.242,-0.187,-0.016
2025-12-08T23:18:56.160,-0.214,-0.174,0.001
2025-12-08T23:18:56.170,-0.202,-0.172,0.013
2025-12-08T23:18:56.180,-0.189,-0.174,-0.002
2025-12-08T23:18:56.190,-0.166,-0.167,-0.048
2025-12-08T23:18:56.200,-0.149,-0.145,-0.106
2025-12-08T23:18:56.210,-0.139,-0.117,-0.151
2025-12-08T23:18:56.220,-0.123,-0.1,-0.155
2025-12-08T23:18:56.230,-0.109,-0.103,-0.123
2025-12-08T23:18:56.240,-0.1,-0.111,-0.071
2025-12-08T23:18:56.250,-0.077,-0.109,-0.018
2025-12-08T23:18:56.260,-0.032,-0.09,-0.029
2025-12-08T23:18:56.270,0.016,-0.057,-0.103
2025-12-08T23:18:56.280,0.061,-0.028,-0.164
2025-12-08T23:18:56.290,0.099,0.014,-0.171
2025-12-08T23:18:56.300,0.119,0.041,-0.1
2025-12-08T23:18:56.310,0.139,0.05,0.005
2025-12-08T23:18:56.320,0.165,0.07,0.068
2025-12-08T23:18:56.330,0.187,0.062,0.061
2025-12-08T23:18:56.340,0.212,0.049,-0.004
2025-12-08T23:18:56.350,0.251,0.04,-0.078
2025-12-08T23:18:56.360,0.285,0.03,-0.126
2025-12-08T23:18:56.370,0.298,0.027,-0.108
2025-12-08T23:18:56.380,0.302,0.01,-0.034
2025-12-08T23:18:56.390,0.281,-0.014,0.065
2025-12-08T23:18:56.400,0.269,-0.039,0.145
2025-12-08T23:18:56.410,0.294,-0.05,0.143
2025-12-08T23:18:56.420,0.329,-0.044,0.073
2025-12-08T23:18:56.430,0.368,-0.036,0.0
2025-12-08T23:18:56.440,0.391,-0.023,-0.025
2025-12-08T23:18:56.450,0.407,-0.022,-0.021
2025-12-08T23:18:56.460,0.43,-0.022,-0.003
2025-12-08T23:18:56.470,0.458,-0.014,0.018
2025-12-08T23:18:56.480,0.491,-0.008,0.007
2025-12-08T23:18:56.490,0.511,-0.001,-0.007
2025-12-08T23:18:56.500,0.537,0.005,-0.002
2025-12-08T23:18:56.510,0.561,0.011,-0.002
2025-12-08T23:18:56.520,0.566,0.014,0.018
2025-12-08T23:18:56.530,0.566,0.018,0.056
2025-12-08T23:18:56.540,0.565,0.029,0.065
2025-12-08T23:18:56.550,0.572,0.027,0.043
2025-12-08T23:18:56.560,0.601,0.027,0.004
2025-12-08T23:18:56.570,0.64,0.035,-0.043
2025-12-08T23:18:56.580,0.67,0.045,-0.073
2025-12-08T23:18:56.590,0.696,0.068,-0.064
2025-12-08T23:18:56.600,0.725,0.098,-0.048
2025-12-08T23:18:56.610,0.756,0.116,-0.037
2025-12-08T23:18:56.620,0.787,0.137,0.01
2025-12-08T23:18:56.630,0.818,0.147,0.066
2025-12-08T23:18:56.640,0.842,0.139,0.12
2025-12-08T23:18:56.650,0.861,0.14,0.162
2025-12-08T23:18:56.660,0.89,0.139,0.166
2025-12-08T23:18:56.670,0.908,0.134,0.142
2025-12-08T23:18:56.680,0.93,0.137,0.111
2025-12-08T23:18:56.690,0.955,0.146,0.099
2025-12-08T23:18:56.700,0.971,0.16,0.094
2025-12-08T23:18:56.710,0.999,0.17,0.102
2025-12-08T23:18:56.720,1.022,0.193,0.106
2025-12-08T23:18:56.730,1.043,0.223,0.088
2025-12-08T23:18:56.740,1.065,0.238,0.087
2025-12-08T23:18:56.750,1.081,0.261,0.116
2025-12-08T23:18:56.760,1.094,0.28,0.165
2025-12-08T23:18:56.770,1.1,0.294,0.208
2025-12-08T23:18:56.780,1.122,0.313,0.23
2025-12-08T23:18:56.790,1.145,0.325,0.228
2025-12-08T23:18:56.800,1.146,0.335,0.218
2025-12-08T23:18:56.810,1.154,0.335,0.218
2025-12-08T23:18:56.820,1.161,0.339,0.21
2025-12-08T23:18:56.830,1.146,0.353,0.194
2025-12-08T23:18:56.840,1.15,0.365,0.166
2025-12-08T23:18:56.850,1.154,0.398,0.123
2025-12-08T23:18:56.860,1.14,0.442,0.076
2025-12-08T23:18:56.870,1.129,0.487,0.04
2025-12-08T23:18:56.880,1.105,0.522,0.042
2025-12-08T23:18:56.890,1.079,0.528,0.078
2025-12-08T23:18:56.900,1.054,0.539,0.145
2025-12-08T23:18:56.910,1.036,0.547,0.206
2025-12-08T23:18:56.920,1.023,0.549,0.223
2025-12-08T23:18:56.930,1.018,0.562,0.216
2025-12-08T23:18:56.940,1.033,0.568,0.191
2025-12-08T23:18:56.950,1.027,0.587,0.15
2025-12-08T23:18:56.960,1.013,0.619,0.107
2025-12-08T23:18:56.970,0.999,0.645,0.098
2025-12-08T23:18:56.980,0.972,0.665,0.107
2025-12-08T23:18:56.990,0.949,0.674,0.107
2025-12-08T23:18:57.000,0.933,0.681,0.104
2025-12-08T23:18:57.010,0.935,0.685,0.081
2025-12-08T23:18:57.020,0.929,0.687,0.09
2025-12-08T23:18:57.030,0.913,0.692,0.149
2025-12-08T23:18:57.040,0.893,0.7,0.195
2025-12-08T23:18:57.050,0.854,0.715,0.205
2025-12-08T23:18:57.060,0.82,0.745,0.188
2025-12-08T23:18:57.070,0.779,0.784,0.165
2025-12-08T23:18:57.080,0.719,0.828,0.129
2025-12-08T23:18:57.090,0.666,0.861,0.086
2025-12-08T23:18:57.100,0.617,0.864,0.021
2025-12-08T23:18:57.110,0.571,0.85,-0.046
2025-12-08T23:18:57.120,0.538,0.831,-0.042
2025-12-08T23:18:57.130,0.523,0.816,-0.009
2025-12-08T23:18:57.140,0.514,0.81,0.02
2025-12-08T23:18:57.150,0.51,0.815,0.039
2025-12-08T23:18:57.160,0.508,0.83,0.027
2025-12-08T23:18:57.170,0.494,0.83,0.023
2025-12-08T23:18:57.180,0.481,0.826,0.044
2025-12-08T23:18:57.190,0.468,0.832,0.078
2025-12-08T23:18:57.200,0.448,0.833,0.096
2025-12-08T23:18:57.210,0.426,0.846,0.086
2025-12-08T23:18:57.220,0.417,0.855,0.047
2025-12-08T23:18:57.230,0.41,0.856,-0.02
2025-12-08T23:18:57.240,0.399,0.867,-0.054
2025-12-08T23:18:57.250,0.393,0.871,-0.051
2025-12-08T23:18:57.260,0.382,0.876,-0.025
2025-12-08T23:18:57.270,0.369,0.879,0.023
2025-12-08T23:18:57.280,0.367,0.876,0.054
2025-12-08T23:18:57.290,0.369,0.871,0.056
2025-12-08T23:18:57.300,0.361,0.862,0.049
2025-12-08T23:18:57.310,0.353,0.855,0.06
2025-12-08T23:18:57.320,0.352,0.847,0.065
2025-12-08T23:18:57.330,0.348,0.847,0.054
2025-12-08T23:18:57.340,0.362,0.862,0.05
2025-12-08T23:18:57.350,0.395,0.895,0.034
2025-12-08T23:18:57.360,0.417,0.922,-0.001
2025-12-08T23:18:57.370,0.439,0.92,-0.036
2025-12-08T23:18:57.380,0.462,0.906,-0.052
2025-12-08T23:18:57.390,0.467,0.871,-0.043
2025-12-08T23:18:57.400,0.464,0.833,0.009
2025-12-08T23:18:57.410,0.449,0.808,0.068
2025-12-08T23:18:57.420,0.43,0.764,0.093
2025-12-08T23:18:57.430,0.418,0.727,0.11
2025-12-08T23:18:57.440,0.41,0.707,0.106
2025-12-08T23:18:57.450,0.401,0.697,0.086
2025-12-08T23:18:57.460,0.392,0.711,0.071
2025-12-08T23:18:57.470,0.394,0.716,0.034
2025-12-08T23:18:57.480,0.4,0.702,-0.029
2025-12-08T23:18:57.490,0.401,0.69,-0.071
2025-12-08T23:18:57.500,0.392,0.671,-0.08
2025-12-08T23:18:57.510,0.384,0.638,-0.065
2025-12-08T23:18:57.520,0.364,0.612,-0.008
2025-12-08T23:18:57.530,0.347,0.599,0.048
2025-12-08T23:18:57.540,0.36,0.582,0.06
2025-12-08T23:18:57.550,0.362,0.576,0.054
2025-12-08T23:18:57.560,0.376,0.564,0.035
2025-12-08T23:18:57.570,0.395,0.551,0.015
2025-12-08T23:18:57.580,0.384,0.566,0.026
2025-12-08T23:18:57.590,0.394,0.561,0.037
2025-12-08T23:18:57.600,0.392,0.565,0.03
2025-12-08T23:18:57.610,0.376,0.591,0.009
2025-12-08T23:18:57.620,0.374,0.591,-0.029
2025-12-08T23:18:57.630,0.382,0.582,-0.059
2025-12-08T23:18:57.640,0.389,0.561,-0.073
2025-12-08T23:18:57.650,0.378,0.535,-0.038
2025-12-08T23:18:57.660,0.405,0.505,0.018
2025-12-08T23:18:57.670,0.43,0.472,0.075
2025-12-08T23:18:57.680,0.425,0.472,0.148
2025-12-08T23:18:57.690,0.451,0.45,0.176
2025-12-08T23:18:57.700,0.449,0.436,0.183
2025-12-08T23:18:57.710,0.441,0.464,0.176
2025-12-08T23:18:57.720,0.446,0.462,0.139
2025-12-08T23:18:57.730,0.437,0.464,0.118
2025-12-08T23:18:57.740,0.432,0.474,0.125
2025-12-08T23:18:57.750,0.41,0.476,0.13
2025-12-08T23:18:57.760,0.405,0.461,0.109
2025-12-08T23:18:57.770,0.395,0.434,0.077
2025-12-08T23:18:57.780,0.388,0.432,0.031
2025-12-08T23:18:57.790,0.401,0.398,0.033
2025-12-08T23:18:57.800,0.411,0.373,0.091
2025-12-08T23:18:57.810,0.436,0.355,0.135
2025-12-08T23:18:57.820,0.433,0.331,0.152
2025-12-08T23:18:57.830,0.423,0.326,0.121
2025-12-08T23:18:57.840,0.401,0.299,0.089
2025-12-08T23:18:57.850,0.353,0.302,0.053
2025-12-08T23:18:57.860,0.336,0.273,0.011
2025-12-08T23:18:57.870,0.316,0.253,0.004
2025-12-08T23:18:57.880,0.298,0.271,-0.002
2025-12-08T23:18:57.890,0.298,0.246,-0.02
2025-12-08T23:18:57.900,0.308,0.258,-0.024
2025-12-08T23:18:57.910,0.317,0.27,-0.014
2025-12-08T23:18:57.920,0.302,0.265,-0.024
2025-12-08T23:18:57.930,0.309,0.268,-0.008
2025-12-08T23:18:57.940,0.306,0.248,0.011
2025-12-08T23:18:57.950,0.289,0.232,0.005
2025-12-08T23:18:57.960,0.292,0.233,0.03
2025-12-08T23:18:57.970,0.281,0.224,0.033
2025-12-08T23:18:57.980,0.275,0.207,-0.004
2025-12-08T23:18:57.990,0.262,0.223,-0.054
2025-12-08T23:18:58.000,0.245,0.225,-0.101
2025-12-08T23:18:58.010,0.223,0.227,-0.151
2025-12-08T23:18:58.020,0.185,0.243,-0.154
2025-12-08T23:18:58.030,0.177,0.245,-0.128
2025-12-08T23:18:58.040,0.165,0.253,-0.128
2025-12-08T23:18:58.050,0.154,0.246,-0.099
2025-12-08T23:18:58.060,0.148,0.246,-0.105
2025-12-08T23:18:58.070,0.13,0.235,-0.144
2025-12-08T23:18:58.080,0.115,0.215,-0.164
2025-12-08T23:18:58.090,0.087,0.211,-0.187
2025-12-08T23:18:58.100,0.089,0.189,-0.187
2025-12-08T23:18:58.110,0.079,0.183,-0.181
2025-12-08T23:18:58.120,0.064,0.173,-0.189
2025-12-08T23:18:58.130,0.068,0.151,-0.217
2025-12-08T23:18:58.140,0.024,0.138,-0.25
2025-12-08T23:18:58.150,0.005,0.107,-0.297
2025-12-08T23:18:58.160,-0.016,0.08,-0.342
2025-12-08T23:18:58.170,-0.051,0.061,-0.383
2025-12-08T23:18:58.180,-0.047,0.054,-0.435
2025-12-08T23:18:58.190,-0.063,0.063,-0.442
2025-12-08T23:18:58.200,-0.065,0.075,-0.422
2025-12-08T23:18:58.210,-0.052,0.095,-0.413
2025-12-08T23:18:58.220,-0.039,0.107,-0.4
2025-12-08T23:18:58.230,-0.013,0.123,-0.381
2025-12-08T23:18:58.240,-0.003,0.134,-0.346
2025-12-08T23:18:58.250,0.017,0.123,-0.304
2025-12-08T23:18:58.260,0.023,0.115,-0.273
2025-12-08T23:18:58.270,0.008,0.115,-0.255
2025-12-08T23:18:58.280,-0.004,0.126,-0.248
2025-12-08T23:18:58.290,-0.033,0.122,-0.23
2025-12-08T23:18:58.300,-0.056,0.111,-0.197
2025-12-08T23:18:58.310,-0.084,0.119,-0.169
2025-12-08T23:18:58.320,-0.112,0.117,-0.178
2025-12-08T23:18:58.330,-0.132,0.105,-0.195
2025-12-08T23:18:58.340,-0.162,0.089,-0.196
2025-12-08T23:18:58.350,-0.19,0.064,-0.208
2025-12-08T23:18:58.360,-0.229,0.039,-0.211
2025-12-08T23:18:58.370,-0.273,0.012,-0.199
2025-12-08T23:18:58.380,-0.305,-0.014,-0.182
2025-12-08T23:18:58.390,-0.341,-0.03,-0.186
2025-12-08T23:18:58.400,-0.366,-0.041,-0.215
2025-12-08T23:18:58.410,-0.391,-0.05,-0.259
2025-12-08T23:18:58.420,-0.43,-0.061,-0.313
2025-12-08T23:18:58.430,-0.471,-0.077,-0.312
2025-12-08T23:18:58.440,-0.512,-0.096,-0.311
2025-12-08T23:18:58.450,-0.535,-0.131,-0.345
2025-12-08T23:18:58.460,-0.553,-0.157,-0.361
2025-12-08T23:18:58.470,-0.564,-0.176,-0.375
2025-12-08T23:18:58.480,-0.563,-0.194,-0.373
2025-12-08T23:18:58.490,-0.58,-0.2,-0.348
2025-12-08T23:18:58.500,-0.585,-0.212,-0.32
2025-12-08T23:18:58.510,-0.587,-0.221,-0.32
2025-12-08T23:18:58.520,-0.592,-0.244,-0.324
2025-12-08T23:18:58.530,-0.588,-0.285,-0.304
2025-12-08T23:18:58.540,-0.589,-0.321,-0.284
2025-12-08T23:18:58.550,-0.574,-0.364,-0.245
2025-12-08T23:18:58.560,-0.561,-0.401,-0.216
2025-12-08T23:18:58.570,-0.569,-0.44,-0.203
2025-12-08T23:18:58.580,-0.592,-0.479,-0.181
2025-12-08T23:18:58.590,-0.628,-0.521,-0.156
2025-12-08T23:18:58.600,-0.666,-0.568,-0.123
2025-12-08T23:18:58.610,-0.712,-0.603,-0.087
2025-12-08T23:18:58.620,-0.75,-0.643,-0.054
2025-12-08T23:18:58.630,-0.781,-0.682,-0.041
2025-12-08T23:18:58.640,-0.809,-0.7,-0.054
2025-12-08T23:18:58.650,-0.812,-0.713,-0.084
2025-12-08T23:18:58.660,-0.812,-0.725,-0.126
2025-12-08T23:18:58.670,-0.819,-0.732,-0.144
2025-12-08T23:18:58.680,-0.812,-0.743,-0.129
2025-12-08T23:18:58.690,-0.816,-0.743,-0.102
2025-12-08T23:18:58.700,-0.827,-0.751,-0.073
2025-12-08T23:18:58.710,-0.829,-0.779,-0.07
2025-12-08T23:18:58.720,-0.846,-0.802,-0.093
2025-12-08T23:18:58.730,-0.874,-0.838,-0.103
2025-12-08T23:18:58.740,-0.897,-0.879,-0.103
2025-12-08T23:18:58.750,-0.925,-0.919,-0.1
2025-12-08T23:18:58.760,-0.967,-0.949,-0.103
2025-12-08T23:18:58.770,-0.995,-0.975,-0.138
2025-12-08T23:18:58.780,-1.006,-1.012,-0.203
2025-12-08T23:18:58.790,-1.035,-1.022,-0.25
2025-12-08T23:18:58.800,-1.058,-1.037,-0.235
2025-12-08T23:18:58.810,-1.064,-1.074,-0.186
2025-12-08T23:18:58.820,-1.068,-1.081,-0.13
2025-12-08T23:18:58.830,-1.067,-1.08,-0.092
2025-12-08T23:18:58.840,-1.051,-1.087,-0.094
2025-12-08T23:18:58.850,-1.033,-1.089,-0.103
2025-12-08T23:18:58.860,-1.033,-1.091,-0.099
2025-12-08T23:18:58.870,-1.016,-1.108,-0.062
2025-12-08T23:18:58.880,-1.001,-1.126,0.005
2025-12-08T23:18:58.890,-1.003,-1.132,0.063
2025-12-08T23:18:58.900,-0.989,-1.153,0.093
2025-12-08T23:18:58.910,-0.974,-1.162,0.07
2025-12-08T23:18:58.920,-0.967,-1.166,0.029
2025-12-08T23:18:58.930,-0.963,-1.186,-0.005
2025-12-08T23:18:58.940,-0.958,-1.199,-0.044
2025-12-08T23:18:58.950,-0.953,-1.21,-0.05
2025-12-08T23:18:58.960,-0.956,-1.213,-0.01
2025-12-08T23:18:58.970,-0.96,-1.196,0.05
2025-12-08T23:18:58.980,-0.969,-1.18,0.078
2025-12-08T23:18:58.990,-0.969,-1.163,0.073
2025-12-08T23:18:59.000,-0.951,-1.125,0.03
2025-12-08T23:18:59.010,-0.95,-1.092,-0.03
2025-12-08T23:18:59.020,-0.951,-1.076,-0.032
2025-12-08T23:18:59.030,-0.949,-1.051,-0.027
2025-12-08T23:18:59.040,-0.969,-1.037,-0.023
2025-12-08T23:18:59.050,-0.977,-1.033,-0.023
2025-12-08T23:18:59.060,-0.976,-1.029,-0.041
2025-12-08T23:18:59.070,-0.973,-1.027,-0.046
2025-12-08T23:18:59.080,-0.961,-1.019,-0.033
2025-12-08T23:18:59.090,-0.948,-1.02,0.005
2025-12-08T23:18:59.100,-0.926,-1.024,0.013
2025-12-08T23:18:59.110,-0.914,-1.015,0.006
2025-12-08T23:18:59.120,-0.894,-1.01,-0.022
2025-12-08T23:18:59.130,-0.858,-1.007,-0.079
2025-12-08T23:18:59.140,-0.832,-0.987,-0.069
2025-12-08T23:18:59.150,-0.787,-0.961,-0.024
2025-12-08T23:18:59.160,-0.755,-0.934,0.045
2025-12-08T23:18:59.170,-0.746,-0.896,0.134
2025-12-08T23:18:59.180,-0.71,-0.869,0.181
2025-12-08T23:18:59.190,-0.685,-0.838,0.171
2025-12-08T23:18:59.200,-0.651,-0.809,0.134
2025-12-08T23:18:59.210,-0.605,-0.792,0.128
2025-12-08T23:18:59.220,-0.567,-0.77,0.128
2025-12-08T23:18:59.230,-0.52,-0.75,0.15
2025-12-08T23:18:59.240,-0.486,-0.723,0.177
2025-12-08T23:18:59.250,-0.437,-0.704,0.169
2025-12-08T23:18:59.260,-0.403,-0.692,0.182
2025-12-08T23:18:59.270,-0.368,-0.686,0.219
2025-12-08T23:18:59.280,-0.317,-0.694,0.266
2025-12-08T23:18:59.290,-0.3,-0.69,0.313
2025-12-08T23:18:59.300,-0.283,-0.686,0.344
2025-12-08T23:18:59.310,-0.269,-0.678,0.337
2025-12-08T23:18:59.320,-0.259,-0.65,0.302
2025-12-08T23:18:59.330,-0.25,-0.601,0.264
2025-12-08T23:18:59.340,-0.241,-0.545,0.213
2025-12-08T23:18:59.350,-0.226,-0.493,0.19
2025-12-08T23:18:59.360,-0.223,-0.442,0.181
2025-12-08T23:18:59.370,-0.194,-0.419,0.158
2025-12-08T23:18:59.380,-0.156,-0.401,0.125
2025-12-08T23:18:59.390,-0.121,-0.387,0.092
2025-12-08T23:18:59.400,-0.063,-0.38,0.107
2025-12-08T23:18:59.410,-0.021,-0.35,0.171
2025-12-08T23:18:59.420,0.015,-0.319,0.252
2025-12-08T23:18:59.430,0.067,-0.283,0.309
2025-12-08T23:18:59.440,0.102,-0.242,0.343
2025-12-08T23:18:59.450,0.122,-0.186,0.37
2025-12-08T23:18:59.460,0.161,-0.13,0.356
2025-12-08T23:18:59.470,0.206,-0.129,0.308
2025-12-08T23:18:59.480,0.225,-0.117,0.28
2025-12-08T23:18:59.490,0.252,-0.096,0.289
2025-12-08T23:18:59.500,0.304,-0.12,0.297
2025-12-08T23:18:59.510,0.335,-0.087,0.324
2025-12-08T23:18:59.520,0.382,-0.049,0.361
2025-12-08T23:18:59.530,0.444,-0.064,0.36
2025-12-08T23:18:59.540,0.467,-0.023,0.385
2025-12-08T23:18:59.550,0.499,0.006,0.44
2025-12-08T23:18:59.560,0.529,-0.004,0.451
2025-12-08T23:18:59.570,0.536,0.021,0.461
2025-12-08T23:18:59.580,0.551,0.039,0.457
2025-12-08T23:18:59.590,0.564,0.051,0.408
2025-12-08T23:18:59.600,0.568,0.073,0.412
2025-12-08T23:18:59.610,0.566,0.089,0.439
2025-12-08T23:18:59.620,0.574,0.085,0.444
2025-12-08T23:18:59.630,0.585,0.085,0.448
2025-12-08T23:18:59.640,0.581,0.103,0.424
2025-12-08T23:18:59.650,0.596,0.111,0.365
2025-12-08T23:18:59.660,0.605,0.134,0.299
2025-12-08T23:18:59.670,0.596,0.164,0.278
2025-12-08T23:18:59.680,0.6,0.17,0.289
2025-12-08T23:18:59.690,0.594,0.168,0.33
2025-12-08T23:18:59.700,0.595,0.171,0.393
2025-12-08T23:18:59.710,0.611,0.179,0.42
2025-12-08T23:18:59.720,0.614,0.189,0.42
2025-12-08T23:18:59.730,0.599,0.202,0.394
2025-12-08T23:18:59.740,0.561,0.211,0.357
2025-12-08T23:18:59.750,0.539,0.228,0.314
2025-12-08T23:18:59.760,0.519,0.255,0.268
2025-12-08T23:18:59.770,0.503,0.284,0.244
2025-12-08T23:18:59.780,0.507,0.303,0.239
2025-12-08T23:18:59.790,0.496,0.31,0.255
2025-12-08T23:18:59.800,0.505,0.309,0.275
2025-12-08T23:18:59.810,0.532,0.297,0.294
2025-12-08T23:18:59.820,0.553,0.291,0.317
2025-12-08T23:18:59.830,0.58,0.284,0.358
2025-12-08T23:18:59.840,0.597,0.282,0.405
2025-12-08T23:18:59.850,0.597,0.295,0.422
2025-12-08T23:18:59.860,0.603,0.3,0.411
2025-12-08T23:18:59.870,0.612,0.312,0.378
2025-12-08T23:18:59.880,0.595,0.321,0.344
2025-12-08T23:18:59.890,0.578,0.314,0.308
2025-12-08T23:18:59.900,0.569,0.31,0.261
2025-12-08T23:18:59.910,0.557,0.298,0.226
2025-12-08T23:18:59.920,0.546,0.271,0.194
2025-12-08T23:18:59.930,0.531,0.253,0.183
2025-12-08T23:18:59.940,0.515,0.246,0.206
2025-12-08T23:18:59.950,0.505,0.234,0.234
2025-12-08T23:18:59.960,0.507,0.228,0.25
2025-12-08T23:18:59.970,0.511,0.239,0.236
2025-12-08T23:18:59.980,0.515,0.249,0.197
2025-12-08T23:18:59.990,0.523,0.259,0.181
2025-12-08T23:19:00.000,0.521,0.268,0.194
2025-12-08T23:19:00.010,0.512,0.264,0.204
2025-12-08T23:19:00.020,0.494,0.255,0.202
2025-12-08T23:19:00.030,0.462,0.257,0.175
2025-12-08T23:19:00.040,0.419,0.267,0.137
2025-12-08T23:19:00.050,0.393,0.265,0.114
2025-12-08T23:19:00.060,0.383,0.277,0.082
2025-12-08T23:19:00.070,0.371,0.297,0.051
2025-12-08T23:19:00.080,0.367,0.295,0.045
2025-12-08T23:19:00.090,0.359,0.296,0.048
2025-12-08T23:19:00.100,0.343,0.283,0.069
2025-12-08T23:19:00.110,0.332,0.264,0.101
2025-12-08T23:19:00.120,0.329,0.251,0.127
2025-12-08T23:19:00.130,0.321,0.243,0.133
2025-12-08T23:19:00.140,0.311,0.245,0.125
2025-12-08T23:19:00.150,0.323,0.235,0.112
2025-12-08T23:19:00.160,0.328,0.235,0.103
2025-12-08T23:19:00.170,0.324,0.244,0.11
2025-12-08T23:19:00.180,0.319,0.248,0.091
2025-12-08T23:19:00.190,0.301,0.269,0.05
2025-12-08T23:19:00.200,0.285,0.282,0.008
2025-12-08T23:19:00.210,0.277,0.287,-0.018
2025-12-08T23:19:00.220,0.26,0.294,0.006
2025-12-08T23:19:00.230,0.239,0.291,0.064
2025-12-08T23:19:00.240,0.229,0.278,0.115
2025-12-08T23:19:00.250,0.214,0.277,0.129
2025-12-08T23:19:00.260,0.186,0.281,0.101
2025-12-08T23:19:00.270,0.166,0.285,0.041
2025-12-08T23:19:00.280,0.141,0.292,-0.03
2025-12-08T23:19:00.290,0.125,0.289,-0.09
2025-12-08T23:19:00.300,0.127,0.291,-0.137
2025-12-08T23:19:00.310,0.125,0.286,-0.175
2025-12-08T23:19:00.320,0.121,0.279,-0.213
2025-12-08T23:19:00.330,0.114,0.289,-0.234
2025-12-08T23:19:00.340,0.093,0.3,-0.237
2025-12-08T23:19:00.350,0.075,0.299,-0.231
2025-12-08T23:19:00.360,0.061,0.297,-0.193
2025-12-08T23:19:00.370,0.048,0.297,-0.146
2025-12-08T23:19:00.380,0.042,0.296,-0.114
2025-12-08T23:19:00.390,0.036,0.321,-0.099
2025-12-08T23:19:00.400,0.036,0.342,-0.112
2025-12-08T23:19:00.410,0.026,0.347,-0.156
2025-12-08T23:19:00.420,0.005,0.36,-0.202
2025-12-08T23:19:00.430,-0.0,0.362,-0.235
2025-12-08T23:19:00.440,-0.002,0.373,-0.265
2025-12-08T23:19:00.450,0.005,0.374,-0.266
2025-12-08T23:19:00.460,0.023,0.359,-0.253
2025-12-08T23:19:00.470,0.038,0.351,-0.256
2025-12-08T23:19:00.480,0.051,0.34,-0.252
2025-12-08T23:19:00.490,0.062,0.339,-0.257
2025-12-08T23:19:00.500,0.068,0.332,-0.266
2025-12-08T23:19:00.510,0.066,0.323,-0.259
2025-12-08T23:19:00.520,0.066,0.32,-0.228
2025-12-08T23:19:00.530,0.063,0.328,-0.205
2025-12-08T23:19:00.540,0.058,0.343,-0.228
2025-12-08T23:19:00.550,0.061,0.347,-0.272
2025-12-08T23:19:00.560,0.066,0.358,-0.334
2025-12-08T23:19:00.570,0.069,0.347,-0.373
2025-12-08T23:19:00.580,0.076,0.329,-0.377
2025-12-08T23:19:00.590,0.075,0.331,-0.36
2025-12-08T23:19:00.600,0.066,0.325,-0.329
2025-12-08T23:19:00.610,0.068,0.335,-0.294
2025-12-08T23:19:00.620,0.077,0.347,-0.249
2025-12-08T23:19:00.630,0.078,0.349,-0.225
2025-12-08T23:19:00.640,0.087,0.343,-0.202
2025-12-08T23:19:00.650,0.107,0.338,-0.185
2025-12-08T23:19:00.660,0.119,0.337,-0.201
2025-12-08T23:19:00.670,0.139,0.323,-0.219
2025-12-08T23:19:00.680,0.165,0.314,-0.256
2025-12-08T23:19:00.690,0.167,0.305,-0.291
2025-12-08T23:19:00.700,0.152,0.293,-0.294
2025-12-08T23:19:00.710,0.138,0.287,-0.264
2025-12-08T23:19:00.720,0.122,0.277,-0.227
2025-12-08T23:19:00.730,0.112,0.27,-0.199
2025-12-08T23:19:00.740,0.128,0.264,-0.173
2025-12-08T23:19:00.750,0.148,0.257,-0.175
2025-12-08T23:19:00.760,0.154,0.256,-0.178
2025-12-08T23:19:00.770,0.159,0.259,-0.167
2025-12-08T23:19:00.780,0.161,0.254,-0.164
2025-12-08T23:19:00.790,0.143,0.242,-0.139
2025-12-08T23:19:00.800,0.127,0.23,-0.107
2025-12-08T23:19:00.810,0.123,0.219,-0.096
2025-12-08T23:19:00.820,0.107,0.214,-0.106
2025-12-08T23:19:00.830,0.103,0.211,-0.125
2025-12-08T23:19:00.840,0.112,0.209,-0.155
2025-12-08T23:19:00.850,0.105,0.205,-0.18
2025-12-08T23:19:00.860,0.095,0.195,-0.168
2025-12-08T23:19:00.870,0.084,0.173,-0.149
2025-12-08T23:19:00.880,0.064,0.142,-0.115
2025-12-08T23:19:00.890,0.041,0.12,-0.07
2025-12-08T23:19:00.900,0.027,0.104,-0.066
2025-12-08T23:19:00.910,0.003,0.095,-0.078
2025-12-08T23:19:00.920,-0.03,0.1,-0.089
2025-12-08T23:19:00.930,-0.051,0.086,-0.111
2025-12-08T23:19:00.940,-0.065,0.058,-0.125
2025-12-08T23:19:00.950,-0.092,0.044,-0.108
2025-12-08T23:19:00.960,-0.109,0.02,-0.082
2025-12-08T23:19:00.970,-0.103,0.004,-0.079
2025-12-08T23:19:00.980,-0.095,0.004,-0.077
2025-12-08T23:19:00.990,-0.079,-0.008,-0.104
2025-12-08T23:19:01.000,-0.073,-0.0,-0.162
2025-12-08T23:19:01.010,-0.075,0.02,-0.195
2025-12-08T23:19:01.020,-0.063,0.028,-0.193
2025-12-08T23:19:01.030,-0.061,0.035,-0.157
2025-12-08T23:19:01.040,-0.066,0.031,-0.089
2025-12-08T23:19:01.050,-0.068,0.021,-0.036
2025-12-08T23:19:01.060,-0.077,0.015,-0.048
2025-12-08T23:19:01.070,-0.088,0.002,-0.092
2025-12-08T23:19:01.080,-0.09,-0.016,-0.124
2025-12-08T23:19:01.090,-0.098,-0.043,-0.149
2025-12-08T23:19:01.100,-0.113,-0.073,-0.155
2025-12-08T23:19:01.110,-0.119,-0.098,-0.148
2025-12-08T23:19:01.120,-0.117,-0.119,-0.166
2025-12-08T23:19:01.130,-0.116,-0.126,-0.194
2025-12-08T23:19:01.140,-0.102,-0.121,-0.206
2025-12-08T23:19:01.150,-0.075,-0.114,-0.223
2025-12-08T23:19:01.160,-0.05,-0.107,-0.241
2025-12-08T23:19:01.170,-0.025,-0.105,-0.227
2025-12-08T23:19:01.180,-0.007,-0.11,-0.193
2025-12-08T23:19:01.190,0.003,-0.115,-0.15
2025-12-08T23:19:01.200,0.011,-0.118,-0.102
2025-12-08T23:19:01.210,0.019,-0.122,-0.077
2025-12-08T23:19:01.220,0.011,-0.134,-0.091
2025-12-08T23:19:01.230,-0.009,-0.139,-0.122
2025-12-08T23:19:01.240,-0.023,-0.139,-0.181
2025-12-08T23:19:01.250,-0.052,-0.143,-0.264
2025-12-08T23:19:01.260,-0.08,-0.148,-0.341
2025-12-08T23:19:01.270,-0.078,-0.161,-0.4
2025-12-08T23:19:01.280,-0.073,-0.161,-0.428
2025-12-08T23:19:01.290,-0.056,-0.158,-0.407
2025-12-08T23:19:01.300,-0.017,-0.148,-0.346
2025-12-08T23:19:01.310,-0.005,-0.125,-0.268
2025-12-08T23:19:01.320,-0.004,-0.101,-0.186
2025-12-08T23:19:01.330,0.01,-0.067,-0.134
2025-12-08T23:19:01.340,0.035,-0.049,-0.135
2025-12-08T23:19:01.350,0.056,-0.029,-0.187
2025-12-08T23:19:01.360,0.07,-0.005,-0.245
2025-12-08T23:19:01.370,0.089,-0.004,-0.288
2025-12-08T23:19:01.380,0.079,-0.002,-0.3
2025-12-08T23:19:01.390,0.064,-0.005,-0.289
2025-12-08T23:19:01.400,0.061,-0.015,-0.297
2025-12-08T23:19:01.410,0.045,-0.019,-0.312
2025-12-08T23:19:01.420,0.041,-0.006,-0.328
2025-12-08T23:19:01.430,0.048,0.003,-0.35
2025-12-08T23:19:01.440,0.063,0.014,-0.359
2025-12-08T23:19:01.450,0.072,0.037,-0.352
2025-12-08T23:19:01.460,0.083,0.049,-0.346
2025-12-08T23:19:01.470,0.098,0.057,-0.33
2025-12-08T23:19:01.480,0.095,0.059,-0.275
2025-12-08T23:19:01.490,0.104,0.063,-0.227
2025-12-08T23:19:01.500,0.112,0.057,-0.184
2025-12-08T23:19:01.510,0.101,0.049,-0.165
2025-12-08T23:19:01.520,0.098,0.052,-0.212
2025-12-08T23:19:01.530,0.087,0.054,-0.28
2025-12-08T23:19:01.540,0.066,0.071,-0.349
2025-12-08T23:19:01.550,0.069,0.082,-0.378
2025-12-08T23:19:01.560,0.063,0.093,-0.368
2025-12-08T23:19:01.570,0.061,0.1,-0.35
2025-12-08T23:19:01.580,0.084,0.11,-0.313
2025-12-08T23:19:01.590,0.088,0.146,-0.287
2025-12-08T23:19:01.600,0.089,0.164,-0.266
2025-12-08T23:19:01.610,0.091,0.179,-0.228
2025-12-08T23:19:01.620,0.079,0.187,-0.192
2025-12-08T23:19:01.630,0.055,0.186,-0.178
2025-12-08T23:19:01.640,0.042,0.19,-0.175
2025-12-08T23:19:01.650,0.036,0.187,-0.196
2025-12-08T23:19:01.660,0.012,0.188,-0.264
2025-12-08T23:19:01.670,0.009,0.169,-0.318
2025-12-08T23:19:01.680,0.004,0.172,-0.339
2025-12-08T23:19:01.690,0.0,0.187,-0.344
2025-12-08T23:19:01.700,0.014,0.189,-0.326
2025-12-08T23:19:01.710,0.023,0.212,-0.29
2025-12-08T23:19:01.720,0.034,0.215,-0.26
2025-12-08T23:19:01.730,0.043,0.228,-0.228
2025-12-08T23:19:01.740,0.065,0.244,-0.162
2025-12-08T23:19:01.750,0.079,0.252,-0.108
2025-12-08T23:19:01.760,0.08,0.28,-0.068
2025-12-08T23:19:01.770,0.095,0.297,-0.045
2025-12-08T23:19:01.780,0.102,0.309,-0.087
2025-12-08T23:19:01.790,0.103,0.317,-0.143
2025-12-08T23:19:01.800,0.109,0.316,-0.207
2025-12-08T23:19:01.810,0.101,0.289,-0.263
2025-12-08T23:19:01.820,0.066,0.256,-0.254
2025-12-08T23:19:01.830,0.033,0.229,-0.19
2025-12-08T23:19:01.840,0.008,0.188,-0.138
2025-12-08T23:19:01.850,-0.02,0.161,-0.136
2025-12-08T23:19:01.860,-0.029,0.153,-0.16
2025-12-08T23:19:01.870,-0.032,0.162,-0.209
2025-12-08T23:19:01.880,-0.044,0.181,-0.205
2025-12-08T23:19:01.890,-0.05,0.205,-0.148
2025-12-08T23:19:01.900,-0.05,0.227,-0.113
2025-12-08T23:19:01.910,-0.05,0.243,-0.088
2025-12-08T23:19:01.920,-0.048,0.261,-0.1
2025-12-08T23:19:01.930,-0.057,0.245,-0.125
2025-12-08T23:19:01.940,-0.077,0.214,-0.159
2025-12-08T23:19:01.950,-0.094,0.182,-0.185
2025-12-08T23:19:01.960,-0.121,0.155,-0.193
2025-12-08T23:19:01.970,-0.15,0.132,-0.208
2025-12-08T23:19:01.980,-0.162,0.111,-0.193
2025-12-08T23:19:01.990,-0.178,0.111,-0.18
2025-12-08T23:19:02.000,-0.201,0.104,-0.165
2025-12-08T23:19:02.010,-0.217,0.099,-0.128
2025-12-08T23:19:02.020,-0.232,0.086,-0.087
2025-12-08T23:19:02.030,-0.252,0.065,-0.077
2025-12-08T23:19:02.040,-0.256,0.047,-0.116
2025-12-08T23:19:02.050,-0.262,0.021,-0.142
2025-12-08T23:19:02.060,-0.284,0.002,-0.147
2025-12-08T23:19:02.070,-0.298,-0.016,-0.114
2025-12-08T23:19:02.080,-0.303,-0.023,-0.059
2025-12-08T23:19:02.090,-0.307,-0.036,-0.044
2025-12-08T23:19:02.100,-0.31,-0.043,-0.046
2025-12-08T23:19:02.110,-0.311,-0.036,-0.035
2025-12-08T23:19:02.120,-0.316,-0.032,-0.031
2025-12-08T23:19:02.130,-0.315,-0.015,-0.052
2025-12-08T23:19:02.140,-0.299,-0.02,-0.065
2025-12-08T23:19:02.150,-0.292,-0.046,-0.075
2025-12-08T23:19:02.160,-0.298,-0.088,-0.057
2025-12-08T23:19:02.170,-0.327,-0.112,0.015
2025-12-08T23:19:02.180,-0.36,-0.133,0.062
2025-12-08T23:19:02.190,-0.381,-0.18,0.063
2025-12-08T23:19:02.200,-0.406,-0.199,0.054
2025-12-08T23:19:02.210,-0.423,-0.224,0.037
2025-12-08T23:19:02.220,-0.417,-0.25,-0.008
2025-12-08T23:19:02.230,-0.405,-0.263,-0.034
2025-12-08T23:19:02.240,-0.401,-0.289,-0.041
2025-12-08T23:19:02.250,-0.402,-0.316,-0.043
2025-12-08T23:19:02.260,-0.416,-0.346,0.018
2025-12-08T23:19:02.270,-0.44,-0.365,0.084
2025-12-08T23:19:02.280,-0.453,-0.379,0.129
2025-12-08T23:19:02.290,-0.447,-0.38,0.163
2025-12-08T23:19:02.300,-0.437,-0.386,0.157
2025-12-08T23:19:02.310,-0.431,-0.404,0.15
2025-12-08T23:19:02.320,-0.406,-0.41,0.144
2025-12-08T23:19:02.330,-0.375,-0.442,0.143
2025-12-08T23:19:02.340,-0.365,-0.478,0.147
2025-12-08T23:19:02.350,-0.361,-0.491,0.161
2025-12-08T23:19:02.360,-0.353,-0.496,0.165
2025-12-08T23:19:02.370,-0.348,-0.509,0.16
2025-12-08T23:19:02.380,-0.35,-0.51,0.207
2025-12-08T23:19:02.390,-0.352,-0.498,0.248
2025-12-08T23:19:02.400,-0.352,-0.509,0.279
2025-12-08T23:19:02.410,-0.355,-0.502,0.303
2025-12-08T23:19:02.420,-0.341,-0.494,0.289
2025-12-08T23:19:02.430,-0.319,-0.494,0.268
2025-12-08T23:19:02.440,-0.315,-0.489,0.256
2025-12-08T23:19:02.450,-0.304,-0.507,0.305
2025-12-08T23:19:02.460,-0.291,-0.517,0.367
2025-12-08T23:19:02.470,-0.281,-0.537,0.427
2025-12-08T23:19:02.480,-0.273,-0.538,0.473
2025-12-08T23:19:02.490,-0.273,-0.532,0.459
2025-12-08T23:19:02.500,-0.273,-0.54,0.445
2025-12-08T23:19:02.510,-0.275,-0.519,0.417
2025-12-08T23:19:02.520,-0.268,-0.517,0.389
2025-12-08T23:19:02.530,-0.261,-0.514,0.388
2025-12-08T23:19:02.540,-0.26,-0.504,0.421
2025-12-08T23:19:02.550,-0.243,-0.501,0.459
2025-12-08T23:19:02.560,-0.235,-0.495,0.499
2025-12-08T23:19:02.570,-0.226,-0.497,0.527
2025-12-08T23:19:02.580,-0.21,-0.502,0.493
2025-12-08T23:19:02.590,-0.207,-0.516,0.471
2025-12-08T23:19:02.600,-0.204,-0.53,0.463
2025-12-08T23:19:02.610,-0.196,-0.542,0.449
2025-12-08T23:19:02.620,-0.193,-0.535,0.46
2025-12-08T23:19:02.630,-0.194,-0.522,0.477
2025-12-08T23:19:02.640,-0.175,-0.52,0.477
2025-12-08T23:19:02.650,-0.163,-0.492,0.457
2025-12-08T23:19:02.660,-0.177,-0.474,0.446
2025-12-08T23:19:02.670,-0.162,-0.472,0.421
2025-12-08T23:19:02.680,-0.149,-0.462,0.42
2025-12-08T23:19:02.690,-0.135,-0.45,0.429
2025-12-08T23:19:02.700,-0.09,-0.431,0.413
2025-12-08T23:19:02.710,-0.048,-0.405,0.41
2025-12-08T23:19:02.720,-0.004,-0.378,0.412
2025-12-08T23:19:02.730,0.028,-0.359,0.457
2025-12-08T23:19:02.740,0.054,-0.33,0.506
2025-12-08T23:19:02.750,0.074,-0.301,0.51
2025-12-08T23:19:02.760,0.096,-0.268,0.482
2025-12-08T23:19:02.770,0.127,-0.229,0.431
2025-12-08T23:19:02.780,0.128,-0.204,0.394
2025-12-08T23:19:02.790,0.123,-0.186,0.375
2025-12-08T23:19:02.800,0.128,-0.196,0.394
2025-12-08T23:19:02.810,0.128,-0.2,0.424
2025-12-08T23:19:02.820,0.137,-0.187,0.435
2025-12-08T23:19:02.830,0.166,-0.182,0.436
2025-12-08T23:19:02.840,0.178,-0.168,0.437
2025-12-08T23:19:02.850,0.182,-0.153,0.433
2025-12-08T23:19:02.860,0.211,-0.134,0.398
2025-12-08T23:19:02.870,0.234,-0.118,0.373
2025-12-08T23:19:02.880,0.251,-0.099,0.36
2025-12-08T23:19:02.890,0.269,-0.072,0.348
2025-12-08T23:19:02.900,0.286,-0.056,0.361
2025-12-08T23:19:02.910,0.294,-0.033,0.372
2025-12-08T23:19:02.920,0.3,-0.009,0.36
2025-12-08T23:19:02.930,0.308,0.007,0.334
2025-12-08T23:19:02.940,0.308,0.03,0.292
2025-12-08T23:19:02.950,0.33,0.039,0.232
2025-12-08T23:19:02.960,0.354,0.039,0.184
2025-12-08T23:19:02.970,0.36,0.041,0.152
2025-12-08T23:19:02.980,0.374,0.042,0.137
2025-12-08T23:19:02.990,0.376,0.063,0.128
2025-12-08T23:19:03.000,0.368,0.086,0.119
2025-12-08T23:19:03.010,0.362,0.105,0.138
2025-12-08T23:19:03.020,0.354,0.139,0.163
2025-12-08T23:19:03.030,0.357,0.16,0.177
2025-12-08T23:19:03.040,0.37,0.197,0.171
2025-12-08T23:19:03.050,0.385,0.239,0.143
2025-12-08T23:19:03.060,0.401,0.26,0.109
2025-12-08T23:19:03.070,0.413,0.291,0.105
2025-12-08T23:19:03.080,0.433,0.314,0.107
2025-12-08T23:19:03.090,0.452,0.334,0.086
2025-12-08T23:19:03.100,0.476,0.362,0.075
2025-12-08T23:19:03.110,0.499,0.383,0.062
2025-12-08T23:19:03.120,0.494,0.399,0.075
2025-12-08T23:19:03.130,0.482,0.41,0.107
2025-12-08T23:19:03.140,0.477,0.421,0.123
2025-12-08T23:19:03.150,0.473,0.436,0.136
2025-12-08T23:19:03.160,0.47,0.45,0.144
2025-12-08T23:19:03.170,0.472,0.459,0.144
2025-12-08T23:19:03.180,0.471,0.478,0.108
2025-12-08T23:19:03.190,0.462,0.487,0.053
2025-12-08T23:19:03.200,0.467,0.478,0.005
2025-12-08T23:19:03.210,0.465,0.485,0.001
2025-12-08T23:19:03.220,0.448,0.481,0.027
2025-12-08T23:19:03.230,0.442,0.462,0.036
2025-12-08T23:19:03.240,0.43,0.467,0.031
2025-12-08T23:19:03.250,0.408,0.483,-0.011
2025-12-08T23:19:03.260,0.409,0.483,-0.05
2025-12-08T23:19:03.270,0.419,0.491,-0.049
2025-12-08T23:19:03.280,0.4,0.509,-0.027
2025-12-08T23:19:03.290,0.394,0.499,0.003
2025-12-08T23:19:03.300,0.392,0.498,-0.0
2025-12-08T23:19:03.310,0.368,0.503,-0.036
2025-12-08T23:19:03.320,0.36,0.501,-0.089
2025-12-08T23:19:03.330,0.35,0.517,-0.107
2025-12-08T23:19:03.340,0.326,0.542,-0.061
2025-12-08T23:19:03.350,0.296,0.573,0.014
2025-12-08T23:19:03.360,0.272,0.593,0.087
2025-12-08T23:19:03.370,0.258,0.614,0.089
2025-12-08T23:19:03.380,0.234,0.643,0.051
2025-12-08T23:19:03.390,0.23,0.646,0.014
2025-12-08T23:19:03.400,0.227,0.641,-0.019
2025-12-08T23:19:03.410,0.203,0.646,-0.01
2025-12-08T23:19:03.420,0.191,0.656,0.017
2025-12-08T23:19:03.430,0.168,0.662,0.048
2025-12-08T23:19:03.440,0.129,0.673,0.063
2025-12-08T23:19:03.450,0.107,0.675,0.062
2025-12-08T23:19:03.460,0.097,0.672,0.048
2025-12-08T23:19:03.470,0.086,0.667,0.006
2025-12-08T23:19:03.480,0.087,0.657,-0.003
2025-12-08T23:19:03.490,0.095,0.662,-0.025
2025-12-08T23:19:03.500,0.093,0.673,-0.059
2025-12-08T23:19:03.510,0.095,0.696,-0.048
2025-12-08T23:19:03.520,0.082,0.711,-0.033
2025-12-08T23:19:03.530,0.044,0.718,0.005
2025-12-08T23:19:03.540,0.008,0.734,0.063
2025-12-08T23:19:03.550,-0.033,0.734,0.102
2025-12-08T23:19:03.560,-0.068,0.726,0.101
2025-12-08T23:19:03.570,-0.076,0.716,0.061
2025-12-08T23:19:03.580,-0.068,0.709,-0.004
2025-12-08T23:19:03.590,-0.061,0.712,-0.086
2025-12-08T23:19:03.600,-0.057,0.718,-0.114
2025-12-08T23:19:03.610,-0.057,0.719,-0.095
2025-12-08T23:19:03.620,-0.066,0.711,-0.068
2025-12-08T23:19:03.630,-0.08,0.706,-0.003
2025-12-08T23:19:03.640,-0.096,0.694,0.061
2025-12-08T23:19:03.650,-0.109,0.677,0.079
2025-12-08T23:19:03.660,-0.116,0.67,0.069
2025-12-08T23:19:03.670,-0.112,0.67,0.021
2025-12-08T23:19:03.680,-0.111,0.663,-0.043
2025-12-08T23:19:03.690,-0.121,0.648,-0.071
2025-12-08T23:19:03.700,-0.13,0.635,-0.045
2025-12-08T23:19:03.710,-0.141,0.608,0.017
2025-12-08T23:19:03.720,-0.161,0.589,0.08
2025-12-08T23:19:03.730,-0.177,0.569,0.112
2025-12-08T23:19:03.740,-0.188,0.534,0.082
2025-12-08T23:19:03.750,-0.21,0.514,0.037
2025-12-08T23:19:03.760,-0.228,0.499,0.013
2025-12-08T23:19:03.770,-0.233,0.481,-0.014
2025-12-08T23:19:03.780,-0.235,0.474,-0.043
2025-12-08T23:19:03.790,-0.23,0.471,-0.06
2025-12-08T23:19:03.800,-0.223,0.464,-0.068
2025-12-08T23:19:03.810,-0.216,0.462,-0.064
2025-12-08T23:19:03.820,-0.205,0.469,-0.047
2025-12-08T23:19:03.830,-0.198,0.476,-0.05
2025-12-08T23:19:03.840,-0.194,0.476,-0.072
2025-12-08T23:19:03.850,-0.196,0.476,-0.096
2025-12-08T23:19:03.860,-0.194,0.462,-0.121
2025-12-08T23:19:03.870,-0.199,0.449,-0.129
2025-12-08T23:19:03.880,-0.217,0.444,-0.108
2025-12-08T23:19:03.890,-0.23,0.408,-0.078
2025-12-08T23:19:03.900,-0.257,0.375,-0.077
2025-12-08T23:19:03.910,-0.275,0.362,-0.077
2025-12-08T23:19:03.920,-0.256,0.359,-0.109
2025-12-08T23:19:03.930,-0.241,0.382,-0.162
2025-12-08T23:19:03.940,-0.223,0.385,-0.163
2025-12-08T23:19:03.950,-0.197,0.375,-0.148
2025-12-08T23:19:03.960,-0.194,0.359,-0.108
2025-12-08T23:19:03.970,-0.199,0.334,-0.053
2025-12-08T23:19:03.980,-0.196,0.32,-0.021
2025-12-08T23:19:03.990,-0.197,0.31,-0.001
2025-12-08T23:19:04.000,-0.22,0.319,0.0
2025-12-08T23:19:04.010,-0.245,0.318,-0.024
2025-12-08T23:19:04.020,-0.257,0.297,-0.095
2025-12-08T23:19:04.030,-0.278,0.297,-0.177
2025-12-08T23:19:04.040,-0.287,0.29,-0.232
2025-12-08T23:19:04.050,-0.29,0.279,-0.245
2025-12-08T23:19:04.060,-0.301,0.266,-0.218
2025-12-08T23:19:04.070,-0.296,0.245,-0.203
2025-12-08T23:19:04.080,-0.293,0.243,-0.196
2025-12-08T23:19:04.090,-0.279,0.236,-0.207
2025-12-08T23:19:04.100,-0.256,0.227,-0.223
2025-12-08T23:19:04.110,-0.237,0.216,-0.218
2025-12-08T23:19:04.120,-0.21,0.178,-0.227
2025-12-08T23:19:04.130,-0.198,0.158,-0.217
2025-12-08T23:19:04.140,-0.194,0.149,-0.208
2025-12-08T23:19:04.150,-0.195,0.128,-0.24
2025-12-08T23:19:04.160,-0.21,0.125,-0.273
2025-12-08T23:19:04.170,-0.213,0.115,-0.315
2025-12-08T23:19:04.180,-0.228,0.098,-0.335
2025-12-08T23:19:04.190,-0.238,0.075,-0.312
2025-12-08T23:19:04.200,-0.227,0.039,-0.26
2025-12-08T23:19:04.210,-0.227,0.027,-0.211
2025-12-08T23:19:04.220,-0.228,0.018,-0.19
2025-12-08T23:19:04.230,-0.221,0.005,-0.196
2025-12-08T23:19:04.240,-0.208,-0.004,-0.235
2025-12-08T23:19:04.250,-0.197,-0.02,-0.245
2025-12-08T23:19:04.260,-0.178,-0.027,-0.212
2025-12-08T23:19:04.270,-0.146,-0.045,-0.172
2025-12-08T23:19:04.280,-0.136,-0.037,-0.132
2025-12-08T23:19:04.290,-0.123,-0.032,-0.111
2025-12-08T23:19:04.300,-0.114,-0.05,-0.134
2025-12-08T23:19:04.310,-0.129,-0.046,-0.187
2025-12-08T23:19:04.320,-0.14,-0.06,-0.233
2025-12-08T23:19:04.330,-0.158,-0.071,-0.278
2025-12-08T23:19:04.340,-0.171,-0.109,-0.275
2025-12-08T23:19:04.350,-0.171,-0.162,-0.227
2025-12-08T23:19:04.360,-0.164,-0.194,-0.194
2025-12-08T23:19:04.370,-0.136,-0.244,-0.184
2025-12-08T23:19:04.380,-0.107,-0.276,-0.203
2025-12-08T23:19:04.390,-0.086,-0.301,-0.225
2025-12-08T23:19:04.400,-0.075,-0.321,-0.245
2025-12-08T23:19:04.410,-0.068,-0.33,-0.239
2025-12-08T23:19:04.420,-0.044,-0.342,-0.206
2025-12-08T23:19:04.430,-0.03,-0.348,-0.184
2025-12-08T23:19:04.440,-0.023,-0.379,-0.167
2025-12-08T23:19:04.450,-0.018,-0.411,-0.156
2025-12-08T23:19:04.460,-0.021,-0.441,-0.146
2025-12-08T23:19:04.470,-0.016,-0.476,-0.136
2025-12-08T23:19:04.480,0.005,-0.502,-0.127
2025-12-08T23:19:04.490,0.032,-0.51,-0.145
2025-12-08T23:19:04.500,0.048,-0.498,-0.169
2025-12-08T23:19:04.510,0.062,-0.499,-0.166
2025-12-08T23:19:04.520,0.084,-0.499,-0.168
2025-12-08T23:19:04.530,0.095,-0.512,-0.143
2025-12-08T23:19:04.540,0.114,-0.528,-0.075
2025-12-08T23:19:04.550,0.125,-0.52,-0.001
2025-12-08T23:19:04.560,0.121,-0.524,0.051
2025-12-08T23:19:04.570,0.148,-0.523,0.048
2025-12-08T23:19:04.580,0.17,-0.501,0.008
2025-12-08T23:19:04.590,0.172,-0.484,-0.026
2025-12-08T23:19:04.600,0.183,-0.489,-0.029
2025-12-08T23:19:04.610,0.185,-0.495,-0.012
2025-12-08T23:19:04.620,0.172,-0.508,0.037
2025-12-08T23:19:04.630,0.162,-0.53,0.085
2025-12-08T23:19:04.640,0.153,-0.54,0.085
2025-12-08T23:19:04.650,0.146,-0.553,0.057
2025-12-08T23:19:04.660,0.154,-0.543,0.01
2025-12-08T23:19:04.670,0.154,-0.519,0.001
2025-12-08T23:19:04.680,0.146,-0.496,0.038
2025-12-08T23:19:04.690,0.153,-0.485,0.086
2025-12-08T23:19:04.700,0.172,-0.473,0.125
2025-12-08T23:19:04.710,0.191,-0.444,0.099
2025-12-08T23:19:04.720,0.208,-0.429,0.054
2025-12-08T23:19:04.730,0.219,-0.405,0.033
2025-12-08T23:19:04.740,0.225,-0.395,0.024
2025-12-08T23:19:04.750,0.23,-0.408,0.043
2025-12-08T23:19:04.760,0.229,-0.412,0.068
2025-12-08T23:19:04.770,0.229,-0.41,0.08
2025-12-08T23:19:04.780,0.214,-0.396,0.074
2025-12-08T23:19:04.790,0.203,-0.386,0.058
2025-12-08T23:19:04.800,0.192,-0.364,0.025
2025-12-08T23:19:04.810,0.164,-0.35,-0.002
2025-12-08T23:19:04.820,0.171,-0.356,0.039
2025-12-08T23:19:04.830,0.164,-0.351,0.102
2025-12-08T23:19:04.840,0.155,-0.351,0.149
2025-12-08T23:19:04.850,0.179,-0.337,0.177
2025-12-08T23:19:04.860,0.19,-0.318,0.147
2025-12-08T23:19:04.870,0.2,-0.296,0.104
2025-12-08T23:19:04.880,0.201,-0.262,0.098
2025-12-08T23:19:04.890,0.203,-0.254,0.089
2025-12-08T23:19:04.900,0.195,-0.246,0.089
2025-12-08T23:19:04.910,0.161,-0.234,0.1
2025-12-08T23:19:04.920,0.15,-0.232,0.089
2025-12-08T23:19:04.930,0.129,-0.236,0.074
2025-12-08T23:19:04.940,0.112,-0.241,0.055
2025-12-08T23:19:04.950,0.104,-0.233,0.036
2025-12-08T23:19:04.960,0.075,-0.243,0.023
2025-12-08T23:19:04.970,0.065,-0.26,0.021
2025-12-08T23:19:04.980,0.039,-0.268,0.053
2025-12-08T23:19:04.990,0.005,-0.274,0.092
2025-12-08T23:19:05.000,-0.002,-0.283,0.125
2025-12-08T23:19:05.010,-0.015,-0.288,0.137
2025-12-08T23:19:05.020,-0.017,-0.283,0.096
2025-12-08T23:19:05.030,-0.021,-0.285,0.043
2025-12-08T23:19:05.040,-0.023,-0.271,0.0
2025-12-08T23:19:05.050,-0.021,-0.259,-0.022
2025-12-08T23:19:05.060,-0.031,-0.252,-0.015
2025-12-08T23:19:05.070,-0.031,-0.234,0.005
2025-12-08T23:19:05.080,-0.032,-0.229,0.025
2025-12-08T23:19:05.090,-0.033,-0.207,0.024
2025-12-08T23:19:05.100,-0.035,-0.195,0.019
2025-12-08T23:19:05.110,-0.039,-0.205,0.003
2025-12-08T23:19:05.120,-0.055,-0.196,0.009
2025-12-08T23:19:05.130,-0.086,-0.189,0.045
2025-12-08T23:19:05.140,-0.095,-0.209,0.05
2025-12-08T23:19:05.150,-0.107,-0.221,0.064
2025-12-08T23:19:05.160,-0.129,-0.215,0.088
2025-12-08T23:19:05.170,-0.151,-0.212,0.106
2025-12-08T23:19:05.180,-0.187,-0.203,0.147
2025-12-08T23:19:05.190,-0.204,-0.201,0.179
2025-12-08T23:19:05.200,-0.193,-0.194,0.178
2025-12-08T23:19:05.210,-0.188,-0.177,0.16
2025-12-08T23:19:05.220,-0.194,-0.16,0.143
2025-12-08T23:19:05.230,-0.203,-0.139,0.113
2025-12-08T23:19:05.240,-0.233,-0.139,0.098
2025-12-08T23:19:05.250,-0.273,-0.148,0.132
2025-12-08T23:19:05.260,-0.309,-0.16,0.185
2025-12-08T23:19:05.270,-0.344,-0.18,0.218
2025-12-08T23:19:05.280,-0.363,-0.206,0.216
2025-12-08T23:19:05.290,-0.375,-0.202,0.175
2025-12-08T23:19:05.300,-0.397,-0.175,0.098
2025-12-08T23:19:05.310,-0.414,-0.175,0.021
2025-12-08T23:19:05.320,-0.423,-0.163,-0.029
2025-12-08T23:19:05.330,-0.449,-0.164,-0.018
2025-12-08T23:19:05.340,-0.474,-0.166,0.054
2025-12-08T23:19:05.350,-0.469,-0.155,0.138
2025-12-08T23:19:05.360,-0.453,-0.155,0.172
2025-12-08T23:19:05.370,-0.45,-0.116,0.164
2025-12-08T23:19:05.380,-0.441,-0.086,0.165
2025-12-08T23:19:05.390,-0.431,-0.078,0.159
2025-12-08T23:19:05.400,-0.443,-0.067,0.181
2025-12-08T23:19:05.410,-0.453,-0.067,0.228
2025-12-08T23:19:05.420,-0.467,-0.07,0.251
2025-12-08T23:19:05.430,-0.493,-0.078,0.264
2025-12-08T23:19:05.440,-0.499,-0.086,0.258
2025-12-08T23:19:05.450,-0.487,-0.09,0.232
2025-12-08T23:19:05.460,-0.491,-0.059,0.215
2025-12-08T23:19:05.470,-0.489,-0.037,0.219
2025-12-08T23:19:05.480,-0.46,-0.047,0.208
2025-12-08T23:19:05.490,-0.451,-0.046,0.171
2025-12-08T23:19:05.500,-0.457,-0.054,0.175
2025-12-08T23:19:05.510,-0.451,-0.059,0.21
2025-12-08T23:19:05.520,-0.441,-0.08,0.246
2025-12-08T23:19:05.530,-0.414,-0.087,0.269
2025-12-08T23:19:05.540,-0.376,-0.073,0.278
2025-12-08T23:19:05.550,-0.358,-0.071,0.25
2025-12-08T23:19:05.560,-0.343,-0.065,0.207
2025-12-08T23:19:05.570,-0.32,-0.069,0.182
2025-12-08T23:19:05.580,-0.314,-0.062,0.143
2025-12-08T23:19:05.590,-0.329,-0.056,0.146
2025-12-08T23:19:05.600,-0.343,-0.055,0.163
2025-12-08T23:19:05.610,-0.333,-0.059,0.148
2025-12-08T23:19:05.620,-0.311,-0.056,0.158
2025-12-08T23:19:05.630,-0.287,-0.037,0.155
2025-12-08T23:19:05.640,-0.26,-0.043,0.159
2025-12-08T23:19:05.650,-0.242,-0.041,0.187
2025-12-08T23:19:05.660,-0.216,-0.049,0.199
2025-12-08T23:19:05.670,-0.188,-0.061,0.179
2025-12-08T23:19:05.680,-0.168,-0.051,0.136
2025-12-08T23:19:05.690,-0.128,-0.062,0.091
2025-12-08T23:19:05.700,-0.092,-0.063,0.054
2025-12-08T23:19:05.710,-0.086,-0.055,0.067
2025-12-08T23:19:05.720,-0.075,-0.057,0.098
2025-12-08T23:19:05.730,-0.059,-0.054,0.115
2025-12-08T23:19:05.740,-0.06,-0.04,0.131
2025-12-08T23:19:05.750,-0.048,-0.036,0.126
2025-12-08T23:19:05.760,-0.027,-0.034,0.099
2025-12-08T23:19:05.770,-0.029,-0.003,0.065
2025-12-08T23:19:05.780,-0.018,0.014,0.044
2025-12-08T23:19:05.790,-0.001,0.031,0.03
2025-12-08T23:19:05.800,-0.006,0.06,0.022
2025-12-08T23:19:05.810,-0.005,0.075,0.022
2025-12-08T23:19:05.820,0.005,0.084,0.014
2025-12-08T23:19:05.830,0.018,0.08,0.005
2025-12-08T23:19:05.840,0.03,0.075,0.001
2025-12-08T23:19:05.850,0.029,0.071,0.015
2025-12-08T23:19:05.860,0.024,0.068,0.018
2025-12-08T23:19:05.870,0.021,0.067,-0.015
2025-12-08T23:19:05.880,0.021,0.061,-0.066
2025-12-08T23:19:05.890,0.012,0.07,-0.123
2025-12-08T23:19:05.900,-0.009,0.08,-0.173
2025-12-08T23:19:05.910,-0.035,0.075,-0.186
2025-12-08T23:19:05.920,-0.061,0.068,-0.171
2025-12-08T23:19:05.930,-0.067,0.07,-0.18
2025-12-08T23:19:05.940,-0.063,0.069,-0.2
2025-12-08T23:19:05.950,-0.05,0.075,-0.216
2025-12-08T23:19:05.960,-0.027,0.088,-0.229
2025-12-08T23:19:05.970,-0.014,0.09,-0.197
2025-12-08T23:19:05.980,-0.007,0.096,-0.142
2025-12-08T23:19:05.990,0.004,0.083,-0.121
2025-12-08T23:19:06.000,0.018,0.054,-0.122
2025-12-08T23:19:06.010,0.017,0.063,-0.131
2025-12-08T23:19:06.020,0.0,0.075,-0.134
2025-12-08T23:19:06.030,0.001,0.082,-0.123
2025-12-08T23:19:06.040,0.008,0.109,-0.116
2025-12-08T23:19:06.050,0.022,0.128,-0.124
2025-12-08T23:19:06.060,0.042,0.145,-0.126
2025-12-08T23:19:06.070,0.054,0.165,-0.105
2025-12-08T23:19:06.080,0.062,0.171,-0.091
2025-12-08T23:19:06.090,0.06,0.169,-0.058
2025-12-08T23:19:06.100,0.058,0.172,-0.015
2025-12-08T23:19:06.110,0.055,0.183,-0.023
2025-12-08T23:19:06.120,0.055,0.213,-0.044
2025-12-08T23:19:06.130,0.058,0.25,-0.06
2025-12-08T23:19:06.140,0.038,0.278,-0.079
2025-12-08T23:19:06.150,0.003,0.291,-0.072
2025-12-08T23:19:06.160,-0.03,0.287,-0.045
2025-12-08T23:19:06.170,-0.06,0.28,-0.045
2025-12-08T23:19:06.180,-0.084,0.268,-0.065
2025-12-08T23:19:06.190,-0.086,0.268,-0.062
2025-12-08T23:19:06.200,-0.08,0.28,-0.066
2025-12-08T23:19:06.210,-0.077,0.294,-0.09
2025-12-08T23:19:06.220,-0.067,0.321,-0.114
2025-12-08T23:19:06.230,-0.062,0.348,-0.142
2025-12-08T23:19:06.240,-0.072,0.37,-0.134
2025-12-08T23:19:06.250,-0.086,0.391,-0.055
2025-12-08T23:19:06.260,-0.095,0.416,0.028
2025-12-08T23:19:06.270,-0.119,0.433,0.066
2025-12-08T23:19:06.280,-0.137,0.448,0.071
2025-12-08T23:19:06.290,-0.148,0.463,0.039
2025-12-08T23:19:06.300,-0.168,0.471,0.001
2025-12-08T23:19:06.310,-0.18,0.476,0.001
2025-12-08T23:19:06.320,-0.194,0.469,0.017
2025-12-08T23:19:06.330,-0.205,0.444,0.015
2025-12-08T23:19:06.340,-0.211,0.421,0.018
2025-12-08T23:19:06.350,-0.201,0.422,0.013
2025-12-08T23:19:06.360,-0.184,0.435,0.002
2025-12-08T23:19:06.370,-0.171,0.461,0.007
2025-12-08T23:19:06.380,-0.139,0.478,0.002
2025-12-08T23:19:06.390,-0.123,0.484,0.04
2025-12-08T23:19:06.400,-0.13,0.5,0.111
2025-12-08T23:19:06.410,-0.128,0.492,0.152
2025-12-08T23:19:06.420,-0.13,0.5,0.173
2025-12-08T23:19:06.430,-0.147,0.523,0.167
2025-12-08T23:19:06.440,-0.152,0.515,0.14
2025-12-08T23:19:06.450,-0.154,0.508,0.119
2025-12-08T23:19:06.460,-0.18,0.509,0.103
2025-12-08T23:19:06.470,-0.199,0.503,0.06
2025-12-08T23:19:06.480,-0.207,0.498,0.009
2025-12-08T23:19:06.490,-0.235,0.498,-0.025
2025-12-08T23:19:06.500,-0.258,0.491,-0.031
2025-12-08T23:19:06.510,-0.276,0.493,-0.004
2025-12-08T23:19:06.520,-0.301,0.499,0.02
2025-12-08T23:19:06.530,-0.3,0.492,0.028
2025-12-08T23:19:06.540,-0.291,0.494,0.024
2025-12-08T23:19:06.550,-0.284,0.476,0.011
2025-12-08T23:19:06.560,-0.27,0.455,0.008
2025-12-08T23:19:06.570,-0.274,0.447,0.006
2025-12-08T23:19:06.580,-0.277,0.412,-0.014
2025-12-08T23:19:06.590,-0.289,0.382,-0.037
2025-12-08T23:19:06.600,-0.312,0.364,-0.065
2025-12-08T23:19:06.610,-0.333,0.332,-0.105
2025-12-08T23:19:06.620,-0.355,0.307,-0.121
2025-12-08T23:19:06.630,-0.367,0.305,-0.101
2025-12-08T23:19:06.640,-0.387,0.299,-0.062
2025-12-08T23:19:06.650,-0.398,0.293,-0.044
2025-12-08T23:19:06.660,-0.391,0.297,-0.073
2025-12-08T23:19:06.670,-0.386,0.292,-0.133
2025-12-08T23:19:06.680,-0.39,0.294,-0.179
2025-12-08T23:19:06.690,-0.396,0.273,-0.16
2025-12-08T23:19:06.700,-0.394,0.237,-0.107
2025-12-08T23:19:06.710,-0.406,0.212,-0.055
2025-12-08T23:19:06.720,-0.425,0.164,-0.032
2025-12-08T23:19:06.730,-0.455,0.118,-0.071
2025-12-08T23:19:06.740,-0.5,0.066,-0.145
2025-12-08T23:19:06.750,-0.539,0.025,-0.199
2025-12-08T23:19:06.760,-0.581,0.004,-0.214
2025-12-08T23:19:06.770,-0.619,-0.016,-0.228
2025-12-08T23:19:06.780,-0.625,-0.02,-0.23
2025-12-08T23:19:06.790,-0.613,-0.031,-0.236
2025-12-08T23:19:06.800,-0.604,-0.043,-0.246
2025-12-08T23:19:06.810,-0.585,-0.058,-0.205
2025-12-08T23:19:06.820,-0.558,-0.079,-0.171
2025-12-08T23:19:06.830,-0.548,-0.095,-0.141
2025-12-08T23:19:06.840,-0.538,-0.104,-0.111
2025-12-08T23:19:06.850,-0.516,-0.123,-0.122
2025-12-08T23:19:06.860,-0.508,-0.157,-0.147
2025-12-08T23:19:06.870,-0.514,-0.175,-0.164
2025-12-08T23:19:06.880,-0.513,-0.214,-0.167
2025-12-08T23:19:06.890,-0.511,-0.253,-0.165
2025-12-08T23:19:06.900,-0.514,-0.275,-0.141
2025-12-08T23:19:06.910,-0.498,-0.312,-0.136
2025-12-08T23:19:06.920,-0.483,-0.337,-0.166
2025-12-08T23:19:06.930,-0.468,-0.356,-0.184
2025-12-08T23:19:06.940,-0.437,-0.373,-0.2
2025-12-08T23:19:06.950,-0.422,-0.391,-0.164
2025-12-08T23:19:06.960,-0.419,-0.404,-0.084
2025-12-08T23:19:06.970,-0.412,-0.422,0.007
2025-12-08T23:19:06.980,-0.402,-0.45,0.077
2025-12-08T23:19:06.990,-0.39,-0.469,0.071
2025-12-08T23:19:07.000,-0.367,-0.507,0.026
2025-12-08T23:19:07.010,-0.339,-0.539,-0.043
2025-12-08T23:19:07.020,-0.328,-0.548,-0.093
2025-12-08T23:19:07.030,-0.311,-0.564,-0.084
2025-12-08T23:19:07.040,-0.28,-0.588,-0.045
2025-12-08T23:19:07.050,-0.278,-0.59,-0.007
2025-12-08T23:19:07.060,-0.271,-0.585,-0.014
2025-12-08T23:19:07.070,-0.234,-0.606,-0.077
2025-12-08T23:19:07.080,-0.213,-0.605,-0.146
2025-12-08T23:19:07.090,-0.193,-0.597,-0.144
2025-12-08T23:19:07.100,-0.16,-0.612,-0.076
2025-12-08T23:19:07.110,-0.13,-0.626,-0.01
2025-12-08T23:19:07.120,-0.101,-0.63,0.045
2025-12-08T23:19:07.130,-0.074,-0.613,0.054
2025-12-08T23:19:07.140,-0.041,-0.61,0.018
2025-12-08T23:19:07.150,-0.007,-0.61,-0.009
2025-12-08T23:19:07.160,0.006,-0.585,-0.019
2025-12-08T23:19:07.170,0.012,-0.59,-0.039
2025-12-08T23:19:07.180,0.028,-0.616,-0.051
2025-12-08T23:19:07.190,0.032,-0.624,-0.038
2025-12-08T23:19:07.200,0.039,-0.635,-0.058
2025-12-08T23:19:07.210,0.051,-0.659,-0.069
2025-12-08T23:19:07.220,0.06,-0.681,-0.014
2025-12-08T23:19:07.230,0.069,-0.69,0.049
2025-12-08T23:19:07.240,0.087,-0.702,0.125
2025-12-08T23:19:07.250,0.13,-0.708,0.194
2025-12-08T23:19:07.260,0.162,-0.691,0.216
2025-12-08T23:19:07.270,0.182,-0.68,0.182
2025-12-08T23:19:07.280,0.188,-0.661,0.116
2025-12-08T23:19:07.290,0.172,-0.645,0.061
2025-12-08T23:19:07.300,0.169,-0.658,0.031
2025-12-08T23:19:07.310,0.166,-0.652,0.061
2025-12-08T23:19:07.320,0.166,-0.65,0.096
2025-12-08T23:19:07.330,0.166,-0.67,0.102
2025-12-08T23:19:07.340,0.167,-0.677,0.097
2025-12-08T23:19:07.350,0.171,-0.675,0.07
2025-12-08T23:19:07.360,0.156,-0.685,0.058
2025-12-08T23:19:07.370,0.157,-0.699,0.046
2025-12-08T23:19:07.380,0.152,-0.681,0.045
2025-12-08T23:19:07.390,0.15,-0.665,0.027
2025-12-08T23:19:07.400,0.178,-0.672,-0.015
2025-12-08T23:19:07.410,0.196,-0.661,-0.037
2025-12-08T23:19:07.420,0.212,-0.655,-0.078
2025-12-08T23:19:07.430,0.223,-0.643,-0.072
2025-12-08T23:19:07.440,0.225,-0.624,-0.009
2025-12-08T23:19:07.450,0.228,-0.633,0.032
2025-12-08T23:19:07.460,0.242,-0.629,0.025
2025-12-08T23:19:07.470,0.269,-0.614,0.014
2025-12-08T23:19:07.480,0.286,-0.589,0.016
2025-12-08T23:19:07.490,0.312,-0.557,0.015
2025-12-08T23:19:07.500,0.35,-0.552,0.041
2025-12-08T23:19:07.510,0.371,-0.537,0.063
2025-12-08T23:19:07.520,0.366,-0.512,0.111
2025-12-08T23:19:07.530,0.379,-0.498,0.144
2025-12-08T23:19:07.540,0.408,-0.498,0.111
2025-12-08T23:19:07.550,0.417,-0.496,0.104
2025-12-08T23:19:07.560,0.427,-0.492,0.116
2025-12-08T23:19:07.570,0.43,-0.5,0.143
2025-12-08T23:19:07.580,0.425,-0.498,0.158
2025-12-08T23:19:07.590,0.434,-0.493,0.142
2025-12-08T23:19:07.600,0.457,-0.486,0.114
2025-12-08T23:19:07.610,0.469,-0.462,0.076
2025-12-08T23:19:07.620,0.473,-0.433,0.036
2025-12-08T23:19:07.630,0.478,-0.41,-0.011
2025-12-08T23:19:07.640,0.466,-0.377,-0.015
2025-12-08T23:19:07.650,0.461,-0.355,0.042
2025-12-08T23:19:07.660,0.456,-0.346,0.091
2025-12-08T23:19:07.670,0.45,-0.319,0.091
2025-12-08T23:19:07.680,0.456,-0.31,0.053
2025-12-08T23:19:07.690,0.46,-0.299,0.0
2025-12-08T23:19:07.700,0.469,-0.277,-0.032
2025-12-08T23:19:07.710,0.48,-0.273,-0.033
2025-12-08T23:19:07.720,0.507,-0.271,-0.025
2025-12-08T23:19:07.730,0.524,-0.275,0.007
2025-12-08T23:19:07.740,0.534,-0.249,0.029
2025-12-08T23:19:07.750,0.556,-0.224,0.039
2025-12-08T23:19:07.760,0.553,-0.193,0.055
2025-12-08T23:19:07.770,0.56,-0.15,0.065
2025-12-08T23:19:07.780,0.565,-0.128,0.109
2025-12-08T23:19:07.790,0.562,-0.075,0.139
2025-12-08T23:19:07.800,0.58,-0.059,0.141
2025-12-08T23:19:07.810,0.596,-0.048,0.139
2025-12-08T23:19:07.820,0.608,0.007,0.122
2025-12-08T23:19:07.830,0.613,0.011,0.109
2025-12-08T23:19:07.840,0.622,0.021,0.102
2025-12-08T23:19:07.850,0.63,0.037,0.119
2025-12-08T23:19:07.860,0.606,0.031,0.147
2025-12-08T23:19:07.870,0.598,0.034,0.172
2025-12-08T23:19:07.880,0.605,0.033,0.182
2025-12-08T23:19:07.890,0.603,0.061,0.138
2025-12-08T23:19:07.900,0.609,0.085,0.098
2025-12-08T23:19:07.910,0.606,0.098,0.089
2025-12-08T23:19:07.920,0.589,0.107,0.1
2025-12-08T23:19:07.930,0.567,0.105,0.152
2025-12-08T23:19:07.940,0.554,0.123,0.173
2025-12-08T23:19:07.950,0.56,0.117,0.138
2025-12-08T23:19:07.960,0.557,0.136,0.107
2025-12-08T23:19:07.970,0.549,0.164,0.085
2025-12-08T23:19:07.980,0.54,0.16,0.062
2025-12-08T23:19:07.990,0.51,0.187,0.062
2025-12-08T23:19:08.000,0.489,0.198,0.073
2025-12-08T23:19:08.010,0.478,0.209,0.076
2025-12-08T23:19:08.020,0.46,0.225,0.092
2025-12-08T23:19:08.030,0.458,0.234,0.091
2025-12-08T23:19:08.040,0.462,0.249,0.061
2025-12-08T23:19:08.050,0.462,0.267,0.051
2025-12-08T23:19:08.060,0.47,0.297,0.054
2025-12-08T23:19:08.070,0.484,0.31,0.068
2025-12-08T23:19:08.080,0.498,0.315,0.121
2025-12-08T23:19:08.090,0.503,0.318,0.189
2025-12-08T23:19:08.100,0.519,0.329,0.224
2025-12-08T23:19:08.110,0.53,0.336,0.226
2025-12-08T23:19:08.120,0.53,0.326,0.23
2025-12-08T23:19:08.130,0.526,0.328,0.225
2025-12-08T23:19:08.140,0.514,0.343,0.221
2025-12-08T23:19:08.150,0.516,0.362,0.225
2025-12-08T23:19:08.160,0.519,0.358,0.21
2025-12-08T23:19:08.170,0.499,0.375,0.211
2025-12-08T23:19:08.180,0.49,0.408,0.226
2025-12-08T23:19:08.190,0.496,0.426,0.23
2025-12-08T23:19:08.200,0.479,0.442,0.224
2025-12-08T23:19:08.210,0.48,0.433,0.189
2025-12-08T23:19:08.220,0.479,0.435,0.157
2025-12-08T23:19:08.230,0.444,0.439,0.158
2025-12-08T23:19:08.240,0.422,0.417,0.161
2025-12-08T23:19:08.250,0.407,0.413,0.113
2025-12-08T23:19:08.260,0.401,0.412,0.043
2025-12-08T23:19:08.270,0.385,0.419,-0.004
2025-12-08T23:19:08.280,0.37,0.42,-0.001
2025-12-08T23:19:08.290,0.363,0.414,0.018
2025-12-08T23:19:08.300,0.341,0.416,-0.008
2025-12-08T23:19:08.310,0.326,0.414,-0.048
2025-12-08T23:19:08.320,0.314,0.429,-0.094
2025-12-08T23:19:08.330,0.318,0.434,-0.127
2025-12-08T23:19:08.340,0.32,0.434,-0.118
2025-12-08T23:19:08.350,0.308,0.444,-0.071
2025-12-08T23:19:08.360,0.303,0.437,0.003
2025-12-08T23:19:08.370,0.309,0.425,0.058
2025-12-08T23:19:08.380,0.316,0.417,0.06
2025-12-08T23:19:08.390,0.316,0.414,0.005
2025-12-08T23:19:08.400,0.324,0.402,-0.047
2025-12-08T23:19:08.410,0.329,0.397,-0.088
2025-12-08T23:19:08.420,0.316,0.397,-0.099
2025-12-08T23:19:08.430,0.31,0.377,-0.066
2025-12-08T23:19:08.440,0.317,0.355,-0.036
2025-12-08T23:19:08.450,0.306,0.345,-0.006
2025-12-08T23:19:08.460,0.293,0.347,-0.0
2025-12-08T23:19:08.470,0.291,0.342,-0.029
2025-12-08T23:19:08.480,0.278,0.338,-0.069
2025-12-08T23:19:08.490,0.259,0.339,-0.1
2025-12-08T23:19:08.500,0.234,0.35,-0.123
2025-12-08T23:19:08.510,0.223,0.352,-0.147
2025-12-08T23:19:08.520,0.203,0.342,-0.152
2025-12-08T23:19:08.530,0.177,0.352,-0.163
2025-12-08T23:19:08.540,0.173,0.324,-0.192
2025-12-08T23:19:08.550,0.144,0.296,-0.218
2025-12-08T23:19:08.560,0.126,0.274,-0.242
2025-12-08T23:19:08.570,0.122,0.226,-0.277
2025-12-08T23:19:08.580,0.101,0.206,-0.314
2025-12-08T23:19:08.590,0.098,0.182,-0.33
2025-12-08T23:19:08.600,0.099,0.161,-0.334
2025-12-08T23:19:08.610,0.098,0.155,-0.33
2025-12-08T23:19:08.620,0.102,0.144,-0.312
2025-12-08T23:19:08.630,0.107,0.145,-0.315
2025-12-08T23:19:08.640,0.105,0.153,-0.351
2025-12-08T23:19:08.650,0.102,0.162,-0.39
2025-12-08T23:19:08.660,0.102,0.159,-0.428
2025-12-08T23:19:08.670,0.087,0.153,-0.422
2025-12-08T23:19:08.680,0.085,0.137,-0.368
2025-12-08T23:19:08.690,0.089,0.112,-0.304
2025-12-08T23:19:08.700,0.08,0.096,-0.254
2025-12-08T23:19:08.710,0.089,0.086,-0.243
2025-12-08T23:19:08.720,0.084,0.103,-0.254
2025-12-08T23:19:08.730,0.072,0.129,-0.277
2025-12-08T23:19:08.740,0.075,0.153,-0.29
2025-12-08T23:19:08.750,0.077,0.178,-0.295
2025-12-08T23:19:08.760,0.075,0.18,-0.313
2025-12-08T23:19:08.770,0.067,0.182,-0.294
2025-12-08T23:19:08.780,0.055,0.175,-0.244
2025-12-08T23:19:08.790,0.036,0.15,-0.204
2025-12-08T23:19:08.800,0.008,0.127,-0.179
2025-12-08T23:19:08.810,-0.015,0.109,-0.186
2025-12-08T23:19:08.820,-0.032,0.095,-0.244
2025-12-08T23:19:08.830,-0.059,0.082,-0.31
2025-12-08T23:19:08.840,-0.098,0.078,-0.352
2025-12-08T23:19:08.850,-0.133,0.07,-0.378
2025-12-08T23:19:08.860,-0.18,0.072,-0.356
2025-12-08T23:19:08.870,-0.228,0.082,-0.298
2025-12-08T23:19:08.880,-0.257,0.078,-0.284
2025-12-08T23:19:08.890,-0.284,0.088,-0.312
2025-12-08T23:19:08.900,-0.303,0.106,-0.316
2025-12-08T23:19:08.910,-0.307,0.123,-0.318
2025-12-08T23:19:08.920,-0.312,0.13,-0.305
2025-12-08T23:19:08.930,-0.316,0.143,-0.245
2025-12-08T23:19:08.940,-0.32,0.146,-0.19
2025-12-08T23:19:08.950,-0.333,0.148,-0.141
2025-12-08T23:19:08.960,-0.345,0.163,-0.09
2025-12-08T23:19:08.970,-0.342,0.143,-0.081
2025-12-08T23:19:08.980,-0.35,0.136,-0.103
2025-12-08T23:19:08.990,-0.369,0.144,-0.102
2025-12-08T23:19:09.000,-0.371,0.145,-0.095
2025-12-08T23:19:09.010,-0.381,0.17,-0.083
2025-12-08T23:19:09.020,-0.389,0.191,-0.064
2025-12-08T23:19:09.030,-0.373,0.205,-0.058
2025-12-08T23:19:09.040,-0.368,0.213,-0.02
2025-12-08T23:19:09.050,-0.359,0.223,0.03
2025-12-08T23:19:09.060,-0.334,0.217,0.091
2025-12-08T23:19:09.070,-0.313,0.21,0.148
2025-12-08T23:19:09.080,-0.292,0.207,0.171
2025-12-08T23:19:09.090,-0.279,0.181,0.186
2025-12-08T23:19:09.100,-0.282,0.168,0.161
2025-12-08T23:19:09.110,-0.275,0.152,0.127
2025-12-08T23:19:09.120,-0.263,0.148,0.127
2025-12-08T23:19:09.130,-0.271,0.147,0.131
2025-12-08T23:19:09.140,-0.277,0.131,0.117
2025-12-08T23:19:09.150,-0.266,0.145,0.137
2025-12-08T23:19:09.160,-0.282,0.138,0.142
2025-12-08T23:19:09.170,-0.288,0.119,0.081
2025-12-08T23:19:09.180,-0.251,0.118,0.07
2025-12-08T23:19:09.190,-0.225,0.117,0.057
2025-12-08T23:19:09.200,-0.201,0.128,0.029
2025-12-08T23:19:09.210,-0.166,0.111,0.091
2025-12-08T23:19:09.220,-0.148,0.082,0.13
2025-12-08T23:19:09.230,-0.122,0.084,0.125
2025-12-08T23:19:09.240,-0.109,0.075,0.174
2025-12-08T23:19:09.250,-0.118,0.05,0.193
2025-12-08T23:19:09.260,-0.1,0.032,0.153
2025-12-08T23:19:09.270,-0.099,0.026,0.168
2025-12-08T23:19:09.280,-0.126,0.008,0.158
2025-12-08T23:19:09.290,-0.141,-0.007,0.134
2025-12-08T23:19:09.300,-0.134,0.0,0.201
2025-12-08T23:19:09.310,-0.127,-0.011,0.227
2025-12-08T23:19:09.320,-0.116,0.001,0.213
2025-12-08T23:19:09.330,-0.074,0.002,0.257
2025-12-08T23:19:09.340,-0.043,-0.029,0.255
2025-12-08T23:19:09.350,-0.032,-0.016,0.223
2025-12-08T23:19:09.360,0.0,-0.016,0.281
2025-12-08T23:19:09.370,0.022,-0.02,0.337
2025-12-08T23:19:09.380,0.02,-0.0,0.355
2025-12-08T23:19:09.390,0.029,0.011,0.411
2025-12-08T23:19:09.400,0.026,0.023,0.408
2025-12-08T23:19:09.410,0.008,0.039,0.35
2025-12-08T23:19:09.420,0.001,0.034,0.347
2025-12-08T23:19:09.430,-0.016,0.009,0.331
2025-12-08T23:19:09.440,-0.043,-0.006,0.296
2025-12-08T23:19:09.450,-0.059,-0.031,0.303
2025-12-08T23:19:09.460,-0.064,-0.044,0.264
2025-12-08T23:19:09.470,-0.089,-0.05,0.203
2025-12-08T23:19:09.480,-0.103,-0.045,0.225
2025-12-08T23:19:09.490,-0.096,-0.04,0.272
2025-12-08T23:19:09.500,-0.109,-0.055,0.312
2025-12-08T23:19:09.510,-0.095,-0.024,0.344
2025-12-08T23:19:09.520,-0.088,-0.012,0.329
2025-12-08T23:19:09.530,-0.095,-0.01,0.29
2025-12-08T23:19:09.540,-0.087,-0.004,0.294
2025-12-08T23:19:09.550,-0.102,-0.037,0.306
2025-12-08T23:19:09.560,-0.122,-0.054,0.31
2025-12-08T23:19:09.570,-0.154,-0.061,0.353
2025-12-08T23:19:09.580,-0.186,-0.076,0.352
2025-12-08T23:19:09.590,-0.195,-0.1,0.291
2025-12-08T23:19:09.600,-0.205,-0.098,0.253
2025-12-08T23:19:09.610,-0.213,-0.099,0.226
2025-12-08T23:19:09.620,-0.206,-0.11,0.209
2025-12-08T23:19:09.630,-0.202,-0.088,0.235
2025-12-08T23:19:09.640,-0.199,-0.08,0.267
2025-12-08T23:19:09.650,-0.193,-0.054,0.283
2025-12-08T23:19:09.660,-0.2,-0.023,0.317
2025-12-08T23:19:09.670,-0.197,-0.011,0.333
2025-12-08T23:19:09.680,-0.192,0.003,0.312
2025-12-08T23:19:09.690,-0.198,0.008,0.301
2025-12-08T23:19:09.700,-0.216,-0.014,0.309
2025-12-08T23:19:09.710,-0.241,-0.057,0.314
2025-12-08T23:19:09.720,-0.262,-0.08,0.326
2025-12-08T23:19:09.730,-0.301,-0.113,0.335
2025-12-08T23:19:09.740,-0.332,-0.146,0.292
2025-12-08T23:19:09.750,-0.361,-0.165,0.262
2025-12-08T23:19:09.760,-0.392,-0.166,0.253
2025-12-08T23:19:09.770,-0.409,-0.156,0.216
2025-12-08T23:19:09.780,-0.417,-0.146,0.199
2025-12-08T23:19:09.790,-0.423,-0.111,0.179
2025-12-08T23:19:09.800,-0.434,-0.1,0.163
2025-12-08T23:19:09.810,-0.43,-0.085,0.172
2025-12-08T23:19:09.820,-0.439,-0.054,0.196
2025-12-08T23:19:09.830,-0.455,-0.048,0.203
2025-12-08T23:19:09.840,-0.456,-0.029,0.199
2025-12-08T23:19:09.850,-0.465,-0.017,0.205
2025-12-08T23:19:09.860,-0.474,-0.008,0.171
2025-12-08T23:19:09.870,-0.478,0.008,0.143
2025-12-08T23:19:09.880,-0.491,0.023,0.107
2025-12-08T23:19:09.890,-0.518,0.026,0.044
2025-12-08T23:19:09.900,-0.539,0.013,0.047
2025-12-08T23:19:09.910,-0.559,0.009,0.08
2025-12-08T23:19:09.920,-0.568,0.001,0.118
2025-12-08T23:19:09.930,-0.558,0.019,0.187
2025-12-08T23:19:09.940,-0.546,0.054,0.242
2025-12-08T23:19:09.950,-0.517,0.071,0.248
2025-12-08T23:19:09.960,-0.489,0.12,0.248
2025-12-08T23:19:09.970,-0.483,0.173,0.248
2025-12-08T23:19:09.980,-0.482,0.202,0.214
2025-12-08T23:19:09.990,-0.485,0.241,0.231
2025-12-08T23:19:10.000,-0.499,0.275,0.251
2025-12-08T23:19:10.010,-0.52,0.284,0.221
2025-12-08T23:19:10.020,-0.547,0.282,0.227
2025-12-08T23:19:10.030,-0.578,0.278,0.216
2025-12-08T23:19:10.040,-0.601,0.253,0.185
2025-12-08T23:19:10.050,-0.611,0.24,0.176
2025-12-08T23:19:10.060,-0.595,0.223,0.142
2025-12-08T23:19:10.070,-0.568,0.194,0.086
2025-12-08T23:19:10.080,-0.536,0.21,0.038
2025-12-08T23:19:10.090,-0.493,0.233,0.002
2025-12-08T23:19:10.100,-0.47,0.243,-0.021
2025-12-08T23:19:10.110,-0.469,0.259,0.022
2025-12-08T23:19:10.120,-0.458,0.273,0.099
2025-12-08T23:19:10.130,-0.444,0.286,0.155
2025-12-08T23:19:10.140,-0.448,0.299,0.202
2025-12-08T23:19:10.150,-0.439,0.301,0.178
2025-12-08T23:19:10.160,-0.428,0.29,0.09
2025-12-08T23:19:10.170,-0.432,0.287,0.025
2025-12-08T23:19:10.180,-0.417,0.277,-0.019
2025-12-08T23:19:10.190,-0.41,0.259,-0.037
2025-12-08T23:19:10.200,-0.407,0.249,-0.015
2025-12-08T23:19:10.210,-0.381,0.232,0.024
2025-12-08T23:19:10.220,-0.355,0.221,0.045
2025-12-08T23:19:10.230,-0.331,0.227,0.059
2025-12-08T23:19:10.240,-0.306,0.241,0.064
2025-12-08T23:19:10.250,-0.276,0.249,0.049
2025-12-08T23:19:10.260,-0.263,0.263,0.077
2025-12-08T23:19:10.270,-0.255,0.284,0.113
2025-12-08T23:19:10.280,-0.234,0.283,0.114
2025-12-08T23:19:10.290,-0.23,0.298,0.102
2025-12-08T23:19:10.300,-0.225,0.316,0.061
2025-12-08T23:19:10.310,-0.214,0.317,0.024
2025-12-08T23:19:10.320,-0.223,0.332,-0.005
2025-12-08T23:19:10.330,-0.235,0.335,-0.041
2025-12-08T23:19:10.340,-0.237,0.318,-0.067
2025-12-08T23:19:10.350,-0.239,0.311,-0.077
2025-12-08T23:19:10.360,-0.234,0.305,-0.073
2025-12-08T23:19:10.370,-0.218,0.312,-0.074
2025-12-08T23:19:10.380,-0.218,0.341,-0.072
2025-12-08T23:19:10.390,-0.21,0.356,-0.077
2025-12-08T23:19:10.400,-0.189,0.362,-0.082
2025-12-08T23:19:10.410,-0.18,0.375,-0.089
2025-12-08T23:19:10.420,-0.163,0.385,-0.135
2025-12-08T23:19:10.430,-0.132,0.394,-0.178
2025-12-08T23:19:10.440,-0.109,0.391,-0.209
2025-12-08T23:19:10.450,-0.098,0.372,-0.223
2025-12-08T23:19:10.460,-0.097,0.35,-0.19
2025-12-08T23:19:10.470,-0.097,0.323,-0.153
2025-12-08T23:19:10.480,-0.09,0.284,-0.129
2025-12-08T23:19:10.490,-0.087,0.271,-0.093
2025-12-08T23:19:10.500,-0.076,0.275,-0.078
2025-12-08T23:19:10.510,-0.063,0.275,-0.118
2025-12-08T23:19:10.520,-0.055,0.295,-0.161
2025-12-08T23:19:10.530,-0.033,0.297,-0.184
2025-12-08T23:19:10.540,-0.005,0.281,-0.191
2025-12-08T23:19:10.550,0.018,0.277,-0.154
2025-12-08T23:19:10.560,0.044,0.26,-0.111
2025-12-08T23:19:10.570,0.07,0.239,-0.101
2025-12-08T23:19:10.580,0.09,0.227,-0.097
2025-12-08T23:19:10.590,0.109,0.218,-0.108
2025-12-08T23:19:10.600,0.123,0.21,-0.14
2025-12-08T23:19:10.610,0.124,0.191,-0.148
2025-12-08T23:19:10.620,0.125,0.165,-0.133
2025-12-08T23:19:10.630,0.118,0.138,-0.125
2025-12-08T23:19:10.640,0.116,0.116,-0.118
2025-12-08T23:19:10.650,0.125,0.101,-0.116
2025-12-08T23:19:10.660,0.137,0.091,-0.147
2025-12-08T23:19:10.670,0.155,0.084,-0.172
2025-12-08T23:19:10.680,0.163,0.079,-0.165
2025-12-08T23:19:10.690,0.164,0.073,-0.164
2025-12-08T23:19:10.700,0.164,0.071,-0.159
2025-12-08T23:19:10.710,0.171,0.072,-0.161
2025-12-08T23:19:10.720,0.178,0.048,-0.167
2025-12-08T23:19:10.730,0.177,0.013,-0.159
2025-12-08T23:19:10.740,0.183,-0.02,-0.148
2025-12-08T23:19:10.750,0.193,-0.057,-0.135
2025-12-08T23:19:10.760,0.203,-0.081,-0.126
2025-12-08T23:19:10.770,0.224,-0.09,-0.13
2025-12-08T23:19:10.780,0.243,-0.1,-0.155
2025-12-08T23:19:10.790,0.255,-0.114,-0.184
2025-12-08T23:19:10.800,0.275,-0.133,-0.195
2025-12-08T23:19:10.810,0.303,-0.163,-0.18
2025-12-08T23:19:10.820,0.307,-0.181,-0.144
2025-12-08T23:19:10.830,0.315,-0.205,-0.103
2025-12-08T23:19:10.840,0.334,-0.239,-0.061
2025-12-08T23:19:10.850,0.334,-0.25,-0.033
2025-12-08T23:19:10.860,0.347,-0.268,-0.015
2025-12-08T23:19:10.870,0.369,-0.276,-0.013
2025-12-08T23:19:10.880,0.379,-0.267,-0.039
2025-12-08T23:19:10.890,0.398,-0.27,-0.068
2025-12-08T23:19:10.900,0.423,-0.28,-0.048
2025-12-08T23:19:10.910,0.434,-0.294,-0.005
2025-12-08T23:19:10.920,0.437,-0.304,0.03
2025-12-08T23:19:10.930,0.444,-0.321,0.064
2025-12-08T23:19:10.940,0.439,-0.347,0.059
2025-12-08T23:19:10.950,0.422,-0.359,0.038
2025-12-08T23:19:10.960,0.404,-0.359,0.049
2025-12-08T23:19:10.970,0.396,-0.373,0.05
2025-12-08T23:19:10.980,0.399,-0.39,0.036
2025-12-08T23:19:10.990,0.407,-0.394,0.044
2025-12-08T23:19:11.000,0.427,-0.417,0.032
2025-12-08T23:19:11.010,0.438,-0.433,-0.003
2025-12-08T23:19:11.020,0.439,-0.424,-0.021
2025-12-08T23:19:11.030,0.457,-0.435,-0.053
2025-12-08T23:19:11.040,0.468,-0.447,-0.073
2025-12-08T23:19:11.050,0.471,-0.447,-0.045
2025-12-08T23:19:11.060,0.478,-0.467,-0.023
2025-12-08T23:19:11.070,0.476,-0.489,0.004
2025-12-08T23:19:11.080,0.476,-0.503,0.052
2025-12-08T23:19:11.090,0.487,-0.528,0.073
2025-12-08T23:19:11.100,0.5,-0.553,0.072
2025-12-08T23:19:11.110,0.514,-0.585,0.086
2025-12-08T23:19:11.120,0.537,-0.625,0.096
2025-12-08T23:19:11.130,0.542,-0.653,0.099
2025-12-08T23:19:11.140,0.53,-0.656,0.098
2025-12-08T23:19:11.150,0.552,-0.669,0.043
2025-12-08T23:19:11.160,0.573,-0.677,-0.028
2025-12-08T23:19:11.170,0.589,-0.674,-0.05
2025-12-08T23:19:11.180,0.626,-0.705,-0.057
2025-12-08T23:19:11.190,0.641,-0.727,-0.029
2025-12-08T23:19:11.200,0.642,-0.747,0.04
2025-12-08T23:19:11.210,0.652,-0.784,0.075
2025-12-08T23:19:11.220,0.66,-0.796,0.077
2025-12-08T23:19:11.230,0.664,-0.808,0.062
2025-12-08T23:19:11.240,0.669,-0.815,0.031
2025-12-08T23:19:11.250,0.68,-0.823,0.005
2025-12-08T23:19:11.260,0.689,-0.844,-0.023
2025-12-08T23:19:11.270,0.697,-0.851,-0.057
2025-12-08T23:19:11.280,0.702,-0.87,-0.075
2025-12-08T23:19:11.290,0.698,-0.888,-0.075
2025-12-08T23:19:11.300,0.698,-0.895,-0.057
2025-12-08T23:19:11.310,0.704,-0.91,-0.028
2025-12-08T23:19:11.320,0.701,-0.908,-0.019
2025-12-08T23:19:11.330,0.697,-0.888,-0.024
2025-12-08T23:19:11.340,0.692,-0.867,-0.047
2025-12-08T23:19:11.350,0.674,-0.843,-0.087
2025-12-08T23:19:11.360,0.657,-0.837,-0.107
2025-12-08T23:19:11.370,0.637,-0.849,-0.114
2025-12-08T23:19:11.380,0.604,-0.86,-0.118
2025-12-08T23:19:11.390,0.578,-0.865,-0.115
2025-12-08T23:19:11.400,0.587,-0.884,-0.151
2025-12-08T23:19:11.410,0.591,-0.891,-0.236
2025-12-08T23:19:11.420,0.584,-0.892,-0.291
2025-12-08T23:19:11.430,0.596,-0.911,-0.278
2025-12-08T23:19:11.440,0.589,-0.884,-0.235
2025-12-08T23:19:11.450,0.595,-0.849,-0.207
2025-12-08T23:19:11.460,0.624,-0.833,-0.24
2025-12-08T23:19:11.470,0.633,-0.795,-0.277
2025-12-08T23:19:11.480,0.631,-0.752,-0.264
2025-12-08T23:19:11.490,0.632,-0.697,-0.25
2025-12-08T23:19:11.500,0.641,-0.661,-0.243
2025-12-08T23:19:11.510,0.653,-0.63,-0.244
2025-12-08T23:19:11.520,0.667,-0.59,-0.266
2025-12-08T23:19:11.530,0.672,-0.573,-0.296
2025-12-08T23:19:11.540,0.664,-0.56,-0.331
2025-12-08T23:19:11.550,0.665,-0.572,-0.341
2025-12-08T23:19:11.560,0.656,-0.585,-0.315
2025-12-08T23:19:11.570,0.639,-0.592,-0.288
2025-12-08T23:19:11.580,0.642,-0.599,-0.311
2025-12-08T23:19:11.590,0.667,-0.579,-0.375
2025-12-08T23:19:11.600,0.691,-0.554,-0.416
2025-12-08T23:19:11.610,0.709,-0.524,-0.414
2025-12-08T23:19:11.620,0.73,-0.502,-0.368
2025-12-08T23:19:11.630,0.728,-0.494,-0.301
2025-12-08T23:19:11.640,0.71,-0.482,-0.239
2025-12-08T23:19:11.650,0.692,-0.462,-0.203
2025-12-08T23:19:11.660,0.655,-0.425,-0.216
2025-12-08T23:19:11.670,0.636,-0.407,-0.264
2025-12-08T23:19:11.680,0.626,-0.387,-0.314
2025-12-08T23:19:11.690,0.606,-0.351,-0.362
2025-12-08T23:19:11.700,0.603,-0.338,-0.4
2025-12-08T23:19:11.710,0.606,-0.321,-0.418
2025-12-08T23:19:11.720,0.607,-0.315,-0.415
2025-12-08T23:19:11.730,0.616,-0.324,-0.384
2025-12-08T23:19:11.740,0.635,-0.313,-0.331
2025-12-08T23:19:11.750,0.64,-0.296,-0.286
2025-12-08T23:19:11.760,0.641,-0.264,-0.26
2025-12-08T23:19:11.770,0.65,-0.229,-0.239
2025-12-08T23:19:11.780,0.645,-0.197,-0.238
2025-12-08T23:19:11.790,0.635,-0.164,-0.267
2025-12-08T23:19:11.800,0.628,-0.14,-0.289
2025-12-08T23:19:11.810,0.623,-0.112,-0.301
2025-12-08T23:19:11.820,0.62,-0.093,-0.295
2025-12-08T23:19:11.830,0.608,-0.064,-0.285
2025-12-08T23:19:11.840,0.594,-0.034,-0.285
2025-12-08T23:19:11.850,0.583,-0.02,-0.274
2025-12-08T23:19:11.860,0.569,0.003,-0.235
2025-12-08T23:19:11.870,0.566,0.012,-0.209
2025-12-08T23:19:11.880,0.564,0.014,-0.209
2025-12-08T23:19:11.890,0.563,0.03,-0.192
2025-12-08T23:19:11.900,0.584,0.058,-0.184
2025-12-08T23:19:11.910,0.594,0.099,-0.181
2025-12-08T23:19:11.920,0.603,0.125,-0.166
2025-12-08T23:19:11.930,0.618,0.123,-0.15
2025-12-08T23:19:11.940,0.608,0.127,-0.123
2025-12-08T23:19:11.950,0.6,0.116,-0.086
2025-12-08T23:19:11.960,0.603,0.102,-0.062
2025-12-08T23:19:11.970,0.592,0.117,-0.057
2025-12-08T23:19:11.980,0.569,0.124,-0.051
2025-12-08T23:19:11.990,0.54,0.143,-0.078
2025-12-08T23:19:12.000,0.509,0.167,-0.129
2025-12-08T23:19:12.010,0.478,0.177,-0.161
2025-12-08T23:19:12.020,0.452,0.189,-0.164
2025-12-08T23:19:12.030,0.419,0.184,-0.137
2025-12-08T23:19:12.040,0.385,0.178,-0.112
2025-12-08T23:19:12.050,0.372,0.175,-0.102
2025-12-08T23:19:12.060,0.356,0.171,-0.109
2025-12-08T23:19:12.070,0.35,0.174,-0.134
2025-12-08T23:19:12.080,0.353,0.178,-0.15
2025-12-08T23:19:12.090,0.334,0.189,-0.144
2025-12-08T23:19:12.100,0.324,0.186,-0.127
2025-12-08T23:19:12.110,0.307,0.188,-0.082
2025-12-08T23:19:12.120,0.285,0.206,-0.055
2025-12-08T23:19:12.130,0.282,0.204,-0.084
2025-12-08T23:19:12.140,0.266,0.213,-0.1
2025-12-08T23:19:12.150,0.249,0.228,-0.087
2025-12-08T23:19:12.160,0.226,0.238,-0.056
2025-12-08T23:19:12.170,0.2,0.262,0.0
2025-12-08T23:19:12.180,0.187,0.277,0.041
2025-12-08T23:19:12.190,0.159,0.287,0.05
2025-12-08T23:19:12.200,0.134,0.293,0.064
2025-12-08T23:19:12.210,0.127,0.293,0.076
2025-12-08T23:19:12.220,0.121,0.293,0.067
2025-12-08T23:19:12.230,0.124,0.28,0.071
2025-12-08T23:19:12.240,0.123,0.268,0.08
2025-12-08T23:19:12.250,0.116,0.257,0.068
2025-12-08T23:19:12.260,0.12,0.235,0.075
2025-12-08T23:19:12.270,0.123,0.222,0.097
2025-12-08T23:19:12.280,0.117,0.209,0.104
2025-12-08T23:19:12.290,0.112,0.186,0.113
2025-12-08T23:19:12.300,0.107,0.177,0.119
2025-12-08T23:19:12.310,0.095,0.174,0.114
2025-12-08T23:19:12.320,0.08,0.179,0.101
2025-12-08T23:19:12.330,0.078,0.191,0.066
2025-12-08T23:19:12.340,0.067,0.193,0.015
2025-12-08T23:19:12.350,0.041,0.187,0.007
2025-12-08T23:19:12.360,0.021,0.171,0.05
2025-12-08T23:19:12.370,0.01,0.159,0.076
2025-12-08T23:19:12.380,0.006,0.143,0.085
2025-12-08T23:19:12.390,0.008,0.137,0.089
2025-12-08T23:19:12.400,0.017,0.137,0.091
2025-12-08T23:19:12.410,0.02,0.143,0.099
2025-12-08T23:19:12.420,0.023,0.169,0.075
2025-12-08T23:19:12.430,0.035,0.18,0.052
2025-12-08T23:19:12.440,0.023,0.198,0.063
2025-12-08T23:19:12.450,-0.002,0.218,0.109
2025-12-08T23:19:12.460,-0.019,0.218,0.171
2025-12-08T23:19:12.470,-0.048,0.217,0.199
2025-12-08T23:19:12.480,-0.078,0.209,0.212
2025-12-08T23:19:12.490,-0.095,0.197,0.187
2025-12-08T23:19:12.500,-0.114,0.188,0.132
2025-12-08T23:19:12.510,-0.132,0.19,0.117
2025-12-08T23:19:12.520,-0.139,0.196,0.129
2025-12-08T23:19:12.530,-0.158,0.202,0.137
2025-12-08T23:19:12.540,-0.177,0.203,0.13
2025-12-08T23:19:12.550,-0.183,0.196,0.112
2025-12-08T23:19:12.560,-0.192,0.199,0.1
2025-12-08T23:19:12.570,-0.192,0.202,0.107
2025-12-08T23:19:12.580,-0.189,0.218,0.126
2025-12-08T23:19:12.590,-0.191,0.231,0.153
2025-12-08T23:19:12.600,-0.2,0.238,0.183
2025-12-08T23:19:12.610,-0.212,0.25,0.205
2025-12-08T23:19:12.620,-0.222,0.251,0.214
2025-12-08T23:19:12.630,-0.253,0.259,0.208
2025-12-08T23:19:12.640,-0.275,0.253,0.193
2025-12-08T23:19:12.650,-0.295,0.252,0.161
2025-12-08T23:19:12.660,-0.315,0.263,0.121
2025-12-08T23:19:12.670,-0.307,0.26,0.082
2025-12-08T23:19:12.680,-0.304,0.264,0.063
2025-12-08T23:19:12.690,-0.3,0.25,0.08
2025-12-08T23:19:12.700,-0.288,0.237,0.136
2025-12-08T23:19:12.710,-0.274,0.241,0.198
2025-12-08T23:19:12.720,-0.268,0.248,0.232
2025-12-08T23:19:12.730,-0.267,0.268,0.253
2025-12-08T23:19:12.740,-0.259,0.281,0.258
2025-12-08T23:19:12.750,-0.26,0.289,0.229
2025-12-08T23:19:12.760,-0.268,0.301,0.209
2025-12-08T23:19:12.770,-0.272,0.309,0.202
2025-12-08T23:19:12.780,-0.277,0.305,0.169
2025-12-08T23:19:12.790,-0.286,0.306,0.144
2025-12-08T23:19:12.800,-0.293,0.292,0.12
2025-12-08T23:19:12.810,-0.302,0.263,0.087
2025-12-08T23:19:12.820,-0.319,0.25,0.112
2025-12-08T23:19:12.830,-0.326,0.23,0.155
2025-12-08T23:19:12.840,-0.336,0.221,0.166
2025-12-08T23:19:12.850,-0.35,0.221,0.177
2025-12-08T23:19:12.860,-0.356,0.221,0.173
2025-12-08T23:19:12.870,-0.358,0.239,0.123
2025-12-08T23:19:12.880,-0.368,0.255,0.052
2025-12-08T23:19:12.890,-0.367,0.255,-0.024
2025-12-08T23:19:12.900,-0.371,0.247,-0.06
2025-12-08T23:19:12.910,-0.41,0.239,-0.033
2025-12-08T23:19:12.920,-0.429,0.202,-0.033
2025-12-08T23:19:12.930,-0.426,0.165,-0.091
2025-12-08T23:19:12.940,-0.435,0.155,-0.158
2025-12-08T23:19:12.950,-0.437,0.128,-0.212
2025-12-08T23:19:12.960,-0.434,0.104,-0.223
2025-12-08T23:19:12.970,-0.43,0.091,-0.198
2025-12-08T23:19:12.980,-0.413,0.077,-0.179
2025-12-08T23:19:12.990,-0.404,0.089,-0.176
2025-12-08T23:19:13.000,-0.409,0.1,-0.191
2025-12-08T23:19:13.010,-0.404,0.107,-0.218
2025-12-08T23:19:13.020,-0.391,0.129,-0.218
2025-12-08T23:19:13.030,-0.391,0.148,-0.184
2025-12-08T23:19:13.040,-0.386,0.168,-0.163
2025-12-08T23:19:13.050,-0.367,0.175,-0.159
2025-12-08T23:19:13.060,-0.355,0.179,-0.165
2025-12-08T23:19:13.070,-0.353,0.184,-0.186
2025-12-08T23:19:13.080,-0.358,0.181,-0.182
2025-12-08T23:19:13.090,-0.371,0.179,-0.166
2025-12-08T23:19:13.100,-0.391,0.168,-0.15
2025-12-08T23:19:13.110,-0.406,0.153,-0.135
2025-12-08T23:19:13.120,-0.413,0.134,-0.157
2025-12-08T23:19:13.130,-0.425,0.11,-0.198
2025-12-08T23:19:13.140,-0.433,0.099,-0.216
2025-12-08T23:19:13.150,-0.448,0.081,-0.217
2025-12-08T23:19:13.160,-0.469,0.052,-0.221
2025-12-08T23:19:13.170,-0.487,0.027,-0.212
2025-12-08T23:19:13.180,-0.512,0.015,-0.21
2025-12-08T23:19:13.190,-0.532,0.005,-0.248
2025-12-08T23:19:13.200,-0.545,-0.002,-0.284
2025-12-08T23:19:13.210,-0.558,-0.014,-0.309
2025-12-08T23:19:13.220,-0.572,-0.038,-0.32
2025-12-08T23:19:13.230,-0.603,-0.035,-0.294
2025-12-08T23:19:13.240,-0.634,-0.016,-0.269
2025-12-08T23:19:13.250,-0.664,-0.01,-0.271
2025-12-08T23:19:13.260,-0.683,-0.009,-0.28
2025-12-08T23:19:13.270,-0.696,-0.017,-0.286
2025-12-08T23:19:13.280,-0.719,-0.032,-0.293
2025-12-08T23:19:13.290,-0.722,-0.052,-0.282
2025-12-08T23:19:13.300,-0.722,-0.062,-0.255
2025-12-08T23:19:13.310,-0.726,-0.075,-0.242
2025-12-08T23:19:13.320,-0.723,-0.093,-0.231
2025-12-08T23:19:13.330,-0.729,-0.105,-0.201
2025-12-08T23:19:13.340,-0.735,-0.132,-0.173
2025-12-08T23:19:13.350,-0.759,-0.145,-0.128
2025-12-08T23:19:13.360,-0.773,-0.143,-0.064
2025-12-08T23:19:13.370,-0.77,-0.146,-0.036
2025-12-08T23:19:13.380,-0.785,-0.135,-0.033
2025-12-08T23:19:13.390,-0.776,-0.123,-0.043
2025-12-08T23:19:13.400,-0.777,-0.109,-0.062
2025-12-08T23:19:13.410,-0.795,-0.093,-0.072
2025-12-08T23:19:13.420,-0.789,-0.095,-0.045
2025-12-08T23:19:13.430,-0.787,-0.102,0.003
2025-12-08T23:19:13.440,-0.78,-0.1,0.035
2025-12-08T23:19:13.450,-0.762,-0.098,0.057
2025-12-08T23:19:13.460,-0.756,-0.096,0.057
2025-12-08T23:19:13.470,-0.767,-0.096,0.065
2025-12-08T23:19:13.480,-0.788,-0.097,0.106
2025-12-08T23:19:13.490,-0.815,-0.091,0.133
2025-12-08T23:19:13.500,-0.851,-0.092,0.141
2025-12-08T23:19:13.510,-0.886,-0.081,0.114
2025-12-08T23:19:13.520,-0.91,-0.069,0.065
2025-12-08T23:19:13.530,-0.94,-0.066,0.032
2025-12-08T23:19:13.540,-0.959,-0.05,0.007
2025-12-08T23:19:13.550,-0.96,-0.054,0.006
2025-12-08T23:19:13.560,-0.969,-0.046,0.03
2025-12-08T23:19:13.570,-0.972,-0.041,0.053
2025-12-08T23:19:13.580,-0.969,-0.043,0.076
2025-12-08T23:19:13.590,-0.973,-0.014,0.103
2025-12-08T23:19:13.600,-0.96,0.003,0.131
2025-12-08T23:19:13.610,-0.942,0.03,0.141
2025-12-08T23:19:13.620,-0.928,0.053,0.136
2025-12-08T23:19:13.630,-0.91,0.064,0.125
2025-12-08T23:19:13.640,-0.887,0.093,0.13
2025-12-08T23:19:13.650,-0.856,0.112,0.159
2025-12-08T23:19:13.660,-0.829,0.118,0.181
2025-12-08T23:19:13.670,-0.801,0.123,0.213
2025-12-08T23:19:13.680,-0.782,0.141,0.238
2025-12-08T23:19:13.690,-0.766,0.145,0.252
2025-12-08T23:19:13.700,-0.741,0.151,0.288
2025-12-08T23:19:13.710,-0.74,0.172,0.339
2025-12-08T23:19:13.720,-0.754,0.181,0.408
2025-12-08T23:19:13.730,-0.757,0.179,0.455
2025-12-08T23:19:13.740,-0.758,0.191,0.444
2025-12-08T23:19:13.750,-0.766,0.198,0.396
2025-12-08T23:19:13.760,-0.756,0.154,0.333
2025-12-08T23:19:13.770,-0.752,0.143,0.31
2025-12-08T23:19:13.780,-0.756,0.164,0.321
2025-12-08T23:19:13.790,-0.729,0.138,0.345
2025-12-08T23:19:13.800,-0.704,0.126,0.369
2025-12-08T23:19:13.810,-0.692,0.103,0.369
2025-12-08T23:19:13.820,-0.685,0.084,0.394
2025-12-08T23:19:13.830,-0.674,0.13,0.382
2025-12-08T23:19:13.840,-0.662,0.127,0.316
2025-12-08T23:19:13.850,-0.663,0.103,0.28
2025-12-08T23:19:13.860,-0.658,0.129,0.291
2025-12-08T23:19:13.870,-0.665,0.151,0.323
2025-12-08T23:19:13.880,-0.653,0.184,0.284
2025-12-08T23:19:13.890,-0.622,0.175,0.284
2025-12-08T23:19:13.900,-0.601,0.142,0.324
2025-12-08T23:19:13.910,-0.591,0.146,0.326
2025-12-08T23:19:13.920,-0.586,0.142,0.358
2025-12-08T23:19:13.930,-0.547,0.119,0.331
2025-12-08T23:19:13.940,-0.521,0.09,0.337
2025-12-08T23:19:13.950,-0.517,0.104,0.373
2025-12-08T23:19:13.960,-0.488,0.096,0.349
2025-12-08T23:19:13.970,-0.459,0.086,0.332
2025-12-08T23:19:13.980,-0.43,0.108,0.337
2025-12-08T23:19:13.990,-0.406,0.073,0.391
2025-12-08T23:19:14.000,-0.39,0.076,0.398
2025-12-08T23:19:14.010,-0.375,0.086,0.42
2025-12-08T23:19:14.020,-0.361,0.058,0.439
2025-12-08T23:19:14.030,-0.339,0.046,0.407
2025-12-08T23:19:14.040,-0.315,0.044,0.417
2025-12-08T23:19:14.050,-0.275,0.057,0.374
2025-12-08T23:19:14.060,-0.239,0.044,0.344
2025-12-08T23:19:14.070,-0.218,0.028,0.339
2025-12-08T23:19:14.080,-0.198,0.011,0.325
2025-12-08T23:19:14.090,-0.185,-0.014,0.336
2025-12-08T23:19:14.100,-0.169,-0.033,0.327
2025-12-08T23:19:14.110,-0.145,-0.058,0.297
2025-12-08T23:19:14.120,-0.119,-0.052,0.225
2025-12-08T23:19:14.130,-0.092,-0.053,0.196
2025-12-08T23:19:14.140,-0.056,-0.078,0.184
2025-12-08T23:19:14.150,-0.033,-0.107,0.178
2025-12-08T23:19:14.160,-0.015,-0.135,0.205
2025-12-08T23:19:14.170,0.02,-0.148,0.168
2025-12-08T23:19:14.180,0.024,-0.173,0.163
2025-12-08T23:19:14.190,0.035,-0.188,0.176
2025-12-08T23:19:14.200,0.064,-0.175,0.147
2025-12-08T23:19:14.210,0.083,-0.142,0.116
2025-12-08T23:19:14.220,0.105,-0.106,0.052
2025-12-08T23:19:14.230,0.114,-0.108,0.05
2025-12-08T23:19:14.240,0.126,-0.103,0.112
2025-12-08T23:19:14.250,0.14,-0.074,0.145
2025-12-08T23:19:14.260,0.175,-0.098,0.184
2025-12-08T23:19:14.270,0.226,-0.12,0.189
2025-12-08T23:19:14.280,0.248,-0.121,0.149
2025-12-08T23:19:14.290,0.291,-0.132,0.125
2025-12-08T23:19:14.300,0.331,-0.108,0.136
2025-12-08T23:19:14.310,0.342,-0.104,0.155
2025-12-08T23:19:14.320,0.366,-0.105,0.129
2025-12-08T23:19:14.330,0.374,-0.076,0.114
2025-12-08T23:19:14.340,0.36,-0.062,0.147
2025-12-08T23:19:14.350,0.354,-0.073,0.162
2025-12-08T23:19:14.360,0.356,-0.073,0.128
2025-12-08T23:19:14.370,0.355,-0.049,0.081
2025-12-08T23:19:14.380,0.349,-0.068,0.054
2025-12-08T23:19:14.390,0.335,-0.101,0.051
2025-12-08T23:19:14.400,0.334,-0.089,0.046
2025-12-08T23:19:14.410,0.341,-0.064,-0.011
2025-12-08T23:19:14.420,0.328,-0.057,-0.09
2025-12-08T23:19:14.430,0.327,-0.085,-0.14
2025-12-08T23:19:14.440,0.339,-0.1,-0.128
2025-12-08T23:19:14.450,0.357,-0.078,-0.104
2025-12-08T23:19:14.460,0.375,-0.059,-0.122
2025-12-08T23:19:14.470,0.38,-0.055,-0.164
2025-12-08T23:19:14.480,0.416,-0.055,-0.219
2025-12-08T23:19:14.490,0.431,-0.023,-0.188
2025-12-08T23:19:14.500,0.434,0.036,-0.144
2025-12-08T23:19:14.510,0.46,0.064,-0.172
2025-12-08T23:19:14.520,0.465,0.046,-0.166
2025-12-08T23:19:14.530,0.47,0.023,-0.13
2025-12-08T23:19:14.540,0.469,0.034,-0.098
2025-12-08T23:19:14.550,0.489,0.038,-0.105
2025-12-08T23:19:14.560,0.513,0.024,-0.133
2025-12-08T23:19:14.570,0.521,0.013,-0.141
2025-12-08T23:19:14.580,0.542,0.014,-0.147
2025-12-08T23:19:14.590,0.541,0.027,-0.114
2025-12-08T23:19:14.600,0.558,0.032,-0.077
2025-12-08T23:19:14.610,0.569,0.048,-0.082
2025-12-08T23:19:14.620,0.561,0.045,-0.103
2025-12-08T23:19:14.630,0.596,0.032,-0.101
2025-12-08T23:19:14.640,0.623,0.057,-0.08
2025-12-08T23:19:14.650,0.638,0.068,-0.108
2025-12-08T23:19:14.660,0.658,0.05,-0.158
2025-12-08T23:19:14.670,0.667,0.012,-0.171
2025-12-08T23:19:14.680,0.663,-0.023,-0.153
2025-12-08T23:19:14.690,0.658,-0.026,-0.137
2025-12-08T23:19:14.700,0.665,-0.027,-0.146
2025-12-08T23:19:14.710,0.65,-0.034,-0.197
2025-12-08T23:19:14.720,0.612,-0.023,-0.253
2025-12-08T23:19:14.730,0.598,0.012,-0.283
2025-12-08T23:19:14.740,0.596,0.046,-0.334
2025-12-08T23:19:14.750,0.587,0.061,-0.374
2025-12-08T23:19:14.760,0.583,0.044,-0.35
2025-12-08T23:19:14.770,0.594,0.017,-0.32
2025-12-08T23:19:14.780,0.617,0.0,-0.287
2025-12-08T23:19:14.790,0.644,0.002,-0.268
2025-12-08T23:19:14.800,0.675,0.001,-0.302
2025-12-08T23:19:14.810,0.692,-0.037,-0.331
2025-12-08T23:19:14.820,0.697,-0.043,-0.319
2025-12-08T23:19:14.830,0.706,-0.034,-0.313
2025-12-08T23:19:14.840,0.7,-0.05,-0.325
2025-12-08T23:19:14.850,0.698,-0.048,-0.325
2025-12-08T23:19:14.860,0.706,-0.059,-0.33
2025-12-08T23:19:14.870,0.716,-0.066,-0.334
2025-12-08T23:19:14.880,0.745,-0.054,-0.32
2025-12-08T23:19:14.890,0.782,-0.059,-0.319
2025-12-08T23:19:14.900,0.804,-0.08,-0.312
2025-12-08T23:19:14.910,0.817,-0.098,-0.266
2025-12-08T23:19:14.920,0.839,-0.111,-0.225
2025-12-08T23:19:14.930,0.857,-0.114,-0.201
2025-12-08T23:19:14.940,0.855,-0.117,-0.186
2025-12-08T23:19:14.950,0.852,-0.137,-0.203
2025-12-08T23:19:14.960,0.845,-0.136,-0.235
2025-12-08T23:19:14.970,0.838,-0.121,-0.285
2025-12-08T23:19:14.980,0.847,-0.107,-0.346
2025-12-08T23:19:14.990,0.842,-0.093,-0.353
2025-12-08T23:19:15.000,0.824,-0.093,-0.317
2025-12-08T23:19:15.010,0.818,-0.079,-0.313
2025-12-08T23:19:15.020,0.804,-0.075,-0.339
2025-12-08T23:19:15.030,0.783,-0.077,-0.378
2025-12-08T23:19:15.040,0.771,-0.08,-0.41
2025-12-08T23:19:15.050,0.753,-0.103,-0.393
2025-12-08T23:19:15.060,0.73,-0.097,-0.363
2025-12-08T23:19:15.070,0.733,-0.088,-0.352
2025-12-08T23:19:15.080,0.739,-0.102,-0.367
2025-12-08T23:19:15.090,0.726,-0.094,-0.4
2025-12-08T23:19:15.100,0.719,-0.071,-0.411
2025-12-08T23:19:15.110,0.724,-0.05,-0.398
2025-12-08T23:19:15.120,0.712,-0.022,-0.382
2025-12-08T23:19:15.130,0.695,0.005,-0.352
2025-12-08T23:19:15.140,0.687,0.031,-0.322
2025-12-08T23:19:15.150,0.673,0.045,-0.31
2025-12-08T23:19:15.160,0.658,0.054,-0.279
2025-12-08T23:19:15.170,0.654,0.072,-0.248
2025-12-08T23:19:15.180,0.649,0.074,-0.228
2025-12-08T23:19:15.190,0.633,0.086,-0.214
2025-12-08T23:19:15.200,0.631,0.102,-0.2
2025-12-08T23:19:15.210,0.638,0.119,-0.186
2025-12-08T23:19:15.220,0.626,0.151,-0.182
2025-12-08T23:19:15.230,0.622,0.158,-0.181
2025-12-08T23:19:15.240,0.606,0.159,-0.2
2025-12-08T23:19:15.250,0.579,0.152,-0.21
2025-12-08T23:19:15.260,0.573,0.146,-0.191
2025-12-08T23:19:15.270,0.565,0.15,-0.163
2025-12-08T23:19:15.280,0.547,0.139,-0.15
2025-12-08T23:19:15.290,0.53,0.125,-0.162
2025-12-08T23:19:15.300,0.519,0.104,-0.185
2025-12-08T23:19:15.310,0.497,0.087,-0.214
2025-12-08T23:19:15.320,0.472,0.083,-0.199
2025-12-08T23:19:15.330,0.453,0.078,-0.165
2025-12-08T23:19:15.340,0.423,0.061,-0.152
2025-12-08T23:19:15.350,0.403,0.061,-0.133
2025-12-08T23:19:15.360,0.388,0.084,-0.18
2025-12-08T23:19:15.370,0.371,0.081,-0.244
2025-12-08T23:19:15.380,0.359,0.084,-0.239
2025-12-08T23:19:15.390,0.335,0.098,-0.189
2025-12-08T23:19:15.400,0.324,0.095,-0.134
2025-12-08T23:19:15.410,0.32,0.093,-0.09
2025-12-08T23:19:15.420,0.314,0.078,-0.054
2025-12-08T23:19:15.430,0.305,0.049,-0.042
2025-12-08T23:19:15.440,0.285,0.041,-0.036
2025-12-08T23:19:15.450,0.289,0.04,-0.069
2025-12-08T23:19:15.460,0.289,0.028,-0.112
2025-12-08T23:19:15.470,0.267,0.028,-0.068
2025-12-08T23:19:15.480,0.249,0.029,0.0
2025-12-08T23:19:15.490,0.219,0.03,0.039
2025-12-08T23:19:15.500,0.209,0.035,0.05
2025-12-08T23:19:15.510,0.214,0.025,0.043
2025-12-08T23:19:15.520,0.196,0.039,0.037
2025-12-08T23:19:15.530,0.181,0.047,0.054
2025-12-08T23:19:15.540,0.175,0.039,0.084
2025-12-08T23:19:15.550,0.161,0.041,0.081
2025-12-08T23:19:15.560,0.14,0.018,0.085
2025-12-08T23:19:15.570,0.127,0.002,0.102
2025-12-08T23:19:15.580,0.114,0.001,0.105
2025-12-08T23:19:15.590,0.089,0.006,0.104
2025-12-08T23:19:15.600,0.08,0.0,0.091
2025-12-08T23:19:15.610,0.063,-0.026,0.075
2025-12-08T23:19:15.620,0.007,-0.026,0.059
2025-12-08T23:19:15.630,-0.036,-0.034,0.05
2025-12-08T23:19:15.640,-0.063,-0.042,0.02
2025-12-08T23:19:15.650,-0.098,-0.044,0.0
2025-12-08T23:19:15.660,-0.116,-0.068,0.023
2025-12-08T23:19:15.670,-0.111,-0.066,0.023
2025-12-08T23:19:15.680,-0.118,-0.075,0.014
2025-12-08T23:19:15.690,-0.136,-0.089,-0.005
2025-12-08T23:19:15.700,-0.135,-0.084,-0.028
2025-12-08T23:19:15.710,-0.155,-0.087,-0.007
2025-12-08T23:19:15.720,-0.186,-0.066,0.004
2025-12-08T23:19:15.730,-0.186,-0.064,0.002
2025-12-08T23:19:15.740,-0.187,-0.068,0.006
2025-12-08T23:19:15.750,-0.193,-0.057,0.035
2025-12-08T23:19:15.760,-0.189,-0.073,0.088
2025-12-08T23:19:15.770,-0.18,-0.084,0.114
2025-12-08T23:19:15.780,-0.184,-0.102,0.157
2025-12-08T23:19:15.790,-0.196,-0.116,0.21
2025-12-08T23:19:15.800,-0.205,-0.118,0.228
2025-12-08T23:19:15.810,-0.227,-0.113,0.207
2025-12-08T23:19:15.820,-0.241,-0.097,0.169
2025-12-08T23:19:15.830,-0.247,-0.1,0.172
2025-12-08T23:19:15.840,-0.266,-0.084,0.188
2025-12-08T23:19:15.850,-0.282,-0.069,0.23
2025-12-08T23:19:15.860,-0.289,-0.068,0.236
2025-12-08T23:19:15.870,-0.297,-0.063,0.173
2025-12-08T23:19:15.880,-0.309,-0.072,0.141
2025-12-08T23:19:15.890,-0.318,-0.061,0.111
2025-12-08T23:19:15.900,-0.333,-0.059,0.1
2025-12-08T23:19:15.910,-0.346,-0.075,0.122
2025-12-08T23:19:15.920,-0.364,-0.071,0.143
2025-12-08T23:19:15.930,-0.387,-0.069,0.142
2025-12-08T23:19:15.940,-0.384,-0.064,0.09
2025-12-08T23:19:15.950,-0.38,-0.06,0.054
2025-12-08T23:19:15.960,-0.381,-0.08,0.051
2025-12-08T23:19:15.970,-0.394,-0.087,0.086
2025-12-08T23:19:15.980,-0.417,-0.086,0.129
2025-12-08T23:19:15.990,-0.431,-0.096,0.152
2025-12-08T23:19:16.000,-0.446,-0.071,0.142
2025-12-08T23:19:16.010,-0.435,-0.058,0.088
2025-12-08T23:19:16.020,-0.424,-0.034,0.055
2025-12-08T23:19:16.030,-0.429,0.0,0.033
2025-12-08T23:19:16.040,-0.412,-0.011,0.03
2025-12-08T23:19:16.050,-0.411,-0.004,0.046
2025-12-08T23:19:16.060,-0.418,-0.016,0.079
2025-12-08T23:19:16.070,-0.408,-0.036,0.104
2025-12-08T23:19:16.080,-0.412,-0.03,0.102
2025-12-08T23:19:16.090,-0.433,-0.032,0.122
2025-12-08T23:19:16.100,-0.442,-0.009,0.123
2025-12-08T23:19:16.110,-0.451,-0.0,0.125
2025-12-08T23:19:16.120,-0.484,0.008,0.131
2025-12-08T23:19:16.130,-0.485,0.019,0.112
2025-12-08T23:19:16.140,-0.463,0.006,0.063
2025-12-08T23:19:16.150,-0.458,0.0,0.013
2025-12-08T23:19:16.160,-0.447,0.0,0.034
2025-12-08T23:19:16.170,-0.436,-0.002,0.067
2025-12-08T23:19:16.180,-0.434,-0.005,0.103
2025-12-08T23:19:16.190,-0.439,0.012,0.117
2025-12-08T23:19:16.200,-0.449,0.025,0.091
2025-12-08T23:19:16.210,-0.469,0.024,0.082
2025-12-08T23:19:16.220,-0.487,0.036,0.077
2025-12-08T23:19:16.230,-0.494,0.05,0.071
2025-12-08T23:19:16.240,-0.495,0.052,0.035
2025-12-08T23:19:16.250,-0.483,0.041,-0.011
2025-12-08T23:19:16.260,-0.465,0.032,-0.071
2025-12-08T23:19:16.270,-0.458,0.012,-0.114
2025-12-08T23:19:16.280,-0.463,0.004,-0.086
2025-12-08T23:19:16.290,-0.452,0.004,-0.046
2025-12-08T23:19:16.300,-0.447,0.005,-0.011
2025-12-08T23:19:16.310,-0.451,0.02,0.001
2025-12-08T23:19:16.320,-0.433,0.041,-0.028
2025-12-08T23:19:16.330,-0.414,0.082,-0.069
2025-12-08T23:19:16.340,-0.399,0.102,-0.074
2025-12-08T23:19:16.350,-0.383,0.101,-0.021
2025-12-08T23:19:16.360,-0.36,0.11,0.018
2025-12-08T23:19:16.370,-0.348,0.117,0.037
2025-12-08T23:19:16.380,-0.325,0.126,0.047
2025-12-08T23:19:16.390,-0.307,0.136,0.057
2025-12-08T23:19:16.400,-0.33,0.139,0.111
2025-12-08T23:19:16.410,-0.332,0.134,0.171
2025-12-08T23:19:16.420,-0.324,0.152,0.171
2025-12-08T23:19:16.430,-0.343,0.176,0.134
2025-12-08T23:19:16.440,-0.351,0.185,0.095
2025-12-08T23:19:16.450,-0.35,0.206,0.035
2025-12-08T23:19:16.460,-0.354,0.22,-0.004
2025-12-08T23:19:16.470,-0.344,0.223,-0.011
2025-12-08T23:19:16.480,-0.332,0.228,0.021
2025-12-08T23:19:16.490,-0.329,0.239,0.068
2025-12-08T23:19:16.500,-0.334,0.249,0.068
2025-12-08T23:19:16.510,-0.341,0.266,0.045
2025-12-08T23:19:16.520,-0.338,0.283,-0.015
2025-12-08T23:19:16.530,-0.343,0.281,-0.083
2025-12-08T23:19:16.540,-0.342,0.274,-0.088
2025-12-08T23:19:16.550,-0.328,0.26,-0.076
2025-12-08T23:19:16.560,-0.335,0.253,-0.071
2025-12-08T23:19:16.570,-0.346,0.251,-0.048
2025-12-08T23:19:16.580,-0.349,0.239,-0.035
2025-12-08T23:19:16.590,-0.345,0.223,-0.023
2025-12-08T23:19:16.600,-0.34,0.217,0.007
2025-12-08T23:19:16.610,-0.328,0.218,-0.001
2025-12-08T23:19:16.620,-0.306,0.194,-0.013
2025-12-08T23:19:16.630,-0.287,0.182,-0.003
2025-12-08T23:19:16.640,-0.262,0.173,-0.018
2025-12-08T23:19:16.650,-0.239,0.152,-0.039
2025-12-08T23:19:16.660,-0.223,0.154,-0.019
2025-12-08T23:19:16.670,-0.208,0.154,0.017
2025-12-08T23:19:16.680,-0.208,0.149,0.04
2025-12-08T23:19:16.690,-0.203,0.151,0.073
2025-12-08T23:19:16.700,-0.179,0.152,0.055
2025-12-08T23:19:16.710,-0.164,0.148,0.013
2025-12-08T23:19:16.720,-0.138,0.139,0.026
2025-12-08T23:19:16.730,-0.109,0.129,0.024
2025-12-08T23:19:16.740,-0.106,0.114,0.005
2025-12-08T23:19:16.750,-0.087,0.092,0.012
2025-12-08T23:19:16.760,-0.055,0.077,0.025
2025-12-08T23:19:16.770,-0.059,0.077,0.052
2025-12-08T23:19:16.780,-0.076,0.072,0.106
2025-12-08T23:19:16.790,-0.079,0.077,0.13
2025-12-08T23:19:16.800,-0.08,0.077,0.107
2025-12-08T23:19:16.810,-0.087,0.096,0.069
2025-12-08T23:19:16.820,-0.082,0.13,0.018
2025-12-08T23:19:16.830,-0.053,0.121,-0.024
2025-12-08T23:19:16.840,-0.03,0.126,-0.039
2025-12-08T23:19:16.850,-0.001,0.125,-0.029
2025-12-08T23:19:16.860,0.025,0.102,-0.011
2025-12-08T23:19:16.870,0.029,0.099,0.012
2025-12-08T23:19:16.880,0.039,0.103,0.013
2025-12-08T23:19:16.890,0.048,0.105,-0.02
2025-12-08T23:19:16.900,0.058,0.087,-0.04
2025-12-08T23:19:16.910,0.061,0.086,-0.024
2025-12-08T23:19:16.920,0.05,0.097,-0.004
2025-12-08T23:19:16.930,0.056,0.092,0.004
2025-12-08T23:19:16.940,0.071,0.1,0.002
2025-12-08T23:19:16.950,0.093,0.107,-0.04
2025-12-08T23:19:16.960,0.121,0.108,-0.061
2025-12-08T23:19:16.970,0.14,0.107,0.0
2025-12-08T23:19:16.980,0.157,0.109,0.068
2025-12-08T23:19:16.990,0.184,0.101,0.108
2025-12-08T23:19:17.000,0.201,0.091,0.144
2025-12-08T23:19:17.010,0.218,0.095,0.152
2025-12-08T23:19:17.020,0.236,0.099,0.125
2025-12-08T23:19:17.030,0.249,0.114,0.116
2025-12-08T23:19:17.040,0.268,0.138,0.125
2025-12-08T23:19:17.050,0.269,0.167,0.096
2025-12-08T23:19:17.060,0.263,0.176,0.072
2025-12-08T23:19:17.070,0.26,0.186,0.075
2025-12-08T23:19:17.080,0.25,0.206,0.043
2025-12-08T23:19:17.090,0.248,0.193,0.033
2025-12-08T23:19:17.100,0.238,0.177,0.041
2025-12-08T23:19:17.110,0.212,0.161,0.026
2025-12-08T23:19:17.120,0.181,0.15,0.014
2025-12-08T23:19:17.130,0.169,0.141,-0.019
2025-12-08T23:19:17.140,0.162,0.146,-0.042
2025-12-08T23:19:17.150,0.146,0.178,-0.046
2025-12-08T23:19:17.160,0.15,0.183,-0.024
2025-12-08T23:19:17.170,0.156,0.191,0.006
2025-12-08T23:19:17.180,0.148,0.204,0.031
2025-12-08T23:19:17.190,0.152,0.201,0.061
2025-12-08T23:19:17.200,0.163,0.214,0.048
2025-12-08T23:19:17.210,0.157,0.224,0.045
2025-12-08T23:19:17.220,0.162,0.211,0.049
2025-12-08T23:19:17.230,0.169,0.195,0.063
2025-12-08T23:19:17.240,0.157,0.184,0.073
2025-12-08T23:19:17.250,0.171,0.16,0.041
2025-12-08T23:19:17.260,0.187,0.149,0.029
2025-12-08T23:19:17.270,0.177,0.16,0.012
2025-12-08T23:19:17.280,0.178,0.151,0.025
2025-12-08T23:19:17.290,0.176,0.135,0.073
2025-12-08T23:19:17.300,0.17,0.129,0.094
2025-12-08T23:19:17.310,0.179,0.118,0.078
2025-12-08T23:19:17.320,0.193,0.108,0.033
2025-12-08T23:19:17.330,0.204,0.109,-0.011
2025-12-08T23:19:17.340,0.211,0.109,-0.02
2025-12-08T23:19:17.350,0.214,0.111,0.04
2025-12-08T23:19:17.360,0.217,0.099,0.107
2025-12-08T23:19:17.370,0.22,0.074,0.159
2025-12-08T23:19:17.380,0.228,0.062,0.2
2025-12-08T23:19:17.390,0.229,0.049,0.169
2025-12-08T23:19:17.400,0.228,0.037,0.123
2025-12-08T23:19:17.410,0.229,0.025,0.115
2025-12-08T23:19:17.420,0.209,0.011,0.115
2025-12-08T23:19:17.430,0.202,0.015,0.086
2025-12-08T23:19:17.440,0.21,0.018,0.065
2025-12-08T23:19:17.450,0.195,0.01,0.04
2025-12-08T23:19:17.460,0.179,-0.002,0.001
2025-12-08T23:19:17.470,0.173,-0.025,0.023
2025-12-08T23:19:17.480,0.163,-0.046,0.058
2025-12-08T23:19:17.490,0.161,-0.055,0.062
2025-12-08T23:19:17.500,0.174,-0.084,0.076
2025-12-08T23:19:17.510,0.192,-0.117,0.074
2025-12-08T23:19:17.520,0.182,-0.116,0.085
2025-12-08T23:19:17.530,0.155,-0.123,0.128
2025-12-08T23:19:17.540,0.158,-0.145,0.095
2025-12-08T23:19:17.550,0.15,-0.146,0.053
2025-12-08T23:19:17.560,0.114,-0.141,0.055
2025-12-08T23:19:17.570,0.102,-0.153,0.054
2025-12-08T23:19:17.580,0.087,-0.152,0.082
2025-12-08T23:19:17.590,0.08,-0.15,0.097
2025-12-08T23:19:17.600,0.095,-0.177,0.109
2025-12-08T23:19:17.610,0.098,-0.188,0.141
2025-12-08T23:19:17.620,0.09,-0.196,0.188
2025-12-08T23:19:17.630,0.098,-0.218,0.193
2025-12-08T23:19:17.640,0.104,-0.228,0.18
2025-12-08T23:19:17.650,0.091,-0.234,0.192
2025-12-08T23:19:17.660,0.095,-0.241,0.166
2025-12-08T23:19:17.670,0.086,-0.225,0.15
2025-12-08T23:19:17.680,0.07,-0.206,0.101
2025-12-08T23:19:17.690,0.061,-0.213,0.059
2025-12-08T23:19:17.700,0.02,-0.207,0.069
2025-12-08T23:19:17.710,-0.007,-0.218,0.071
2025-12-08T23:19:17.720,-0.023,-0.239,0.077
2025-12-08T23:19:17.730,-0.041,-0.237,0.073
2025-12-08T23:19:17.740,-0.055,-0.241,0.076
2025-12-08T23:19:17.750,-0.078,-0.242,0.063
2025-12-08T23:19:17.760,-0.083,-0.246,0.05
2025-12-08T23:19:17.770,-0.096,-0.252,0.036
2025-12-08T23:19:17.780,-0.114,-0.248,0.03
2025-12-08T23:19:17.790,-0.12,-0.244,0.066
2025-12-08T23:19:17.800,-0.134,-0.235,0.066
2025-12-08T23:19:17.810,-0.133,-0.214,0.039
2025-12-08T23:19:17.820,-0.129,-0.198,0.016
2025-12-08T23:19:17.830,-0.14,-0.181,-0.003
2025-12-08T23:19:17.840,-0.139,-0.163,0.004
2025-12-08T23:19:17.850,-0.146,-0.161,0.034
2025-12-08T23:19:17.860,-0.164,-0.166,0.037
2025-12-08T23:19:17.870,-0.17,-0.186,0.034
2025-12-08T23:19:17.880,-0.191,-0.193,0.064
2025-12-08T23:19:17.890,-0.205,-0.195,0.048
2025-12-08T23:19:17.900,-0.214,-0.209,0.029
2025-12-08T23:19:17.910,-0.231,-0.204,0.012
2025-12-08T23:19:17.920,-0.221,-0.201,-0.039
2025-12-08T23:19:17.930,-0.222,-0.185,-0.06
2025-12-08T23:19:17.940,-0.219,-0.163,-0.076
2025-12-08T23:19:17.950,-0.215,-0.153,-0.095
2025-12-08T23:19:17.960,-0.225,-0.149,-0.091
2025-12-08T23:19:17.970,-0.214,-0.147,-0.039
2025-12-08T23:19:17.980,-0.209,-0.138,0.013
2025-12-08T23:19:17.990,-0.202,-0.154,0.025
2025-12-08T23:19:18.000,-0.19,-0.149,0.025
2025-12-08T23:19:18.010,-0.187,-0.122,-0.013
2025-12-08T23:19:18.020,-0.194,-0.127,-0.05
2025-12-08T23:19:18.030,-0.222,-0.12,-0.062
2025-12-08T23:19:18.040,-0.235,-0.112,-0.086
2025-12-08T23:19:18.050,-0.259,-0.118,-0.097
2025-12-08T23:19:18.060,-0.282,-0.112,-0.094
2025-12-08T23:19:18.070,-0.282,-0.105,-0.103
2025-12-08T23:19:18.080,-0.314,-0.112,-0.127
2025-12-08T23:19:18.090,-0.334,-0.119,-0.148
2025-12-08T23:19:18.100,-0.353,-0.121,-0.141
2025-12-08T23:19:18.110,-0.375,-0.126,-0.135
2025-12-08T23:19:18.120,-0.369,-0.118,-0.14
2025-12-08T23:19:18.130,-0.379,-0.1,-0.137
2025-12-08T23:19:18.140,-0.384,-0.08,-0.149
2025-12-08T23:19:18.150,-0.382,-0.071,-0.147
2025-12-08T23:19:18.160,-0.385,-0.057,-0.15
2025-12-08T23:19:18.170,-0.392,-0.031,-0.195
2025-12-08T23:19:18.180,-0.407,-0.036,-0.208
2025-12-08T23:19:18.190,-0.414,-0.034,-0.2
2025-12-08T23:19:18.200,-0.424,-0.034,-0.2
2025-12-08T23:19:18.210,-0.434,-0.037,-0.186
2025-12-08T23:19:18.220,-0.423,-0.013,-0.207
2025-12-08T23:19:18.230,-0.407,-0.012,-0.228
2025-12-08T23:19:18.240,-0.4,0.002,-0.224
2025-12-08T23:19:18.250,-0.403,0.016,-0.209
2025-12-08T23:19:18.260,-0.42,0.02,-0.207
2025-12-08T23:19:18.270,-0.425,0.038,-0.236
2025-12-08T23:19:18.280,-0.43,0.023,-0.208
2025-12-08T23:19:18.290,-0.427,0.037,-0.171
2025-12-08T23:19:18.300,-0.434,0.057,-0.15
2025-12-08T23:19:18.310,-0.461,0.052,-0.129
2025-12-08T23:19:18.320,-0.455,0.075,-0.168
2025-12-08T23:19:18.330,-0.471,0.077,-0.187
2025-12-08T23:19:18.340,-0.47,0.082,-0.207
2025-12-08T23:19:18.350,-0.439,0.105,-0.244
2025-12-08T23:19:18.360,-0.442,0.117,-0.267
2025-12-08T23:19:18.370,-0.419,0.137,-0.287
2025-12-08T23:19:18.380,-0.404,0.142,-0.262
2025-12-08T23:19:18.390,-0.406,0.127,-0.23
2025-12-08T23:19:18.400,-0.391,0.119,-0.159
2025-12-08T23:19:18.410,-0.389,0.124,-0.102
2025-12-08T23:19:18.420,-0.391,0.125,-0.129
2025-12-08T23:19:18.430,-0.398,0.103,-0.12
2025-12-08T23:19:18.440,-0.397,0.097,-0.132
2025-12-08T23:19:18.450,-0.398,0.105,-0.186
2025-12-08T23:19:18.460,-0.413,0.111,-0.201
2025-12-08T23:19:18.470,-0.398,0.123,-0.217
2025-12-08T23:19:18.480,-0.391,0.124,-0.214
2025-12-08T23:19:18.490,-0.386,0.137,-0.22
2025-12-08T23:19:18.500,-0.357,0.149,-0.218
2025-12-08T23:19:18.510,-0.346,0.153,-0.207
2025-12-08T23:19:18.520,-0.335,0.169,-0.219
2025-12-08T23:19:18.530,-0.325,0.153,-0.154
2025-12-08T23:19:18.540,-0.325,0.147,-0.091
2025-12-08T23:19:18.550,-0.322,0.157,-0.08
2025-12-08T23:19:18.560,-0.295,0.137,-0.087
2025-12-08T23:19:18.570,-0.249,0.135,-0.106
2025-12-08T23:19:18.580,-0.246,0.144,-0.089
2025-12-08T23:19:18.590,-0.22,0.128,-0.082
2025-12-08T23:19:18.600,-0.192,0.135,-0.026
2025-12-08T23:19:18.610,-0.221,0.146,0.02
2025-12-08T23:19:18.620,-0.2,0.12,-0.055
2025-12-08T23:19:18.630,-0.198,0.146,-0.08
2025-12-08T23:19:18.640,-0.224,0.155,-0.037
2025-12-08T23:19:18.650,-0.172,0.11,-0.016
2025-12-08T23:19:18.660,-0.148,0.16,0.027
2025-12-08T23:19:18.670,-0.143,0.188,0.085
2025-12-08T23:19:18.680,-0.089,0.18,0.086
2025-12-08T23:19:18.690,-0.066,0.238,0.089
2025-12-08T23:19:18.700,-0.05,0.231,0.12
2025-12-08T23:19:18.710,-0.016,0.222,0.08
2025-12-08T23:19:18.720,-0.018,0.248,0.085
2025-12-08T23:19:18.730,-0.014,0.217,0.119
2025-12-08T23:19:18.740,-0.009,0.215,0.126
2025-12-08T23:19:18.750,-0.021,0.211,0.177
2025-12-08T23:19:18.760,-0.021,0.185,0.13
2025-12-08T23:19:18.770,-0.012,0.184,0.092
2025-12-08T23:19:18.780,0.011,0.177,0.124
2025-12-08T23:19:18.790,0.035,0.179,0.127
2025-12-08T23:19:18.800,0.055,0.193,0.179
2025-12-08T23:19:18.810,0.097,0.199,0.244
2025-12-08T23:19:18.820,0.134,0.199,0.288
2025-12-08T23:19:18.830,0.163,0.227,0.289
2025-12-08T23:19:18.840,0.216,0.235,0.248
2025-12-08T23:19:18.850,0.261,0.229,0.205
2025-12-08T23:19:18.860,0.27,0.246,0.252
2025-12-08T23:19:18.870,0.285,0.223,0.348
2025-12-08T23:19:18.880,0.301,0.214,0.382
2025-12-08T23:19:18.890,0.297,0.209,0.41
2025-12-08T23:19:18.900,0.312,0.189,0.363
2025-12-08T23:19:18.910,0.314,0.189,0.316
2025-12-08T23:19:18.920,0.299,0.178,0.306
2025-12-08T23:19:18.930,0.299,0.173,0.289
2025-12-08T23:19:18.940,0.286,0.175,0.332
2025-12-08T23:19:18.950,0.277,0.182,0.357
2025-12-08T23:19:18.960,0.276,0.179,0.351
2025-12-08T23:19:18.970,0.282,0.157,0.345
2025-12-08T23:19:18.980,0.291,0.148,0.39
2025-12-08T23:19:18.990,0.294,0.139,0.438
2025-12-08T23:19:19.000,0.314,0.132,0.441
2025-12-08T23:19:19.010,0.33,0.134,0.446
2025-12-08T23:19:19.020,0.331,0.131,0.442
2025-12-08T23:19:19.030,0.329,0.149,0.409
2025-12-08T23:19:19.040,0.33,0.165,0.367
2025-12-08T23:19:19.050,0.317,0.158,0.367
2025-12-08T23:19:19.060,0.3,0.141,0.353
2025-12-08T23:19:19.070,0.304,0.124,0.334
2025-12-08T23:19:19.080,0.278,0.137,0.344
2025-12-08T23:19:19.090,0.263,0.122,0.341
2025-12-08T23:19:19.100,0.265,0.103,0.359
2025-12-08T23:19:19.110,0.235,0.109,0.378
2025-12-08T23:19:19.120,0.241,0.113,0.336
2025-12-08T23:19:19.130,0.254,0.15,0.296
2025-12-08T23:19:19.140,0.252,0.164,0.295
2025-12-08T23:19:19.150,0.273,0.161,0.292
2025-12-08T23:19:19.160,0.287,0.16,0.334
2025-12-08T23:19:19.170,0.293,0.141,0.368
2025-12-08T23:19:19.180,0.32,0.135,0.348
2025-12-08T23:19:19.190,0.343,0.125,0.34
2025-12-08T23:19:19.200,0.348,0.096,0.321
2025-12-08T23:19:19.210,0.359,0.086,0.325
2025-12-08T23:19:19.220,0.359,0.112,0.361
2025-12-08T23:19:19.230,0.369,0.11,0.323
2025-12-08T23:19:19.240,0.387,0.088,0.302
2025-12-08T23:19:19.250,0.365,0.09,0.339
2025-12-08T23:19:19.260,0.369,0.073,0.311
2025-12-08T23:19:19.270,0.381,0.073,0.263
2025-12-08T23:19:19.280,0.388,0.087,0.201
2025-12-08T23:19:19.290,0.406,0.052,0.152
2025-12-08T23:19:19.300,0.388,0.052,0.178
2025-12-08T23:19:19.310,0.386,0.07,0.175
2025-12-08T23:19:19.320,0.393,0.043,0.141
2025-12-08T23:19:19.330,0.369,0.032,0.149
2025-12-08T23:19:19.340,0.364,0.011,0.15
2025-12-08T23:19:19.350,0.366,0.002,0.091
2025-12-08T23:19:19.360,0.362,0.011,0.047
2025-12-08T23:19:19.370,0.377,0.002,0.02
2025-12-08T23:19:19.380,0.378,-0.003,-0.016
2025-12-08T23:19:19.390,0.363,-0.018,-0.015
2025-12-08T23:19:19.400,0.373,-0.021,-0.03
2025-12-08T23:19:19.410,0.373,-0.031,-0.046
2025-12-08T23:19:19.420,0.358,-0.044,-0.057
2025-12-08T23:19:19.430,0.364,-0.055,-0.065
2025-12-08T23:19:19.440,0.366,-0.062,-0.049
2025-12-08T23:19:19.450,0.362,-0.049,-0.078
2025-12-08T23:19:19.460,0.373,-0.057,-0.115
2025-12-08T23:19:19.470,0.386,-0.045,-0.165
2025-12-08T23:19:19.480,0.382,-0.016,-0.234
2025-12-08T23:19:19.490,0.374,-0.004,-0.226
2025-12-08T23:19:19.500,0.387,-0.009,-0.185
2025-12-08T23:19:19.510,0.384,-0.009,-0.148
2025-12-08T23:19:19.520,0.381,0.006,-0.117
2025-12-08T23:19:19.530,0.404,-0.02,-0.141
2025-12-08T23:19:19.540,0.409,-0.034,-0.18
2025-12-08T23:19:19.550,0.407,-0.025,-0.193
2025-12-08T23:19:19.560,0.418,-0.059,-0.192
2025-12-08T23:19:19.570,0.412,-0.059,-0.157
2025-12-08T23:19:19.580,0.381,-0.022,-0.114
2025-12-08T23:19:19.590,0.38,-0.034,-0.137
2025-12-08T23:19:19.600,0.389,-0.006,-0.193
2025-12-08T23:19:19.610,0.37,0.038,-0.255
2025-12-08T23:19:19.620,0.345,0.014,-0.307
2025-12-08T23:19:19.630,0.32,0.03,-0.313
2025-12-08T23:19:19.640,0.296,0.046,-0.283
2025-12-08T23:19:19.650,0.267,0.029,-0.261
2025-12-08T23:19:19.660,0.263,0.018,-0.28
2025-12-08T23:19:19.670,0.258,0.005,-0.333
2025-12-08T23:19:19.680,0.235,0.002,-0.387
2025-12-08T23:19:19.690,0.23,-0.031,-0.393
2025-12-08T23:19:19.700,0.216,-0.036,-0.399
2025-12-08T23:19:19.710,0.207,-0.033,-0.406
2025-12-08T23:19:19.720,0.188,-0.05,-0.405
2025-12-08T23:19:19.730,0.156,-0.05,-0.451
2025-12-08T23:19:19.740,0.137,-0.065,-0.472
2025-12-08T23:19:19.750,0.11,-0.057,-0.48
2025-12-08T23:19:19.760,0.093,-0.07,-0.478
2025-12-08T23:19:19.770,0.066,-0.084,-0.43
2025-12-08T23:19:19.780,0.066,-0.069,-0.4
2025-12-08T23:19:19.790,0.076,-0.064,-0.373
2025-12-08T23:19:19.800,0.063,-0.04,-0.392
2025-12-08T23:19:19.810,0.077,-0.05,-0.412
2025-12-08T23:19:19.820,0.075,-0.04,-0.381
2025-12-08T23:19:19.830,0.077,-0.013,-0.379
2025-12-08T23:19:19.840,0.095,-0.025,-0.372
2025-12-08T23:19:19.850,0.1,-0.019,-0.382
2025-12-08T23:19:19.860,0.095,-0.029,-0.388
2025-12-08T23:19:19.870,0.074,-0.029,-0.366
2025-12-08T23:19:19.880,0.058,-0.016,-0.386
2025-12-08T23:19:19.890,0.042,-0.032,-0.387
2025-12-08T23:19:19.900,0.034,-0.027,-0.364
2025-12-08T23:19:19.910,0.019,-0.007,-0.362
2025-12-08T23:19:19.920,0.012,-0.017,-0.381
2025-12-08T23:19:19.930,0.018,-0.022,-0.412
2025-12-08T23:19:19.940,0.002,-0.029,-0.397
2025-12-08T23:19:19.950,-0.011,-0.049,-0.374
2025-12-08T23:19:19.960,-0.034,-0.037,-0.331
2025-12-08T23:19:19.970,-0.04,-0.043,-0.314
2025-12-08T23:19:19.980,-0.033,-0.05,-0.35
2025-12-08T23:19:19.990,-0.049,-0.034,-0.337
2025-12-08T23:19:20.000,-0.035,-0.03,-0.351
2025-12-08T23:19:20.010,-0.03,-0.018,-0.349
2025-12-08T23:19:20.020,-0.039,-0.017,-0.308
2025-12-08T23:19:20.030,-0.028,-0.015,-0.296
2025-12-08T23:19:20.040,-0.033,-0.029,-0.301
2025-12-08T23:19:20.050,-0.026,-0.05,-0.359
2025-12-08T23:19:20.060,-0.038,-0.059,-0.351
2025-12-08T23:19:20.070,-0.063,-0.08,-0.294
2025-12-08T23:19:20.080,-0.069,-0.091,-0.272
2025-12-08T23:19:20.090,-0.096,-0.103,-0.235
2025-12-08T23:19:20.100,-0.112,-0.112,-0.214
2025-12-08T23:19:20.110,-0.127,-0.13,-0.216
2025-12-08T23:19:20.120,-0.137,-0.166,-0.2
2025-12-08T23:19:20.130,-0.132,-0.202,-0.139
2025-12-08T23:19:20.140,-0.157,-0.2,-0.092
2025-12-08T23:19:20.150,-0.168,-0.19,-0.063
2025-12-08T23:19:20.160,-0.151,-0.216,-0.069
2025-12-08T23:19:20.170,-0.164,-0.202,-0.111
2025-12-08T23:19:20.180,-0.168,-0.191,-0.121
2025-12-08T23:19:20.190,-0.167,-0.184,-0.115
2025-12-08T23:19:20.200,-0.194,-0.153,-0.073
2025-12-08T23:19:20.210,-0.178,-0.195,-0.037
2025-12-08T23:19:20.220,-0.18,-0.207,-0.009
2025-12-08T23:19:20.230,-0.217,-0.187,0.017
2025-12-08T23:19:20.240,-0.207,-0.23,-0.042
2025-12-08T23:19:20.250,-0.213,-0.261,-0.073
2025-12-08T23:19:20.260,-0.228,-0.285,-0.002
2025-12-08T23:19:20.270,-0.247,-0.282,0.039
2025-12-08T23:19:20.280,-0.274,-0.282,0.031
2025-12-08T23:19:20.290,-0.265,-0.343,-0.007
2025-12-08T23:19:20.300,-0.262,-0.366,-0.047
2025-12-08T23:19:20.310,-0.261,-0.369,-0.025
2025-12-08T23:19:20.320,-0.257,-0.385,-0.025
2025-12-08T23:19:20.330,-0.242,-0.396,-0.012
2025-12-08T23:19:20.340,-0.223,-0.415,0.059
2025-12-08T23:19:20.350,-0.223,-0.419,0.093
2025-12-08T23:19:20.360,-0.211,-0.421,0.112
2025-12-08T23:19:20.370,-0.192,-0.436,0.16
2025-12-08T23:19:20.380,-0.171,-0.435,0.162
2025-12-08T23:19:20.390,-0.173,-0.428,0.131
2025-12-08T23:19:20.400,-0.183,-0.422,0.123
2025-12-08T23:19:20.410,-0.175,-0.416,0.105
2025-12-08T23:19:20.420,-0.182,-0.427,0.114
2025-12-08T23:19:20.430,-0.171,-0.409,0.111
2025-12-08T23:19:20.440,-0.155,-0.405,0.102
2025-12-08T23:19:20.450,-0.156,-0.427,0.13
2025-12-08T23:19:20.460,-0.151,-0.417,0.168
2025-12-08T23:19:20.470,-0.155,-0.408,0.189
2025-12-08T23:19:20.480,-0.146,-0.412,0.141
2025-12-08T23:19:20.490,-0.148,-0.434,0.159
2025-12-08T23:19:20.500,-0.169,-0.446,0.216
2025-12-08T23:19:20.510,-0.159,-0.458,0.224
2025-12-08T23:19:20.520,-0.147,-0.454,0.21
2025-12-08T23:19:20.530,-0.141,-0.433,0.184
2025-12-08T23:19:20.540,-0.142,-0.447,0.198
2025-12-08T23:19:20.550,-0.164,-0.415,0.189
2025-12-08T23:19:20.560,-0.168,-0.392,0.186
2025-12-08T23:19:20.570,-0.161,-0.377,0.187
2025-12-08T23:19:20.580,-0.17,-0.341,0.193
2025-12-08T23:19:20.590,-0.159,-0.36,0.229
2025-12-08T23:19:20.600,-0.141,-0.345,0.2
2025-12-08T23:19:20.610,-0.141,-0.32,0.168
2025-12-08T23:19:20.620,-0.102,-0.359,0.167
2025-12-08T23:19:20.630,-0.098,-0.363,0.186
2025-12-08T23:19:20.640,-0.13,-0.354,0.225
2025-12-08T23:19:20.650,-0.091,-0.374,0.193
2025-12-08T23:19:20.660,-0.089,-0.342,0.137
2025-12-08T23:19:20.670,-0.109,-0.333,0.134
2025-12-08T23:19:20.680,-0.105,-0.329,0.141
2025-12-08T23:19:20.690,-0.134,-0.291,0.17
2025-12-08T23:19:20.700,-0.139,-0.305,0.196
2025-12-08T23:19:20.710,-0.138,-0.276,0.174
2025-12-08T23:19:20.720,-0.147,-0.263,0.184
2025-12-08T23:19:20.730,-0.147,-0.287,0.172
2025-12-08T23:19:20.740,-0.157,-0.274,0.174
2025-12-08T23:19:20.750,-0.15,-0.293,0.231
2025-12-08T23:19:20.760,-0.167,-0.286,0.21
2025-12-08T23:19:20.770,-0.193,-0.301,0.199
2025-12-08T23:19:20.780,-0.191,-0.325,0.169
2025-12-08T23:19:20.790,-0.208,-0.297,0.116
2025-12-08T23:19:20.800,-0.224,-0.283,0.119
2025-12-08T23:19:20.810,-0.228,-0.251,0.071
2025-12-08T23:19:20.820,-0.246,-0.25,0.038
2025-12-08T23:19:20.830,-0.278,-0.246,0.055
2025-12-08T23:19:20.840,-0.308,-0.214,0.06
2025-12-08T23:19:20.850,-0.323,-0.225,0.03
2025-12-08T23:19:20.860,-0.335,-0.234,0.015
2025-12-08T23:19:20.870,-0.337,-0.235,0.053
2025-12-08T23:19:20.880,-0.339,-0.233,0.052
2025-12-08T23:19:20.890,-0.346,-0.213,0.026
2025-12-08T23:19:20.900,-0.346,-0.206,-0.024
2025-12-08T23:19:20.910,-0.348,-0.215,-0.081
2025-12-08T23:19:20.920,-0.362,-0.206,-0.088
2025-12-08T23:19:20.930,-0.37,-0.194,-0.057
2025-12-08T23:19:20.940,-0.355,-0.194,-0.015
2025-12-08T23:19:20.950,-0.358,-0.175,-0.001
2025-12-08T23:19:20.960,-0.378,-0.171,-0.007
2025-12-08T23:19:20.970,-0.386,-0.184,-0.045
2025-12-08T23:19:20.980,-0.39,-0.185,-0.08
2025-12-08T23:19:20.990,-0.394,-0.189,-0.079
2025-12-08T23:19:21.000,-0.394,-0.209,-0.056
2025-12-08T23:19:21.010,-0.395,-0.235,-0.025
2025-12-08T23:19:21.020,-0.398,-0.233,-0.016
2025-12-08T23:19:21.030,-0.384,-0.202,-0.059
2025-12-08T23:19:21.040,-0.377,-0.178,-0.134
2025-12-08T23:19:21.050,-0.392,-0.193,-0.132
2025-12-08T23:19:21.060,-0.396,-0.199,-0.085
2025-12-08T23:19:21.070,-0.409,-0.167,-0.036
2025-12-08T23:19:21.080,-0.412,-0.134,-0.025
2025-12-08T23:19:21.090,-0.387,-0.133,-0.085
2025-12-08T23:19:21.100,-0.385,-0.142,-0.121
2025-12-08T23:19:21.110,-0.393,-0.116,-0.163
2025-12-08T23:19:21.120,-0.379,-0.116,-0.179
2025-12-08T23:19:21.130,-0.375,-0.134,-0.159
2025-12-08T23:19:21.140,-0.37,-0.139,-0.167
2025-12-08T23:19:21.150,-0.36,-0.153,-0.175
2025-12-08T23:19:21.160,-0.392,-0.131,-0.21
2025-12-08T23:19:21.170,-0.415,-0.12,-0.253
2025-12-08T23:19:21.180,-0.4,-0.122,-0.283
2025-12-08T23:19:21.190,-0.434,-0.084,-0.282
2025-12-08T23:19:21.200,-0.447,-0.068,-0.266
2025-12-08T23:19:21.210,-0.435,-0.046,-0.264
2025-12-08T23:19:21.220,-0.453,-0.022,-0.265
2025-12-08T23:19:21.230,-0.426,-0.043,-0.303
2025-12-08T23:19:21.240,-0.417,-0.028,-0.313
2025-12-08T23:19:21.250,-0.425,-0.024,-0.299
2025-12-08T23:19:21.260,-0.409,-0.037,-0.308
2025-12-08T23:19:21.270,-0.415,-0.006,-0.274
2025-12-08T23:19:21.280,-0.399,-0.002,-0.267
2025-12-08T23:19:21.290,-0.407,0.011,-0.295
2025-12-08T23:19:21.300,-0.419,0.036,-0.279
2025-12-08T23:19:21.310,-0.4,0.045,-0.308
2025-12-08T23:19:21.320,-0.403,0.077,-0.347
2025-12-08T23:19:21.330,-0.402,0.1,-0.319
2025-12-08T23:19:21.340,-0.389,0.106,-0.319
2025-12-08T23:19:21.350,-0.387,0.13,-0.321
2025-12-08T23:19:21.360,-0.395,0.166,-0.321
2025-12-08T23:19:21.370,-0.401,0.166,-0.332
2025-12-08T23:19:21.380,-0.41,0.183,-0.307
2025-12-08T23:19:21.390,-0.421,0.213,-0.287
2025-12-08T23:19:21.400,-0.409,0.224,-0.3
2025-12-08T23:19:21.410,-0.392,0.266,-0.345
2025-12-08T23:19:21.420,-0.386,0.278,-0.37
2025-12-08T23:19:21.430,-0.381,0.3,-0.382
2025-12-08T23:19:21.440,-0.381,0.334,-0.372
2025-12-08T23:19:21.450,-0.386,0.342,-0.338
2025-12-08T23:19:21.460,-0.383,0.371,-0.303
2025-12-08T23:19:21.470,-0.383,0.386,-0.257
2025-12-08T23:19:21.480,-0.388,0.41,-0.253
2025-12-08T23:19:21.490,-0.378,0.442,-0.264
2025-12-08T23:19:21.500,-0.36,0.46,-0.301
2025-12-08T23:19:21.510,-0.365,0.465,-0.312
2025-12-08T23:19:21.520,-0.381,0.452,-0.244
2025-12-08T23:19:21.530,-0.385,0.439,-0.194
2025-12-08T23:19:21.540,-0.389,0.449,-0.196
2025-12-08T23:19:21.550,-0.371,0.474,-0.239
2025-12-08T23:19:21.560,-0.353,0.481,-0.267
2025-12-08T23:19:21.570,-0.365,0.505,-0.267
2025-12-08T23:19:21.580,-0.373,0.53,-0.241
2025-12-08T23:19:21.590,-0.352,0.54,-0.245
2025-12-08T23:19:21.600,-0.336,0.556,-0.275
2025-12-08T23:19:21.610,-0.334,0.555,-0.26
2025-12-08T23:19:21.620,-0.309,0.549,-0.24
2025-12-08T23:19:21.630,-0.296,0.555,-0.221
2025-12-08T23:19:21.640,-0.289,0.55,-0.208
2025-12-08T23:19:21.650,-0.255,0.537,-0.183
2025-12-08T23:19:21.660,-0.252,0.556,-0.163
2025-12-08T23:19:21.670,-0.239,0.558,-0.157
2025-12-08T23:19:21.680,-0.214,0.564,-0.161
2025-12-08T23:19:21.690,-0.217,0.577,-0.182
2025-12-08T23:19:21.700,-0.21,0.553,-0.194
2025-12-08T23:19:21.710,-0.213,0.567,-0.189
2025-12-08T23:19:21.720,-0.209,0.585,-0.174
2025-12-08T23:19:21.730,-0.191,0.587,-0.168
2025-12-08T23:19:21.740,-0.197,0.61,-0.132
2025-12-08T23:19:21.750,-0.185,0.619,-0.102
2025-12-08T23:19:21.760,-0.166,0.626,-0.107
2025-12-08T23:19:21.770,-0.152,0.633,-0.096
2025-12-08T23:19:21.780,-0.12,0.605,-0.114
2025-12-08T23:19:21.790,-0.107,0.585,-0.119
2025-12-08T23:19:21.800,-0.092,0.579,-0.083
2025-12-08T23:19:21.810,-0.059,0.561,-0.07
2025-12-08T23:19:21.820,-0.044,0.564,-0.05
2025-12-08T23:19:21.830,-0.025,0.56,-0.01
2025-12-08T23:19:21.840,-0.002,0.539,0.014
2025-12-08T23:19:21.850,0.009,0.552,0.039
2025-12-08T23:19:21.860,0.012,0.553,0.055
2025-12-08T23:19:21.870,0.021,0.534,0.055
2025-12-08T23:19:21.880,0.02,0.536,0.084
2025-12-08T23:19:21.890,0.008,0.535,0.127
2025-12-08T23:19:21.900,0.016,0.539,0.157
2025-12-08T23:19:21.910,0.013,0.554,0.182
2025-12-08T23:19:21.920,0.012,0.558,0.178
2025-12-08T23:19:21.930,0.026,0.537,0.179
2025-12-08T23:19:21.940,0.032,0.504,0.2
2025-12-08T23:19:21.950,0.058,0.483,0.187
2025-12-08T23:19:21.960,0.077,0.457,0.18
2025-12-08T23:19:21.970,0.083,0.435,0.198
2025-12-08T23:19:21.980,0.093,0.423,0.212
2025-12-08T23:19:21.990,0.103,0.411,0.219
2025-12-08T23:19:22.000,0.107,0.4,0.211
2025-12-08T23:19:22.010,0.093,0.387,0.23
2025-12-08T23:19:22.020,0.096,0.378,0.249
2025-12-08T23:19:22.030,0.096,0.38,0.245
2025-12-08T23:19:22.040,0.093,0.391,0.241
2025-12-08T23:19:22.050,0.109,0.409,0.228
2025-12-08T23:19:22.060,0.111,0.425,0.241
2025-12-08T23:19:22.070,0.113,0.421,0.277
2025-12-08T23:19:22.080,0.134,0.414,0.321
2025-12-08T23:19:22.090,0.164,0.4,0.384
2025-12-08T23:19:22.100,0.187,0.378,0.441
2025-12-08T23:19:22.110,0.195,0.359,0.46
2025-12-08T23:19:22.120,0.208,0.327,0.447
2025-12-08T23:19:22.130,0.206,0.301,0.421
2025-12-08T23:19:22.140,0.196,0.28,0.398
2025-12-08T23:19:22.150,0.227,0.245,0.407
2025-12-08T23:19:22.160,0.246,0.242,0.418
2025-12-08T23:19:22.170,0.252,0.25,0.406
2025-12-08T23:19:22.180,0.283,0.245,0.401
2025-12-08T23:19:22.190,0.287,0.258,0.384
2025-12-08T23:19:22.200,0.285,0.251,0.387
2025-12-08T23:19:22.210,0.287,0.243,0.41
2025-12-08T23:19:22.220,0.28,0.245,0.405
2025-12-08T23:19:22.230,0.292,0.205,0.423
2025-12-08T23:19:22.240,0.305,0.191,0.457
2025-12-08T23:19:22.250,0.314,0.185,0.477
2025-12-08T23:19:22.260,0.327,0.156,0.48
2025-12-08T23:19:22.270,0.339,0.157,0.458
2025-12-08T23:19:22.280,0.334,0.14,0.458
2025-12-08T23:19:22.290,0.321,0.126,0.446
2025-12-08T23:19:22.300,0.314,0.14,0.414
2025-12-08T23:19:22.310,0.316,0.144,0.388
2025-12-08T23:19:22.320,0.33,0.152,0.336
2025-12-08T23:19:22.330,0.336,0.151,0.327
2025-12-08T23:19:22.340,0.349,0.133,0.337
2025-12-08T23:19:22.350,0.347,0.125,0.352
2025-12-08T23:19:22.360,0.33,0.114,0.395
2025-12-08T23:19:22.370,0.341,0.099,0.392
2025-12-08T23:19:22.380,0.347,0.106,0.381
2025-12-08T23:19:22.390,0.359,0.108,0.342
2025-12-08T23:19:22.400,0.385,0.091,0.273
2025-12-08T23:19:22.410,0.399,0.082,0.215
2025-12-08T23:19:22.420,0.408,0.078,0.185
2025-12-08T23:19:22.430,0.413,0.086,0.213
2025-12-08T23:19:22.440,0.411,0.103,0.252
2025-12-08T23:19:22.450,0.407,0.103,0.294
2025-12-08T23:19:22.460,0.415,0.101,0.294
2025-12-08T23:19:22.470,0.416,0.101,0.274
2025-12-08T23:19:22.480,0.405,0.099,0.277
2025-12-08T23:19:22.490,0.41,0.117,0.274
2025-12-08T23:19:22.500,0.419,0.125,0.296
2025-12-08T23:19:22.510,0.418,0.106,0.301
2025-12-08T23:19:22.520,0.415,0.098,0.273
2025-12-08T23:19:22.530,0.423,0.111,0.212
2025-12-08T23:19:22.540,0.419,0.115,0.155
2025-12-08T23:19:22.550,0.41,0.106,0.147
2025-12-08T23:19:22.560,0.424,0.113,0.168
2025-12-08T23:19:22.570,0.418,0.117,0.239
2025-12-08T23:19:22.580,0.382,0.103,0.255
2025-12-08T23:19:22.590,0.362,0.093,0.199
2025-12-08T23:19:22.600,0.366,0.067,0.164
2025-12-08T23:19:22.610,0.36,0.068,0.099
2025-12-08T23:19:22.620,0.352,0.088,0.057
2025-12-08T23:19:22.630,0.369,0.045,0.054
2025-12-08T23:19:22.640,0.369,0.028,0.017
2025-12-08T23:19:22.650,0.371,0.044,0.029
2025-12-08T23:19:22.660,0.383,0.028,0.08
2025-12-08T23:19:22.670,0.379,0.031,0.062
2025-12-08T23:19:22.680,0.411,0.044,0.034
2025-12-08T23:19:22.690,0.424,0.058,0.032
2025-12-08T23:19:22.700,0.388,0.059,0.018
2025-12-08T23:19:22.710,0.396,0.078,0.046
2025-12-08T23:19:22.720,0.411,0.096,0.091
2025-12-08T23:19:22.730,0.398,0.079,0.071
2025-12-08T23:19:22.740,0.395,0.094,0.084
2025-12-08T23:19:22.750,0.401,0.064,0.128
2025-12-08T23:19:22.760,0.378,0.014,0.094
2025-12-08T23:19:22.770,0.361,0.01,0.056
2025-12-08T23:19:22.780,0.373,-0.031,0.03
2025-12-08T23:19:22.790,0.349,-0.064,-0.021
2025-12-08T23:19:22.800,0.344,-0.062,-0.034
2025-12-08T23:19:22.810,0.367,-0.071,-0.015
2025-12-08T23:19:22.820,0.358,-0.074,-0.021
2025-12-08T23:19:22.830,0.365,-0.046,0.008
2025-12-08T23:19:22.840,0.383,-0.039,0.064
2025-12-08T23:19:22.850,0.377,-0.057,0.049
2025-12-08T23:19:22.860,0.373,-0.053,0.053
2025-12-08T23:19:22.870,0.38,-0.048,0.068
2025-12-08T23:19:22.880,0.357,-0.055,0.034
2025-12-08T23:19:22.890,0.326,-0.059,0.03
2025-12-08T23:19:22.900,0.323,-0.055,0.027
2025-12-08T23:19:22.910,0.309,-0.071,-0.005
2025-12-08T23:19:22.920,0.302,-0.096,-0.019
2025-12-08T23:19:22.930,0.311,-0.105,-0.005
2025-12-08T23:19:22.940,0.303,-0.136,-0.04
2025-12-08T23:19:22.950,0.303,-0.153,-0.096
2025-12-08T23:19:22.960,0.314,-0.144,-0.1
2025-12-08T23:19:22.970,0.304,-0.168,-0.129
2025-12-08T23:19:22.980,0.297,-0.196,-0.144
2025-12-08T23:19:22.990,0.308,-0.213,-0.082
2025-12-08T23:19:23.000,0.309,-0.226,-0.055
2025-12-08T23:19:23.010,0.304,-0.238,-0.037
2025-12-08T23:19:23.020,0.314,-0.241,0.009
2025-12-08T23:19:23.030,0.311,-0.239,-0.004
2025-12-08T23:19:23.040,0.3,-0.254,-0.036
2025-12-08T23:19:23.050,0.305,-0.26,-0.036
2025-12-08T23:19:23.060,0.297,-0.287,-0.066
2025-12-08T23:19:23.070,0.293,-0.298,-0.096
2025-12-08T23:19:23.080,0.282,-0.3,-0.059
2025-12-08T23:19:23.090,0.27,-0.336,-0.043
2025-12-08T23:19:23.100,0.267,-0.339,-0.036
2025-12-08T23:19:23.110,0.254,-0.344,0.016
2025-12-08T23:19:23.120,0.265,-0.358,0.016
2025-12-08T23:19:23.130,0.264,-0.354,0.008
2025-12-08T23:19:23.140,0.258,-0.353,0.029
2025-12-08T23:19:23.150,0.275,-0.351,0.005
2025-12-08T23:19:23.160,0.272,-0.335,-0.02
2025-12-08T23:19:23.170,0.266,-0.327,-0.022
2025-12-08T23:19:23.180,0.264,-0.351,-0.037
2025-12-08T23:19:23.190,0.24,-0.355,-0.049
2025-12-08T23:19:23.200,0.223,-0.366,-0.046
2025-12-08T23:19:23.210,0.23,-0.397,-0.069
2025-12-08T23:19:23.220,0.231,-0.417,-0.107
2025-12-08T23:19:23.230,0.244,-0.441,-0.104
2025-12-08T23:19:23.240,0.261,-0.441,-0.083
2025-12-08T23:19:23.250,0.258,-0.439,-0.073
2025-12-08T23:19:23.260,0.253,-0.456,-0.05
2025-12-08T23:19:23.270,0.249,-0.446,-0.03
2025-12-08T23:19:23.280,0.245,-0.426,-0.02
2025-12-08T23:19:23.290,0.24,-0.418,0.003
2025-12-08T23:19:23.300,0.253,-0.419,0.01
2025-12-08T23:19:23.310,0.247,-0.418,0.009
2025-12-08T23:19:23.320,0.237,-0.419,0.017
2025-12-08T23:19:23.330,0.253,-0.414,0.023
2025-12-08T23:19:23.340,0.259,-0.406,0.022
2025-12-08T23:19:23.350,0.276,-0.416,0.025
2025-12-08T23:19:23.360,0.288,-0.417,0.018
2025-12-08T23:19:23.370,0.287,-0.416,0.0
2025-12-08T23:19:23.380,0.272,-0.407,0.014
2025-12-08T23:19:23.390,0.248,-0.394,0.027
2025-12-08T23:19:23.400,0.248,-0.396,0.022
2025-12-08T23:19:23.410,0.228,-0.38,0.024
2025-12-08T23:19:23.420,0.216,-0.401,0.032
2025-12-08T23:19:23.430,0.217,-0.423,0.044
2025-12-08T23:19:23.440,0.198,-0.407,0.046
2025-12-08T23:19:23.450,0.203,-0.414,0.01
2025-12-08T23:19:23.460,0.21,-0.386,-0.054
2025-12-08T23:19:23.470,0.187,-0.354,-0.05
2025-12-08T23:19:23.480,0.159,-0.342,-0.019
2025-12-08T23:19:23.490,0.143,-0.32,0.0
2025-12-08T23:19:23.500,0.133,-0.305,0.045
2025-12-08T23:19:23.510,0.129,-0.277,0.045
2025-12-08T23:19:23.520,0.14,-0.25,0.016
2025-12-08T23:19:23.530,0.146,-0.225,0.002
2025-12-08T23:19:23.540,0.153,-0.193,-0.02
2025-12-08T23:19:23.550,0.157,-0.167,-0.027
2025-12-08T23:19:23.560,0.157,-0.165,0.012
2025-12-08T23:19:23.570,0.155,-0.161,0.068
2025-12-08T23:19:23.580,0.146,-0.152,0.089
2025-12-08T23:19:23.590,0.151,-0.165,0.086
2025-12-08T23:19:23.600,0.145,-0.155,0.05
2025-12-08T23:19:23.610,0.134,-0.133,0.007
2025-12-08T23:19:23.620,0.141,-0.117,-0.012
2025-12-08T23:19:23.630,0.141,-0.1,-0.022
2025-12-08T23:19:23.640,0.138,-0.082,-0.002
2025-12-08T23:19:23.650,0.149,-0.066,0.036
2025-12-08T23:19:23.660,0.164,-0.047,0.069
2025-12-08T23:19:23.670,0.159,-0.015,0.121
2025-12-08T23:19:23.680,0.164,0.002,0.175
2025-12-08T23:19:23.690,0.17,0.017,0.183
2025-12-08T23:19:23.700,0.152,0.033,0.182
2025-12-08T23:19:23.710,0.15,0.039,0.203
2025-12-08T23:19:23.720,0.141,0.055,0.202
2025-12-08T23:19:23.730,0.13,0.077,0.184
2025-12-08T23:19:23.740,0.142,0.086,0.167
2025-12-08T23:19:23.750,0.136,0.081,0.144
2025-12-08T23:19:23.760,0.109,0.087,0.121
2025-12-08T23:19:23.770,0.09,0.09,0.124
2025-12-08T23:19:23.780,0.066,0.08,0.144
2025-12-08T23:19:23.790,0.039,0.076,0.164
2025-12-08T23:19:23.800,0.022,0.088,0.172
2025-12-08T23:19:23.810,0.005,0.092,0.139
2025-12-08T23:19:23.820,-0.006,0.089,0.088
2025-12-08T23:19:23.830,-0.021,0.118,0.058
2025-12-08T23:19:23.840,-0.037,0.137,0.051
2025-12-08T23:19:23.850,-0.053,0.143,0.072
2025-12-08T23:19:23.860,-0.07,0.161,0.1
2025-12-08T23:19:23.870,-0.066,0.148,0.1
2025-12-08T23:19:23.880,-0.08,0.142,0.105
2025-12-08T23:19:23.890,-0.109,0.157,0.118
2025-12-08T23:19:23.900,-0.123,0.137,0.109
2025-12-08T23:19:23.910,-0.148,0.128,0.139
2025-12-08T23:19:23.920,-0.178,0.143,0.195
2025-12-08T23:19:23.930,-0.177,0.132,0.187
2025-12-08T23:19:23.940,-0.164,0.121,0.157
2025-12-08T23:19:23.950,-0.173,0.143,0.151
2025-12-08T23:19:23.960,-0.162,0.163,0.1
2025-12-08T23:19:23.970,-0.161,0.162,0.071
2025-12-08T23:19:23.980,-0.177,0.175,0.119
2025-12-08T23:19:23.990,-0.167,0.184,0.146
2025-12-08T23:19:24.000,-0.187,0.179,0.169
2025-12-08T23:19:24.010,-0.198,0.172,0.205
2025-12-08T23:19:24.020,-0.189,0.161,0.199
2025-12-08T23:19:24.030,-0.215,0.154,0.189
2025-12-08T23:19:24.040,-0.228,0.139,0.198
2025-12-08T23:19:24.050,-0.244,0.127,0.175
2025-12-08T23:19:24.060,-0.267,0.098,0.14
2025-12-08T23:19:24.070,-0.275,0.09,0.125
2025-12-08T23:19:24.080,-0.277,0.109,0.104
2025-12-08T23:19:24.090,-0.268,0.102,0.09
2025-12-08T23:19:24.100,-0.268,0.12,0.075
2025-12-08T23:19:24.110,-0.279,0.13,0.071
2025-12-08T23:19:24.120,-0.297,0.122,0.095
2025-12-08T23:19:24.130,-0.309,0.133,0.14
2025-12-08T23:19:24.140,-0.309,0.122,0.172
2025-12-08T23:19:24.150,-0.306,0.109,0.164
2025-12-08T23:19:24.160,-0.3,0.1,0.14
2025-12-08T23:19:24.170,-0.303,0.08,0.096
2025-12-08T23:19:24.180,-0.304,0.058,0.09
2025-12-08T23:19:24.190,-0.309,0.047,0.126
2025-12-08T23:19:24.200,-0.317,0.037,0.125
2025-12-08T23:19:24.210,-0.307,0.021,0.097
2025-12-08T23:19:24.220,-0.307,0.012,0.059
2025-12-08T23:19:24.230,-0.309,-0.004,0.008
2025-12-08T23:19:24.240,-0.291,-0.024,-0.006
2025-12-08T23:19:24.250,-0.289,-0.031,0.028
2025-12-08T23:19:24.260,-0.28,-0.035,0.052
2025-12-08T23:19:24.270,-0.249,-0.052,0.066
2025-12-08T23:19:24.280,-0.239,-0.046,0.065
2025-12-08T23:19:24.290,-0.233,-0.039,0.066
2025-12-08T23:19:24.300,-0.211,-0.052,0.079
2025-12-08T23:19:24.310,-0.203,-0.06,0.089
2025-12-08T23:19:24.320,-0.21,-0.078,0.109
2025-12-08T23:19:24.330,-0.213,-0.097,0.109
2025-12-08T23:19:24.340,-0.218,-0.117,0.089
2025-12-08T23:19:24.350,-0.225,-0.123,0.036
2025-12-08T23:19:24.360,-0.23,-0.138,-0.004
2025-12-08T23:19:24.370,-0.246,-0.168,0.019
2025-12-08T23:19:24.380,-0.258,-0.18,0.069
2025-12-08T23:19:24.390,-0.262,-0.203,0.125
2025-12-08T23:19:24.400,-0.259,-0.218,0.112
2025-12-08T23:19:24.410,-0.235,-0.222,0.08
2025-12-08T23:19:24.420,-0.218,-0.214,0.055
2025-12-08T23:19:24.430,-0.219,-0.219,0.01
2025-12-08T23:19:24.440,-0.221,-0.238,-0.002
2025-12-08T23:19:24.450,-0.228,-0.24,-0.008
2025-12-08T23:19:24.460,-0.229,-0.256,-0.006
2025-12-08T23:19:24.470,-0.229,-0.258,0.002
2025-12-08T23:19:24.480,-0.226,-0.255,-0.01
2025-12-08T23:19:24.490,-0.205,-0.277,-0.056
2025-12-08T23:19:24.500,-0.189,-0.273,-0.09
2025-12-08T23:19:24.510,-0.175,-0.26,-0.086
2025-12-08T23:19:24.520,-0.15,-0.264,-0.084
2025-12-08T23:19:24.530,-0.13,-0.273,-0.053
2025-12-08T23:19:24.540,-0.111,-0.286,-0.013
2025-12-08T23:19:24.550,-0.094,-0.296,0.004
2025-12-08T23:19:24.560,-0.096,-0.3,0.036
2025-12-08T23:19:24.570,-0.098,-0.294,0.056
2025-12-08T23:19:24.580,-0.078,-0.282,0.064
2025-12-08T23:19:24.590,-0.086,-0.277,0.05
2025-12-08T23:19:24.600,-0.089,-0.281,-0.017
2025-12-08T23:19:24.610,-0.062,-0.299,-0.072
2025-12-08T23:19:24.620,-0.06,-0.306,-0.098
2025-12-08T23:19:24.630,-0.045,-0.306,-0.096
2025-12-08T23:19:24.640,-0.014,-0.328,-0.061
2025-12-08T23:19:24.650,0.002,-0.342,-0.05
2025-12-08T23:19:24.660,0.016,-0.339,-0.062
2025-12-08T23:19:24.670,0.037,-0.339,-0.086
2025-12-08T23:19:24.680,0.047,-0.343,-0.1
2025-12-08T23:19:24.690,0.038,-0.337,-0.091
2025-12-08T23:19:24.700,0.027,-0.336,-0.068
2025-12-08T23:19:24.710,0.02,-0.347,-0.066
2025-12-08T23:19:24.720,0.024,-0.339,-0.109
2025-12-08T23:19:24.730,0.031,-0.323,-0.162
2025-12-08T23:19:24.740,0.043,-0.316,-0.225
2025-12-08T23:19:24.750,0.055,-0.313,-0.256
2025-12-08T23:19:24.760,0.059,-0.304,-0.253
2025-12-08T23:19:24.770,0.072,-0.308,-0.256
2025-12-08T23:19:24.780,0.097,-0.317,-0.259
2025-12-08T23:19:24.790,0.119,-0.294,-0.279
2025-12-08T23:19:24.800,0.129,-0.289,-0.26
2025-12-08T23:19:24.810,0.153,-0.295,-0.22
2025-12-08T23:19:24.820,0.169,-0.278,-0.2
2025-12-08T23:19:24.830,0.171,-0.272,-0.167
2025-12-08T23:19:24.840,0.193,-0.268,-0.17
2025-12-08T23:19:24.850,0.213,-0.26,-0.225
2025-12-08T23:19:24.860,0.235,-0.263,-0.276
2025-12-08T23:19:24.870,0.255,-0.27,-0.29
2025-12-08T23:19:24.880,0.266,-0.276,-0.291
2025-12-08T23:19:24.890,0.272,-0.288,-0.245
2025-12-08T23:19:24.900,0.272,-0.3,-0.18
2025-12-08T23:19:24.910,0.282,-0.313,-0.184
2025-12-08T23:19:24.920,0.301,-0.314,-0.189
2025-12-08T23:19:24.930,0.326,-0.277,-0.186
2025-12-08T23:19:24.940,0.348,-0.23,-0.227
2025-12-08T23:19:24.950,0.369,-0.196,-0.243
2025-12-08T23:19:24.960,0.386,-0.155,-0.229
2025-12-08T23:19:24.970,0.382,-0.127,-0.219
2025-12-08T23:19:24.980,0.386,-0.134,-0.2
2025-12-08T23:19:24.990,0.387,-0.139,-0.212
2025-12-08T23:19:25.000,0.364,-0.168,-0.231
2025-12-08T23:19:25.010,0.352,-0.197,-0.22
2025-12-08T23:19:25.020,0.327,-0.202,-0.224
2025-12-08T23:19:25.030,0.297,-0.22,-0.253
2025-12-08T23:19:25.040,0.29,-0.214,-0.294
2025-12-08T23:19:25.050,0.291,-0.201,-0.343
2025-12-08T23:19:25.060,0.284,-0.183,-0.405
2025-12-08T23:19:25.070,0.282,-0.144,-0.417
2025-12-08T23:19:25.080,0.3,-0.123,-0.393
2025-12-08T23:19:25.090,0.3,-0.1,-0.379
2025-12-08T23:19:25.100,0.301,-0.069,-0.333
2025-12-08T23:19:25.110,0.305,-0.056,-0.289
2025-12-08T23:19:25.120,0.288,-0.041,-0.257
2025-12-08T23:19:25.130,0.284,-0.016,-0.212
2025-12-08T23:19:25.140,0.287,-0.013,-0.185
2025-12-08T23:19:25.150,0.286,-0.02,-0.191
2025-12-08T23:19:25.160,0.284,-0.02,-0.204
2025-12-08T23:19:25.170,0.287,-0.025,-0.214
2025-12-08T23:19:25.180,0.29,-0.034,-0.244
2025-12-08T23:19:25.190,0.293,-0.04,-0.253
2025-12-08T23:19:25.200,0.295,-0.027,-0.246
2025-12-08T23:19:25.210,0.285,-0.013,-0.24
2025-12-08T23:19:25.220,0.284,0.007,-0.201
2025-12-08T23:19:25.230,0.287,0.038,-0.148
2025-12-08T23:19:25.240,0.285,0.072,-0.119
2025-12-08T23:19:25.250,0.298,0.105,-0.102
2025-12-08T23:19:25.260,0.304,0.134,-0.087
2025-12-08T23:19:25.270,0.294,0.159,-0.098
2025-12-08T23:19:25.280,0.292,0.158,-0.117
2025-12-08T23:19:25.290,0.288,0.16,-0.114
2025-12-08T23:19:25.300,0.28,0.151,-0.1
2025-12-08T23:19:25.310,0.263,0.134,-0.098
2025-12-08T23:19:25.320,0.25,0.128,-0.112
2025-12-08T23:19:25.330,0.233,0.105,-0.132
2025-12-08T23:19:25.340,0.193,0.11,-0.169
2025-12-08T23:19:25.350,0.174,0.12,-0.162
2025-12-08T23:19:25.360,0.163,0.125,-0.099
2025-12-08T23:19:25.370,0.148,0.141,-0.045
2025-12-08T23:19:25.380,0.16,0.154,-0.011
2025-12-08T23:19:25.390,0.182,0.184,-0.014
2025-12-08T23:19:25.400,0.186,0.2,-0.014
2025-12-08T23:19:25.410,0.167,0.22,-0.001
2025-12-08T23:19:25.420,0.155,0.233,0.0
2025-12-08T23:19:25.430,0.132,0.216,0.015
2025-12-08T23:19:25.440,0.092,0.22,0.026
2025-12-08T23:19:25.450,0.062,0.216,0.036
2025-12-08T23:19:25.460,0.036,0.197,0.025
2025-12-08T23:19:25.470,0.009,0.196,-0.002
2025-12-08T23:19:25.480,-0.014,0.191,-0.005
2025-12-08T23:19:25.490,-0.027,0.188,0.009
2025-12-08T23:19:25.500,-0.058,0.205,0.048
2025-12-08T23:19:25.510,-0.075,0.206,0.08
2025-12-08T23:19:25.520,-0.064,0.202,0.086
2025-12-08T23:19:25.530,-0.075,0.216,0.099
2025-12-08T23:19:25.540,-0.071,0.214,0.102
2025-12-08T23:19:25.550,-0.054,0.222,0.12
2025-12-08T23:19:25.560,-0.058,0.234,0.156
2025-12-08T23:19:25.570,-0.067,0.22,0.178
2025-12-08T23:19:25.580,-0.076,0.213,0.192
2025-12-08T23:19:25.590,-0.101,0.196,0.175
2025-12-08T23:19:25.600,-0.128,0.173,0.135
2025-12-08T23:19:25.610,-0.144,0.162,0.111
2025-12-08T23:19:25.620,-0.184,0.153,0.111
2025-12-08T23:19:25.630,-0.22,0.142,0.122
2025-12-08T23:19:25.640,-0.24,0.128,0.135
2025-12-08T23:19:25.650,-0.264,0.117,0.13
2025-12-08T23:19:25.660,-0.259,0.11,0.104
2025-12-08T23:19:25.670,-0.248,0.12,0.098
2025-12-08T23:19:25.680,-0.249,0.111,0.111
2025-12-08T23:19:25.690,-0.247,0.098,0.14
2025-12-08T23:19:25.700,-0.249,0.11,0.175
2025-12-08T23:19:25.710,-0.256,0.095,0.186
2025-12-08T23:19:25.720,-0.259,0.091,0.209
2025-12-08T23:19:25.730,-0.251,0.108,0.235
2025-12-08T23:19:25.740,-0.255,0.087,0.244
2025-12-08T23:19:25.750,-0.269,0.095,0.253
2025-12-08T23:19:25.760,-0.273,0.102,0.248
2025-12-08T23:19:25.770,-0.274,0.073,0.241
2025-12-08T23:19:25.780,-0.274,0.079,0.228
2025-12-08T23:19:25.790,-0.266,0.071,0.248
2025-12-08T23:19:25.800,-0.25,0.048,0.276
2025-12-08T23:19:25.810,-0.255,0.05,0.294
2025-12-08T23:19:25.820,-0.258,0.036,0.338
2025-12-08T23:19:25.830,-0.243,0.035,0.331
2025-12-08T23:19:25.840,-0.245,0.038,0.308
2025-12-08T23:19:25.850,-0.245,0.039,0.312
2025-12-08T23:19:25.860,-0.234,0.042,0.288
2025-12-08T23:19:25.870,-0.239,0.021,0.26
2025-12-08T23:19:25.880,-0.253,0.011,0.234
2025-12-08T23:19:25.890,-0.26,0.004,0.2
2025-12-08T23:19:25.900,-0.275,-0.016,0.185
2025-12-08T23:19:25.910,-0.293,-0.022,0.205
2025-12-08T23:19:25.920,-0.3,-0.036,0.213
2025-12-08T23:19:25.930,-0.306,-0.058,0.21
2025-12-08T23:19:25.940,-0.305,-0.065,0.211
2025-12-08T23:19:25.950,-0.291,-0.071,0.192
2025-12-08T23:19:25.960,-0.275,-0.063,0.194
2025-12-08T23:19:25.970,-0.255,-0.044,0.215
2025-12-08T23:19:25.980,-0.215,-0.037,0.223
2025-12-08T23:19:25.990,-0.203,-0.03,0.249
2025-12-08T23:19:26.000,-0.211,-0.04,0.282
2025-12-08T23:19:26.010,-0.19,-0.052,0.281
2025-12-08T23:19:26.020,-0.199,-0.054,0.276
2025-12-08T23:19:26.030,-0.22,-0.086,0.281
2025-12-08T23:19:26.040,-0.223,-0.103,0.266
2025-12-08T23:19:26.050,-0.249,-0.114,0.254
2025-12-08T23:19:26.060,-0.267,-0.132,0.232
2025-12-08T23:19:26.070,-0.266,-0.133,0.205
2025-12-08T23:19:26.080,-0.263,-0.15,0.223
2025-12-08T23:19:26.090,-0.25,-0.159,0.235
2025-12-08T23:19:26.100,-0.234,-0.154,0.249
2025-12-08T23:19:26.110,-0.21,-0.156,0.252
2025-12-08T23:19:26.120,-0.183,-0.143,0.212
2025-12-08T23:19:26.130,-0.166,-0.133,0.223
2025-12-08T23:19:26.140,-0.139,-0.129,0.255
2025-12-08T23:19:26.150,-0.127,-0.113,0.265
2025-12-08T23:19:26.160,-0.125,-0.102,0.292
2025-12-08T23:19:26.170,-0.112,-0.105,0.311
2025-12-08T23:19:26.180,-0.112,-0.112,0.332
2025-12-08T23:19:26.190,-0.117,-0.124,0.343
2025-12-08T23:19:26.200,-0.12,-0.145,0.328
2025-12-08T23:19:26.210,-0.12,-0.168,0.293
2025-12-08T23:19:26.220,-0.128,-0.178,0.246
2025-12-08T23:19:26.230,-0.123,-0.18,0.211
2025-12-08T23:19:26.240,-0.099,-0.187,0.193
2025-12-08T23:19:26.250,-0.086,-0.184,0.195
2025-12-08T23:19:26.260,-0.056,-0.17,0.201
2025-12-08T23:19:26.270,-0.033,-0.161,0.213
2025-12-08T23:19:26.280,-0.03,-0.149,0.219
2025-12-08T23:19:26.290,-0.013,-0.137,0.207
2025-12-08T23:19:26.300,-0.001,-0.127,0.216
2025-12-08T23:19:26.310,0.01,-0.125,0.222
2025-12-08T23:19:26.320,0.025,-0.117,0.224
2025-12-08T23:19:26.330,0.023,-0.107,0.21
2025-12-08T23:19:26.340,0.01,-0.1,0.167
2025-12-08T23:19:26.350,-0.006,-0.084,0.142
2025-12-08T23:19:26.360,-0.019,-0.075,0.118
2025-12-08T23:19:26.370,-0.031,-0.07,0.091
2025-12-08T23:19:26.380,-0.03,-0.071,0.083
2025-12-08T23:19:26.390,-0.013,-0.067,0.083
2025-12-08T23:19:26.400,0.003,-0.055,0.1
2025-12-08T23:19:26.410,0.026,-0.042,0.125
2025-12-08T23:19:26.420,0.053,-0.008,0.154
2025-12-08T23:19:26.430,0.07,0.023,0.171
2025-12-08T23:19:26.440,0.08,0.051,0.168
2025-12-08T23:19:26.450,0.087,0.077,0.164
2025-12-08T23:19:26.460,0.092,0.089,0.13
2025-12-08T23:19:26.470,0.088,0.095,0.093
2025-12-08T23:19:26.480,0.08,0.092,0.078
2025-12-08T23:19:26.490,0.061,0.092,0.048
2025-12-08T23:19:26.500,0.04,0.093,0.011
2025-12-08T23:19:26.510,0.024,0.099,-0.018
2025-12-08T23:19:26.520,0.011,0.106,-0.048
2025-12-08T23:19:26.530,0.017,0.12,-0.07
2025-12-08T23:19:26.540,0.031,0.141,-0.052
2025-12-08T23:19:26.550,0.051,0.152,-0.029
2025-12-08T23:19:26.560,0.063,0.171,-0.004
2025-12-08T23:19:26.570,0.067,0.187,0.042
2025-12-08T23:19:26.580,0.085,0.191,0.048
2025-12-08T23:19:26.590,0.087,0.205,0.034
2025-12-08T23:19:26.600,0.087,0.212,0.029
2025-12-08T23:19:26.610,0.096,0.221,0.009
2025-12-08T23:19:26.620,0.089,0.24,-0.005
2025-12-08T23:19:26.630,0.087,0.256,-0.011
2025-12-08T23:19:26.640,0.089,0.27,-0.054
2025-12-08T23:19:26.650,0.079,0.278,-0.105
2025-12-08T23:19:26.660,0.075,0.282,-0.128
2025-12-08T23:19:26.670,0.079,0.286,-0.14
2025-12-08T23:19:26.680,0.072,0.298,-0.126
2025-12-08T23:19:26.690,0.071,0.309,-0.094
2025-12-08T23:19:26.700,0.096,0.298,-0.069
2025-12-08T23:19:26.710,0.109,0.287,-0.042
2025-12-08T23:19:26.720,0.125,0.275,-0.026
2025-12-08T23:19:26.730,0.144,0.267,-0.036
2025-12-08T23:19:26.740,0.139,0.262,-0.052
2025-12-08T23:19:26.750,0.135,0.254,-0.054
2025-12-08T23:19:26.760,0.11,0.259,-0.046
2025-12-08T23:19:26.770,0.077,0.257,-0.069
2025-12-08T23:19:26.780,0.058,0.246,-0.119
2025-12-08T23:19:26.790,0.038,0.245,-0.155
2025-12-08T23:19:26.800,0.022,0.25,-0.168
2025-12-08T23:19:26.810,0.015,0.254,-0.142
2025-12-08T23:19:26.820,0.02,0.263,-0.1
2025-12-08T23:19:26.830,0.02,0.272,-0.085
2025-12-08T23:19:26.840,0.02,0.281,-0.087
2025-12-08T23:19:26.850,0.027,0.294,-0.096
2025-12-08T23:19:26.860,0.039,0.298,-0.113
2025-12-08T23:19:26.870,0.044,0.303,-0.125
2025-12-08T23:19:26.880,0.043,0.295,-0.12
2025-12-08T23:19:26.890,0.045,0.275,-0.131
2025-12-08T23:19:26.900,0.031,0.262,-0.162
2025-12-08T23:19:26.910,0.02,0.253,-0.208
2025-12-08T23:19:26.920,0.02,0.248,-0.255
2025-12-08T23:19:26.930,0.011,0.242,-0.264
2025-12-08T23:19:26.940,-0.002,0.241,-0.23
2025-12-08T23:19:26.950,-0.01,0.235,-0.182
2025-12-08T23:19:26.960,-0.02,0.226,-0.145
2025-12-08T23:19:26.970,-0.032,0.216,-0.11
2025-12-08T23:19:26.980,-0.03,0.212,-0.067
2025-12-08T23:19:26.990,-0.026,0.219,-0.046
2025-12-08T23:19:27.000,-0.011,0.213,-0.054
2025-12-08T23:19:27.010,0.002,0.223,-0.081
2025-12-08T23:19:27.020,0.003,0.232,-0.111
2025-12-08T23:19:27.030,0.012,0.212,-0.118
2025-12-08T23:19:27.040,0.004,0.209,-0.091
2025-12-08T23:19:27.050,-0.018,0.194,-0.064
2025-12-08T23:19:27.060,-0.011,0.167,-0.088
2025-12-08T23:19:27.070,-0.008,0.154,-0.132
2025-12-08T23:19:27.080,-0.027,0.138,-0.162
2025-12-08T23:19:27.090,-0.037,0.117,-0.204
2025-12-08T23:19:27.100,-0.056,0.11,-0.207
2025-12-08T23:19:27.110,-0.076,0.101,-0.164
2025-12-08T23:19:27.120,-0.066,0.084,-0.138
2025-12-08T23:19:27.130,-0.056,0.087,-0.134
2025-12-08T23:19:27.140,-0.046,0.084,-0.152
2025-12-08T23:19:27.150,-0.034,0.084,-0.2
2025-12-08T23:19:27.160,-0.025,0.083,-0.222
2025-12-08T23:19:27.170,-0.022,0.076,-0.202
2025-12-08T23:19:27.180,-0.034,0.082,-0.178
2025-12-08T23:19:27.190,-0.04,0.06,-0.126
2025-12-08T23:19:27.200,-0.039,0.055,-0.079
2025-12-08T23:19:27.210,-0.056,0.067,-0.092
2025-12-08T23:19:27.220,-0.054,0.058,-0.123
2025-12-08T23:19:27.230,-0.042,0.061,-0.16
2025-12-08T23:19:27.240,-0.061,0.061,-0.176
2025-12-08T23:19:27.250,-0.081,0.059,-0.137
2025-12-08T23:19:27.260,-0.084,0.063,-0.075
2025-12-08T23:19:27.270,-0.095,0.066,-0.051
2025-12-08T23:19:27.280,-0.088,0.059,-0.055
2025-12-08T23:19:27.290,-0.077,0.066,-0.058
2025-12-08T23:19:27.300,-0.091,0.081,-0.085
2025-12-08T23:19:27.310,-0.086,0.076,-0.098
2025-12-08T23:19:27.320,-0.082,0.077,-0.071
2025-12-08T23:19:27.330,-0.086,0.06,-0.054
2025-12-08T23:19:27.340,-0.08,0.044,-0.045
2025-12-08T23:19:27.350,-0.077,0.041,-0.03
2025-12-08T23:19:27.360,-0.064,0.025,-0.057
2025-12-08T23:19:27.370,-0.061,0.02,-0.081
2025-12-08T23:19:27.380,-0.066,0.008,-0.06
2025-12-08T23:19:27.390,-0.071,-0.011,-0.036
2025-12-08T23:19:27.400,-0.08,-0.025,-0.009
2025-12-08T23:19:27.410,-0.084,-0.02,0.006
2025-12-08T23:19:27.420,-0.076,-0.018,-0.004
2025-12-08T23:19:27.430,-0.061,-0.021,-0.024
2025-12-08T23:19:27.440,-0.063,0.003,-0.039
2025-12-08T23:19:27.450,-0.055,0.002,-0.05
2025-12-08T23:19:27.460,-0.038,0.0,-0.056
2025-12-08T23:19:27.470,-0.047,0.018,-0.023
2025-12-08T23:19:27.480,-0.047,0.016,0.008
2025-12-08T23:19:27.490,-0.04,0.014,0.024
2025-12-08T23:19:27.500,-0.048,0.026,0.027
2025-12-08T23:19:27.510,-0.051,0.021,0.017
2025-12-08T23:19:27.520,-0.051,0.002,0.026
2025-12-08T23:19:27.530,-0.05,-0.01,0.047
2025-12-08T23:19:27.540,-0.057,-0.029,0.087
2025-12-08T23:19:27.550,-0.071,-0.045,0.122
2025-12-08T23:19:27.560,-0.065,-0.052,0.128
2025-12-08T23:19:27.570,-0.051,-0.048,0.125
2025-12-08T23:19:27.580,-0.046,-0.046,0.118
2025-12-08T23:19:27.590,-0.036,-0.054,0.119
2025-12-08T23:19:27.600,-0.019,-0.045,0.141
2025-12-08T23:19:27.610,-0.016,-0.042,0.175
2025-12-08T23:19:27.620,-0.009,-0.045,0.203
2025-12-08T23:19:27.630,0.005,-0.039,0.23
2025-12-08T23:19:27.640,0.003,-0.032,0.235
2025-12-08T23:19:27.650,-0.003,-0.02,0.219
2025-12-08T23:19:27.660,-0.012,-0.018,0.217
2025-12-08T23:19:27.670,-0.022,-0.025,0.203
2025-12-08T23:19:27.680,-0.039,-0.044,0.191
2025-12-08T23:19:27.690,-0.039,-0.063,0.201
2025-12-08T23:19:27.700,-0.027,-0.077,0.186
2025-12-08T23:19:27.710,-0.037,-0.087,0.136
2025-12-08T23:19:27.720,-0.026,-0.087,0.11
2025-12-08T23:19:27.730,-0.019,-0.073,0.125
2025-12-08T23:19:27.740,-0.021,-0.054,0.143
2025-12-08T23:19:27.750,-0.013,-0.047,0.185
2025-12-08T23:19:27.760,0.002,-0.044,0.227
2025-12-08T23:19:27.770,0.014,-0.051,0.223
2025-12-08T23:19:27.780,0.024,-0.054,0.222
2025-12-08T23:19:27.790,0.045,-0.054,0.238
2025-12-08T23:19:27.800,0.041,-0.051,0.251
2025-12-08T23:19:27.810,0.043,-0.034,0.267
2025-12-08T23:19:27.820,0.063,-0.028,0.283
2025-12-08T23:19:27.830,0.057,-0.009,0.267
2025-12-08T23:19:27.840,0.046,0.002,0.243
2025-12-08T23:19:27.850,0.045,0.008,0.239
2025-12-08T23:19:27.860,0.043,0.021,0.22
2025-12-08T23:19:27.870,0.031,0.023,0.234
2025-12-08T23:19:27.880,0.03,0.037,0.284
2025-12-08T23:19:27.890,0.034,0.043,0.307
2025-12-08T23:19:27.900,0.032,0.048,0.32
2025-12-08T23:19:27.910,0.035,0.063,0.32
2025-12-08T23:19:27.920,0.029,0.064,0.303
2025-12-08T23:19:27.930,0.017,0.064,0.302
2025-12-08T23:19:27.940,0.012,0.057,0.318
2025-12-08T23:19:27.950,0.011,0.051,0.309
2025-12-08T23:19:27.960,0.023,0.06,0.276
2025-12-08T23:19:27.970,0.032,0.073,0.252
2025-12-08T23:19:27.980,0.039,0.08,0.218
2025-12-08T23:19:27.990,0.038,0.091,0.221
2025-12-08T23:19:28.000,0.022,0.101,0.251
2025-12-08T23:19:28.010,0.015,0.084,0.258
2025-12-08T23:19:28.020,-0.004,0.071,0.28
2025-12-08T23:19:28.030,-0.028,0.065,0.296
2025-12-08T23:19:28.040,-0.033,0.055,0.297
2025-12-08T23:19:28.050,-0.042,0.058,0.301
2025-12-08T23:19:28.060,-0.041,0.054,0.278
2025-12-08T23:19:28.070,-0.028,0.042,0.239
2025-12-08T23:19:28.080,-0.022,0.035,0.212
2025-12-08T23:19:28.090,-0.023,0.027,0.184
2025-12-08T23:19:28.100,-0.024,0.03,0.187
2025-12-08T23:19:28.110,-0.032,0.039,0.213
2025-12-08T23:19:28.120,-0.039,0.039,0.204
2025-12-08T23:19:28.130,-0.032,0.049,0.182
2025-12-08T23:19:28.140,-0.019,0.059,0.157
2025-12-08T23:19:28.150,0.004,0.058,0.144
2025-12-08T23:19:28.160,0.036,0.064,0.184
2025-12-08T23:19:28.170,0.053,0.064,0.234
2025-12-08T23:19:28.180,0.059,0.055,0.247
2025-12-08T23:19:28.190,0.062,0.051,0.245
2025-12-08T23:19:28.200,0.055,0.052,0.215
2025-12-08T23:19:28.210,0.051,0.045,0.174
2025-12-08T23:19:28.220,0.046,0.037,0.177
2025-12-08T23:19:28.230,0.036,0.032,0.175
2025-12-08T23:19:28.240,0.029,0.012,0.147
2025-12-08T23:19:28.250,0.022,0.001,0.117
2025-12-08T23:19:28.260,0.026,0.01,0.066
2025-12-08T23:19:28.270,0.032,0.021,0.019
2025-12-08T23:19:28.280,0.041,0.03,-0.005
2025-12-08T23:19:28.290,0.067,0.027,-0.004
2025-12-08T23:19:28.300,0.078,0.021,0.019
2025-12-08T23:19:28.310,0.077,0.016,0.055
2025-12-08T23:19:28.320,0.095,0.006,0.084
2025-12-08T23:19:28.330,0.103,-0.002,0.092
2025-12-08T23:19:28.340,0.089,-0.008,0.08
2025-12-08T23:19:28.350,0.088,-0.018,0.055
2025-12-08T23:19:28.360,0.067,-0.024,0.019
2025-12-08T23:19:28.370,0.042,-0.036,-0.016
2025-12-08T23:19:28.380,0.046,-0.046,-0.025
2025-12-08T23:19:28.390,0.047,-0.041,-0.036
2025-12-08T23:19:28.400,0.056,-0.046,-0.051
2025-12-08T23:19:28.410,0.078,-0.043,-0.055
2025-12-08T23:19:28.420,0.09,-0.038,-0.061
2025-12-08T23:19:28.430,0.093,-0.044,-0.043
2025-12-08T23:19:28.440,0.107,-0.035,-0.004
2025-12-08T23:19:28.450,0.115,-0.04,0.027
2025-12-08T23:19:28.460,0.119,-0.047,0.049
2025-12-08T23:19:28.470,0.128,-0.036,0.064
2025-12-08T23:19:28.480,0.134,-0.037,0.036
2025-12-08T23:19:28.490,0.127,-0.038,0.008
2025-12-08T23:19:28.500,0.108,-0.025,0.002
2025-12-08T23:19:28.510,0.096,-0.034,-0.035
2025-12-08T23:19:28.520,0.088,-0.056,-0.064
2025-12-08T23:19:28.530,0.08,-0.065,-0.091
2025-12-08T23:19:28.540,0.081,-0.087,-0.13
2025-12-08T23:19:28.550,0.08,-0.105,-0.127
2025-12-08T23:19:28.560,0.077,-0.121,-0.104
2025-12-08T23:19:28.570,0.087,-0.148,-0.089
2025-12-08T23:19:28.580,0.092,-0.156,-0.077
2025-12-08T23:19:28.590,0.093,-0.168,-0.081
2025-12-08T23:19:28.600,0.112,-0.182,-0.098
2025-12-08T23:19:28.610,0.119,-0.178,-0.083
2025-12-08T23:19:28.620,0.121,-0.181,-0.059
2025-12-08T23:19:28.630,0.139,-0.187,-0.062
2025-12-08T23:19:28.640,0.14,-0.187,-0.077
2025-12-08T23:19:28.650,0.139,-0.2,-0.114
2025-12-08T23:19:28.660,0.135,-0.211,-0.149
2025-12-08T23:19:28.670,0.12,-0.23,-0.159
2025-12-08T23:19:28.680,0.103,-0.256,-0.15
2025-12-08T23:19:28.690,0.102,-0.281,-0.137
2025-12-08T23:19:28.700,0.106,-0.309,-0.15
2025-12-08T23:19:28.710,0.097,-0.318,-0.175
2025-12-08T23:19:28.720,0.111,-0.321,-0.197
2025-12-08T23:19:28.730,0.134,-0.326,-0.204
2025-12-08T23:19:28.740,0.15,-0.32,-0.185
2025-12-08T23:19:28.750,0.174,-0.326,-0.163
2025-12-08T23:19:28.760,0.186,-0.339,-0.144
2025-12-08T23:19:28.770,0.183,-0.345,-0.118
2025-12-08T23:19:28.780,0.184,-0.351,-0.084
2025-12-08T23:19:28.790,0.193,-0.362,-0.07
2025-12-08T23:19:28.800,0.203,-0.373,-0.079
2025-12-08T23:19:28.810,0.204,-0.384,-0.104
2025-12-08T23:19:28.820,0.212,-0.4,-0.137
2025-12-08T23:19:28.830,0.215,-0.411,-0.153
2025-12-08T23:19:28.840,0.214,-0.418,-0.16
2025-12-08T23:19:28.850,0.228,-0.425,-0.156
2025-12-08T23:19:28.860,0.233,-0.428,-0.144
2025-12-08T23:19:28.870,0.234,-0.426,-0.136
2025-12-08T23:19:28.880,0.245,-0.42,-0.127
2025-12-08T23:19:28.890,0.248,-0.414,-0.14
2025-12-08T23:19:28.900,0.25,-0.415,-0.164
2025-12-08T23:19:28.910,0.25,-0.422,-0.159
2025-12-08T23:19:28.920,0.245,-0.428,-0.147
2025-12-08T23:19:28.930,0.242,-0.444,-0.147
2025-12-08T23:19:28.940,0.24,-0.454,-0.156
2025-12-08T23:19:28.950,0.234,-0.454,-0.189
2025-12-08T23:19:28.960,0.22,-0.46,-0.228
2025-12-08T23:19:28.970,0.209,-0.46,-0.238
2025-12-08T23:19:28.980,0.185,-0.462,-0.24
2025-12-08T23:19:28.990,0.157,-0.464,-0.241
2025-12-08T23:19:29.000,0.151,-0.47,-0.222
2025-12-08T23:19:29.010,0.144,-0.469,-0.217
2025-12-08T23:19:29.020,0.143,-0.454,-0.233
2025-12-08T23:19:29.030,0.161,-0.449,-0.231
2025-12-08T23:19:29.040,0.174,-0.436,-0.234
2025-12-08T23:19:29.050,0.175,-0.425,-0.221
2025-12-08T23:19:29.060,0.167,-0.417,-0.182
2025-12-08T23:19:29.070,0.168,-0.409,-0.168
2025-12-08T23:19:29.080,0.165,-0.411,-0.172
2025-12-08T23:19:29.090,0.144,-0.396,-0.184
2025-12-08T23:19:29.100,0.131,-0.388,-0.201
2025-12-08T23:19:29.110,0.101,-0.371,-0.216
2025-12-08T23:19:29.120,0.063,-0.347,-0.215
2025-12-08T23:19:29.130,0.055,-0.345,-0.21
2025-12-08T23:19:29.140,0.043,-0.334,-0.221
2025-12-08T23:19:29.150,0.039,-0.327,-0.218
2025-12-08T23:19:29.160,0.063,-0.326,-0.219
2025-12-08T23:19:29.170,0.072,-0.314,-0.226
2025-12-08T23:19:29.180,0.07,-0.311,-0.216
2025-12-08T23:19:29.190,0.077,-0.31,-0.192
2025-12-08T23:19:29.200,0.076,-0.297,-0.164
2025-12-08T23:19:29.210,0.066,-0.282,-0.134
2025-12-08T23:19:29.220,0.062,-0.267,-0.108
2025-12-08T23:19:29.230,0.054,-0.245,-0.122
2025-12-08T23:19:29.240,0.03,-0.237,-0.16
2025-12-08T23:19:29.250,0.012,-0.239,-0.193
2025-12-08T23:19:29.260,-0.011,-0.238,-0.22
2025-12-08T23:19:29.270,-0.047,-0.239,-0.222
2025-12-08T23:19:29.280,-0.071,-0.23,-0.201
2025-12-08T23:19:29.290,-0.089,-0.216,-0.193
2025-12-08T23:19:29.300,-0.101,-0.202,-0.207
2025-12-08T23:19:29.310,-0.106,-0.175,-0.212
2025-12-08T23:19:29.320,-0.11,-0.15,-0.221
2025-12-08T23:19:29.330,-0.111,-0.132,-0.225
2025-12-08T23:19:29.340,-0.103,-0.116,-0.201
2025-12-08T23:19:29.350,-0.083,-0.107,-0.187
2025-12-08T23:19:29.360,-0.066,-0.098,-0.182
2025-12-08T23:19:29.370,-0.063,-0.093,-0.166
2025-12-08T23:19:29.380,-0.062,-0.08,-0.148
2025-12-08T23:19:29.390,-0.072,-0.067,-0.128
2025-12-08T23:19:29.400,-0.09,-0.047,-0.113
2025-12-08T23:19:29.410,-0.104,-0.02,-0.134
2025-12-08T23:19:29.420,-0.113,-0.005,-0.184
2025-12-08T23:19:29.430,-0.121,0.018,-0.221
2025-12-08T23:19:29.440,-0.124,0.035,-0.241
2025-12-08T23:19:29.450,-0.122,0.045,-0.243
2025-12-08T23:19:29.460,-0.127,0.062,-0.21
2025-12-08T23:19:29.470,-0.125,0.076,-0.167
2025-12-08T23:19:29.480,-0.123,0.091,-0.132
2025-12-08T23:19:29.490,-0.128,0.107,-0.105
2025-12-08T23:19:29.500,-0.126,0.13,-0.103
2025-12-08T23:19:29.510,-0.125,0.153,-0.136
2025-12-08T23:19:29.520,-0.128,0.158,-0.171
2025-12-08T23:19:29.530,-0.137,0.165,-0.18
2025-12-08T23:19:29.540,-0.148,0.181,-0.194
2025-12-08T23:19:29.550,-0.16,0.182,-0.194
2025-12-08T23:19:29.560,-0.173,0.191,-0.169
2025-12-08T23:19:29.570,-0.173,0.198,-0.16
2025-12-08T23:19:29.580,-0.171,0.216,-0.155
2025-12-08T23:19:29.590,-0.162,0.255,-0.152
2025-12-08T23:19:29.600,-0.146,0.273,-0.165
2025-12-08T23:19:29.610,-0.156,0.301,-0.184
2025-12-08T23:19:29.620,-0.163,0.313,-0.175
2025-12-08T23:19:29.630,-0.152,0.306,-0.16
2025-12-08T23:19:29.640,-0.154,0.318,-0.152
2025-12-08T23:19:29.650,-0.143,0.309,-0.134
2025-12-08T23:19:29.660,-0.125,0.304,-0.149
2025-12-08T23:19:29.670,-0.132,0.296,-0.169
2025-12-08T23:19:29.680,-0.15,0.284,-0.17
2025-12-08T23:19:29.690,-0.161,0.278,-0.161
2025-12-08T23:19:29.700,-0.176,0.268,-0.16
2025-12-08T23:19:29.710,-0.198,0.275,-0.186
2025-12-08T23:19:29.720,-0.193,0.272,-0.204
2025-12-08T23:19:29.730,-0.187,0.269,-0.242
2025-12-08T23:19:29.740,-0.191,0.285,-0.264
2025-12-08T23:19:29.750,-0.169,0.289,-0.248
2025-12-08T23:19:29.760,-0.156,0.301,-0.249
2025-12-08T23:19:29.770,-0.154,0.313,-0.227
2025-12-08T23:19:29.780,-0.152,0.321,-0.172
2025-12-08T23:19:29.790,-0.15,0.336,-0.141
2025-12-08T23:19:29.800,-0.161,0.335,-0.115
2025-12-08T23:19:29.810,-0.178,0.338,-0.101
2025-12-08T23:19:29.820,-0.184,0.328,-0.139
2025-12-08T23:19:29.830,-0.211,0.316,-0.181
2025-12-08T23:19:29.840,-0.233,0.322,-0.221
2025-12-08T23:19:29.850,-0.235,0.301,-0.267
2025-12-08T23:19:29.860,-0.25,0.296,-0.279
2025-12-08T23:19:29.870,-0.259,0.292,-0.257
2025-12-08T23:19:29.880,-0.262,0.276,-0.241
2025-12-08T23:19:29.890,-0.262,0.278,-0.237
2025-12-08T23:19:29.900,-0.268,0.276,-0.211
2025-12-08T23:19:29.910,-0.268,0.284,-0.206
2025-12-08T23:19:29.920,-0.266,0.291,-0.193
2025-12-08T23:19:29.930,-0.283,0.31,-0.162
2025-12-08T23:19:29.940,-0.284,0.327,-0.178
2025-12-08T23:19:29.950,-0.285,0.333,-0.204
2025-12-08T23:19:29.960,-0.303,0.349,-0.221
2025-12-08T23:19:29.970,-0.304,0.338,-0.231
2025-12-08T23:19:29.980,-0.317,0.322,-0.207
2025-12-08T23:19:29.990,-0.333,0.3,-0.167
2025-12-08T23:19:30.000,-0.322,0.275,-0.16
2025-12-08T23:19:30.010,-0.323,0.284,-0.192
2025-12-08T23:19:30.020,-0.328,0.295,-0.242
2025-12-08T23:19:30.030,-0.321,0.3,-0.27
2025-12-08T23:19:30.040,-0.318,0.317,-0.234
2025-12-08T23:19:30.050,-0.319,0.324,-0.157
2025-12-08T23:19:30.060,-0.317,0.333,-0.098
2025-12-08T23:19:30.070,-0.301,0.34,-0.08
2025-12-08T23:19:30.080,-0.289,0.327,-0.11
2025-12-08T23:19:30.090,-0.286,0.33,-0.147
2025-12-08T23:19:30.100,-0.277,0.323,-0.141
2025-12-08T23:19:30.110,-0.277,0.298,-0.148
2025-12-08T23:19:30.120,-0.284,0.28,-0.15
2025-12-08T23:19:30.130,-0.272,0.251,-0.134
2025-12-08T23:19:30.140,-0.264,0.228,-0.153
2025-12-08T23:19:30.150,-0.266,0.22,-0.159
2025-12-08T23:19:30.160,-0.262,0.219,-0.162
2025-12-08T23:19:30.170,-0.267,0.223,-0.172
2025-12-08T23:19:30.180,-0.263,0.223,-0.149
2025-12-08T23:19:30.190,-0.251,0.242,-0.123
2025-12-08T23:19:30.200,-0.244,0.265,-0.11
2025-12-08T23:19:30.210,-0.223,0.276,-0.097
2025-12-08T23:19:30.220,-0.201,0.289,-0.081
2025-12-08T23:19:30.230,-0.191,0.275,-0.069
2025-12-08T23:19:30.240,-0.192,0.253,-0.061
2025-12-08T23:19:30.250,-0.204,0.248,-0.07
2025-12-08T23:19:30.260,-0.212,0.235,-0.103
2025-12-08T23:19:30.270,-0.221,0.226,-0.139
2025-12-08T23:19:30.280,-0.233,0.223,-0.153
2025-12-08T23:19:30.290,-0.246,0.218,-0.148
2025-12-08T23:19:30.300,-0.263,0.216,-0.143
2025-12-08T23:19:30.310,-0.273,0.21,-0.13
2025-12-08T23:19:30.320,-0.282,0.202,-0.117
2025-12-08T23:19:30.330,-0.285,0.196,-0.118
2025-12-08T23:19:30.340,-0.269,0.188,-0.113
2025-12-08T23:19:30.350,-0.251,0.187,-0.111
2025-12-08T23:19:30.360,-0.232,0.182,-0.108
2025-12-08T23:19:30.370,-0.203,0.17,-0.09
2025-12-08T23:19:30.380,-0.184,0.163,-0.068
2025-12-08T23:19:30.390,-0.168,0.151,-0.053
2025-12-08T23:19:30.400,-0.152,0.139,-0.04
2025-12-08T23:19:30.410,-0.146,0.138,-0.029
2025-12-08T23:19:30.420,-0.149,0.137,-0.036
2025-12-08T23:19:30.430,-0.158,0.139,-0.049
2025-12-08T23:19:30.440,-0.159,0.151,-0.064
2025-12-08T23:19:30.450,-0.162,0.16,-0.084
2025-12-08T23:19:30.460,-0.165,0.163,-0.082
2025-12-08T23:19:30.470,-0.156,0.144,-0.042
2025-12-08T23:19:30.480,-0.159,0.127,0.008
2025-12-08T23:19:30.490,-0.148,0.114,0.049
2025-12-08T23:19:30.500,-0.112,0.087,0.066
2025-12-08T23:19:30.510,-0.098,0.091,0.051
2025-12-08T23:19:30.520,-0.079,0.082,0.036
2025-12-08T23:19:30.530,-0.052,0.066,0.032
2025-12-08T23:19:30.540,-0.048,0.089,0.038
2025-12-08T23:19:30.550,-0.047,0.109,0.036
2025-12-08T23:19:30.560,-0.034,0.128,0.008
2025-12-08T23:19:30.570,-0.014,0.144,-0.032
2025-12-08T23:19:30.580,0.0,0.153,-0.047
2025-12-08T23:19:30.590,0.021,0.147,-0.023
2025-12-08T23:19:30.600,0.042,0.137,0.028
2025-12-08T23:19:30.610,0.051,0.133,0.089
2025-12-08T23:19:30.620,0.077,0.109,0.128
2025-12-08T23:19:30.630,0.104,0.099,0.144
2025-12-08T23:19:30.640,0.121,0.088,0.123
2025-12-08T23:19:30.650,0.135,0.07,0.089
2025-12-08T23:19:30.660,0.14,0.063,0.083
2025-12-08T23:19:30.670,0.136,0.05,0.082
2025-12-08T23:19:30.680,0.128,0.05,0.092
2025-12-08T23:19:30.690,0.128,0.057,0.102
2025-12-08T23:19:30.700,0.127,0.061,0.081
2025-12-08T23:19:30.710,0.121,0.065,0.066
2025-12-08T23:19:30.720,0.119,0.068,0.084
2025-12-08T23:19:30.730,0.112,0.071,0.101
2025-12-08T23:19:30.740,0.103,0.074,0.121
2025-12-08T23:19:30.750,0.1,0.089,0.126
2025-12-08T23:19:30.760,0.109,0.093,0.077
2025-12-08T23:19:30.770,0.123,0.093,0.035
2025-12-08T23:19:30.780,0.139,0.103,0.01
2025-12-08T23:19:30.790,0.156,0.097,-0.006
2025-12-08T23:19:30.800,0.168,0.095,0.006
2025-12-08T23:19:30.810,0.175,0.094,0.019
2025-12-08T23:19:30.820,0.176,0.085,0.007
2025-12-08T23:19:30.830,0.171,0.074,-0.01
2025-12-08T23:19:30.840,0.166,0.063,-0.011
2025-12-08T23:19:30.850,0.158,0.073,-0.009
2025-12-08T23:19:30.860,0.14,0.08,0.014
2025-12-08T23:19:30.870,0.133,0.081,0.032
2025-12-08T23:19:30.880,0.133,0.08,-0.005
2025-12-08T23:19:30.890,0.128,0.071,-0.054
2025-12-08T23:19:30.900,0.136,0.061,-0.089
2025-12-08T23:19:30.910,0.144,0.05,-0.109
2025-12-08T23:19:30.920,0.143,0.057,-0.097
2025-12-08T23:19:30.930,0.162,0.055,-0.067
2025-12-08T23:19:30.940,0.192,0.053,-0.064
2025-12-08T23:19:30.950,0.192,0.07,-0.068
2025-12-08T23:19:30.960,0.192,0.074,-0.065
2025-12-08T23:19:30.970,0.205,0.073,-0.063
2025-12-08T23:19:30.980,0.196,0.077,-0.053
2025-12-08T23:19:30.990,0.187,0.088,-0.052
2025-12-08T23:19:31.000,0.196,0.091,-0.068
2025-12-08T23:19:31.010,0.192,0.1,-0.102
2025-12-08T23:19:31.020,0.18,0.121,-0.141
2025-12-08T23:19:31.030,0.185,0.119,-0.167
2025-12-08T23:19:31.040,0.187,0.109,-0.172
2025-12-08T23:19:31.050,0.175,0.102,-0.146
2025-12-08T23:19:31.060,0.175,0.09,-0.112
2025-12-08T23:19:31.070,0.178,0.077,-0.1
2025-12-08T23:19:31.080,0.17,0.067,-0.108
2025-12-08T23:19:31.090,0.168,0.061,-0.124
2025-12-08T23:19:31.100,0.166,0.06,-0.148
2025-12-08T23:19:31.110,0.16,0.056,-0.152
2025-12-08T23:19:31.120,0.153,0.049,-0.129
2025-12-08T23:19:31.130,0.141,0.045,-0.098
2025-12-08T23:19:31.140,0.125,0.037,-0.082
2025-12-08T23:19:31.150,0.114,0.037,-0.112
2025-12-08T23:19:31.160,0.113,0.043,-0.177
2025-12-08T23:19:31.170,0.103,0.046,-0.234
2025-12-08T23:19:31.180,0.096,0.053,-0.259
2025-12-08T23:19:31.190,0.096,0.051,-0.251
2025-12-08T23:19:31.200,0.081,0.05,-0.205
2025-12-08T23:19:31.210,0.078,0.038,-0.164
2025-12-08T23:19:31.220,0.086,0.021,-0.157
2025-12-08T23:19:31.230,0.088,0.029,-0.159
2025-12-08T23:19:31.240,0.103,0.026,-0.168
2025-12-08T23:19:31.250,0.113,0.03,-0.182
2025-12-08T23:19:31.260,0.11,0.034,-0.186
2025-12-08T23:19:31.270,0.116,0.011,-0.162
2025-12-08T23:19:31.280,0.12,0.002,-0.144
2025-12-08T23:19:31.290,0.109,-0.007,-0.138
2025-12-08T23:19:31.300,0.098,-0.031,-0.131
2025-12-08T23:19:31.310,0.093,-0.055,-0.14
2025-12-08T23:19:31.320,0.08,-0.073,-0.151
2025-12-08T23:19:31.330,0.068,-0.082,-0.155
2025-12-08T23:19:31.340,0.076,-0.093,-0.167
2025-12-08T23:19:31.350,0.08,-0.096,-0.186
2025-12-08T23:19:31.360,0.067,-0.09,-0.192
2025-12-08T23:19:31.370,0.07,-0.091,-0.185
2025-12-08T23:19:31.380,0.071,-0.098,-0.179
2025-12-08T23:19:31.390,0.069,-0.095,-0.177
2025-12-08T23:19:31.400,0.079,-0.095,-0.18
2025-12-08T23:19:31.410,0.092,-0.096,-0.187
2025-12-08T23:19:31.420,0.1,-0.089,-0.194
2025-12-08T23:19:31.430,0.111,-0.101,-0.194
2025-12-08T23:19:31.440,0.128,-0.108,-0.194
2025-12-08T23:19:31.450,0.131,-0.124,-0.18
2025-12-08T23:19:31.460,0.141,-0.151,-0.156
2025-12-08T23:19:31.470,0.154,-0.169,-0.134
2025-12-08T23:19:31.480,0.147,-0.192,-0.109
2025-12-08T23:19:31.490,0.143,-0.206,-0.1
2025-12-08T23:19:31.500,0.136,-0.235,-0.102
2025-12-08T23:19:31.510,0.112,-0.251,-0.111
2025-12-08T23:19:31.520,0.095,-0.257,-0.136
2025-12-08T23:19:31.530,0.098,-0.275,-0.16
2025-12-08T23:19:31.540,0.104,-0.27,-0.174
2025-12-08T23:19:31.550,0.116,-0.278,-0.153
2025-12-08T23:19:31.560,0.128,-0.275,-0.114
2025-12-08T23:19:31.570,0.142,-0.278,-0.084
2025-12-08T23:19:31.580,0.145,-0.284,-0.061
2025-12-08T23:19:31.590,0.144,-0.276,-0.061
2025-12-08T23:19:31.600,0.146,-0.292,-0.064
2025-12-08T23:19:31.610,0.132,-0.29,-0.05
2025-12-08T23:19:31.620,0.123,-0.296,-0.003
2025-12-08T23:19:31.630,0.106,-0.303,0.041
2025-12-08T23:19:31.640,0.085,-0.308,0.041
2025-12-08T23:19:31.650,0.077,-0.317,0.018
2025-12-08T23:19:31.660,0.06,-0.31,-0.028
2025-12-08T23:19:31.670,0.045,-0.328,-0.048
2025-12-08T23:19:31.680,0.038,-0.338,-0.027
2025-12-08T23:19:31.690,0.043,-0.352,0.0
2025-12-08T23:19:31.700,0.045,-0.374,0.013
2025-12-08T23:19:31.710,0.047,-0.386,0.021
2025-12-08T23:19:31.720,0.048,-0.394,0.036
2025-12-08T23:19:31.730,0.038,-0.383,0.049
2025-12-08T23:19:31.740,0.044,-0.385,0.08
2025-12-08T23:19:31.750,0.043,-0.371,0.104
2025-12-08T23:19:31.760,0.028,-0.365,0.1
2025-12-08T23:19:31.770,0.018,-0.365,0.086
2025-12-08T23:19:31.780,0.012,-0.354,0.057
2025-12-08T23:19:31.790,-0.003,-0.367,0.018
2025-12-08T23:19:31.800,-0.027,-0.378,0.002
2025-12-08T23:19:31.810,-0.04,-0.394,0.03
2025-12-08T23:19:31.820,-0.064,-0.397,0.065
2025-12-08T23:19:31.830,-0.086,-0.398,0.104
2025-12-08T23:19:31.840,-0.088,-0.393,0.125
2025-12-08T23:19:31.850,-0.088,-0.383,0.11
2025-12-08T23:19:31.860,-0.082,-0.39,0.097
2025-12-08T23:19:31.870,-0.074,-0.387,0.101
2025-12-08T23:19:31.880,-0.076,-0.407,0.12
2025-12-08T23:19:31.890,-0.084,-0.425,0.151
2025-12-08T23:19:31.900,-0.09,-0.438,0.194
2025-12-08T23:19:31.910,-0.094,-0.455,0.196
2025-12-08T23:19:31.920,-0.106,-0.451,0.176
2025-12-08T23:19:31.930,-0.12,-0.45,0.168
2025-12-08T23:19:31.940,-0.144,-0.439,0.148
2025-12-08T23:19:31.950,-0.189,-0.439,0.161
2025-12-08T23:19:31.960,-0.222,-0.435,0.178
2025-12-08T23:19:31.970,-0.24,-0.43,0.151
2025-12-08T23:19:31.980,-0.263,-0.429,0.109
2025-12-08T23:19:31.990,-0.276,-0.42,0.07
2025-12-08T23:19:32.000,-0.281,-0.428,0.056
2025-12-08T23:19:32.010,-0.295,-0.421,0.074
2025-12-08T23:19:32.020,-0.309,-0.417,0.123
2025-12-08T23:19:32.030,-0.313,-0.416,0.175
2025-12-08T23:19:32.040,-0.32,-0.398,0.203
2025-12-08T23:19:32.050,-0.335,-0.398,0.198
2025-12-08T23:19:32.060,-0.336,-0.389,0.167
2025-12-08T23:19:32.070,-0.337,-0.382,0.137
2025-12-08T23:19:32.080,-0.342,-0.37,0.116
2025-12-08T23:19:32.090,-0.339,-0.364,0.129
2025-12-08T23:19:32.100,-0.353,-0.376,0.167
2025-12-08T23:19:32.110,-0.378,-0.377,0.194
2025-12-08T23:19:32.120,-0.39,-0.389,0.211
2025-12-08T23:19:32.130,-0.401,-0.391,0.194
2025-12-08T23:19:32.140,-0.41,-0.393,0.168
2025-12-08T23:19:32.150,-0.406,-0.396,0.162
2025-12-08T23:19:32.160,-0.4,-0.388,0.158
2025-12-08T23:19:32.170,-0.404,-0.4,0.16
2025-12-08T23:19:32.180,-0.401,-0.396,0.165
2025-12-08T23:19:32.190,-0.393,-0.389,0.172
2025-12-08T23:19:32.200,-0.392,-0.392,0.17
2025-12-08T23:19:32.210,-0.395,-0.385,0.183
2025-12-08T23:19:32.220,-0.403,-0.384,0.197
2025-12-08T23:19:32.230,-0.417,-0.391,0.18
2025-12-08T23:19:32.240,-0.421,-0.388,0.173
2025-12-08T23:19:32.250,-0.419,-0.387,0.154
2025-12-08T23:19:32.260,-0.426,-0.392,0.127
2025-12-08T23:19:32.270,-0.43,-0.382,0.126
2025-12-08T23:19:32.280,-0.425,-0.38,0.116
2025-12-08T23:19:32.290,-0.422,-0.386,0.1
2025-12-08T23:19:32.300,-0.417,-0.379,0.105
2025-12-08T23:19:32.310,-0.408,-0.371,0.116
2025-12-08T23:19:32.320,-0.398,-0.359,0.104
2025-12-08T23:19:32.330,-0.391,-0.352,0.109
2025-12-08T23:19:32.340,-0.386,-0.35,0.117
2025-12-08T23:19:32.350,-0.384,-0.349,0.11
2025-12-08T23:19:32.360,-0.385,-0.339,0.131
2025-12-08T23:19:32.370,-0.382,-0.324,0.148
2025-12-08T23:19:32.380,-0.375,-0.321,0.139
2025-12-08T23:19:32.390,-0.373,-0.304,0.125
2025-12-08T23:19:32.400,-0.363,-0.292,0.102
2025-12-08T23:19:32.410,-0.357,-0.287,0.091
2025-12-08T23:19:32.420,-0.372,-0.271,0.114
2025-12-08T23:19:32.430,-0.375,-0.27,0.148
2025-12-08T23:19:32.440,-0.367,-0.264,0.173
2025-12-08T23:19:32.450,-0.366,-0.245,0.183
2025-12-08T23:19:32.460,-0.349,-0.229,0.18
2025-12-08T23:19:32.470,-0.327,-0.21,0.178
2025-12-08T23:19:32.480,-0.32,-0.191,0.194
2025-12-08T23:19:32.490,-0.308,-0.188,0.223
2025-12-08T23:19:32.500,-0.292,-0.19,0.23
2025-12-08T23:19:32.510,-0.296,-0.188,0.23
2025-12-08T23:19:32.520,-0.293,-0.18,0.221
2025-12-08T23:19:32.530,-0.285,-0.161,0.193
2025-12-08T23:19:32.540,-0.291,-0.141,0.177
2025-12-08T23:19:32.550,-0.293,-0.132,0.154
2025-12-08T23:19:32.560,-0.294,-0.127,0.153
2025-12-08T23:19:32.570,-0.303,-0.127,0.178
2025-12-08T23:19:32.580,-0.303,-0.139,0.193
2025-12-08T23:19:32.590,-0.295,-0.143,0.198
2025-12-08T23:19:32.600,-0.293,-0.129,0.189
2025-12-08T23:19:32.610,-0.289,-0.119,0.168
2025-12-08T23:19:32.620,-0.276,-0.105,0.149
2025-12-08T23:19:32.630,-0.276,-0.076,0.155
2025-12-08T23:19:32.640,-0.273,-0.055,0.162
2025-12-08T23:19:32.650,-0.257,-0.04,0.183
2025-12-08T23:19:32.660,-0.255,-0.023,0.223
2025-12-08T23:19:32.670,-0.252,-0.013,0.232
2025-12-08T23:19:32.680,-0.241,-0.001,0.24
2025-12-08T23:19:32.690,-0.231,0.009,0.226
2025-12-08T23:19:32.700,-0.219,0.018,0.19
2025-12-08T23:19:32.710,-0.211,0.045,0.188
2025-12-08T23:19:32.720,-0.197,0.066,0.188
2025-12-08T23:19:32.730,-0.187,0.08,0.198
2025-12-08T23:19:32.740,-0.18,0.114,0.241
2025-12-08T23:19:32.750,-0.171,0.146,0.263
2025-12-08T23:19:32.760,-0.166,0.174,0.249
2025-12-08T23:19:32.770,-0.163,0.205,0.243
2025-12-08T23:19:32.780,-0.161,0.215,0.231
2025-12-08T23:19:32.790,-0.152,0.213,0.221
2025-12-08T23:19:32.800,-0.145,0.224,0.25
2025-12-08T23:19:32.810,-0.13,0.235,0.248
2025-12-08T23:19:32.820,-0.111,0.245,0.222
2025-12-08T23:19:32.830,-0.112,0.261,0.219
2025-12-08T23:19:32.840,-0.105,0.274,0.197
2025-12-08T23:19:32.850,-0.103,0.283,0.167
2025-12-08T23:19:32.860,-0.11,0.294,0.164
2025-12-08T23:19:32.870,-0.107,0.307,0.155
2025-12-08T23:19:32.880,-0.11,0.318,0.143
2025-12-08T23:19:32.890,-0.116,0.333,0.147
2025-12-08T23:19:32.900,-0.104,0.344,0.125
2025-12-08T23:19:32.910,-0.093,0.359,0.099
2025-12-08T23:19:32.920,-0.089,0.38,0.113
2025-12-08T23:19:32.930,-0.067,0.386,0.128
2025-12-08T23:19:32.940,-0.054,0.39,0.144
2025-12-08T23:19:32.950,-0.058,0.397,0.141
2025-12-08T23:19:32.960,-0.044,0.401,0.101
2025-12-08T23:19:32.970,-0.045,0.422,0.064
2025-12-08T23:19:32.980,-0.056,0.441,0.038
2025-12-08T23:19:32.990,-0.045,0.45,0.028
2025-12-08T23:19:33.000,-0.044,0.462,0.03
2025-12-08T23:19:33.010,-0.039,0.467,0.039
2025-12-08T23:19:33.020,-0.016,0.475,0.062
2025-12-08T23:19:33.030,0.007,0.485,0.073
2025-12-08T23:19:33.040,0.029,0.489,0.064
2025-12-08T23:19:33.050,0.051,0.496,0.044
2025-12-08T23:19:33.060,0.065,0.508,0.035
2025-12-08T23:19:33.070,0.068,0.514,0.039
2025-12-08T23:19:33.080,0.078,0.521,0.043
2025-12-08T23:19:33.090,0.082,0.526,0.059
2025-12-08T23:19:33.100,0.08,0.526,0.062
2025-12-08T23:19:33.110,0.085,0.527,0.058
2025-12-08T23:19:33.120,0.09,0.535,0.061
2025-12-08T23:19:33.130,0.098,0.547,0.037
2025-12-08T23:19:33.140,0.1,0.56,0.005
2025-12-08T23:19:33.150,0.111,0.571,-0.023
2025-12-08T23:19:33.160,0.122,0.569,-0.049
2025-12-08T23:19:33.170,0.131,0.57,-0.06
2025-12-08T23:19:33.180,0.155,0.571,-0.058
2025-12-08T23:19:33.190,0.177,0.566,-0.068
2025-12-08T23:19:33.200,0.193,0.569,-0.084
2025-12-08T23:19:33.210,0.205,0.56,-0.091
2025-12-08T23:19:33.220,0.21,0.549,-0.114
2025-12-08T23:19:33.230,0.203,0.552,-0.136
2025-12-08T23:19:33.240,0.203,0.548,-0.145
2025-12-08T23:19:33.250,0.203,0.54,-0.166
2025-12-08T23:19:33.260,0.189,0.53,-0.162
2025-12-08T23:19:33.270,0.191,0.519,-0.148
2025-12-08T23:19:33.280,0.212,0.51,-0.167
2025-12-08T23:19:33.290,0.227,0.504,-0.195
2025-12-08T23:19:33.300,0.252,0.505,-0.23
2025-12-08T23:19:33.310,0.287,0.496,-0.263
2025-12-08T23:19:33.320,0.293,0.492,-0.257
2025-12-08T23:19:33.330,0.291,0.493,-0.222
2025-12-08T23:19:33.340,0.302,0.487,-0.188
2025-12-08T23:19:33.350,0.303,0.492,-0.159
2025-12-08T23:19:33.360,0.314,0.499,-0.152
2025-12-08T23:19:33.370,0.335,0.504,-0.177
2025-12-08T23:19:33.380,0.348,0.508,-0.214
2025-12-08T23:19:33.390,0.368,0.51,-0.259
2025-12-08T23:19:33.400,0.384,0.511,-0.285
2025-12-08T23:19:33.410,0.384,0.506,-0.282
2025-12-08T23:19:33.420,0.385,0.494,-0.268
2025-12-08T23:19:33.430,0.394,0.482,-0.246
2025-12-08T23:19:33.440,0.391,0.47,-0.232
2025-12-08T23:19:33.450,0.386,0.455,-0.229
2025-12-08T23:19:33.460,0.388,0.45,-0.227
2025-12-08T23:19:33.470,0.382,0.447,-0.234
2025-12-08T23:19:33.480,0.388,0.44,-0.257
2025-12-08T23:19:33.490,0.41,0.433,-0.284
2025-12-08T23:19:33.500,0.425,0.424,-0.307
2025-12-08T23:19:33.510,0.439,0.419,-0.318
2025-12-08T23:19:33.520,0.461,0.405,-0.294
2025-12-08T23:19:33.530,0.48,0.389,-0.275
2025-12-08T23:19:33.540,0.501,0.37,-0.269
2025-12-08T23:19:33.550,0.53,0.344,-0.26
2025-12-08T23:19:33.560,0.546,0.335,-0.273
2025-12-08T23:19:33.570,0.561,0.318,-0.293
2025-12-08T23:19:33.580,0.58,0.301,-0.294
2025-12-08T23:19:33.590,0.595,0.297,-0.273
2025-12-08T23:19:33.600,0.603,0.284,-0.235
2025-12-08T23:19:33.610,0.596,0.277,-0.196
2025-12-08T23:19:33.620,0.606,0.261,-0.172
2025-12-08T23:19:33.630,0.609,0.248,-0.185
2025-12-08T23:19:33.640,0.601,0.241,-0.2
2025-12-08T23:19:33.650,0.61,0.225,-0.204
2025-12-08T23:19:33.660,0.603,0.225,-0.209
2025-12-08T23:19:33.670,0.6,0.216,-0.202
2025-12-08T23:19:33.680,0.616,0.21,-0.196
2025-12-08T23:19:33.690,0.626,0.208,-0.196
2025-12-08T23:19:33.700,0.631,0.2,-0.189
2025-12-08T23:19:33.710,0.644,0.197,-0.182
2025-12-08T23:19:33.720,0.656,0.184,-0.182
2025-12-08T23:19:33.730,0.656,0.173,-0.168
2025-12-08T23:19:33.740,0.664,0.162,-0.145
2025-12-08T23:19:33.750,0.665,0.148,-0.144
2025-12-08T23:19:33.760,0.666,0.136,-0.162
2025-12-08T23:19:33.770,0.669,0.128,-0.198
2025-12-08T23:19:33.780,0.666,0.119,-0.243
2025-12-08T23:19:33.790,0.655,0.098,-0.255
2025-12-08T23:19:33.800,0.637,0.083,-0.235
2025-12-08T23:19:33.810,0.623,0.062,-0.206
2025-12-08T23:19:33.820,0.608,0.045,-0.184
2025-12-08T23:19:33.830,0.609,0.036,-0.179
2025-12-08T23:19:33.840,0.61,0.037,-0.197
2025-12-08T23:19:33.850,0.619,0.046,-0.22
2025-12-08T23:19:33.860,0.64,0.048,-0.225
2025-12-08T23:19:33.870,0.651,0.055,-0.202
2025-12-08T23:19:33.880,0.655,0.052,-0.149
2025-12-08T23:19:33.890,0.648,0.046,-0.086
2025-12-08T23:19:33.900,0.647,0.032,-0.036
2025-12-08T23:19:33.910,0.64,0.016,-0.03
2025-12-08T23:19:33.920,0.626,0.018,-0.034
2025-12-08T23:19:33.930,0.631,0.002,-0.031
2025-12-08T23:19:33.940,0.628,-0.016,-0.04
2025-12-08T23:19:33.950,0.61,-0.025,-0.038
2025-12-08T23:19:33.960,0.599,-0.04,-0.038
2025-12-08T23:19:33.970,0.586,-0.052,-0.053
2025-12-08T23:19:33.980,0.565,-0.059,-0.055
2025-12-08T23:19:33.990,0.549,-0.059,-0.053
2025-12-08T23:19:34.000,0.537,-0.06,-0.055
2025-12-08T23:19:34.010,0.521,-0.054,-0.047
2025-12-08T23:19:34.020,0.51,-0.041,-0.038
2025-12-08T23:19:34.030,0.509,-0.039,-0.044
2025-12-08T23:19:34.040,0.501,-0.044,-0.047
2025-12-08T23:19:34.050,0.49,-0.054,-0.038
2025-12-08T23:19:34.060,0.478,-0.068,-0.032
2025-12-08T23:19:34.070,0.459,-0.084,-0.029
2025-12-08T23:19:34.080,0.456,-0.105,-0.034
2025-12-08T23:19:34.090,0.451,-0.118,-0.057
2025-12-08T23:19:34.100,0.432,-0.122,-0.088
2025-12-08T23:19:34.110,0.421,-0.128,-0.096
2025-12-08T23:19:34.120,0.405,-0.131,-0.089
2025-12-08T23:19:34.130,0.38,-0.143,-0.086
2025-12-08T23:19:34.140,0.354,-0.158,-0.071
2025-12-08T23:19:34.150,0.338,-0.169,-0.056
2025-12-08T23:19:34.160,0.329,-0.188,-0.046
2025-12-08T23:19:34.170,0.314,-0.194,-0.034
2025-12-08T23:19:34.180,0.301,-0.205,-0.015
2025-12-08T23:19:34.190,0.292,-0.233,-0.005
2025-12-08T23:19:34.200,0.284,-0.251,-0.01
2025-12-08T23:19:34.210,0.276,-0.26,-0.005
2025-12-08T23:19:34.220,0.27,-0.266,-0.026
2025-12-08T23:19:34.230,0.263,-0.27,-0.039
2025-12-08T23:19:34.240,0.255,-0.269,-0.022
2025-12-08T23:19:34.250,0.241,-0.274,-0.03
2025-12-08T23:19:34.260,0.221,-0.275,-0.027
2025-12-08T23:19:34.270,0.212,-0.276,-0.023
2025-12-08T23:19:34.280,0.197,-0.287,-0.025
2025-12-08T23:19:34.290,0.168,-0.289,0.009
2025-12-08T23:19:34.300,0.155,-0.29,0.04
2025-12-08T23:19:34.310,0.143,-0.284,0.031
2025-12-08T23:19:34.320,0.122,-0.278,0.009
2025-12-08T23:19:34.330,0.109,-0.282,0.009
2025-12-08T23:19:34.340,0.095,-0.293,-0.002
2025-12-08T23:19:34.350,0.075,-0.314,-0.007
2025-12-08T23:19:34.360,0.061,-0.335,0.009
2025-12-08T23:19:34.370,0.043,-0.353,0.007
2025-12-08T23:19:34.380,0.01,-0.359,0.022
2025-12-08T23:19:34.390,-0.009,-0.369,0.026
2025-12-08T23:19:34.400,-0.025,-0.373,-0.005
2025-12-08T23:19:34.410,-0.057,-0.359,-0.026
2025-12-08T23:19:34.420,-0.063,-0.362,-0.021
2025-12-08T23:19:34.430,-0.057,-0.364,0.005
2025-12-08T23:19:34.440,-0.067,-0.357,0.029
2025-12-08T23:19:34.450,-0.068,-0.356,0.034
2025-12-08T23:19:34.460,-0.06,-0.353,0.007
2025-12-08T23:19:34.470,-0.066,-0.356,-0.01
2025-12-08T23:19:34.480,-0.076,-0.361,-0.002
2025-12-08T23:19:34.490,-0.078,-0.363,0.025
2025-12-08T23:19:34.500,-0.087,-0.366,0.068
2025-12-08T23:19:34.510,-0.101,-0.364,0.088
2025-12-08T23:19:34.520,-0.109,-0.364,0.089
2025-12-08T23:19:34.530,-0.112,-0.374,0.061
2025-12-08T23:19:34.540,-0.122,-0.381,0.02
2025-12-08T23:19:34.550,-0.131,-0.395,0.02
2025-12-08T23:19:34.560,-0.142,-0.41,0.054
2025-12-08T23:19:34.570,-0.162,-0.408,0.087
2025-12-08T23:19:34.580,-0.17,-0.412,0.074
2025-12-08T23:19:34.590,-0.171,-0.415,0.032
2025-12-08T23:19:34.600,-0.182,-0.406,0.004
2025-12-08T23:19:34.610,-0.205,-0.399,0.014
2025-12-08T23:19:34.620,-0.219,-0.402,0.041
2025-12-08T23:19:34.630,-0.235,-0.403,0.048
2025-12-08T23:19:34.640,-0.254,-0.387,0.04
2025-12-08T23:19:34.650,-0.257,-0.376,0.017
2025-12-08T23:19:34.660,-0.27,-0.362,-0.01
2025-12-08T23:19:34.670,-0.293,-0.35,-0.012
2025-12-08T23:19:34.680,-0.303,-0.344,0.005
2025-12-08T23:19:34.690,-0.317,-0.333,0.025
2025-12-08T23:19:34.700,-0.317,-0.334,0.036
2025-12-08T23:19:34.710,-0.318,-0.323,0.022
2025-12-08T23:19:34.720,-0.329,-0.319,-0.006
2025-12-08T23:19:34.730,-0.326,-0.337,-0.017
2025-12-08T23:19:34.740,-0.327,-0.331,0.011
2025-12-08T23:19:34.750,-0.339,-0.328,0.059
2025-12-08T23:19:34.760,-0.346,-0.328,0.09
2025-12-08T23:19:34.770,-0.345,-0.319,0.093
2025-12-08T23:19:34.780,-0.351,-0.301,0.057
2025-12-08T23:19:34.790,-0.367,-0.288,0.02
2025-12-08T23:19:34.800,-0.371,-0.276,0.009
2025-12-08T23:19:34.810,-0.384,-0.259,0.004
2025-12-08T23:19:34.820,-0.391,-0.25,0.01
2025-12-08T23:19:34.830,-0.373,-0.232,0.029
2025-12-08T23:19:34.840,-0.36,-0.218,0.04
2025-12-08T23:19:34.850,-0.343,-0.21,0.029
2025-12-08T23:19:34.860,-0.326,-0.192,0.039
2025-12-08T23:19:34.870,-0.325,-0.18,0.078
2025-12-08T23:19:34.880,-0.331,-0.176,0.115
2025-12-08T23:19:34.890,-0.341,-0.173,0.156
2025-12-08T23:19:34.900,-0.337,-0.17,0.172
2025-12-08T23:19:34.910,-0.329,-0.171,0.151
2025-12-08T23:19:34.920,-0.325,-0.156,0.127
2025-12-08T23:19:34.930,-0.318,-0.137,0.106
2025-12-08T23:19:34.940,-0.325,-0.131,0.089
2025-12-08T23:19:34.950,-0.337,-0.125,0.089
2025-12-08T23:19:34.960,-0.352,-0.128,0.105
2025-12-08T23:19:34.970,-0.367,-0.136,0.112
2025-12-08T23:19:34.980,-0.369,-0.139,0.114
2025-12-08T23:19:34.990,-0.366,-0.13,0.115
2025-12-08T23:19:35.000,-0.363,-0.123,0.095
2025-12-08T23:19:35.010,-0.366,-0.126,0.087
2025-12-08T23:19:35.020,-0.366,-0.113,0.077
2025-12-08T23:19:35.030,-0.368,-0.102,0.055
2025-12-08T23:19:35.040,-0.371,-0.093,0.04
2025-12-08T23:19:35.050,-0.362,-0.079,0.014
2025-12-08T23:19:35.060,-0.362,-0.071,0.004
2025-12-08T23:19:35.070,-0.364,-0.06,0.005
2025-12-08T23:19:35.080,-0.357,-0.054,0.006
2025-12-08T23:19:35.090,-0.35,-0.05,0.024
2025-12-08T23:19:35.100,-0.343,-0.043,0.055
2025-12-08T23:19:35.110,-0.336,-0.037,0.088
2025-12-08T23:19:35.120,-0.336,-0.015,0.11
2025-12-08T23:19:35.130,-0.337,0.01,0.113
2025-12-08T23:19:35.140,-0.325,0.02,0.093
2025-12-08T23:19:35.150,-0.31,0.029,0.08
2025-12-08T23:19:35.160,-0.306,0.039,0.094
2025-12-08T23:19:35.170,-0.3,0.039,0.118
2025-12-08T23:19:35.180,-0.296,0.048,0.145
2025-12-08T23:19:35.190,-0.314,0.053,0.153
2025-12-08T23:19:35.200,-0.33,0.05,0.128
2025-12-08T23:19:35.210,-0.347,0.055,0.114
2025-12-08T23:19:35.220,-0.382,0.057,0.105
2025-12-08T23:19:35.230,-0.407,0.055,0.099
2025-12-08T23:19:35.240,-0.42,0.054,0.103
2025-12-08T23:19:35.250,-0.432,0.058,0.08
2025-12-08T23:19:35.260,-0.445,0.058,0.057
2025-12-08T23:19:35.270,-0.439,0.056,0.038
2025-12-08T23:19:35.280,-0.431,0.05,0.027
2025-12-08T23:19:35.290,-0.432,0.04,0.039
2025-12-08T23:19:35.300,-0.422,0.038,0.057
2025-12-08T23:19:35.310,-0.419,0.037,0.083
2025-12-08T23:19:35.320,-0.421,0.048,0.099
2025-12-08T23:19:35.330,-0.415,0.06,0.097
2025-12-08T23:19:35.340,-0.415,0.064,0.064
2025-12-08T23:19:35.350,-0.422,0.064,0.037
2025-12-08T23:19:35.360,-0.427,0.068,0.033
2025-12-08T23:19:35.370,-0.43,0.077,0.028
2025-12-08T23:19:35.380,-0.439,0.077,0.042
2025-12-08T23:19:35.390,-0.446,0.079,0.04
2025-12-08T23:19:35.400,-0.441,0.075,0.03
2025-12-08T23:19:35.410,-0.45,0.076,0.037
2025-12-08T23:19:35.420,-0.459,0.085,0.054
2025-12-08T23:19:35.430,-0.449,0.088,0.065
2025-12-08T23:19:35.440,-0.454,0.107,0.066
2025-12-08T23:19:35.450,-0.455,0.131,0.08
2025-12-08T23:19:35.460,-0.441,0.149,0.082
2025-12-08T23:19:35.470,-0.428,0.159,0.073
2025-12-08T23:19:35.480,-0.409,0.164,0.073
2025-12-08T23:19:35.490,-0.388,0.175,0.087
2025-12-08T23:19:35.500,-0.377,0.172,0.105
2025-12-08T23:19:35.510,-0.367,0.163,0.125
2025-12-08T23:19:35.520,-0.353,0.162,0.143
2025-12-08T23:19:35.530,-0.346,0.155,0.12
2025-12-08T23:19:35.540,-0.344,0.161,0.093
2025-12-08T23:19:35.550,-0.342,0.168,0.074
2025-12-08T23:19:35.560,-0.341,0.159,0.045
2025-12-08T23:19:35.570,-0.338,0.169,0.036
2025-12-08T23:19:35.580,-0.332,0.178,0.044
2025-12-08T23:19:35.590,-0.328,0.183,0.049
2025-12-08T23:19:35.600,-0.327,0.192,0.048
2025-12-08T23:19:35.610,-0.321,0.194,0.041
2025-12-08T23:19:35.620,-0.318,0.196,0.013
2025-12-08T23:19:35.630,-0.316,0.187,-0.007
2025-12-08T23:19:35.640,-0.312,0.18,-0.015
2025-12-08T23:19:35.650,-0.296,0.163,-0.041
2025-12-08T23:19:35.660,-0.283,0.143,-0.056
2025-12-08T23:19:35.670,-0.272,0.127,-0.048
2025-12-08T23:19:35.680,-0.248,0.1,-0.039
2025-12-08T23:19:35.690,-0.239,0.091,-0.037
2025-12-08T23:19:35.700,-0.217,0.078,-0.052
2025-12-08T23:19:35.710,-0.191,0.075,-0.07
2025-12-08T23:19:35.720,-0.182,0.087,-0.052
2025-12-08T23:19:35.730,-0.157,0.095,-0.001
2025-12-08T23:19:35.740,-0.14,0.122,0.041
2025-12-08T23:19:35.750,-0.127,0.139,0.049
2025-12-08T23:19:35.760,-0.108,0.145,0.03
2025-12-08T23:19:35.770,-0.089,0.155,0.022
2025-12-08T23:19:35.780,-0.066,0.147,0.031
2025-12-08T23:19:35.790,-0.041,0.136,0.05
2025-12-08T23:19:35.800,-0.009,0.125,0.073
2025-12-08T23:19:35.810,0.008,0.108,0.068
2025-12-08T23:19:35.820,0.009,0.096,0.033
2025-12-08T23:19:35.830,0.018,0.095,0.009
2025-12-08T23:19:35.840,0.018,0.103,-0.002
2025-12-08T23:19:35.850,0.013,0.112,-0.01
2025-12-08T23:19:35.860,0.02,0.112,-0.004
2025-12-08T23:19:35.870,0.018,0.115,-0.014
2025-12-08T23:19:35.880,0.018,0.116,-0.05
2025-12-08T23:19:35.890,0.031,0.113,-0.078
2025-12-08T23:19:35.900,0.04,0.109,-0.084
2025-12-08T23:19:35.910,0.049,0.099,-0.081
2025-12-08T23:19:35.920,0.064,0.09,-0.062
2025-12-08T23:19:35.930,0.084,0.074,-0.049
2025-12-08T23:19:35.940,0.103,0.054,-0.066
2025-12-08T23:19:35.950,0.111,0.048,-0.06
2025-12-08T23:19:35.960,0.12,0.048,-0.054
2025-12-08T23:19:35.970,0.132,0.042,-0.065
2025-12-08T23:19:35.980,0.143,0.046,-0.069
2025-12-08T23:19:35.990,0.145,0.059,-0.097
2025-12-08T23:19:36.000,0.142,0.062,-0.125
2025-12-08T23:19:36.010,0.143,0.073,-0.115
2025-12-08T23:19:36.020,0.147,0.084,-0.094
2025-12-08T23:19:36.030,0.162,0.084,-0.074
2025-12-08T23:19:36.040,0.182,0.086,-0.04
2025-12-08T23:19:36.050,0.207,0.082,-0.023
2025-12-08T23:19:36.060,0.232,0.083,-0.032
2025-12-08T23:19:36.070,0.246,0.087,-0.035
2025-12-08T23:19:36.080,0.276,0.076,-0.059
2025-12-08T23:19:36.090,0.3,0.066,-0.091
2025-12-08T23:19:36.100,0.303,0.063,-0.073
2025-12-08T23:19:36.110,0.312,0.058,-0.031
2025-12-08T23:19:36.120,0.313,0.053,0.004
2025-12-08T23:19:36.130,0.298,0.056,0.03
2025-12-08T23:19:36.140,0.284,0.056,0.03
2025-12-08T23:19:36.150,0.284,0.052,-0.019
2025-12-08T23:19:36.160,0.285,0.059,-0.067
2025-12-08T23:19:36.170,0.298,0.067,-0.079
2025-12-08T23:19:36.180,0.317,0.067,-0.071
2025-12-08T23:19:36.190,0.328,0.068,-0.044
2025-12-08T23:19:36.200,0.355,0.073,-0.03
2025-12-08T23:19:36.210,0.376,0.066,-0.05
2025-12-08T23:19:36.220,0.38,0.057,-0.078
2025-12-08T23:19:36.230,0.375,0.056,-0.069
2025-12-08T23:19:36.240,0.365,0.045,-0.039
2025-12-08T23:19:36.250,0.355,0.037,-0.032
2025-12-08T23:19:36.260,0.347,0.044,-0.039
2025-12-08T23:19:36.270,0.346,0.049,-0.089
2025-12-08T23:19:36.280,0.349,0.053,-0.145
2025-12-08T23:19:36.290,0.361,0.068,-0.154
2025-12-08T23:19:36.300,0.375,0.075,-0.15
2025-12-08T23:19:36.310,0.399,0.071,-0.135
2025-12-08T23:19:36.320,0.422,0.073,-0.102
2025-12-08T23:19:36.330,0.438,0.071,-0.071
2025-12-08T23:19:36.340,0.45,0.074,-0.052
2025-12-08T23:19:36.350,0.455,0.085,-0.027
2025-12-08T23:19:36.360,0.465,0.09,0.002
2025-12-08T23:19:36.370,0.464,0.106,0.029
2025-12-08T23:19:36.380,0.456,0.125,0.059
2025-12-08T23:19:36.390,0.471,0.127,0.06
2025-12-08T23:19:36.400,0.483,0.136,0.035
2025-12-08T23:19:36.410,0.491,0.141,0.023
2025-12-08T23:19:36.420,0.513,0.125,0.022
2025-12-08T23:19:36.430,0.518,0.121,0.025
2025-12-08T23:19:36.440,0.513,0.113,0.03
2025-12-08T23:19:36.450,0.514,0.108,0.025
2025-12-08T23:19:36.460,0.512,0.115,0.009
2025-12-08T23:19:36.470,0.51,0.121,0.005
2025-12-08T23:19:36.480,0.514,0.143,0.027
2025-12-08T23:19:36.490,0.52,0.158,0.053
2025-12-08T23:19:36.500,0.524,0.169,0.064
2025-12-08T23:19:36.510,0.53,0.185,0.059
2025-12-08T23:19:36.520,0.544,0.183,0.04
2025-12-08T23:19:36.530,0.548,0.183,0.024
2025-12-08T23:19:36.540,0.537,0.176,0.035
2025-12-08T23:19:36.550,0.528,0.165,0.052
2025-12-08T23:19:36.560,0.512,0.165,0.068
2025-12-08T23:19:36.570,0.5,0.167,0.067
2025-12-08T23:19:36.580,0.512,0.171,0.033
2025-12-08T23:19:36.590,0.525,0.181,0.006
2025-12-08T23:19:36.600,0.54,0.198,0.013
2025-12-08T23:19:36.610,0.554,0.214,0.049
2025-12-08T23:19:36.620,0.562,0.231,0.091
2025-12-08T23:19:36.630,0.567,0.257,0.132
2025-12-08T23:19:36.640,0.579,0.286,0.148
2025-12-08T23:19:36.650,0.59,0.312,0.152
2025-12-08T23:19:36.660,0.578,0.336,0.179
2025-12-08T23:19:36.670,0.565,0.34,0.217
2025-12-08T23:19:36.680,0.546,0.341,0.262
2025-12-08T23:19:36.690,0.515,0.343,0.297
2025-12-08T23:19:36.700,0.505,0.331,0.278
2025-12-08T23:19:36.710,0.501,0.323,0.216
2025-12-08T23:19:36.720,0.503,0.307,0.162
2025-12-08T23:19:36.730,0.516,0.294,0.121
2025-12-08T23:19:36.740,0.521,0.286,0.114
2025-12-08T23:19:36.750,0.524,0.276,0.163
2025-12-08T23:19:36.760,0.528,0.291,0.235
2025-12-08T23:19:36.770,0.531,0.293,0.291
2025-12-08T23:19:36.780,0.526,0.297,0.306
2025-12-08T23:19:36.790,0.517,0.31,0.307
2025-12-08T23:19:36.800,0.512,0.31,0.298
2025-12-08T23:19:36.810,0.498,0.312,0.286
2025-12-08T23:19:36.820,0.482,0.301,0.293
2025-12-08T23:19:36.830,0.482,0.291,0.295
2025-12-08T23:19:36.840,0.476,0.283,0.268
2025-12-08T23:19:36.850,0.46,0.267,0.221
2025-12-08T23:19:36.860,0.445,0.259,0.196
2025-12-08T23:19:36.870,0.432,0.244,0.196
2025-12-08T23:19:36.880,0.423,0.231,0.218
2025-12-08T23:19:36.890,0.423,0.213,0.255
2025-12-08T23:19:36.900,0.421,0.203,0.272
2025-12-08T23:19:36.910,0.41,0.206,0.295
2025-12-08T23:19:36.920,0.421,0.194,0.319
2025-12-08T23:19:36.930,0.422,0.193,0.34
2025-12-08T23:19:36.940,0.411,0.204,0.375
2025-12-08T23:19:36.950,0.417,0.214,0.374
2025-12-08T23:19:36.960,0.406,0.221,0.347
2025-12-08T23:19:36.970,0.385,0.214,0.333
2025-12-08T23:19:36.980,0.366,0.211,0.313
2025-12-08T23:19:36.990,0.341,0.214,0.304
2025-12-08T23:19:37.000,0.316,0.209,0.33
2025-12-08T23:19:37.010,0.297,0.213,0.354
2025-12-08T23:19:37.020,0.289,0.22,0.356
2025-12-08T23:19:37.030,0.276,0.228,0.355
2025-12-08T23:19:37.040,0.269,0.234,0.361
2025-12-08T23:19:37.050,0.275,0.225,0.37
2025-12-08T23:19:37.060,0.26,0.229,0.376
2025-12-08T23:19:37.070,0.252,0.218,0.372
2025-12-08T23:19:37.080,0.256,0.194,0.35
2025-12-08T23:19:37.090,0.24,0.187,0.332
2025-12-08T23:19:37.100,0.223,0.163,0.321
2025-12-08T23:19:37.110,0.203,0.148,0.305
2025-12-08T23:19:37.120,0.169,0.141,0.291
2025-12-08T23:19:37.130,0.137,0.135,0.274
2025-12-08T23:19:37.140,0.112,0.146,0.266
2025-12-08T23:19:37.150,0.085,0.143,0.26
2025-12-08T23:19:37.160,0.064,0.153,0.239
2025-12-08T23:19:37.170,0.053,0.173,0.224
2025-12-08T23:19:37.180,0.037,0.176,0.22
2025-12-08T23:19:37.190,0.029,0.184,0.223
2025-12-08T23:19:37.200,0.041,0.187,0.24
2025-12-08T23:19:37.210,0.054,0.197,0.255
2025-12-08T23:19:37.220,0.066,0.201,0.251
2025-12-08T23:19:37.230,0.087,0.194,0.25
2025-12-08T23:19:37.240,0.093,0.196,0.246
2025-12-08T23:19:37.250,0.083,0.191,0.233
2025-12-08T23:19:37.260,0.066,0.174,0.228
2025-12-08T23:19:37.270,0.048,0.153,0.215
2025-12-08T23:19:37.280,0.039,0.135,0.209
2025-12-08T23:19:37.290,0.023,0.135,0.205
2025-12-08T23:19:37.300,0.01,0.138,0.182
2025-12-08T23:19:37.310,0.006,0.137,0.159
2025-12-08T23:19:37.320,-0.001,0.148,0.143
2025-12-08T23:19:37.330,-0.011,0.158,0.141
2025-12-08T23:19:37.340,-0.022,0.163,0.155
2025-12-08T23:19:37.350,-0.041,0.171,0.19
2025-12-08T23:19:37.360,-0.052,0.182,0.205
2025-12-08T23:19:37.370,-0.054,0.19,0.175
2025-12-08T23:19:37.380,-0.062,0.195,0.13
2025-12-08T23:19:37.390,-0.061,0.203,0.083
2025-12-08T23:19:37.400,-0.076,0.204,0.057
2025-12-08T23:19:37.410,-0.091,0.197,0.046
2025-12-08T23:19:37.420,-0.087,0.182,0.046
2025-12-08T23:19:37.430,-0.102,0.17,0.027
2025-12-08T23:19:37.440,-0.116,0.152,-0.005
2025-12-08T23:19:37.450,-0.118,0.137,-0.019
2025-12-08T23:19:37.460,-0.121,0.137,-0.046
2025-12-08T23:19:37.470,-0.139,0.137,-0.055
2025-12-08T23:19:37.480,-0.153,0.144,-0.039
2025-12-08T23:19:37.490,-0.151,0.136,-0.024
2025-12-08T23:19:37.500,-0.146,0.134,0.002
2025-12-08T23:19:37.510,-0.13,0.15,0.028
2025-12-08T23:19:37.520,-0.125,0.159,0.029
2025-12-08T23:19:37.530,-0.123,0.168,0.008
2025-12-08T23:19:37.540,-0.111,0.168,-0.0
2025-12-08T23:19:37.550,-0.114,0.172,-0.027
2025-12-08T23:19:37.560,-0.121,0.172,-0.048
2025-12-08T23:19:37.570,-0.123,0.164,-0.037
2025-12-08T23:19:37.580,-0.12,0.157,-0.038
2025-12-08T23:19:37.590,-0.124,0.141,-0.033
2025-12-08T23:19:37.600,-0.125,0.136,-0.02
2025-12-08T23:19:37.610,-0.121,0.115,-0.013
2025-12-08T23:19:37.620,-0.127,0.107,-0.009
2025-12-08T23:19:37.630,-0.129,0.112,0.002
2025-12-08T23:19:37.640,-0.117,0.092,-0.017
2025-12-08T23:19:37.650,-0.112,0.093,-0.076
2025-12-08T23:19:37.660,-0.114,0.096,-0.089
2025-12-08T23:19:37.670,-0.11,0.098,-0.084
2025-12-08T23:19:37.680,-0.116,0.106,-0.065
2025-12-08T23:19:37.690,-0.123,0.098,-0.02
2025-12-08T23:19:37.700,-0.128,0.098,-0.02
2025-12-08T23:19:37.710,-0.143,0.102,-0.045
2025-12-08T23:19:37.720,-0.168,0.107,-0.059
2025-12-08T23:19:37.730,-0.183,0.105,-0.05
2025-12-08T23:19:37.740,-0.193,0.098,-0.022
2025-12-08T23:19:37.750,-0.212,0.101,0.015
2025-12-08T23:19:37.760,-0.203,0.094,0.018
2025-12-08T23:19:37.770,-0.185,0.081,-0.027
2025-12-08T23:19:37.780,-0.188,0.088,-0.066
2025-12-08T23:19:37.790,-0.177,0.086,-0.098
2025-12-08T23:19:37.800,-0.173,0.073,-0.09
2025-12-08T23:19:37.810,-0.179,0.073,-0.014
2025-12-08T23:19:37.820,-0.183,0.058,0.057
2025-12-08T23:19:37.830,-0.189,0.044,0.087
2025-12-08T23:19:37.840,-0.198,0.04,0.096
2025-12-08T23:19:37.850,-0.209,0.041,0.072
2025-12-08T23:19:37.860,-0.207,0.048,0.02
2025-12-08T23:19:37.870,-0.215,0.04,-0.002
2025-12-08T23:19:37.880,-0.229,0.026,0.016
2025-12-08T23:19:37.890,-0.229,0.012,0.034
2025-12-08T23:19:37.900,-0.234,0.001,0.034
2025-12-08T23:19:37.910,-0.224,-0.012,0.019
2025-12-08T23:19:37.920,-0.209,-0.032,0.016
2025-12-08T23:19:37.930,-0.219,-0.041,0.049
2025-12-08T23:19:37.940,-0.226,-0.052,0.109
2025-12-08T23:19:37.950,-0.219,-0.049,0.149
2025-12-08T23:19:37.960,-0.211,-0.039,0.118
2025-12-08T23:19:37.970,-0.208,-0.046,0.059
2025-12-08T23:19:37.980,-0.209,-0.06,0.036
2025-12-08T23:19:37.990,-0.211,-0.086,0.047
2025-12-08T23:19:38.000,-0.228,-0.103,0.091
2025-12-08T23:19:38.010,-0.234,-0.12,0.128
2025-12-08T23:19:38.020,-0.239,-0.15,0.125
2025-12-08T23:19:38.030,-0.262,-0.169,0.09
2025-12-08T23:19:38.040,-0.266,-0.182,0.059
2025-12-08T23:19:38.050,-0.262,-0.196,0.032
2025-12-08T23:19:38.060,-0.264,-0.209,0.009
2025-12-08T23:19:38.070,-0.264,-0.22,0.037
2025-12-08T23:19:38.080,-0.266,-0.234,0.078
2025-12-08T23:19:38.090,-0.277,-0.252,0.114
2025-12-08T23:19:38.100,-0.289,-0.268,0.159
2025-12-08T23:19:38.110,-0.282,-0.278,0.166
2025-12-08T23:19:38.120,-0.284,-0.277,0.142
2025-12-08T23:19:38.130,-0.291,-0.273,0.129
2025-12-08T23:19:38.140,-0.292,-0.267,0.117
2025-12-08T23:19:38.150,-0.305,-0.268,0.102
2025-12-08T23:19:38.160,-0.314,-0.275,0.124
2025-12-08T23:19:38.170,-0.318,-0.289,0.144
2025-12-08T23:19:38.180,-0.323,-0.316,0.137
2025-12-08T23:19:38.190,-0.327,-0.327,0.15
2025-12-08T23:19:38.200,-0.316,-0.343,0.15
2025-12-08T23:19:38.210,-0.303,-0.364,0.129
2025-12-08T23:19:38.220,-0.292,-0.372,0.141
2025-12-08T23:19:38.230,-0.274,-0.386,0.153
2025-12-08T23:19:38.240,-0.273,-0.386,0.146
2025-12-08T23:19:38.250,-0.285,-0.374,0.181
2025-12-08T23:19:38.260,-0.288,-0.358,0.204
2025-12-08T23:19:38.270,-0.287,-0.357,0.185
2025-12-08T23:19:38.280,-0.287,-0.362,0.173
2025-12-08T23:19:38.290,-0.285,-0.357,0.144
2025-12-08T23:19:38.300,-0.289,-0.371,0.127
2025-12-08T23:19:38.310,-0.299,-0.372,0.13
2025-12-08T23:19:38.320,-0.312,-0.384,0.139
2025-12-08T23:19:38.330,-0.325,-0.407,0.145
2025-12-08T23:19:38.340,-0.337,-0.412,0.142
2025-12-08T23:19:38.350,-0.335,-0.425,0.137
2025-12-08T23:19:38.360,-0.323,-0.43,0.114
2025-12-08T23:19:38.370,-0.325,-0.429,0.095
2025-12-08T23:19:38.380,-0.323,-0.422,0.104
2025-12-08T23:19:38.390,-0.314,-0.419,0.126
2025-12-08T23:19:38.400,-0.325,-0.414,0.136
2025-12-08T23:19:38.410,-0.319,-0.418,0.141
2025-12-08T23:19:38.420,-0.303,-0.43,0.13
2025-12-08T23:19:38.430,-0.306,-0.426,0.108
2025-12-08T23:19:38.440,-0.303,-0.432,0.109
2025-12-08T23:19:38.450,-0.301,-0.437,0.114
2025-12-08T23:19:38.460,-0.308,-0.447,0.122
2025-12-08T23:19:38.470,-0.32,-0.452,0.121
2025-12-08T23:19:38.480,-0.337,-0.449,0.108
2025-12-08T23:19:38.490,-0.344,-0.45,0.081
2025-12-08T23:19:38.500,-0.35,-0.44,0.059
2025-12-08T23:19:38.510,-0.353,-0.433,0.059
2025-12-08T23:19:38.520,-0.354,-0.432,0.061
2025-12-08T23:19:38.530,-0.36,-0.444,0.079
2025-12-08T23:19:38.540,-0.357,-0.457,0.097
2025-12-08T23:19:38.550,-0.355,-0.471,0.095
2025-12-08T23:19:38.560,-0.342,-0.497,0.073
2025-12-08T23:19:38.570,-0.326,-0.505,0.052
2025-12-08T23:19:38.580,-0.326,-0.502,0.034
2025-12-08T23:19:38.590,-0.32,-0.51,0.009
2025-12-08T23:19:38.600,-0.332,-0.515,0.023
2025-12-08T23:19:38.610,-0.361,-0.504,0.034
2025-12-08T23:19:38.620,-0.376,-0.501,0.026
2025-12-08T23:19:38.630,-0.391,-0.494,0.026
2025-12-08T23:19:38.640,-0.399,-0.472,0.002
2025-12-08T23:19:38.650,-0.411,-0.451,-0.021
2025-12-08T23:19:38.660,-0.416,-0.433,-0.021
2025-12-08T23:19:38.670,-0.41,-0.44,-0.016
2025-12-08T23:19:38.680,-0.421,-0.427,-0.011
2025-12-08T23:19:38.690,-0.419,-0.405,0.011
2025-12-08T23:19:38.700,-0.407,-0.401,0.014
2025-12-08T23:19:38.710,-0.405,-0.385,-0.003
2025-12-08T23:19:38.720,-0.394,-0.389,-0.01
2025-12-08T23:19:38.730,-0.39,-0.392,-0.026
2025-12-08T23:19:38.740,-0.391,-0.389,-0.024
2025-12-08T23:19:38.750,-0.398,-0.385,-0.009
2025-12-08T23:19:38.760,-0.407,-0.363,-0.002
2025-12-08T23:19:38.770,-0.421,-0.34,0.007
2025-12-08T23:19:38.780,-0.449,-0.309,0.017
2025-12-08T23:19:38.790,-0.467,-0.286,0.029
2025-12-08T23:19:38.800,-0.487,-0.264,0.014
2025-12-08T23:19:38.810,-0.503,-0.255,-0.028
2025-12-08T23:19:38.820,-0.496,-0.261,-0.057
2025-12-08T23:19:38.830,-0.503,-0.246,-0.058
2025-12-08T23:19:38.840,-0.51,-0.252,-0.039
2025-12-08T23:19:38.850,-0.498,-0.254,-0.018
2025-12-08T23:19:38.860,-0.495,-0.246,-0.013
2025-12-08T23:19:38.870,-0.491,-0.258,-0.028
2025-12-08T23:19:38.880,-0.471,-0.251,-0.034
2025-12-08T23:19:38.890,-0.466,-0.241,-0.032
2025-12-08T23:19:38.900,-0.471,-0.238,-0.04
2025-12-08T23:19:38.910,-0.484,-0.232,-0.037
2025-12-08T23:19:38.920,-0.51,-0.234,-0.03
2025-12-08T23:19:38.930,-0.528,-0.239,-0.046
2025-12-08T23:19:38.940,-0.54,-0.233,-0.061
2025-12-08T23:19:38.950,-0.542,-0.225,-0.08
2025-12-08T23:19:38.960,-0.542,-0.216,-0.114
2025-12-08T23:19:38.970,-0.545,-0.203,-0.112
2025-12-08T23:19:38.980,-0.543,-0.202,-0.092
2025-12-08T23:19:38.990,-0.546,-0.204,-0.086
2025-12-08T23:19:39.000,-0.549,-0.193,-0.08
2025-12-08T23:19:39.010,-0.539,-0.188,-0.074
2025-12-08T23:19:39.020,-0.533,-0.18,-0.074
2025-12-08T23:19:39.030,-0.541,-0.155,-0.063
2025-12-08T23:19:39.040,-0.537,-0.143,-0.049
2025-12-08T23:19:39.050,-0.534,-0.136,-0.058
2025-12-08T23:19:39.060,-0.547,-0.127,-0.057
2025-12-08T23:19:39.070,-0.55,-0.127,-0.056
2025-12-08T23:19:39.080,-0.548,-0.122,-0.098
2025-12-08T23:19:39.090,-0.549,-0.121,-0.146
2025-12-08T23:19:39.100,-0.544,-0.115,-0.18
2025-12-08T23:19:39.110,-0.535,-0.114,-0.19
2025-12-08T23:19:39.120,-0.539,-0.105,-0.169
2025-12-08T23:19:39.130,-0.535,-0.082,-0.143
2025-12-08T23:19:39.140,-0.524,-0.069,-0.135
2025-12-08T23:19:39.150,-0.528,-0.056,-0.147
2025-12-08T23:19:39.160,-0.532,-0.04,-0.15
2025-12-08T23:19:39.170,-0.537,-0.027,-0.141
2025-12-08T23:19:39.180,-0.546,-0.03,-0.144
2025-12-08T23:19:39.190,-0.538,-0.044,-0.157
2025-12-08T23:19:39.200,-0.523,-0.056,-0.164
2025-12-08T23:19:39.210,-0.519,-0.064,-0.166
2025-12-08T23:19:39.220,-0.51,-0.066,-0.166
2025-12-08T23:19:39.230,-0.494,-0.062,-0.162
2025-12-08T23:19:39.240,-0.492,-0.047,-0.167
2025-12-08T23:19:39.250,-0.488,-0.04,-0.171
2025-12-08T23:19:39.260,-0.483,-0.031,-0.175
2025-12-08T23:19:39.270,-0.482,-0.018,-0.198
2025-12-08T23:19:39.280,-0.47,0.002,-0.221
2025-12-08T23:19:39.290,-0.453,0.028,-0.223
2025-12-08T23:19:39.300,-0.43,0.031,-0.218
2025-12-08T23:19:39.310,-0.412,0.042,-0.206
2025-12-08T23:19:39.320,-0.395,0.044,-0.175
2025-12-08T23:19:39.330,-0.383,0.03,-0.15
2025-12-08T23:19:39.340,-0.386,0.031,-0.134
2025-12-08T23:19:39.350,-0.384,0.023,-0.123
2025-12-08T23:19:39.360,-0.381,0.021,-0.15
2025-12-08T23:19:39.370,-0.376,0.027,-0.173
2025-12-08T23:19:39.380,-0.366,0.034,-0.157
2025-12-08T23:19:39.390,-0.36,0.043,-0.151
2025-12-08T23:19:39.400,-0.357,0.044,-0.153
2025-12-08T23:19:39.410,-0.351,0.052,-0.155
2025-12-08T23:19:39.420,-0.336,0.063,-0.164
2025-12-08T23:19:39.430,-0.326,0.076,-0.138
2025-12-08T23:19:39.440,-0.318,0.092,-0.072
2025-12-08T23:19:39.450,-0.31,0.104,-0.018
2025-12-08T23:19:39.460,-0.308,0.102,-0.004
2025-12-08T23:19:39.470,-0.294,0.091,-0.017
2025-12-08T23:19:39.480,-0.282,0.084,-0.055
2025-12-08T23:19:39.490,-0.273,0.071,-0.107
2025-12-08T23:19:39.500,-0.261,0.05,-0.124
2025-12-08T23:19:39.510,-0.258,0.036,-0.125
2025-12-08T23:19:39.520,-0.255,0.029,-0.13
2025-12-08T23:19:39.530,-0.24,0.02,-0.133
2025-12-08T23:19:39.540,-0.214,0.034,-0.162
2025-12-08T23:19:39.550,-0.195,0.056,-0.191
2025-12-08T23:19:39.560,-0.17,0.066,-0.194
2025-12-08T23:19:39.570,-0.133,0.082,-0.165
2025-12-08T23:19:39.580,-0.118,0.098,-0.12
2025-12-08T23:19:39.590,-0.11,0.105,-0.089
2025-12-08T23:19:39.600,-0.085,0.097,-0.078
2025-12-08T23:19:39.610,-0.069,0.1,-0.084
2025-12-08T23:19:39.620,-0.055,0.115,-0.079
2025-12-08T23:19:39.630,-0.013,0.111,-0.07
2025-12-08T23:19:39.640,0.018,0.12,-0.072
2025-12-08T23:19:39.650,0.042,0.134,-0.091
2025-12-08T23:19:39.660,0.081,0.137,-0.116
2025-12-08T23:19:39.670,0.112,0.14,-0.13
2025-12-08T23:19:39.680,0.135,0.138,-0.134
2025-12-08T23:19:39.690,0.164,0.141,-0.102
2025-12-08T23:19:39.700,0.2,0.144,-0.037
2025-12-08T23:19:39.710,0.219,0.16,0.028
2025-12-08T23:19:39.720,0.234,0.176,0.059
2025-12-08T23:19:39.730,0.266,0.185,0.025
2025-12-08T23:19:39.740,0.277,0.209,-0.03
2025-12-08T23:19:39.750,0.283,0.216,-0.061
2025-12-08T23:19:39.760,0.294,0.219,-0.074
2025-12-08T23:19:39.770,0.289,0.209,-0.061
2025-12-08T23:19:39.780,0.294,0.187,-0.042
2025-12-08T23:19:39.790,0.308,0.18,-0.045
2025-12-08T23:19:39.800,0.327,0.168,-0.064
2025-12-08T23:19:39.810,0.349,0.172,-0.081
2025-12-08T23:19:39.820,0.374,0.18,-0.088
2025-12-08T23:19:39.830,0.389,0.193,-0.08
2025-12-08T23:19:39.840,0.396,0.22,-0.047
2025-12-08T23:19:39.850,0.416,0.232,-0.036
2025-12-08T23:19:39.860,0.43,0.242,-0.047
2025-12-08T23:19:39.870,0.435,0.248,-0.036
2025-12-08T23:19:39.880,0.455,0.248,-0.029
2025-12-08T23:19:39.890,0.478,0.234,-0.039
2025-12-08T23:19:39.900,0.491,0.224,-0.053
2025-12-08T23:19:39.910,0.503,0.218,-0.062
2025-12-08T23:19:39.920,0.509,0.2,-0.07
2025-12-08T23:19:39.930,0.515,0.192,-0.075
2025-12-08T23:19:39.940,0.528,0.192,-0.067
2025-12-08T23:19:39.950,0.532,0.208,-0.062
2025-12-08T23:19:39.960,0.539,0.22,-0.064
2025-12-08T23:19:39.970,0.551,0.223,-0.065
2025-12-08T23:19:39.980,0.562,0.232,-0.049
2025-12-08T23:19:39.990,0.567,0.231,-0.027
2025-12-08T23:19:40.000,0.583,0.223,0.007
2025-12-08T23:19:40.010,0.605,0.205,0.052
2025-12-08T23:19:40.020,0.61,0.195,0.081
2025-12-08T23:19:40.030,0.623,0.174,0.097
2025-12-08T23:19:40.040,0.633,0.158,0.081
2025-12-08T23:19:40.050,0.623,0.157,0.037
2025-12-08T23:19:40.060,0.629,0.136,-0.005
2025-12-08T23:19:40.070,0.64,0.121,-0.028
2025-12-08T23:19:40.080,0.63,0.12,-0.028
2025-12-08T23:19:40.090,0.615,0.111,-0.014
2025-12-08T23:19:40.100,0.616,0.089,0.005
2025-12-08T23:19:40.110,0.615,0.077,-0.007
2025-12-08T23:19:40.120,0.614,0.084,-0.037
2025-12-08T23:19:40.130,0.621,0.091,-0.049
2025-12-08T23:19:40.140,0.63,0.088,-0.04
2025-12-08T23:19:40.150,0.63,0.078,-0.014
2025-12-08T23:19:40.160,0.623,0.077,0.02
2025-12-08T23:19:40.170,0.624,0.063,0.029
2025-12-08T23:19:40.180,0.626,0.05,-0.004
2025-12-08T23:19:40.190,0.639,0.057,-0.032
2025-12-08T23:19:40.200,0.655,0.067,-0.066
2025-12-08T23:19:40.210,0.655,0.077,-0.086
2025-12-08T23:19:40.220,0.665,0.067,-0.064
2025-12-08T23:19:40.230,0.672,0.053,-0.05
2025-12-08T23:19:40.240,0.662,0.042,-0.017
2025-12-08T23:19:40.250,0.661,0.037,0.04
2025-12-08T23:19:40.260,0.669,0.045,0.077
2025-12-08T23:19:40.270,0.672,0.053,0.09
2025-12-08T23:19:40.280,0.682,0.066,0.082
2025-12-08T23:19:40.290,0.699,0.061,0.059
2025-12-08T23:19:40.300,0.694,0.052,0.041
2025-12-08T23:19:40.310,0.685,0.05,0.054
2025-12-08T23:19:40.320,0.683,0.032,0.079
2025-12-08T23:19:40.330,0.669,0.027,0.091
2025-12-08T23:19:40.340,0.655,0.03,0.098
2025-12-08T23:19:40.350,0.651,0.036,0.078
2025-12-08T23:19:40.360,0.642,0.036,0.033
2025-12-08T23:19:40.370,0.635,0.028,0.011
2025-12-08T23:19:40.380,0.639,0.031,0.025
2025-12-08T23:19:40.390,0.647,0.015,0.059
2025-12-08T23:19:40.400,0.656,0.0,0.1
2025-12-08T23:19:40.410,0.66,0.005,0.123
2025-12-08T23:19:40.420,0.653,-0.001,0.1
2025-12-08T23:19:40.430,0.644,-0.011,0.057
2025-12-08T23:19:40.440,0.63,-0.009,0.026
2025-12-08T23:19:40.450,0.61,-0.014,0.009
2025-12-08T23:19:40.460,0.585,-0.032,0.014
2025-12-08T23:19:40.470,0.556,-0.035,0.018
2025-12-08T23:19:40.480,0.535,-0.037,-0.005
2025-12-08T23:19:40.490,0.517,-0.042,-0.045
2025-12-08T23:19:40.500,0.514,-0.045,-0.062
2025-12-08T23:19:40.510,0.52,-0.05,-0.058
2025-12-08T23:19:40.520,0.513,-0.04,-0.032
2025-12-08T23:19:40.530,0.517,-0.046,0.013
2025-12-08T23:19:40.540,0.535,-0.065,0.036
2025-12-08T23:19:40.550,0.534,-0.058,0.053
2025-12-08T23:19:40.560,0.535,-0.044,0.061
2025-12-08T23:19:40.570,0.546,-0.043,0.056
2025-12-08T23:19:40.580,0.533,-0.03,0.062
2025-12-08T23:19:40.590,0.515,-0.022,0.071
2025-12-08T23:19:40.600,0.508,-0.029,0.098
2025-12-08T23:19:40.610,0.492,-0.033,0.12
2025-12-08T23:19:40.620,0.482,-0.046,0.113
2025-12-08T23:19:40.630,0.482,-0.064,0.083
2025-12-08T23:19:40.640,0.467,-0.072,0.067
2025-12-08T23:19:40.650,0.449,-0.077,0.075
2025-12-08T23:19:40.660,0.446,-0.079,0.077
2025-12-08T23:19:40.670,0.437,-0.07,0.061
2025-12-08T23:19:40.680,0.428,-0.05,0.024
2025-12-08T23:19:40.690,0.415,-0.03,0.026
2025-12-08T23:19:40.700,0.408,-0.021,0.041
2025-12-08T23:19:40.710,0.415,-0.024,0.044
2025-12-08T23:19:40.720,0.412,-0.017,0.072
2025-12-08T23:19:40.730,0.399,-0.013,0.069
2025-12-08T23:19:40.740,0.388,-0.021,0.041
2025-12-08T23:19:40.750,0.379,-0.028,0.017
2025-12-08T23:19:40.760,0.367,-0.034,-0.013
2025-12-08T23:19:40.770,0.346,-0.035,-0.027
2025-12-08T23:19:40.780,0.326,-0.04,0.003
2025-12-08T23:19:40.790,0.321,-0.051,0.027
2025-12-08T23:19:40.800,0.312,-0.049,0.015
2025-12-08T23:19:40.810,0.303,-0.046,0.014
2025-12-08T23:19:40.820,0.302,-0.048,-0.005
2025-12-08T23:19:40.830,0.29,-0.038,-0.009
2025-12-08T23:19:40.840,0.285,-0.027,0.031
2025-12-08T23:19:40.850,0.29,-0.025,0.067
2025-12-08T23:19:40.860,0.281,-0.018,0.11
2025-12-08T23:19:40.870,0.271,-0.01,0.144
2025-12-08T23:19:40.880,0.284,-0.006,0.128
2025-12-08T23:19:40.890,0.291,0.007,0.082
2025-12-08T23:19:40.900,0.287,0.02,0.045
2025-12-08T23:19:40.910,0.293,0.026,0.032
2025-12-08T23:19:40.920,0.282,0.038,0.047
2025-12-08T23:19:40.930,0.264,0.055,0.078
2025-12-08T23:19:40.940,0.259,0.066,0.093
2025-12-08T23:19:40.950,0.245,0.08,0.103
2025-12-08T23:19:40.960,0.23,0.078,0.116
2025-12-08T23:19:40.970,0.217,0.078,0.127
2025-12-08T23:19:40.980,0.194,0.092,0.133
2025-12-08T23:19:40.990,0.19,0.1,0.109
2025-12-08T23:19:41.000,0.184,0.125,0.085
2025-12-08T23:19:41.010,0.173,0.132,0.054
2025-12-08T23:19:41.020,0.173,0.116,0.013
2025-12-08T23:19:41.030,0.161,0.136,0.006
2025-12-08T23:19:41.040,0.152,0.15,0.002
2025-12-08T23:19:41.050,0.142,0.136,0.008
2025-12-08T23:19:41.060,0.123,0.13,0.036
2025-12-08T23:19:41.070,0.107,0.124,0.052
2025-12-08T23:19:41.080,0.094,0.109,0.05
2025-12-08T23:19:41.090,0.087,0.11,0.055
2025-12-08T23:19:41.100,0.079,0.119,0.054
2025-12-08T23:19:41.110,0.082,0.127,0.029
2025-12-08T23:19:41.120,0.068,0.148,0.034
2025-12-08T23:19:41.130,0.05,0.157,0.034
2025-12-08T23:19:41.140,0.047,0.154,0.007
2025-12-08T23:19:41.150,0.033,0.154,-0.002
2025-12-08T23:19:41.160,0.026,0.149,-0.029
2025-12-08T23:19:41.170,0.02,0.141,-0.045
2025-12-08T23:19:41.180,0.011,0.135,-0.018
2025-12-08T23:19:41.190,0.02,0.138,0.005
2025-12-08T23:19:41.200,0.014,0.138,0.021
2025-12-08T23:19:41.210,-0.006,0.137,0.044
2025-12-08T23:19:41.220,-0.012,0.142,0.057
2025-12-08T23:19:41.230,-0.017,0.149,0.042
2025-12-08T23:19:41.240,-0.029,0.157,0.025
2025-12-08T23:19:41.250,-0.029,0.155,-0.0
2025-12-08T23:19:41.260,-0.033,0.145,-0.026
2025-12-08T23:19:41.270,-0.055,0.126,-0.032
2025-12-08T23:19:41.280,-0.069,0.112,-0.046
2025-12-08T23:19:41.290,-0.083,0.106,-0.058
2025-12-08T23:19:41.300,-0.11,0.091,-0.072
2025-12-08T23:19:41.310,-0.122,0.078,-0.084
2025-12-08T23:19:41.320,-0.134,0.074,-0.066
2025-12-08T23:19:41.330,-0.161,0.079,-0.059
2025-12-08T23:19:41.340,-0.17,0.075,-0.073
2025-12-08T23:19:41.350,-0.173,0.076,-0.097
2025-12-08T23:19:41.360,-0.191,0.086,-0.128
2025-12-08T23:19:41.370,-0.204,0.089,-0.145
2025-12-08T23:19:41.380,-0.214,0.103,-0.138
2025-12-08T23:19:41.390,-0.239,0.102,-0.123
2025-12-08T23:19:41.400,-0.257,0.096,-0.102
2025-12-08T23:19:41.410,-0.267,0.109,-0.082
2025-12-08T23:19:41.420,-0.271,0.109,-0.099
2025-12-08T23:19:41.430,-0.263,0.118,-0.139
2025-12-08T23:19:41.440,-0.253,0.128,-0.16
2025-12-08T23:19:41.450,-0.251,0.127,-0.161
2025-12-08T23:19:41.460,-0.261,0.126,-0.141
2025-12-08T23:19:41.470,-0.273,0.12,-0.116
2025-12-08T23:19:41.480,-0.287,0.116,-0.112
2025-12-08T23:19:41.490,-0.295,0.107,-0.112
2025-12-08T23:19:41.500,-0.301,0.109,-0.11
2025-12-08T23:19:41.510,-0.317,0.112,-0.111
2025-12-08T23:19:41.520,-0.327,0.09,-0.112
2025-12-08T23:19:41.530,-0.337,0.064,-0.124
2025-12-08T23:19:41.540,-0.344,0.044,-0.148
2025-12-08T23:19:41.550,-0.352,0.033,-0.159
2025-12-08T23:19:41.560,-0.354,0.023,-0.159
2025-12-08T23:19:41.570,-0.344,0.032,-0.169
2025-12-08T23:19:41.580,-0.354,0.064,-0.159
2025-12-08T23:19:41.590,-0.361,0.08,-0.136
2025-12-08T23:19:41.600,-0.367,0.089,-0.133
2025-12-08T23:19:41.610,-0.392,0.103,-0.137
2025-12-08T23:19:41.620,-0.402,0.103,-0.149
2025-12-08T23:19:41.630,-0.413,0.107,-0.16
2025-12-08T23:19:41.640,-0.435,0.103,-0.158
2025-12-08T23:19:41.650,-0.442,0.08,-0.156
2025-12-08T23:19:41.660,-0.451,0.074,-0.161
2025-12-08T23:19:41.670,-0.468,0.059,-0.148
2025-12-08T23:19:41.680,-0.484,0.049,-0.139
2025-12-08T23:19:41.690,-0.489,0.057,-0.143
2025-12-08T23:19:41.700,-0.491,0.051,-0.161
2025-12-08T23:19:41.710,-0.499,0.06,-0.211
2025-12-08T23:19:41.720,-0.501,0.062,-0.237
2025-12-08T23:19:41.730,-0.507,0.064,-0.244
2025-12-08T23:19:41.740,-0.502,0.068,-0.25
2025-12-08T23:19:41.750,-0.495,0.066,-0.211
2025-12-08T23:19:41.760,-0.502,0.082,-0.154
2025-12-08T23:19:41.770,-0.506,0.071,-0.103
2025-12-08T23:19:41.780,-0.512,0.066,-0.07
2025-12-08T23:19:41.790,-0.514,0.07,-0.072
2025-12-08T23:19:41.800,-0.507,0.06,-0.108
2025-12-08T23:19:41.810,-0.505,0.059,-0.139
2025-12-08T23:19:41.820,-0.503,0.043,-0.143
2025-12-08T23:19:41.830,-0.502,0.032,-0.162
2025-12-08T23:19:41.840,-0.492,0.025,-0.165
2025-12-08T23:19:41.850,-0.484,0.023,-0.153
2025-12-08T23:19:41.860,-0.481,0.024,-0.15
2025-12-08T23:19:41.870,-0.468,0.005,-0.11
2025-12-08T23:19:41.880,-0.464,0.004,-0.059
2025-12-08T23:19:41.890,-0.471,-0.004,-0.032
2025-12-08T23:19:41.900,-0.478,-0.005,-0.012
2025-12-08T23:19:41.910,-0.476,0.009,-0.03
2025-12-08T23:19:41.920,-0.473,-0.006,-0.071
2025-12-08T23:19:41.930,-0.492,0.015,-0.087
2025-12-08T23:19:41.940,-0.496,0.027,-0.104
2025-12-08T23:19:41.950,-0.487,-0.016,-0.125
2025-12-08T23:19:41.960,-0.51,-0.001,-0.085
2025-12-08T23:19:41.970,-0.519,-0.007,-0.033
2025-12-08T23:19:41.980,-0.505,-0.065,-0.04
2025-12-08T23:19:41.990,-0.526,-0.056,-0.033
2025-12-08T23:19:42.000,-0.518,-0.072,-0.031
2025-12-08T23:19:42.010,-0.494,-0.117,-0.058
2025-12-08T23:19:42.020,-0.502,-0.091,-0.031
2025-12-08T23:19:42.030,-0.478,-0.095,-0.009
2025-12-08T23:19:42.040,-0.46,-0.112,-0.016
2025-12-08T23:19:42.050,-0.475,-0.091,0.021
2025-12-08T23:19:42.060,-0.471,-0.109,0.037
2025-12-08T23:19:42.070,-0.465,-0.123,0.017
2025-12-08T23:19:42.080,-0.474,-0.115,0.032
2025-12-08T23:19:42.090,-0.47,-0.125,0.035
2025-12-08T23:19:42.100,-0.46,-0.137,0.022
2025-12-08T23:19:42.110,-0.47,-0.145,0.03
2025-12-08T23:19:42.120,-0.464,-0.16,0.019
2025-12-08T23:19:42.130,-0.45,-0.182,0.017
2025-12-08T23:19:42.140,-0.447,-0.19,0.05
2025-12-08T23:19:42.150,-0.428,-0.204,0.079
2025-12-08T23:19:42.160,-0.408,-0.228,0.104
2025-12-08T23:19:42.170,-0.396,-0.242,0.114
2025-12-08T23:19:42.180,-0.375,-0.259,0.11
2025-12-08T23:19:42.190,-0.361,-0.269,0.106
2025-12-08T23:19:42.200,-0.361,-0.273,0.102
2025-12-08T23:19:42.210,-0.36,-0.273,0.112
2025-12-08T23:19:42.220,-0.35,-0.275,0.115
2025-12-08T23:19:42.230,-0.344,-0.281,0.103
2025-12-08T23:19:42.240,-0.342,-0.281,0.098
2025-12-08T23:19:42.250,-0.327,-0.299,0.102
2025-12-08T23:19:42.260,-0.318,-0.308,0.112
2025-12-08T23:19:42.270,-0.312,-0.309,0.124
2025-12-08T23:19:42.280,-0.296,-0.316,0.118
2025-12-08T23:19:42.290,-0.286,-0.313,0.102
2025-12-08T23:19:42.300,-0.285,-0.313,0.098
2025-12-08T23:19:42.310,-0.287,-0.313,0.11
2025-12-08T23:19:42.320,-0.283,-0.316,0.141
2025-12-08T23:19:42.330,-0.287,-0.315,0.18
2025-12-08T23:19:42.340,-0.291,-0.322,0.206
2025-12-08T23:19:42.350,-0.282,-0.34,0.209
2025-12-08T23:19:42.360,-0.291,-0.342,0.201
2025-12-08T23:19:42.370,-0.289,-0.357,0.195
2025-12-08T23:19:42.380,-0.276,-0.367,0.182
2025-12-08T23:19:42.390,-0.282,-0.366,0.18
2025-12-08T23:19:42.400,-0.275,-0.375,0.178
2025-12-08T23:19:42.410,-0.27,-0.367,0.166
2025-12-08T23:19:42.420,-0.273,-0.359,0.159
2025-12-08T23:19:42.430,-0.261,-0.359,0.154
2025-12-08T23:19:42.440,-0.253,-0.359,0.157
2025-12-08T23:19:42.450,-0.26,-0.357,0.166
2025-12-08T23:19:42.460,-0.265,-0.36,0.164
2025-12-08T23:19:42.470,-0.265,-0.366,0.128
2025-12-08T23:19:42.480,-0.275,-0.364,0.095
2025-12-08T23:19:42.490,-0.276,-0.372,0.085
2025-12-08T23:19:42.500,-0.255,-0.376,0.071
2025-12-08T23:19:42.510,-0.244,-0.376,0.079
2025-12-08T23:19:42.520,-0.235,-0.383,0.082
2025-12-08T23:19:42.530,-0.226,-0.383,0.07
2025-12-08T23:19:42.540,-0.225,-0.386,0.052
2025-12-08T23:19:42.550,-0.21,-0.377,0.03
2025-12-08T23:19:42.560,-0.196,-0.359,0.041
2025-12-08T23:19:42.570,-0.183,-0.349,0.057
2025-12-08T23:19:42.580,-0.171,-0.34,0.076
2025-12-08T23:19:42.590,-0.162,-0.335,0.102
2025-12-08T23:19:42.600,-0.143,-0.33,0.109
2025-12-08T23:19:42.610,-0.134,-0.318,0.107
2025-12-08T23:19:42.620,-0.114,-0.308,0.103
2025-12-08T23:19:42.630,-0.084,-0.298,0.083
2025-12-08T23:19:42.640,-0.074,-0.282,0.041
2025-12-08T23:19:42.650,-0.061,-0.274,0.014
2025-12-08T23:19:42.660,-0.047,-0.275,-0.003
2025-12-08T23:19:42.670,-0.042,-0.272,-0.023
2025-12-08T23:19:42.680,-0.037,-0.264,-0.019
2025-12-08T23:19:42.690,-0.025,-0.258,-0.013
2025-12-08T23:19:42.700,-0.017,-0.258,-0.025
2025-12-08T23:19:42.710,-0.011,-0.253,-0.021
2025-12-08T23:19:42.720,0.003,-0.241,-0.019
2025-12-08T23:19:42.730,0.002,-0.227,-0.039
2025-12-08T23:19:42.740,0.005,-0.213,-0.056
2025-12-08T23:19:42.750,0.022,-0.2,-0.078
2025-12-08T23:19:42.760,0.021,-0.182,-0.087
2025-12-08T23:19:42.770,0.018,-0.163,-0.071
2025-12-08T23:19:42.780,0.023,-0.154,-0.073
2025-12-08T23:19:42.790,0.02,-0.133,-0.102
2025-12-08T23:19:42.800,0.019,-0.111,-0.134
2025-12-08T23:19:42.810,0.034,-0.102,-0.16
2025-12-08T23:19:42.820,0.049,-0.078,-0.191
2025-12-08T23:19:42.830,0.052,-0.053,-0.197
2025-12-08T23:19:42.840,0.064,-0.042,-0.189
2025-12-08T23:19:42.850,0.078,-0.037,-0.173
2025-12-08T23:19:42.860,0.07,-0.015,-0.146
2025-12-08T23:19:42.870,0.07,-0.004,-0.144
2025-12-08T23:19:42.880,0.091,-0.006,-0.157
2025-12-08T23:19:42.890,0.092,0.012,-0.181
2025-12-08T23:19:42.900,0.088,0.027,-0.206
2025-12-08T23:19:42.910,0.105,0.04,-0.217
2025-12-08T23:19:42.920,0.109,0.057,-0.225
2025-12-08T23:19:42.930,0.11,0.08,-0.221
2025-12-08T23:19:42.940,0.119,0.093,-0.201
2025-12-08T23:19:42.950,0.127,0.098,-0.186
2025-12-08T23:19:42.960,0.139,0.107,-0.166
2025-12-08T23:19:42.970,0.143,0.118,-0.141
2025-12-08T23:19:42.980,0.146,0.123,-0.138
2025-12-08T23:19:42.990,0.155,0.125,-0.13
2025-12-08T23:19:43.000,0.157,0.152,-0.135
2025-12-08T23:19:43.010,0.166,0.155,-0.177
2025-12-08T23:19:43.020,0.167,0.168,-0.206
2025-12-08T23:19:43.030,0.149,0.194,-0.222
2025-12-08T23:19:43.040,0.139,0.179,-0.246
2025-12-08T23:19:43.050,0.129,0.195,-0.251
2025-12-08T23:19:43.060,0.123,0.209,-0.245
2025-12-08T23:19:43.070,0.121,0.203,-0.274
2025-12-08T23:19:43.080,0.11,0.206,-0.287
2025-12-08T23:19:43.090,0.099,0.202,-0.277
2025-12-08T23:19:43.100,0.091,0.202,-0.288
2025-12-08T23:19:43.110,0.084,0.207,-0.271
2025-12-08T23:19:43.120,0.088,0.22,-0.265
2025-12-08T23:19:43.130,0.094,0.225,-0.29
2025-12-08T23:19:43.140,0.087,0.239,-0.303
2025-12-08T23:19:43.150,0.087,0.247,-0.3
2025-12-08T23:19:43.160,0.09,0.25,-0.302
2025-12-08T23:19:43.170,0.078,0.263,-0.295
2025-12-08T23:19:43.180,0.079,0.265,-0.282
2025-12-08T23:19:43.190,0.082,0.268,-0.298
2025-12-08T23:19:43.200,0.066,0.264,-0.292
2025-12-08T23:19:43.210,0.064,0.265,-0.28
2025-12-08T23:19:43.220,0.076,0.268,-0.285
2025-12-08T23:19:43.230,0.071,0.278,-0.284
2025-12-08T23:19:43.240,0.07,0.294,-0.278
2025-12-08T23:19:43.250,0.078,0.304,-0.272
2025-12-08T23:19:43.260,0.073,0.323,-0.276
2025-12-08T23:19:43.270,0.077,0.325,-0.281
2025-12-08T23:19:43.280,0.081,0.334,-0.291
2025-12-08T23:19:43.290,0.075,0.33,-0.284
2025-12-08T23:19:43.300,0.073,0.319,-0.273
2025-12-08T23:19:43.310,0.076,0.321,-0.268
2025-12-08T23:19:43.320,0.078,0.305,-0.268
2025-12-08T23:19:43.330,0.075,0.311,-0.29
2025-12-08T23:19:43.340,0.075,0.307,-0.285
2025-12-08T23:19:43.350,0.077,0.303,-0.292
2025-12-08T23:19:43.360,0.079,0.314,-0.296
2025-12-08T23:19:43.370,0.091,0.314,-0.281
2025-12-08T23:19:43.380,0.108,0.326,-0.279
2025-12-08T23:19:43.390,0.117,0.341,-0.263
2025-12-08T23:19:43.400,0.122,0.354,-0.248
2025-12-08T23:19:43.410,0.134,0.363,-0.244
2025-12-08T23:19:43.420,0.13,0.38,-0.23
2025-12-08T23:19:43.430,0.119,0.389,-0.205
2025-12-08T23:19:43.440,0.125,0.382,-0.202
2025-12-08T23:19:43.450,0.117,0.389,-0.205
2025-12-08T23:19:43.460,0.111,0.392,-0.196
2025-12-08T23:19:43.470,0.122,0.384,-0.207
2025-12-08T23:19:43.480,0.112,0.385,-0.195
2025-12-08T23:19:43.490,0.109,0.386,-0.162
2025-12-08T23:19:43.500,0.123,0.374,-0.13
2025-12-08T23:19:43.510,0.12,0.378,-0.092
2025-12-08T23:19:43.520,0.128,0.382,-0.06
2025-12-08T23:19:43.530,0.151,0.386,-0.057
2025-12-08T23:19:43.540,0.159,0.412,-0.082
2025-12-08T23:19:43.550,0.157,0.425,-0.093
2025-12-08T23:19:43.560,0.154,0.427,-0.096
2025-12-08T23:19:43.570,0.143,0.416,-0.082
2025-12-08T23:19:43.580,0.136,0.403,-0.054
2025-12-08T23:19:43.590,0.138,0.396,-0.034
2025-12-08T23:19:43.600,0.144,0.376,-0.036
2025-12-08T23:19:43.610,0.148,0.363,-0.06
2025-12-08T23:19:43.620,0.152,0.351,-0.074
2025-12-08T23:19:43.630,0.158,0.335,-0.104
2025-12-08T23:19:43.640,0.155,0.33,-0.127
2025-12-08T23:19:43.650,0.155,0.327,-0.116
2025-12-08T23:19:43.660,0.157,0.321,-0.093
2025-12-08T23:19:43.670,0.157,0.316,-0.037
2025-12-08T23:19:43.680,0.16,0.322,0.018
2025-12-08T23:19:43.690,0.17,0.322,0.035
2025-12-08T23:19:43.700,0.178,0.333,0.029
2025-12-08T23:19:43.710,0.185,0.346,0.027
2025-12-08T23:19:43.720,0.197,0.351,0.031
2025-12-08T23:19:43.730,0.195,0.365,0.042
2025-12-08T23:19:43.740,0.198,0.353,0.066
2025-12-08T23:19:43.750,0.205,0.342,0.069
2025-12-08T23:19:43.760,0.198,0.34,0.067
2025-12-08T23:19:43.770,0.2,0.327,0.073
2025-12-08T23:19:43.780,0.2,0.318,0.08
2025-12-08T23:19:43.790,0.186,0.307,0.102
2025-12-08T23:19:43.800,0.186,0.29,0.134
2025-12-08T23:19:43.810,0.2,0.275,0.152
2025-12-08T23:19:43.820,0.205,0.269,0.138
2025-12-08T23:19:43.830,0.213,0.262,0.134
2025-12-08T23:19:43.840,0.227,0.251,0.127
2025-12-08T23:19:43.850,0.225,0.248,0.122
2025-12-08T23:19:43.860,0.219,0.253,0.15
2025-12-08T23:19:43.870,0.219,0.253,0.161
2025-12-08T23:19:43.880,0.217,0.248,0.164
2025-12-08T23:19:43.890,0.214,0.252,0.17
2025-12-08T23:19:43.900,0.218,0.246,0.156
2025-12-08T23:19:43.910,0.218,0.231,0.139
2025-12-08T23:19:43.920,0.202,0.22,0.143
2025-12-08T23:19:43.930,0.193,0.197,0.164
2025-12-08T23:19:43.940,0.186,0.178,0.178
2025-12-08T23:19:43.950,0.166,0.171,0.191
2025-12-08T23:19:43.960,0.166,0.152,0.186
2025-12-08T23:19:43.970,0.174,0.134,0.163
2025-12-08T23:19:43.980,0.171,0.128,0.153
2025-12-08T23:19:43.990,0.191,0.103,0.148
2025-12-08T23:19:44.000,0.209,0.089,0.148
2025-12-08T23:19:44.010,0.21,0.098,0.167
2025-12-08T23:19:44.020,0.219,0.086,0.193
2025-12-08T23:19:44.030,0.225,0.087,0.21
2025-12-08T23:19:44.040,0.228,0.102,0.214
2025-12-08T23:19:44.050,0.234,0.11,0.214
2025-12-08T23:19:44.060,0.244,0.12,0.23
2025-12-08T23:19:44.070,0.243,0.127,0.251
2025-12-08T23:19:44.080,0.242,0.128,0.252
2025-12-08T23:19:44.090,0.257,0.112,0.243
2025-12-08T23:19:44.100,0.26,0.1,0.231
2025-12-08T23:19:44.110,0.262,0.086,0.236
2025-12-08T23:19:44.120,0.273,0.063,0.283
2025-12-08T23:19:44.130,0.278,0.059,0.323
2025-12-08T23:19:44.140,0.287,0.049,0.321
2025-12-08T23:19:44.150,0.302,0.046,0.304
2025-12-08T23:19:44.160,0.319,0.051,0.279
2025-12-08T23:19:44.170,0.328,0.039,0.266
2025-12-08T23:19:44.180,0.327,0.037,0.285
2025-12-08T23:19:44.190,0.324,0.032,0.299
2025-12-08T23:19:44.200,0.325,0.016,0.292
2025-12-08T23:19:44.210,0.321,0.009,0.296
2025-12-08T23:19:44.220,0.322,-0.002,0.294
2025-12-08T23:19:44.230,0.328,-0.02,0.285
2025-12-08T23:19:44.240,0.323,-0.035,0.301
2025-12-08T23:19:44.250,0.328,-0.054,0.304
2025-12-08T23:19:44.260,0.336,-0.076,0.278
2025-12-08T23:19:44.270,0.332,-0.083,0.266
2025-12-08T23:19:44.280,0.327,-0.091,0.255
2025-12-08T23:19:44.290,0.312,-0.097,0.236
2025-12-08T23:19:44.300,0.297,-0.1,0.244
2025-12-08T23:19:44.310,0.29,-0.112,0.26
2025-12-08T23:19:44.320,0.284,-0.122,0.257
2025-12-08T23:19:44.330,0.275,-0.132,0.277
2025-12-08T23:19:44.340,0.275,-0.142,0.31
2025-12-08T23:19:44.350,0.274,-0.149,0.303
2025-12-08T23:19:44.360,0.258,-0.153,0.287
2025-12-08T23:19:44.370,0.252,-0.16,0.269
2025-12-08T23:19:44.380,0.245,-0.178,0.25
2025-12-08T23:19:44.390,0.229,-0.182,0.271
2025-12-08T23:19:44.400,0.224,-0.189,0.298
2025-12-08T23:19:44.410,0.216,-0.205,0.292
2025-12-08T23:19:44.420,0.198,-0.21,0.285
2025-12-08T23:19:44.430,0.184,-0.208,0.289
2025-12-08T23:19:44.440,0.171,-0.209,0.276
2025-12-08T23:19:44.450,0.151,-0.207,0.246
2025-12-08T23:19:44.460,0.13,-0.198,0.214
2025-12-08T23:19:44.470,0.116,-0.207,0.191
2025-12-08T23:19:44.480,0.102,-0.215,0.19
2025-12-08T23:19:44.490,0.096,-0.21,0.225
2025-12-08T23:19:44.500,0.095,-0.219,0.253
2025-12-08T23:19:44.510,0.086,-0.219,0.244
2025-12-08T23:19:44.520,0.086,-0.22,0.214
2025-12-08T23:19:44.530,0.098,-0.235,0.166
2025-12-08T23:19:44.540,0.094,-0.238,0.133
2025-12-08T23:19:44.550,0.091,-0.24,0.15
2025-12-08T23:19:44.560,0.099,-0.255,0.185
2025-12-08T23:19:44.570,0.095,-0.261,0.2
2025-12-08T23:19:44.580,0.085,-0.269,0.199
2025-12-08T23:19:44.590,0.079,-0.285,0.177
2025-12-08T23:19:44.600,0.064,-0.297,0.151
2025-12-08T23:19:44.610,0.039,-0.31,0.159
2025-12-08T23:19:44.620,0.029,-0.326,0.164
2025-12-08T23:19:44.630,0.02,-0.345,0.141
2025-12-08T23:19:44.640,0.009,-0.351,0.111
2025-12-08T23:19:44.650,0.014,-0.36,0.08
2025-12-08T23:19:44.660,0.012,-0.364,0.056
2025-12-08T23:19:44.670,0.007,-0.36,0.067
2025-12-08T23:19:44.680,0.012,-0.37,0.089
2025-12-08T23:19:44.690,0.007,-0.369,0.1
2025-12-08T23:19:44.700,-0.0,-0.369,0.13
2025-12-08T23:19:44.710,0.005,-0.365,0.133
2025-12-08T23:19:44.720,0.012,-0.355,0.105
2025-12-08T23:19:44.730,0.006,-0.353,0.082
2025-12-08T23:19:44.740,-0.005,-0.357,0.066
2025-12-08T23:19:44.750,-0.019,-0.373,0.073
2025-12-08T23:19:44.760,-0.043,-0.382,0.082
2025-12-08T23:19:44.770,-0.06,-0.387,0.083
2025-12-08T23:19:44.780,-0.066,-0.392,0.049
2025-12-08T23:19:44.790,-0.073,-0.391,-0.015
2025-12-08T23:19:44.800,-0.071,-0.39,-0.057
2025-12-08T23:19:44.810,-0.066,-0.387,-0.084
2025-12-08T23:19:44.820,-0.068,-0.389,-0.075
2025-12-08T23:19:44.830,-0.064,-0.389,-0.038
2025-12-08T23:19:44.840,-0.05,-0.396,-0.025
2025-12-08T23:19:44.850,-0.046,-0.401,-0.035
2025-12-08T23:19:44.860,-0.037,-0.4,-0.05
2025-12-08T23:19:44.870,-0.037,-0.392,-0.064
2025-12-08T23:19:44.880,-0.054,-0.375,-0.074
2025-12-08T23:19:44.890,-0.07,-0.369,-0.064
2025-12-08T23:19:44.900,-0.085,-0.37,-0.066
2025-12-08T23:19:44.910,-0.097,-0.374,-0.082
2025-12-08T23:19:44.920,-0.099,-0.388,-0.084
2025-12-08T23:19:44.930,-0.09,-0.406,-0.103
2025-12-08T23:19:44.940,-0.084,-0.421,-0.12
2025-12-08T23:19:44.950,-0.078,-0.433,-0.138
2025-12-08T23:19:44.960,-0.061,-0.447,-0.168
2025-12-08T23:19:44.970,-0.06,-0.448,-0.175
2025-12-08T23:19:44.980,-0.059,-0.441,-0.17
2025-12-08T23:19:44.990,-0.049,-0.439,-0.154
2025-12-08T23:19:45.000,-0.047,-0.428,-0.129
2025-12-08T23:19:45.010,-0.044,-0.416,-0.105
2025-12-08T23:19:45.020,-0.032,-0.403,-0.1
2025-12-08T23:19:45.030,-0.021,-0.386,-0.119
2025-12-08T23:19:45.040,-0.031,-0.377,-0.155
2025-12-08T23:19:45.050,-0.039,-0.378,-0.199
2025-12-08T23:19:45.060,-0.046,-0.371,-0.225
2025-12-08T23:19:45.070,-0.051,-0.373,-0.252
2025-12-08T23:19:45.080,-0.044,-0.38,-0.271
2025-12-08T23:19:45.090,-0.041,-0.366,-0.27
2025-12-08T23:19:45.100,-0.036,-0.364,-0.273
2025-12-08T23:19:45.110,-0.024,-0.369,-0.255
2025-12-08T23:19:45.120,-0.012,-0.364,-0.224
2025-12-08T23:19:45.130,-0.018,-0.355,-0.217
2025-12-08T23:19:45.140,-0.029,-0.345,-0.226
2025-12-08T23:19:45.150,-0.029,-0.335,-0.234
2025-12-08T23:19:45.160,-0.044,-0.316,-0.257
2025-12-08T23:19:45.170,-0.054,-0.311,-0.285
2025-12-08T23:19:45.180,-0.052,-0.306,-0.3
2025-12-08T23:19:45.190,-0.061,-0.297,-0.322
2025-12-08T23:19:45.200,-0.065,-0.311,-0.328
2025-12-08T23:19:45.210,-0.064,-0.314,-0.318
2025-12-08T23:19:45.220,-0.068,-0.311,-0.324
2025-12-08T23:19:45.230,-0.065,-0.318,-0.322
2025-12-08T23:19:45.240,-0.056,-0.305,-0.317
2025-12-08T23:19:45.250,-0.052,-0.295,-0.323
2025-12-08T23:19:45.260,-0.046,-0.291,-0.328
2025-12-08T23:19:45.270,-0.041,-0.276,-0.317
2025-12-08T23:19:45.280,-0.039,-0.269,-0.309
2025-12-08T23:19:45.290,-0.05,-0.258,-0.319
2025-12-08T23:19:45.300,-0.059,-0.245,-0.336
2025-12-08T23:19:45.310,-0.048,-0.24,-0.384
2025-12-08T23:19:45.320,-0.051,-0.218,-0.428
2025-12-08T23:19:45.330,-0.043,-0.204,-0.43
2025-12-08T23:19:45.340,-0.028,-0.202,-0.441
2025-12-08T23:19:45.350,-0.03,-0.202,-0.443
2025-12-08T23:19:45.360,-0.023,-0.211,-0.435
2025-12-08T23:19:45.370,-0.017,-0.213,-0.441
2025-12-08T23:19:45.380,-0.009,-0.226,-0.433
2025-12-08T23:19:45.390,-0.008,-0.223,-0.418
2025-12-08T23:19:45.400,-0.009,-0.21,-0.412
2025-12-08T23:19:45.410,-0.004,-0.207,-0.415
2025-12-08T23:19:45.420,-0.016,-0.184,-0.403
2025-12-08T23:19:45.430,-0.014,-0.164,-0.387
2025-12-08T23:19:45.440,-0.017,-0.153,-0.387
2025-12-08T23:19:45.450,-0.021,-0.138,-0.369
2025-12-08T23:19:45.460,-0.013,-0.13,-0.376
2025-12-08T23:19:45.470,-0.016,-0.127,-0.408
2025-12-08T23:19:45.480,-0.005,-0.128,-0.438
2025-12-08T23:19:45.490,0.002,-0.128,-0.454
2025-12-08T23:19:45.500,-0.005,-0.127,-0.423
2025-12-08T23:19:45.510,-0.007,-0.128,-0.368
2025-12-08T23:19:45.520,-0.01,-0.12,-0.315
2025-12-08T23:19:45.530,-0.014,-0.102,-0.309
2025-12-08T23:19:45.540,-0.021,-0.081,-0.342
2025-12-08T23:19:45.550,-0.028,-0.053,-0.369
2025-12-08T23:19:45.560,-0.031,-0.038,-0.398
2025-12-08T23:19:45.570,-0.043,-0.032,-0.411
2025-12-08T23:19:45.580,-0.051,-0.029,-0.407
2025-12-08T23:19:45.590,-0.052,-0.038,-0.39
2025-12-08T23:19:45.600,-0.062,-0.037,-0.364
2025-12-08T23:19:45.610,-0.061,-0.039,-0.344
2025-12-08T23:19:45.620,-0.058,-0.045,-0.332
2025-12-08T23:19:45.630,-0.06,-0.053,-0.325
2025-12-08T23:19:45.640,-0.062,-0.07,-0.307
2025-12-08T23:19:45.650,-0.071,-0.068,-0.3
2025-12-08T23:19:45.660,-0.074,-0.066,-0.307
2025-12-08T23:19:45.670,-0.082,-0.061,-0.332
2025-12-08T23:19:45.680,-0.077,-0.049,-0.362
2025-12-08T23:19:45.690,-0.077,-0.044,-0.364
2025-12-08T23:19:45.700,-0.089,-0.027,-0.349
2025-12-08T23:19:45.710,-0.082,-0.026,-0.319
2025-12-08T23:19:45.720,-0.091,-0.029,-0.299
2025-12-08T23:19:45.730,-0.096,-0.038,-0.292
2025-12-08T23:19:45.740,-0.084,-0.054,-0.275
2025-12-08T23:19:45.750,-0.088,-0.051,-0.266
2025-12-08T23:19:45.760,-0.086,-0.061,-0.265
2025-12-08T23:19:45.770,-0.076,-0.063,-0.263
2025-12-08T23:19:45.780,-0.071,-0.053,-0.268
2025-12-08T23:19:45.790,-0.069,-0.056,-0.29
2025-12-08T23:19:45.800,-0.063,-0.048,-0.293
2025-12-08T23:19:45.810,-0.061,-0.038,-0.26
2025-12-08T23:19:45.820,-0.071,-0.025,-0.23
2025-12-08T23:19:45.830,-0.08,-0.007,-0.175
2025-12-08T23:19:45.840,-0.076,0.001,-0.147
2025-12-08T23:19:45.850,-0.079,0.011,-0.169
2025-12-08T23:19:45.860,-0.082,0.029,-0.176
2025-12-08T23:19:45.870,-0.073,0.035,-0.181
2025-12-08T23:19:45.880,-0.074,0.03,-0.178
2025-12-08T23:19:45.890,-0.077,0.03,-0.139
2025-12-08T23:19:45.900,-0.068,0.023,-0.109
2025-12-08T23:19:45.910,-0.063,0.02,-0.115
2025-12-08T23:19:45.920,-0.07,0.027,-0.105
2025-12-08T23:19:45.930,-0.076,0.033,-0.089
2025-12-08T23:19:45.940,-0.08,0.035,-0.086
2025-12-08T23:19:45.950,-0.089,0.046,-0.05
2025-12-08T23:19:45.960,-0.083,0.063,-0.031
2025-12-08T23:19:45.970,-0.084,0.066,-0.052
2025-12-08T23:19:45.980,-0.094,0.077,-0.059
2025-12-08T23:19:45.990,-0.093,0.077,-0.061
2025-12-08T23:19:46.000,-0.1,0.073,-0.054
2025-12-08T23:19:46.010,-0.106,0.08,-0.011
2025-12-08T23:19:46.020,-0.1,0.077,0.024
2025-12-08T23:19:46.030,-0.091,0.077,0.032
2025-12-08T23:19:46.040,-0.085,0.093,0.04
2025-12-08T23:19:46.050,-0.083,0.116,0.042
2025-12-08T23:19:46.060,-0.076,0.125,0.053
2025-12-08T23:19:46.070,-0.078,0.141,0.088
2025-12-08T23:19:46.080,-0.084,0.152,0.135
2025-12-08T23:19:46.090,-0.078,0.152,0.173
2025-12-08T23:19:46.100,-0.084,0.169,0.191
2025-12-08T23:19:46.110,-0.074,0.173,0.191
2025-12-08T23:19:46.120,-0.056,0.181,0.166
2025-12-08T23:19:46.130,-0.065,0.203,0.154
2025-12-08T23:19:46.140,-0.066,0.205,0.164
2025-12-08T23:19:46.150,-0.068,0.213,0.165
2025-12-08T23:19:46.160,-0.077,0.225,0.162
2025-12-08T23:19:46.170,-0.072,0.228,0.15
2025-12-08T23:19:46.180,-0.065,0.241,0.152
2025-12-08T23:19:46.190,-0.072,0.252,0.193
2025-12-08T23:19:46.200,-0.08,0.252,0.249
2025-12-08T23:19:46.210,-0.078,0.25,0.292
2025-12-08T23:19:46.220,-0.085,0.255,0.302
2025-12-08T23:19:46.230,-0.084,0.26,0.288
2025-12-08T23:19:46.240,-0.071,0.268,0.277
2025-12-08T23:19:46.250,-0.07,0.29,0.274
2025-12-08T23:19:46.260,-0.06,0.294,0.271
2025-12-08T23:19:46.270,-0.042,0.295,0.278
2025-12-08T23:19:46.280,-0.039,0.303,0.282
2025-12-08T23:19:46.290,-0.032,0.296,0.277
2025-12-08T23:19:46.300,-0.017,0.3,0.285
2025-12-08T23:19:46.310,-0.007,0.298,0.293
2025-12-08T23:19:46.320,0.0,0.284,0.299
2025-12-08T23:19:46.330,0.004,0.287,0.329
2025-12-08T23:19:46.340,0.011,0.294,0.347
2025-12-08T23:19:46.350,0.016,0.301,0.318
2025-12-08T23:19:46.360,0.018,0.316,0.283
2025-12-08T23:19:46.370,0.026,0.328,0.248
2025-12-08T23:19:46.380,0.019,0.337,0.222
2025-12-08T23:19:46.390,0.006,0.341,0.243
2025-12-08T23:19:46.400,-0.002,0.337,0.266
2025-12-08T23:19:46.410,-0.011,0.33,0.269
2025-12-08T23:19:46.420,-0.012,0.316,0.294
2025-12-08T23:19:46.430,-0.009,0.315,0.31
2025-12-08T23:19:46.440,-0.004,0.311,0.314
2025-12-08T23:19:46.450,0.005,0.308,0.323
2025-12-08T23:19:46.460,0.02,0.318,0.303
2025-12-08T23:19:46.470,0.03,0.314,0.269
2025-12-08T23:19:46.480,0.027,0.325,0.258
2025-12-08T23:19:46.490,0.036,0.325,0.258
2025-12-08T23:19:46.500,0.041,0.301,0.268
2025-12-08T23:19:46.510,0.027,0.303,0.29
2025-12-08T23:19:46.520,0.021,0.292,0.3
2025-12-08T23:19:46.530,0.007,0.285,0.287
2025-12-08T23:19:46.540,-0.009,0.286,0.27
2025-12-08T23:19:46.550,-0.015,0.273,0.234
2025-12-08T23:19:46.560,-0.021,0.266,0.202
2025-12-08T23:19:46.570,-0.029,0.251,0.198
2025-12-08T23:19:46.580,-0.039,0.237,0.194
2025-12-08T23:19:46.590,-0.034,0.215,0.201
2025-12-08T23:19:46.600,-0.026,0.196,0.213
2025-12-08T23:19:46.610,-0.014,0.188,0.218
2025-12-08T23:19:46.620,0.009,0.166,0.221
2025-12-08T23:19:46.630,0.014,0.164,0.225
2025-12-08T23:19:46.640,0.021,0.173,0.236
2025-12-08T23:19:46.650,0.032,0.18,0.225
2025-12-08T23:19:46.660,0.035,0.192,0.194
2025-12-08T23:19:46.670,0.051,0.198,0.157
2025-12-08T23:19:46.680,0.061,0.202,0.125
2025-12-08T23:19:46.690,0.06,0.195,0.112
2025-12-08T23:19:46.700,0.062,0.183,0.119
2025-12-08T23:19:46.710,0.056,0.177,0.135
2025-12-08T23:19:46.720,0.05,0.162,0.134
2025-12-08T23:19:46.730,0.05,0.137,0.12
2025-12-08T23:19:46.740,0.048,0.128,0.098
2025-12-08T23:19:46.750,0.048,0.108,0.075
2025-12-08T23:19:46.760,0.058,0.09,0.06
2025-12-08T23:19:46.770,0.075,0.093,0.062
2025-12-08T23:19:46.780,0.086,0.086,0.072
2025-12-08T23:19:46.790,0.102,0.087,0.075
2025-12-08T23:19:46.800,0.12,0.096,0.091
2025-12-08T23:19:46.810,0.119,0.104,0.1
2025-12-08T23:19:46.820,0.119,0.105,0.093
2025-12-08T23:19:46.830,0.12,0.1,0.091
2025-12-08T23:19:46.840,0.1,0.1,0.069
2025-12-08T23:19:46.850,0.079,0.087,0.039
2025-12-08T23:19:46.860,0.066,0.078,0.032
2025-12-08T23:19:46.870,0.049,0.072,0.032
2025-12-08T23:19:46.880,0.039,0.054,0.016
2025-12-08T23:19:46.890,0.041,0.054,-0.012
2025-12-08T23:19:46.900,0.053,0.058,-0.051
2025-12-08T23:19:46.910,0.057,0.057,-0.09
2025-12-08T23:19:46.920,0.063,0.057,-0.095
2025-12-08T23:19:46.930,0.078,0.047,-0.083
2025-12-08T23:19:46.940,0.074,0.036,-0.068
2025-12-08T23:19:46.950,0.075,0.033,-0.039
2025-12-08T23:19:46.960,0.085,0.026,-0.024
2025-12-08T23:19:46.970,0.082,0.026,-0.027
2025-12-08T23:19:46.980,0.079,0.033,-0.027
2025-12-08T23:19:46.990,0.08,0.038,-0.047
2025-12-08T23:19:47.000,0.08,0.035,-0.081
2025-12-08T23:19:47.010,0.077,0.025,-0.093
2025-12-08T23:19:47.020,0.084,0.018,-0.105
2025-12-08T23:19:47.030,0.082,0.012,-0.122
2025-12-08T23:19:47.040,0.073,0.003,-0.126
2025-12-08T23:19:47.050,0.087,-0.004,-0.132
2025-12-08T23:19:47.060,0.09,-0.004,-0.133
2025-12-08T23:19:47.070,0.089,-0.005,-0.124
2025-12-08T23:19:47.080,0.096,-0.001,-0.128
2025-12-08T23:19:47.090,0.088,-0.004,-0.127
2025-12-08T23:19:47.100,0.083,-0.008,-0.12
2025-12-08T23:19:47.110,0.089,-0.012,-0.11
2025-12-08T23:19:47.120,0.088,-0.022,-0.095
2025-12-08T23:19:47.130,0.082,-0.032,-0.097
2025-12-08T23:19:47.140,0.084,-0.048,-0.099
2025-12-08T23:19:47.150,0.082,-0.054,-0.135
2025-12-08T23:19:47.160,0.076,-0.06,-0.191
2025-12-08T23:19:47.170,0.075,-0.062,-0.226
2025-12-08T23:19:47.180,0.074,-0.059,-0.244
2025-12-08T23:19:47.190,0.075,-0.058,-0.233
2025-12-08T23:19:47.200,0.075,-0.039,-0.21
2025-12-08T23:19:47.210,0.088,-0.037,-0.194
2025-12-08T23:19:47.220,0.1,-0.03,-0.203
2025-12-08T23:19:47.230,0.098,-0.012,-0.205
2025-12-08T23:19:47.240,0.105,-0.016,-0.198
2025-12-08T23:19:47.250,0.111,-0.021,-0.193
2025-12-08T23:19:47.260,0.101,-0.02,-0.155
2025-12-08T23:19:47.270,0.102,-0.029,-0.149
2025-12-08T23:19:47.280,0.111,-0.048,-0.178
2025-12-08T23:19:47.290,0.109,-0.043,-0.215
2025-12-08T23:19:47.300,0.111,-0.038,-0.266
2025-12-08T23:19:47.310,0.116,-0.037,-0.28
2025-12-08T23:19:47.320,0.114,-0.025,-0.263
2025-12-08T23:19:47.330,0.125,-0.018,-0.237
2025-12-08T23:19:47.340,0.146,-0.005,-0.212
2025-12-08T23:19:47.350,0.157,-0.002,-0.179
2025-12-08T23:19:47.360,0.173,0.006,-0.139
2025-12-08T23:19:47.370,0.193,0.016,-0.114
2025-12-08T23:19:47.380,0.198,0.023,-0.089
2025-12-08T23:19:47.390,0.208,0.031,-0.075
2025-12-08T23:19:47.400,0.209,0.023,-0.074
2025-12-08T23:19:47.410,0.193,0.02,-0.083
2025-12-08T23:19:47.420,0.2,0.006,-0.109
2025-12-08T23:19:47.430,0.198,0.0,-0.16
2025-12-08T23:19:47.440,0.184,0.006,-0.203
2025-12-08T23:19:47.450,0.192,-0.005,-0.208
2025-12-08T23:19:47.460,0.196,-0.001,-0.199
2025-12-08T23:19:47.470,0.184,0.002,-0.173
2025-12-08T23:19:47.480,0.186,0.002,-0.15
2025-12-08T23:19:47.490,0.202,-0.002,-0.145
2025-12-08T23:19:47.500,0.207,0.004,-0.133
2025-12-08T23:19:47.510,0.216,0.015,-0.118
2025-12-08T23:19:47.520,0.234,0.016,-0.091
2025-12-08T23:19:47.530,0.237,0.022,-0.068
2025-12-08T23:19:47.540,0.244,0.016,-0.055
2025-12-08T23:19:47.550,0.249,0.017,-0.052
2025-12-08T23:19:47.560,0.242,0.01,-0.071
2025-12-08T23:19:47.570,0.24,0.001,-0.075
2025-12-08T23:19:47.580,0.243,0.007,-0.06
2025-12-08T23:19:47.590,0.247,0.002,-0.047
2025-12-08T23:19:47.600,0.253,0.013,-0.048
2025-12-08T23:19:47.610,0.264,0.018,-0.053
2025-12-08T23:19:47.620,0.27,0.023,-0.054
2025-12-08T23:19:47.630,0.266,0.038,-0.018
2025-12-08T23:19:47.640,0.269,0.043,0.052
2025-12-08T23:19:47.650,0.282,0.043,0.092
2025-12-08T23:19:47.660,0.296,0.042,0.113
2025-12-08T23:19:47.670,0.301,0.055,0.126
2025-12-08T23:19:47.680,0.309,0.053,0.103
2025-12-08T23:19:47.690,0.306,0.051,0.081
2025-12-08T23:19:47.700,0.296,0.053,0.091
2025-12-08T23:19:47.710,0.296,0.042,0.092
2025-12-08T23:19:47.720,0.282,0.046,0.096
2025-12-08T23:19:47.730,0.269,0.054,0.111
2025-12-08T23:19:47.740,0.277,0.052,0.087
2025-12-08T23:19:47.750,0.284,0.046,0.073
2025-12-08T23:19:47.760,0.291,0.046,0.087
2025-12-08T23:19:47.770,0.305,0.034,0.104
2025-12-08T23:19:47.780,0.306,0.024,0.142
2025-12-08T23:19:47.790,0.298,0.03,0.18
2025-12-08T23:19:47.800,0.303,0.022,0.188
2025-12-08T23:19:47.810,0.298,0.023,0.172
2025-12-08T23:19:47.820,0.289,0.037,0.157
2025-12-08T23:19:47.830,0.294,0.039,0.131
2025-12-08T23:19:47.840,0.282,0.041,0.117
2025-12-08T23:19:47.850,0.263,0.049,0.12
2025-12-08T23:19:47.860,0.252,0.045,0.11
2025-12-08T23:19:47.870,0.241,0.038,0.094
2025-12-08T23:19:47.880,0.239,0.037,0.065
2025-12-08T23:19:47.890,0.248,0.039,0.054
2025-12-08T23:19:47.900,0.253,0.048,0.079
2025-12-08T23:19:47.910,0.259,0.051,0.118
2025-12-08T23:19:47.920,0.259,0.048,0.176
2025-12-08T23:19:47.930,0.256,0.045,0.227
2025-12-08T23:19:47.940,0.255,0.045,0.233
2025-12-08T23:19:47.950,0.252,0.044,0.218
2025-12-08T23:19:47.960,0.252,0.043,0.197
2025-12-08T23:19:47.970,0.235,0.051,0.18
2025-12-08T23:19:47.980,0.216,0.044,0.182
2025-12-08T23:19:47.990,0.211,0.03,0.177
2025-12-08T23:19:48.000,0.201,0.027,0.162
2025-12-08T23:19:48.010,0.202,0.024,0.137
2025-12-08T23:19:48.020,0.21,0.018,0.121
2025-12-08T23:19:48.030,0.212,0.021,0.13
2025-12-08T23:19:48.040,0.211,0.029,0.155
2025-12-08T23:19:48.050,0.207,0.039,0.176
2025-12-08T23:19:48.060,0.206,0.042,0.166
2025-12-08T23:19:48.070,0.194,0.045,0.159
2025-12-08T23:19:48.080,0.181,0.057,0.164
2025-12-08T23:19:48.090,0.169,0.05,0.162
2025-12-08T23:19:48.100,0.155,0.033,0.159
2025-12-08T23:19:48.110,0.147,0.015,0.148
2025-12-08T23:19:48.120,0.125,-0.012,0.127
2025-12-08T23:19:48.130,0.105,-0.034,0.109
2025-12-08T23:19:48.140,0.097,-0.052,0.123
2025-12-08T23:19:48.150,0.079,-0.063,0.127
2025-12-08T23:19:48.160,0.065,-0.078,0.12
2025-12-08T23:19:48.170,0.058,-0.072,0.13
2025-12-08T23:19:48.180,0.046,-0.052,0.127
2025-12-08T23:19:48.190,0.038,-0.037,0.12
2025-12-08T23:19:48.200,0.034,-0.009,0.134
2025-12-08T23:19:48.210,0.015,0.006,0.142
2025-12-08T23:19:48.220,-0.007,0.009,0.129
2025-12-08T23:19:48.230,-0.022,0.012,0.139
2025-12-08T23:19:48.240,-0.038,0.011,0.126
2025-12-08T23:19:48.250,-0.055,-0.005,0.089
2025-12-08T23:19:48.260,-0.075,-0.018,0.077
2025-12-08T23:19:48.270,-0.084,-0.029,0.051
2025-12-08T23:19:48.280,-0.096,-0.05,0.014
2025-12-08T23:19:48.290,-0.114,-0.046,-0.003
2025-12-08T23:19:48.300,-0.116,-0.046,-0.013
2025-12-08T23:19:48.310,-0.136,-0.043,-0.013
2025-12-08T23:19:48.320,-0.163,-0.021,0.014
2025-12-08T23:19:48.330,-0.166,-0.021,0.028
2025-12-08T23:19:48.340,-0.18,-0.008,0.027
2025-12-08T23:19:48.350,-0.197,0.013,0.05
2025-12-08T23:19:48.360,-0.196,0.018,0.057
2025-12-08T23:19:48.370,-0.197,0.018,0.051
2025-12-08T23:19:48.380,-0.209,0.022,0.054
2025-12-08T23:19:48.390,-0.21,0.004,0.034
2025-12-08T23:19:48.400,-0.204,-0.02,-0.007
2025-12-08T23:19:48.410,-0.221,-0.021,-0.027
2025-12-08T23:19:48.420,-0.229,-0.037,-0.053
2025-12-08T23:19:48.430,-0.229,-0.046,-0.088
2025-12-08T23:19:48.440,-0.249,-0.03,-0.105
2025-12-08T23:19:48.450,-0.256,-0.016,-0.125
2025-12-08T23:19:48.460,-0.258,0.007,-0.136
2025-12-08T23:19:48.470,-0.268,0.037,-0.13
2025-12-08T23:19:48.480,-0.272,0.05,-0.112
2025-12-08T23:19:48.490,-0.276,0.059,-0.092
2025-12-08T23:19:48.500,-0.28,0.066,-0.074
2025-12-08T23:19:48.510,-0.28,0.066,-0.055
2025-12-08T23:19:48.520,-0.28,0.068,-0.063
2025-12-08T23:19:48.530,-0.284,0.071,-0.076
2025-12-08T23:19:48.540,-0.282,0.072,-0.098
2025-12-08T23:19:48.550,-0.275,0.08,-0.123
2025-12-08T23:19:48.560,-0.278,0.093,-0.136
2025-12-08T23:19:48.570,-0.284,0.098,-0.143
2025-12-08T23:19:48.580,-0.293,0.104,-0.123
2025-12-08T23:19:48.590,-0.31,0.111,-0.103
2025-12-08T23:19:48.600,-0.311,0.112,-0.09
2025-12-08T23:19:48.610,-0.299,0.116,-0.075
2025-12-08T23:19:48.620,-0.298,0.123,-0.079
2025-12-08T23:19:48.630,-0.293,0.128,-0.073
2025-12-08T23:19:48.640,-0.286,0.13,-0.048
2025-12-08T23:19:48.650,-0.301,0.132,-0.045
2025-12-08T23:19:48.660,-0.318,0.132,-0.064
2025-12-08T23:19:48.670,-0.328,0.132,-0.08
2025-12-08T23:19:48.680,-0.352,0.143,-0.107
2025-12-08T23:19:48.690,-0.384,0.152,-0.128
2025-12-08T23:19:48.700,-0.405,0.154,-0.131
2025-12-08T23:19:48.710,-0.416,0.16,-0.142
2025-12-08T23:19:48.720,-0.425,0.165,-0.157
2025-12-08T23:19:48.730,-0.419,0.165,-0.159
2025-12-08T23:19:48.740,-0.403,0.168,-0.159
2025-12-08T23:19:48.750,-0.397,0.171,-0.147
2025-12-08T23:19:48.760,-0.393,0.177,-0.121
2025-12-08T23:19:48.770,-0.387,0.183,-0.103
2025-12-08T23:19:48.780,-0.384,0.187,-0.106
2025-12-08T23:19:48.790,-0.376,0.196,-0.108
2025-12-08T23:19:48.800,-0.366,0.209,-0.116
2025-12-08T23:19:48.810,-0.362,0.225,-0.137
2025-12-08T23:19:48.820,-0.355,0.239,-0.132
2025-12-08T23:19:48.830,-0.342,0.256,-0.134
2025-12-08T23:19:48.840,-0.333,0.261,-0.148
2025-12-08T23:19:48.850,-0.33,0.265,-0.145
2025-12-08T23:19:48.860,-0.318,0.27,-0.131
2025-12-08T23:19:48.870,-0.308,0.265,-0.109
2025-12-08T23:19:48.880,-0.306,0.271,-0.072
2025-12-08T23:19:48.890,-0.307,0.268,-0.035
2025-12-08T23:19:48.900,-0.304,0.252,-0.028
2025-12-08T23:19:48.910,-0.307,0.253,-0.001
2025-12-08T23:19:48.920,-0.299,0.246,0.025
2025-12-08T23:19:48.930,-0.278,0.223,0.02
2025-12-08T23:19:48.940,-0.273,0.225,0.016
2025-12-08T23:19:48.950,-0.255,0.227,-0.003
2025-12-08T23:19:48.960,-0.237,0.228,-0.023
2025-12-08T23:19:48.970,-0.233,0.258,-0.033
2025-12-08T23:19:48.980,-0.22,0.259,-0.024
2025-12-08T23:19:48.990,-0.216,0.26,-0.009
2025-12-08T23:19:49.000,-0.213,0.268,0.014
2025-12-08T23:19:49.010,-0.202,0.259,0.049
2025-12-08T23:19:49.020,-0.188,0.259,0.059
2025-12-08T23:19:49.030,-0.179,0.252,0.061
2025-12-08T23:19:49.040,-0.17,0.249,0.058
2025-12-08T23:19:49.050,-0.155,0.238,0.046
2025-12-08T23:19:49.060,-0.156,0.227,0.03
2025-12-08T23:19:49.070,-0.15,0.219,0.011
2025-12-08T23:19:49.080,-0.128,0.203,-0.023
2025-12-08T23:19:49.090,-0.124,0.195,-0.061
2025-12-08T23:19:49.100,-0.119,0.189,-0.048
2025-12-08T23:19:49.110,-0.102,0.184,-0.016
2025-12-08T23:19:49.120,-0.088,0.178,0.016
2025-12-08T23:19:49.130,-0.072,0.176,0.058
2025-12-08T23:19:49.140,-0.052,0.175,0.093
2025-12-08T23:19:49.150,-0.036,0.175,0.106
2025-12-08T23:19:49.160,-0.02,0.187,0.121
2025-12-08T23:19:49.170,0.002,0.187,0.154
2025-12-08T23:19:49.180,0.013,0.187,0.168
2025-12-08T23:19:49.190,0.009,0.187,0.192
2025-12-08T23:19:49.200,0.019,0.169,0.207
2025-12-08T23:19:49.210,0.029,0.143,0.177
2025-12-08T23:19:49.220,0.036,0.123,0.152
2025-12-08T23:19:49.230,0.046,0.102,0.15
2025-12-08T23:19:49.240,0.049,0.076,0.166
2025-12-08T23:19:49.250,0.046,0.053,0.202
2025-12-08T23:19:49.260,0.039,0.033,0.234
2025-12-08T23:19:49.270,0.047,0.02,0.208
2025-12-08T23:19:49.280,0.058,0.012,0.159
2025-12-08T23:19:49.290,0.062,0.019,0.14
2025-12-08T23:19:49.300,0.076,0.013,0.126
2025-12-08T23:19:49.310,0.074,-0.001,0.153
2025-12-08T23:19:49.320,0.071,-0.011,0.198
2025-12-08T23:19:49.330,0.071,-0.043,0.204
2025-12-08T23:19:49.340,0.057,-0.057,0.202
2025-12-08T23:19:49.350,0.061,-0.076,0.195
2025-12-08T23:19:49.360,0.07,-0.098,0.17
2025-12-08T23:19:49.370,0.071,-0.103,0.168
2025-12-08T23:19:49.380,0.078,-0.136,0.19
2025-12-08T23:19:49.390,0.083,-0.162,0.188
2025-12-08T23:19:49.400,0.083,-0.187,0.179
2025-12-08T23:19:49.410,0.08,-0.21,0.179
2025-12-08T23:19:49.420,0.091,-0.223,0.173
2025-12-08T23:19:49.430,0.102,-0.241,0.197
2025-12-08T23:19:49.440,0.109,-0.249,0.236
2025-12-08T23:19:49.450,0.127,-0.263,0.254
2025-12-08T23:19:49.460,0.121,-0.268,0.267
2025-12-08T23:19:49.470,0.116,-0.281,0.267
2025-12-08T23:19:49.480,0.128,-0.305,0.261
2025-12-08T23:19:49.490,0.121,-0.314,0.275
2025-12-08T23:19:49.500,0.117,-0.333,0.273
2025-12-08T23:19:49.510,0.117,-0.351,0.249
2025-12-08T23:19:49.520,0.107,-0.37,0.228
2025-12-08T23:19:49.530,0.095,-0.394,0.2
2025-12-08T23:19:49.540,0.095,-0.409,0.196
2025-12-08T23:19:49.550,0.095,-0.42,0.226
2025-12-08T23:19:49.560,0.078,-0.425,0.252
2025-12-08T23:19:49.570,0.069,-0.427,0.277
2025-12-08T23:19:49.580,0.065,-0.425,0.281
2025-12-08T23:19:49.590,0.059,-0.423,0.247
2025-12-08T23:19:49.600,0.056,-0.421,0.213
2025-12-08T23:19:49.610,0.054,-0.428,0.204
2025-12-08T23:19:49.620,0.052,-0.444,0.191
2025-12-08T23:19:49.630,0.046,-0.457,0.182
2025-12-08T23:19:49.640,0.034,-0.463,0.173
2025-12-08T23:19:49.650,0.017,-0.487,0.141
2025-12-08T23:19:49.660,-0.006,-0.514,0.133
2025-12-08T23:19:49.670,-0.04,-0.522,0.147
2025-12-08T23:19:49.680,-0.074,-0.556,0.156
2025-12-08T23:19:49.690,-0.103,-0.576,0.162
2025-12-08T23:19:49.700,-0.125,-0.566,0.155
2025-12-08T23:19:49.710,-0.131,-0.57,0.119
2025-12-08T23:19:49.720,-0.138,-0.566,0.079
2025-12-08T23:19:49.730,-0.134,-0.567,0.066
2025-12-08T23:19:49.740,-0.127,-0.566,0.05
2025-12-08T23:19:49.750,-0.126,-0.56,0.068
2025-12-08T23:19:49.760,-0.116,-0.56,0.115
2025-12-08T23:19:49.770,-0.116,-0.559,0.147
2025-12-08T23:19:49.780,-0.119,-0.564,0.175
2025-12-08T23:19:49.790,-0.118,-0.567,0.184
2025-12-08T23:19:49.800,-0.126,-0.564,0.163
2025-12-08T23:19:49.810,-0.147,-0.554,0.133
2025-12-08T23:19:49.820,-0.163,-0.549,0.118
2025-12-08T23:19:49.830,-0.172,-0.551,0.099
2025-12-08T23:19:49.840,-0.196,-0.543,0.082
2025-12-08T23:19:49.850,-0.213,-0.551,0.074
2025-12-08T23:19:49.860,-0.223,-0.563,0.059
2025-12-08T23:19:49.870,-0.245,-0.566,0.071
2025-12-08T23:19:49.880,-0.255,-0.575,0.087
2025-12-08T23:19:49.890,-0.255,-0.575,0.09
2025-12-08T23:19:49.900,-0.261,-0.567,0.093
2025-12-08T23:19:49.910,-0.263,-0.552,0.077
2025-12-08T23:19:49.920,-0.263,-0.533,0.068
2025-12-08T23:19:49.930,-0.275,-0.51,0.072
2025-12-08T23:19:49.940,-0.287,-0.493,0.067
2025-12-08T23:19:49.950,-0.292,-0.489,0.043
2025-12-08T23:19:49.960,-0.298,-0.473,0.005
2025-12-08T23:19:49.970,-0.299,-0.462,-0.027
2025-12-08T23:19:49.980,-0.292,-0.453,-0.048
2025-12-08T23:19:49.990,-0.292,-0.444,-0.043
2025-12-08T23:19:50.000,-0.301,-0.435,-0.025
2025-12-08T23:19:50.010,-0.305,-0.419,-0.01
2025-12-08T23:19:50.020,-0.301,-0.405,0.008
2025-12-08T23:19:50.030,-0.296,-0.391,-0.006
2025-12-08T23:19:50.040,-0.283,-0.394,-0.02
2025-12-08T23:19:50.050,-0.269,-0.384,-0.016
2025-12-08T23:19:50.060,-0.266,-0.372,-0.001
2025-12-08T23:19:50.070,-0.258,-0.363,0.027
2025-12-08T23:19:50.080,-0.243,-0.339,0.02
2025-12-08T23:19:50.090,-0.232,-0.331,-0.015
2025-12-08T23:19:50.100,-0.223,-0.305,-0.035
2025-12-08T23:19:50.110,-0.219,-0.279,-0.026
2025-12-08T23:19:50.120,-0.214,-0.275,-0.005
2025-12-08T23:19:50.130,-0.206,-0.253,0.016
2025-12-08T23:19:50.140,-0.201,-0.233,0.013
2025-12-08T23:19:50.150,-0.204,-0.232,-0.01
2025-12-08T23:19:50.160,-0.214,-0.223,-0.004
2025-12-08T23:19:50.170,-0.219,-0.201,-0.002
2025-12-08T23:19:50.180,-0.223,-0.189,-0.014
2025-12-08T23:19:50.190,-0.217,-0.171,-0.025
2025-12-08T23:19:50.200,-0.209,-0.142,-0.043
2025-12-08T23:19:50.210,-0.204,-0.113,-0.058
2025-12-08T23:19:50.220,-0.195,-0.077,-0.073
2025-12-08T23:19:50.230,-0.187,-0.053,-0.08
2025-12-08T23:19:50.240,-0.189,-0.036,-0.082
2025-12-08T23:19:50.250,-0.212,-0.017,-0.057
2025-12-08T23:19:50.260,-0.22,-0.0,-0.026
2025-12-08T23:19:50.270,-0.22,0.015,-0.032
2025-12-08T23:19:50.280,-0.232,0.038,-0.041
2025-12-08T23:19:50.290,-0.225,0.062,-0.048
2025-12-08T23:19:50.300,-0.214,0.087,-0.068
2025-12-08T23:19:50.310,-0.216,0.123,-0.104
2025-12-08T23:19:50.320,-0.2,0.147,-0.136
2025-12-08T23:19:50.330,-0.181,0.167,-0.158
2025-12-08T23:19:50.340,-0.18,0.184,-0.145
2025-12-08T23:19:50.350,-0.18,0.202,-0.086
2025-12-08T23:19:50.360,-0.177,0.219,-0.061
2025-12-08T23:19:50.370,-0.177,0.237,-0.061
2025-12-08T23:19:50.380,-0.18,0.277,-0.049
2025-12-08T23:19:50.390,-0.173,0.298,-0.056
2025-12-08T23:19:50.400,-0.172,0.312,-0.055
2025-12-08T23:19:50.410,-0.167,0.339,-0.041
2025-12-08T23:19:50.420,-0.143,0.343,-0.064
2025-12-08T23:19:50.430,-0.127,0.35,-0.094
2025-12-08T23:19:50.440,-0.116,0.371,-0.089
2025-12-08T23:19:50.450,-0.11,0.376,-0.087
2025-12-08T23:19:50.460,-0.11,0.376,-0.082
2025-12-08T23:19:50.470,-0.109,0.38,-0.046
2025-12-08T23:19:50.480,-0.11,0.382,-0.019
2025-12-08T23:19:50.490,-0.107,0.4,-0.02
2025-12-08T23:19:50.500,-0.097,0.421,-0.023
2025-12-08T23:19:50.510,-0.083,0.445,-0.048
2025-12-08T23:19:50.520,-0.08,0.476,-0.073
2025-12-08T23:19:50.530,-0.087,0.496,-0.068
2025-12-08T23:19:50.540,-0.081,0.511,-0.068
2025-12-08T23:19:50.550,-0.081,0.518,-0.062
2025-12-08T23:19:50.560,-0.088,0.524,-0.053
2025-12-08T23:19:50.570,-0.071,0.521,-0.047
2025-12-08T23:19:50.580,-0.06,0.53,-0.042
2025-12-08T23:19:50.590,-0.06,0.549,-0.048
2025-12-08T23:19:50.600,-0.043,0.555,-0.05
2025-12-08T23:19:50.610,-0.036,0.576,-0.062
2025-12-08T23:19:50.620,-0.033,0.582,-0.071
2025-12-08T23:19:50.630,-0.02,0.589,-0.047
2025-12-08T23:19:50.640,-0.001,0.598,-0.016
2025-12-08T23:19:50.650,0.011,0.582,0.005
2025-12-08T23:19:50.660,0.018,0.595,0.019
2025-12-08T23:19:50.670,0.032,0.599,0.02
2025-12-08T23:19:50.680,0.035,0.598,0.016
2025-12-08T23:19:50.690,0.041,0.614,0.043
2025-12-08T23:19:50.700,0.049,0.617,0.076
2025-12-08T23:19:50.710,0.055,0.62,0.073
2025-12-08T23:19:50.720,0.064,0.617,0.079
2025-12-08T23:19:50.730,0.073,0.61,0.074
2025-12-08T23:19:50.740,0.091,0.598,0.059
2025-12-08T23:19:50.750,0.103,0.598,0.075
2025-12-08T23:19:50.760,0.124,0.589,0.073
2025-12-08T23:19:50.770,0.15,0.571,0.058
2025-12-08T23:19:50.780,0.147,0.58,0.068
2025-12-08T23:19:50.790,0.162,0.568,0.073
2025-12-08T23:19:50.800,0.184,0.557,0.062
2025-12-08T23:19:50.810,0.179,0.557,0.071
2025-12-08T23:19:50.820,0.182,0.535,0.09
2025-12-08T23:19:50.830,0.187,0.528,0.09
2025-12-08T23:19:50.840,0.182,0.524,0.093
2025-12-08T23:19:50.850,0.191,0.513,0.086
2025-12-08T23:19:50.860,0.202,0.507,0.07
2025-12-08T23:19:50.870,0.205,0.505,0.08
2025-12-08T23:19:50.880,0.212,0.505,0.088
2025-12-08T23:19:50.890,0.228,0.499,0.081
2025-12-08T23:19:50.900,0.238,0.483,0.079
2025-12-08T23:19:50.910,0.253,0.474,0.102
2025-12-08T23:19:50.920,0.267,0.467,0.15
2025-12-08T23:19:50.930,0.27,0.449,0.186
2025-12-08T23:19:50.940,0.29,0.434,0.177
2025-12-08T23:19:50.950,0.307,0.438,0.151
2025-12-08T23:19:50.960,0.311,0.442,0.148
2025-12-08T23:19:50.970,0.321,0.445,0.164
2025-12-08T23:19:50.980,0.319,0.449,0.201
2025-12-08T23:19:50.990,0.318,0.438,0.226
2025-12-08T23:19:51.000,0.321,0.423,0.219
2025-12-08T23:19:51.010,0.316,0.416,0.22
2025-12-08T23:19:51.020,0.316,0.403,0.205
2025-12-08T23:19:51.030,0.315,0.385,0.177
2025-12-08T23:19:51.040,0.32,0.375,0.182
2025-12-08T23:19:51.050,0.325,0.366,0.201
2025-12-08T23:19:51.060,0.323,0.359,0.221
2025-12-08T23:19:51.070,0.337,0.35,0.248
2025-12-08T23:19:51.080,0.342,0.343,0.258
2025-12-08T23:19:51.090,0.342,0.341,0.246
2025-12-08T23:19:51.100,0.351,0.331,0.241
2025-12-08T23:19:51.110,0.351,0.325,0.223
2025-12-08T23:19:51.120,0.338,0.315,0.198
2025-12-08T23:19:51.130,0.32,0.308,0.204
2025-12-08T23:19:51.140,0.302,0.294,0.202
2025-12-08T23:19:51.150,0.275,0.278,0.186
2025-12-08T23:19:51.160,0.263,0.271,0.177
2025-12-08T23:19:51.170,0.273,0.25,0.148
2025-12-08T23:19:51.180,0.269,0.239,0.127
2025-12-08T23:19:51.190,0.27,0.232,0.15
2025-12-08T23:19:51.200,0.278,0.222,0.166
2025-12-08T23:19:51.210,0.274,0.225,0.16
2025-12-08T23:19:51.220,0.27,0.23,0.144
2025-12-08T23:19:51.230,0.269,0.237,0.111
2025-12-08T23:19:51.240,0.26,0.236,0.095
2025-12-08T23:19:51.250,0.25,0.24,0.112
2025-12-08T23:19:51.260,0.25,0.228,0.142
2025-12-08T23:19:51.270,0.25,0.203,0.177
2025-12-08T23:19:51.280,0.238,0.192,0.192
2025-12-08T23:19:51.290,0.234,0.179,0.166
2025-12-08T23:19:51.300,0.227,0.167,0.125
2025-12-08T23:19:51.310,0.206,0.153,0.095
2025-12-08T23:19:51.320,0.191,0.134,0.1
2025-12-08T23:19:51.330,0.173,0.119,0.124
2025-12-08T23:19:51.340,0.168,0.103,0.132
2025-12-08T23:19:51.350,0.171,0.097,0.126
2025-12-08T23:19:51.360,0.167,0.092,0.093
2025-12-08T23:19:51.370,0.18,0.071,0.058
2025-12-08T23:19:51.380,0.194,0.052,0.059
2025-12-08T23:19:51.390,0.189,0.039,0.067
2025-12-08T23:19:51.400,0.177,0.019,0.063
2025-12-08T23:19:51.410,0.169,0.011,0.068
2025-12-08T23:19:51.420,0.163,0.004,0.064
2025-12-08T23:19:51.430,0.148,-0.009,0.036
2025-12-08T23:19:51.440,0.137,-0.007,0.023
2025-12-08T23:19:51.450,0.121,-0.013,0.008
2025-12-08T23:19:51.460,0.099,-0.03,-0.027
2025-12-08T23:19:51.470,0.088,-0.043,-0.034
2025-12-08T23:19:51.480,0.084,-0.066,-0.027
2025-12-08T23:19:51.490,0.087,-0.084,-0.036
2025-12-08T23:19:51.500,0.093,-0.093,-0.012
2025-12-08T23:19:51.510,0.106,-0.105,0.022
2025-12-08T23:19:51.520,0.125,-0.11,0.02
2025-12-08T23:19:51.530,0.137,-0.105,0.027
2025-12-08T23:19:51.540,0.155,-0.093,0.035
2025-12-08T23:19:51.550,0.168,-0.096,0.021
2025-12-08T23:19:51.560,0.169,-0.093,0.015
2025-12-08T23:19:51.570,0.176,-0.08,0.012
2025-12-08T23:19:51.580,0.173,-0.079,-0.002
2025-12-08T23:19:51.590,0.161,-0.073,-0.005
2025-12-08T23:19:51.600,0.158,-0.082,0.009
2025-12-08T23:19:51.610,0.153,-0.095,0.004
2025-12-08T23:19:51.620,0.137,-0.1,-0.009
2025-12-08T23:19:51.630,0.126,-0.113,-0.005
2025-12-08T23:19:51.640,0.116,-0.121,-0.015
2025-12-08T23:19:51.650,0.101,-0.125,-0.014
2025-12-08T23:19:51.660,0.098,-0.119,-0.006
2025-12-08T23:19:51.670,0.097,-0.12,-0.022
2025-12-08T23:19:51.680,0.089,-0.123,-0.032
2025-12-08T23:19:51.690,0.086,-0.116,-0.021
2025-12-08T23:19:51.700,0.083,-0.121,-0.007
2025-12-08T23:19:51.710,0.073,-0.128,-0.005
2025-12-08T23:19:51.720,0.063,-0.128,-0.007
2025-12-08T23:19:51.730,0.057,-0.135,-0.025
2025-12-08T23:19:51.740,0.055,-0.145,-0.057
2025-12-08T23:19:51.750,0.046,-0.148,-0.071
2025-12-08T23:19:51.760,0.036,-0.161,-0.085
2025-12-08T23:19:51.770,0.028,-0.172,-0.102
2025-12-08T23:19:51.780,0.016,-0.171,-0.104
2025-12-08T23:19:51.790,0.013,-0.187,-0.125
2025-12-08T23:19:51.800,0.014,-0.201,-0.16
2025-12-08T23:19:51.810,-0.0,-0.2,-0.163
2025-12-08T23:19:51.820,-0.014,-0.193,-0.144
2025-12-08T23:19:51.830,-0.022,-0.189,-0.134
2025-12-08T23:19:51.840,-0.027,-0.184,-0.129
2025-12-08T23:19:51.850,-0.024,-0.179,-0.146
2025-12-08T23:19:51.860,-0.027,-0.184,-0.177
2025-12-08T23:19:51.870,-0.028,-0.191,-0.171
2025-12-08T23:19:51.880,-0.012,-0.209,-0.133
2025-12-08T23:19:51.890,-0.005,-0.217,-0.1
2025-12-08T23:19:51.900,-0.004,-0.225,-0.068
2025-12-08T23:19:51.910,0.005,-0.248,-0.055
2025-12-08T23:19:51.920,0.002,-0.25,-0.06
2025-12-08T23:19:51.930,-0.015,-0.249,-0.052
2025-12-08T23:19:51.940,-0.018,-0.255,-0.05
2025-12-08T23:19:51.950,-0.017,-0.257,-0.056
2025-12-08T23:19:51.960,-0.024,-0.254,-0.064
2025-12-08T23:19:51.970,-0.022,-0.255,-0.091
2025-12-08T23:19:51.980,-0.021,-0.261,-0.126
2025-12-08T23:19:51.990,-0.032,-0.259,-0.148
2025-12-08T23:19:52.000,-0.036,-0.259,-0.149
2025-12-08T23:19:52.010,-0.037,-0.251,-0.14
2025-12-08T23:19:52.020,-0.04,-0.25,-0.151
2025-12-08T23:19:52.030,-0.039,-0.257,-0.174
2025-12-08T23:19:52.040,-0.048,-0.26,-0.171
2025-12-08T23:19:52.050,-0.068,-0.271,-0.172
2025-12-08T23:19:52.060,-0.08,-0.284,-0.187
2025-12-08T23:19:52.070,-0.092,-0.285,-0.205
2025-12-08T23:19:52.080,-0.107,-0.281,-0.24
2025-12-08T23:19:52.090,-0.114,-0.291,-0.256
2025-12-08T23:19:52.100,-0.118,-0.296,-0.246
2025-12-08T23:19:52.110,-0.128,-0.296,-0.23
2025-12-08T23:19:52.120,-0.134,-0.3,-0.213
2025-12-08T23:19:52.130,-0.122,-0.301,-0.203
2025-12-08T23:19:52.140,-0.111,-0.307,-0.197
2025-12-08T23:19:52.150,-0.117,-0.303,-0.187
2025-12-08T23:19:52.160,-0.112,-0.303,-0.168
2025-12-08T23:19:52.170,-0.105,-0.301,-0.159
2025-12-08T23:19:52.180,-0.112,-0.293,-0.155
2025-12-08T23:19:52.190,-0.102,-0.287,-0.152
2025-12-08T23:19:52.200,-0.088,-0.276,-0.144
2025-12-08T23:19:52.210,-0.096,-0.282,-0.139
2025-12-08T23:19:52.220,-0.099,-0.287,-0.151
2025-12-08T23:19:52.230,-0.093,-0.288,-0.152
2025-12-08T23:19:52.240,-0.087,-0.294,-0.152
2025-12-08T23:19:52.250,-0.081,-0.294,-0.139
2025-12-08T23:19:52.260,-0.08,-0.291,-0.115
2025-12-08T23:19:52.270,-0.082,-0.294,-0.107
2025-12-08T23:19:52.280,-0.072,-0.297,-0.087
2025-12-08T23:19:52.290,-0.06,-0.281,-0.076
2025-12-08T23:19:52.300,-0.062,-0.275,-0.08
2025-12-08T23:19:52.310,-0.055,-0.275,-0.076
2025-12-08T23:19:52.320,-0.05,-0.258,-0.073
2025-12-08T23:19:52.330,-0.061,-0.262,-0.076
2025-12-08T23:19:52.340,-0.059,-0.265,-0.07
2025-12-08T23:19:52.350,-0.059,-0.265,-0.056
2025-12-08T23:19:52.360,-0.071,-0.275,-0.043
2025-12-08T23:19:52.370,-0.078,-0.278,-0.016
2025-12-08T23:19:52.380,-0.085,-0.278,-0.005
2025-12-08T23:19:52.390,-0.09,-0.274,-0.009
2025-12-08T23:19:52.400,-0.091,-0.269,-0.023
2025-12-08T23:19:52.410,-0.087,-0.266,-0.037
2025-12-08T23:19:52.420,-0.088,-0.251,-0.032
2025-12-08T23:19:52.430,-0.094,-0.236,-0.036
2025-12-08T23:19:52.440,-0.087,-0.237,-0.028
2025-12-08T23:19:52.450,-0.079,-0.231,0.004
2025-12-08T23:19:52.460,-0.073,-0.223,0.026
2025-12-08T23:19:52.470,-0.058,-0.219,0.051
2025-12-08T23:19:52.480,-0.039,-0.203,0.069
2025-12-08T23:19:52.490,-0.027,-0.196,0.062
2025-12-08T23:19:52.500,-0.024,-0.194,0.081
2025-12-08T23:19:52.510,-0.025,-0.198,0.132
2025-12-08T23:19:52.520,-0.047,-0.205,0.169
2025-12-08T23:19:52.530,-0.059,-0.2,0.2
2025-12-08T23:19:52.540,-0.06,-0.202,0.21
2025-12-08T23:19:52.550,-0.068,-0.202,0.193
2025-12-08T23:19:52.560,-0.064,-0.202,0.187
2025-12-08T23:19:52.570,-0.059,-0.196,0.187
2025-12-08T23:19:52.580,-0.05,-0.192,0.173
2025-12-08T23:19:52.590,-0.039,-0.196,0.171
2025-12-08T23:19:52.600,-0.036,-0.185,0.201
2025-12-08T23:19:52.610,-0.028,-0.186,0.219
2025-12-08T23:19:52.620,-0.022,-0.192,0.233
2025-12-08T23:19:52.630,-0.018,-0.187,0.24
2025-12-08T23:19:52.640,-0.022,-0.193,0.243
2025-12-08T23:19:52.650,-0.037,-0.192,0.252
2025-12-08T23:19:52.660,-0.05,-0.189,0.252
2025-12-08T23:19:52.670,-0.064,-0.184,0.237
2025-12-08T23:19:52.680,-0.081,-0.178,0.204
2025-12-08T23:19:52.690,-0.084,-0.18,0.175
2025-12-08T23:19:52.700,-0.087,-0.178,0.15
2025-12-08T23:19:52.710,-0.091,-0.175,0.148
2025-12-08T23:19:52.720,-0.084,-0.162,0.168
2025-12-08T23:19:52.730,-0.073,-0.151,0.177
2025-12-08T23:19:52.740,-0.063,-0.142,0.19
2025-12-08T23:19:52.750,-0.045,-0.126,0.209
2025-12-08T23:19:52.760,-0.031,-0.113,0.218
2025-12-08T23:19:52.770,-0.038,-0.102,0.227
2025-12-08T23:19:52.780,-0.035,-0.096,0.246
2025-12-08T23:19:52.790,-0.03,-0.087,0.249
2025-12-08T23:19:52.800,-0.046,-0.084,0.241
2025-12-08T23:19:52.810,-0.048,-0.083,0.248
2025-12-08T23:19:52.820,-0.036,-0.086,0.246
2025-12-08T23:19:52.830,-0.045,-0.076,0.244
2025-12-08T23:19:52.840,-0.054,-0.05,0.243
2025-12-08T23:19:52.850,-0.041,-0.053,0.221
2025-12-08T23:19:52.860,-0.041,-0.046,0.187
2025-12-08T23:19:52.870,-0.043,-0.038,0.186
2025-12-08T23:19:52.880,-0.029,-0.05,0.207
2025-12-08T23:19:52.890,-0.024,-0.05,0.227
2025-12-08T23:19:52.900,-0.023,-0.033,0.257
2025-12-08T23:19:52.910,-0.013,-0.004,0.262
2025-12-08T23:19:52.920,0.009,0.007,0.227
2025-12-08T23:19:52.930,0.014,0.029,0.184
2025-12-08T23:19:52.940,0.005,0.038,0.165
2025-12-08T23:19:52.950,0.006,0.022,0.161
2025-12-08T23:19:52.960,-0.014,0.025,0.164
2025-12-08T23:19:52.970,-0.028,0.012,0.173
2025-12-08T23:19:52.980,-0.034,-0.004,0.158
2025-12-08T23:19:52.990,-0.051,-0.01,0.139
2025-12-08T23:19:53.000,-0.058,-0.015,0.13
2025-12-08T23:19:53.010,-0.059,-0.015,0.111
2025-12-08T23:19:53.020,-0.054,-0.013,0.089
2025-12-08T23:19:53.030,-0.041,-0.0,0.077
2025-12-08T23:19:53.040,-0.017,0.001,0.059
2025-12-08T23:19:53.050,0.002,-0.0,0.058
2025-12-08T23:19:53.060,0.012,0.004,0.079
2025-12-08T23:19:53.070,0.029,-0.001,0.082
2025-12-08T23:19:53.080,0.039,0.004,0.078
2025-12-08T23:19:53.090,0.046,0.013,0.083
2025-12-08T23:19:53.100,0.05,0.023,0.08
2025-12-08T23:19:53.110,0.042,0.038,0.059
2025-12-08T23:19:53.120,0.039,0.04,0.036
2025-12-08T23:19:53.130,0.034,0.039,0.013
2025-12-08T23:19:53.140,0.018,0.039,-0.002
2025-12-08T23:19:53.150,0.018,0.032,0.009
2025-12-08T23:19:53.160,0.034,0.028,0.016
2025-12-08T23:19:53.170,0.035,0.04,0.009
2025-12-08T23:19:53.180,0.037,0.047,0.002
2025-12-08T23:19:53.190,0.045,0.044,-0.004
2025-12-08T23:19:53.200,0.032,0.061,-0.004
2025-12-08T23:19:53.210,0.019,0.069,0.015
2025-12-08T23:19:53.220,0.023,0.075,0.045
2025-12-08T23:19:53.230,0.025,0.085,0.052
2025-12-08T23:19:53.240,0.029,0.075,0.02
2025-12-08T23:19:53.250,0.034,0.08,-0.02
2025-12-08T23:19:53.260,0.026,0.086,-0.058
2025-12-08T23:19:53.270,0.017,0.079,-0.093
2025-12-08T23:19:53.280,0.01,0.073,-0.074
2025-12-08T23:19:53.290,-0.01,0.075,-0.045
2025-12-08T23:19:53.300,-0.024,0.07,-0.051
2025-12-08T23:19:53.310,-0.024,0.071,-0.069
2025-12-08T23:19:53.320,-0.023,0.093,-0.099
2025-12-08T23:19:53.330,-0.022,0.09,-0.119
2025-12-08T23:19:53.340,-0.022,0.095,-0.112
2025-12-08T23:19:53.350,-0.028,0.095,-0.086
2025-12-08T23:19:53.360,-0.039,0.078,-0.07
2025-12-08T23:19:53.370,-0.044,0.07,-0.058
2025-12-08T23:19:53.380,-0.042,0.05,-0.06
2025-12-08T23:19:53.390,-0.04,0.037,-0.084
2025-12-08T23:19:53.400,-0.04,0.027,-0.092
2025-12-08T23:19:53.410,-0.036,0.034,-0.114
2025-12-08T23:19:53.420,-0.03,0.04,-0.134
2025-12-08T23:19:53.430,-0.036,0.053,-0.134
2025-12-08T23:19:53.440,-0.036,0.08,-0.138
2025-12-08T23:19:53.450,-0.032,0.092,-0.146
2025-12-08T23:19:53.460,-0.037,0.109,-0.158
2025-12-08T23:19:53.470,-0.035,0.111,-0.156
2025-12-08T23:19:53.480,-0.035,0.1,-0.136
2025-12-08T23:19:53.490,-0.042,0.087,-0.092
2025-12-08T23:19:53.500,-0.049,0.075,-0.072
2025-12-08T23:19:53.510,-0.045,0.069,-0.1
2025-12-08T23:19:53.520,-0.049,0.062,-0.136
2025-12-08T23:19:53.530,-0.055,0.068,-0.171
2025-12-08T23:19:53.540,-0.057,0.069,-0.185
2025-12-08T23:19:53.550,-0.073,0.071,-0.176
2025-12-08T23:19:53.560,-0.079,0.074,-0.157
2025-12-08T23:19:53.570,-0.081,0.065,-0.15
2025-12-08T23:19:53.580,-0.089,0.06,-0.149
2025-12-08T23:19:53.590,-0.092,0.057,-0.145
2025-12-08T23:19:53.600,-0.095,0.063,-0.157
2025-12-08T23:19:53.610,-0.109,0.064,-0.152
2025-12-08T23:19:53.620,-0.118,0.064,-0.136
2025-12-08T23:19:53.630,-0.11,0.064,-0.143
2025-12-08T23:19:53.640,-0.111,0.062,-0.153
2025-12-08T23:19:53.650,-0.105,0.065,-0.178
2025-12-08T23:19:53.660,-0.094,0.06,-0.205
2025-12-08T23:19:53.670,-0.102,0.06,-0.21
2025-12-08T23:19:53.680,-0.108,0.048,-0.22
2025-12-08T23:19:53.690,-0.113,0.032,-0.22
2025-12-08T23:19:53.700,-0.12,0.033,-0.209
2025-12-08T23:19:53.710,-0.124,0.034,-0.203
2025-12-08T23:19:53.720,-0.112,0.044,-0.199
2025-12-08T23:19:53.730,-0.095,0.048,-0.208
2025-12-08T23:19:53.740,-0.088,0.045,-0.224
2025-12-08T23:19:53.750,-0.074,0.043,-0.212
2025-12-08T23:19:53.760,-0.077,0.037,-0.185
2025-12-08T23:19:53.770,-0.089,0.034,-0.166
2025-12-08T23:19:53.780,-0.082,0.032,-0.134
2025-12-08T23:19:53.790,-0.084,0.044,-0.13
2025-12-08T23:19:53.800,-0.083,0.042,-0.156
2025-12-08T23:19:53.810,-0.073,0.046,-0.168
2025-12-08T23:19:53.820,-0.067,0.063,-0.196
2025-12-08T23:19:53.830,-0.052,0.058,-0.209
2025-12-08T23:19:53.840,-0.039,0.069,-0.179
2025-12-08T23:19:53.850,-0.026,0.071,-0.162
2025-12-08T23:19:53.860,-0.023,0.063,-0.158
2025-12-08T23:19:53.870,-0.021,0.069,-0.143
2025-12-08T23:19:53.880,-0.004,0.06,-0.134
2025-12-08T23:19:53.890,-0.006,0.06,-0.113
2025-12-08T23:19:53.900,-0.014,0.073,-0.068
2025-12-08T23:19:53.910,-0.019,0.071,-0.051
2025-12-08T23:19:53.920,-0.04,0.078,-0.076
2025-12-08T23:19:53.930,-0.057,0.084,-0.104
2025-12-08T23:19:53.940,-0.055,0.075,-0.129
2025-12-08T23:19:53.950,-0.052,0.077,-0.142
2025-12-08T23:19:53.960,-0.059,0.069,-0.126
2025-12-08T23:19:53.970,-0.05,0.053,-0.117
2025-12-08T23:19:53.980,-0.045,0.052,-0.104
2025-12-08T23:19:53.990,-0.053,0.057,-0.077
2025-12-08T23:19:54.000,-0.045,0.067,-0.054
2025-12-08T23:19:54.010,-0.04,0.076,-0.014
2025-12-08T23:19:54.020,-0.047,0.09,0.032
2025-12-08T23:19:54.030,-0.046,0.093,0.054
2025-12-08T23:19:54.040,-0.045,0.093,0.047
2025-12-08T23:19:54.050,-0.051,0.101,0.023
2025-12-08T23:19:54.060,-0.055,0.103,0.003
2025-12-08T23:19:54.070,-0.059,0.105,-0.009
2025-12-08T23:19:54.080,-0.067,0.096,-0.002
2025-12-08T23:19:54.090,-0.071,0.089,-0.002
2025-12-08T23:19:54.100,-0.074,0.087,-0.005
2025-12-08T23:19:54.110,-0.084,0.082,0.012
2025-12-08T23:19:54.120,-0.089,0.087,0.039
2025-12-08T23:19:54.130,-0.087,0.091,0.083
2025-12-08T23:19:54.140,-0.093,0.093,0.098
2025-12-08T23:19:54.150,-0.085,0.093,0.093
2025-12-08T23:19:54.160,-0.073,0.095,0.103
2025-12-08T23:19:54.170,-0.078,0.107,0.106
2025-12-08T23:19:54.180,-0.073,0.115,0.12
2025-12-08T23:19:54.190,-0.065,0.116,0.143
2025-12-08T23:19:54.200,-0.062,0.111,0.151
2025-12-08T23:19:54.210,-0.069,0.104,0.171
2025-12-08T23:19:54.220,-0.078,0.098,0.188
2025-12-08T23:19:54.230,-0.082,0.086,0.173
2025-12-08T23:19:54.240,-0.086,0.08,0.148
2025-12-08T23:19:54.250,-0.08,0.079,0.132
2025-12-08T23:19:54.260,-0.073,0.084,0.116
2025-12-08T23:19:54.270,-0.074,0.094,0.118
2025-12-08T23:19:54.280,-0.074,0.095,0.144
2025-12-08T23:19:54.290,-0.071,0.092,0.16
2025-12-08T23:19:54.300,-0.076,0.09,0.184
2025-12-08T23:19:54.310,-0.074,0.085,0.204
2025-12-08T23:19:54.320,-0.068,0.079,0.178
2025-12-08T23:19:54.330,-0.078,0.073,0.146
2025-12-08T23:19:54.340,-0.08,0.065,0.114
2025-12-08T23:19:54.350,-0.087,0.06,0.093
2025-12-08T23:19:54.360,-0.103,0.065,0.098
2025-12-08T23:19:54.370,-0.1,0.066,0.107
2025-12-08T23:19:54.380,-0.088,0.069,0.111
2025-12-08T23:19:54.390,-0.08,0.067,0.12
2025-12-08T23:19:54.400,-0.072,0.066,0.131
2025-12-08T23:19:54.410,-0.059,0.069,0.141
2025-12-08T23:19:54.420,-0.059,0.063,0.145
2025-12-08T23:19:54.430,-0.066,0.06,0.15
2025-12-08T23:19:54.440,-0.07,0.048,0.174
2025-12-08T23:19:54.450,-0.08,0.036,0.182
2025-12-08T23:19:54.460,-0.081,0.023,0.171
2025-12-08T23:19:54.470,-0.076,0.012,0.153
2025-12-08T23:19:54.480,-0.086,0.009,0.131
2025-12-08T23:19:54.490,-0.094,0.002,0.127
2025-12-08T23:19:54.500,-0.096,0.001,0.117
2025-12-08T23:19:54.510,-0.098,-0.017,0.083
2025-12-08T23:19:54.520,-0.098,-0.034,0.062
2025-12-08T23:19:54.530,-0.101,-0.043,0.08
2025-12-08T23:19:54.540,-0.104,-0.064,0.102
2025-12-08T23:19:54.550,-0.1,-0.069,0.124
2025-12-08T23:19:54.560,-0.086,-0.065,0.14
2025-12-08T23:19:54.570,-0.075,-0.073,0.118
2025-12-08T23:19:54.580,-0.078,-0.074,0.104
2025-12-08T23:19:54.590,-0.074,-0.075,0.116
2025-12-08T23:19:54.600,-0.068,-0.08,0.115
2025-12-08T23:19:54.610,-0.075,-0.071,0.127
2025-12-08T23:19:54.620,-0.074,-0.07,0.153
2025-12-08T23:19:54.630,-0.073,-0.073,0.145
2025-12-08T23:19:54.640,-0.085,-0.067,0.131
2025-12-08T23:19:54.650,-0.087,-0.067,0.118
2025-12-08T23:19:54.660,-0.075,-0.07,0.089
2025-12-08T23:19:54.670,-0.073,-0.074,0.092
2025-12-08T23:19:54.680,-0.077,-0.065,0.108
2025-12-08T23:19:54.690,-0.068,-0.063,0.122
2025-12-08T23:19:54.700,-0.063,-0.068,0.145
2025-12-08T23:19:54.710,-0.065,-0.064,0.162
2025-12-08T23:19:54.720,-0.057,-0.066,0.17
2025-12-08T23:19:54.730,-0.057,-0.051,0.15
2025-12-08T23:19:54.740,-0.064,-0.04,0.117
2025-12-08T23:19:54.750,-0.054,-0.039,0.084
2025-12-08T23:19:54.760,-0.055,-0.032,0.046
2025-12-08T23:19:54.770,-0.063,-0.037,0.026
2025-12-08T23:19:54.780,-0.059,-0.037,0.026
2025-12-08T23:19:54.790,-0.071,-0.044,0.033
2025-12-08T23:19:54.800,-0.08,-0.062,0.054
2025-12-08T23:19:54.810,-0.069,-0.06,0.093
2025-12-08T23:19:54.820,-0.066,-0.058,0.105
2025-12-08T23:19:54.830,-0.058,-0.064,0.099
2025-12-08T23:19:54.840,-0.044,-0.057,0.103
2025-12-08T23:19:54.850,-0.031,-0.053,0.078
2025-12-08T23:19:54.860,-0.018,-0.048,0.041
2025-12-08T23:19:54.870,-0.004,-0.039,0.022
2025-12-08T23:19:54.880,0.01,-0.046,-0.002
2025-12-08T23:19:54.890,0.01,-0.047,-0.008
2025-12-08T23:19:54.900,0.012,-0.051,0.013
2025-12-08T23:19:54.910,0.011,-0.064,0.024
2025-12-08T23:19:54.920,0.005,-0.062,0.017
2025-12-08T23:19:54.930,0.006,-0.062,0.012
2025-12-08T23:19:54.940,0.014,-0.064,0.003
2025-12-08T23:19:54.950,0.013,-0.055,-0.006
2025-12-08T23:19:54.960,0.003,-0.048,-0.002
2025-12-08T23:19:54.970,0.014,-0.048,-0.014
2025-12-08T23:19:54.980,0.012,-0.034,-0.034
2025-12-08T23:19:54.990,0.015,-0.029,-0.032
2025-12-08T23:19:55.000,0.031,-0.035,-0.029
2025-12-08T23:19:55.010,0.029,-0.025,-0.024
2025-12-08T23:19:55.020,0.034,-0.032,-0.008
2025-12-08T23:19:55.030,0.036,-0.017,-0.011
2025-12-08T23:19:55.040,0.029,-0.007,-0.03
2025-12-08T23:19:55.050,0.031,-0.016,-0.04
2025-12-08T23:19:55.060,0.037,-0.004,-0.051
2025-12-08T23:19:55.070,0.046,-0.011,-0.058
2025-12-08T23:19:55.080,0.056,-0.009,-0.071
2025-12-08T23:19:55.090,0.063,-0.011,-0.081
2025-12-08T23:19:55.100,0.061,-0.021,-0.095
2025-12-08T23:19:55.110,0.055,-0.025,-0.111
2025-12-08T23:19:55.120,0.048,-0.039,-0.101
2025-12-08T23:19:55.130,0.04,-0.055,-0.114
2025-12-08T23:19:55.140,0.034,-0.068,-0.12
2025-12-08T23:19:55.150,0.031,-0.067,-0.121
2025-12-08T23:19:55.160,0.037,-0.075,-0.155
2025-12-08T23:19:55.170,0.044,-0.069,-0.178
2025-12-08T23:19:55.180,0.053,-0.056,-0.196
2025-12-08T23:19:55.190,0.07,-0.065,-0.208
2025-12-08T23:19:55.200,0.075,-0.06,-0.205
2025-12-08T23:19:55.210,0.073,-0.064,-0.174
2025-12-08T23:19:55.220,0.082,-0.077,-0.155
2025-12-08T23:19:55.230,0.078,-0.081,-0.157
2025-12-08T23:19:55.240,0.073,-0.085,-0.149
2025-12-08T23:19:55.250,0.08,-0.093,-0.165
2025-12-08T23:19:55.260,0.069,-0.09,-0.181
2025-12-08T23:19:55.270,0.061,-0.091,-0.184
2025-12-08T23:19:55.280,0.066,-0.106,-0.193
2025-12-08T23:19:55.290,0.057,-0.109,-0.207
2025-12-08T23:19:55.300,0.048,-0.114,-0.227
2025-12-08T23:19:55.310,0.057,-0.117,-0.245
2025-12-08T23:19:55.320,0.064,-0.111,-0.257
2025-12-08T23:19:55.330,0.064,-0.115,-0.244
2025-12-08T23:19:55.340,0.076,-0.115,-0.241
2025-12-08T23:19:55.350,0.086,-0.112,-0.242
2025-12-08T23:19:55.360,0.086,-0.099,-0.231
2025-12-08T23:19:55.370,0.087,-0.081,-0.229
2025-12-08T23:19:55.380,0.077,-0.075,-0.212
2025-12-08T23:19:55.390,0.067,-0.082,-0.195
2025-12-08T23:19:55.400,0.073,-0.1,-0.198
2025-12-08T23:19:55.410,0.075,-0.115,-0.212
2025-12-08T23:19:55.420,0.082,-0.142,-0.243
2025-12-08T23:19:55.430,0.096,-0.164,-0.286
2025-12-08T23:19:55.440,0.104,-0.166,-0.311
2025-12-08T23:19:55.450,0.103,-0.171,-0.324
2025-12-08T23:19:55.460,0.098,-0.168,-0.323
2025-12-08T23:19:55.470,0.098,-0.157,-0.273
2025-12-08T23:19:55.480,0.083,-0.145,-0.225
2025-12-08T23:19:55.490,0.084,-0.13,-0.216
2025-12-08T23:19:55.500,0.105,-0.122,-0.241
2025-12-08T23:19:55.510,0.107,-0.111,-0.27
2025-12-08T23:19:55.520,0.118,-0.109,-0.275
2025-12-08T23:19:55.530,0.129,-0.131,-0.247
2025-12-08T23:19:55.540,0.122,-0.145,-0.214
2025-12-08T23:19:55.550,0.112,-0.157,-0.196
2025-12-08T23:19:55.560,0.109,-0.181,-0.181
2025-12-08T23:19:55.570,0.098,-0.185,-0.204
2025-12-08T23:19:55.580,0.083,-0.174,-0.234
2025-12-08T23:19:55.590,0.096,-0.169,-0.267
2025-12-08T23:19:55.600,0.103,-0.151,-0.314
2025-12-08T23:19:55.610,0.1,-0.127,-0.319
2025-12-08T23:19:55.620,0.116,-0.125,-0.31
2025-12-08T23:19:55.630,0.116,-0.121,-0.286
2025-12-08T23:19:55.640,0.105,-0.113,-0.237
2025-12-08T23:19:55.650,0.108,-0.119,-0.182
2025-12-08T23:19:55.660,0.107,-0.107,-0.134
2025-12-08T23:19:55.670,0.095,-0.108,-0.129
2025-12-08T23:19:55.680,0.081,-0.117,-0.161
2025-12-08T23:19:55.690,0.07,-0.117,-0.206
2025-12-08T23:19:55.700,0.053,-0.131,-0.242
2025-12-08T23:19:55.710,0.03,-0.123,-0.254
2025-12-08T23:19:55.720,0.019,-0.113,-0.249
2025-12-08T23:19:55.730,0.005,-0.106,-0.255
2025-12-08T23:19:55.740,-0.004,-0.083,-0.25
2025-12-08T23:19:55.750,-0.005,-0.062,-0.217
2025-12-08T23:19:55.760,-0.016,-0.057,-0.21
2025-12-08T23:19:55.770,-0.019,-0.061,-0.197
2025-12-08T23:19:55.780,-0.02,-0.063,-0.152
2025-12-08T23:19:55.790,-0.019,-0.076,-0.134
2025-12-08T23:19:55.800,-0.017,-0.073,-0.123
2025-12-08T23:19:55.810,-0.016,-0.066,-0.121
2025-12-08T23:19:55.820,-0.012,-0.074,-0.154
2025-12-08T23:19:55.830,-0.027,-0.073,-0.155
2025-12-08T23:19:55.840,-0.033,-0.074,-0.141
2025-12-08T23:19:55.850,-0.034,-0.072,-0.152
2025-12-08T23:19:55.860,-0.047,-0.066,-0.161
2025-12-08T23:19:55.870,-0.046,-0.061,-0.179
2025-12-08T23:19:55.880,-0.056,-0.047,-0.199
2025-12-08T23:19:55.890,-0.067,-0.031,-0.187
2025-12-08T23:19:55.900,-0.066,-0.019,-0.15
2025-12-08T23:19:55.910,-0.062,-0.004,-0.118
2025-12-08T23:19:55.920,-0.044,0.008,-0.076
2025-12-08T23:19:55.930,-0.022,0.016,-0.035
2025-12-08T23:19:55.940,-0.004,0.022,-0.046
2025-12-08T23:19:55.950,0.0,0.013,-0.059
2025-12-08T23:19:55.960,0.003,0.005,-0.073
2025-12-08T23:19:55.970,0.009,-0.006,-0.086
2025-12-08T23:19:55.980,-0.002,-0.012,-0.068
2025-12-08T23:19:55.990,-0.012,-0.015,-0.064
2025-12-08T23:19:56.000,-0.01,-0.032,-0.075
2025-12-08T23:19:56.010,-0.023,-0.029,-0.08
2025-12-08T23:19:56.020,-0.041,-0.026,-0.076
2025-12-08T23:19:56.030,-0.037,-0.025,-0.077
2025-12-08T23:19:56.040,-0.032,-0.011,-0.073
2025-12-08T23:19:56.050,-0.012,-0.005,-0.069
2025-12-08T23:19:56.060,0.024,0.005,-0.064
2025-12-08T23:19:56.070,0.039,0.015,-0.04
2025-12-08T23:19:56.080,0.046,0.018,-0.023
2025-12-08T23:19:56.090,0.056,0.016,0.008
2025-12-08T23:19:56.100,0.049,0.018,0.036
2025-12-08T23:19:56.110,0.037,0.019,0.032
2025-12-08T23:19:56.120,0.037,0.02,0.017
2025-12-08T23:19:56.130,0.032,0.025,-0.018
2025-12-08T23:19:56.140,0.017,0.023,-0.052
2025-12-08T23:19:56.150,0.016,0.029,-0.054
2025-12-08T23:19:56.160,0.018,0.037,-0.049
2025-12-08T23:19:56.170,0.017,0.033,-0.046
2025-12-08T23:19:56.180,0.029,0.03,-0.025
2025-12-08T23:19:56.190,0.034,0.037,-0.007
2025-12-08T23:19:56.200,0.032,0.03,0.007
2025-12-08T23:19:56.210,0.041,0.024,0.027
2025-12-08T23:19:56.220,0.049,0.05,0.033
2025-12-08T23:19:56.230,0.054,0.058,0.027
2025-12-08T23:19:56.240,0.061,0.073,0.008
2025-12-08T23:19:56.250,0.068,0.097,0.002
2025-12-08T23:19:56.260,0.068,0.087,0.009
2025-12-08T23:19:56.270,0.061,0.092,0.001
2025-12-08T23:19:56.280,0.062,0.095,0.004
2025-12-08T23:19:56.290,0.068,0.09,-0.009
2025-12-08T23:19:56.300,0.055,0.093,-0.024
2025-12-08T23:19:56.310,0.06,0.086,-0.012
2025-12-08T23:19:56.320,0.059,0.099,-0.002
2025-12-08T23:19:56.330,0.043,0.103,0.028
2025-12-08T23:19:56.340,0.052,0.1,0.061
2025-12-08T23:19:56.350,0.054,0.106,0.057
2025-12-08T23:19:56.360,0.063,0.097,0.034
2025-12-08T23:19:56.370,0.08,0.101,0.035
2025-12-08T23:19:56.380,0.077,0.101,0.044
2025-12-08T23:19:56.390,0.081,0.089,0.041
2025-12-08T23:19:56.400,0.075,0.099,0.034
2025-12-08T23:19:56.410,0.067,0.107,0.001
2025-12-08T23:19:56.420,0.053,0.1,-0.025
2025-12-08T23:19:56.430,0.031,0.109,-0.021
2025-12-08T23:19:56.440,0.03,0.107,-0.011
2025-12-08T23:19:56.450,0.024,0.095,0.009
2025-12-08T23:19:56.460,0.025,0.102,0.021
2025-12-08T23:19:56.470,0.029,0.108,0.011
2025-12-08T23:19:56.480,0.028,0.112,-0.007
2025-12-08T23:19:56.490,0.034,0.121,-0.025
2025-12-08T23:19:56.500,0.022,0.135,-0.034
2025-12-08T23:19:56.510,0.012,0.134,-0.008
2025-12-08T23:19:56.520,-0.003,0.136,0.032
2025-12-08T23:19:56.530,-0.023,0.148,0.059
2025-12-08T23:19:56.540,-0.02,0.137,0.046
2025-12-08T23:19:56.550,-0.018,0.144,0.013
2025-12-08T23:19:56.560,-0.011,0.157,-0.002
2025-12-08T23:19:56.570,0.002,0.15,-0.003
2025-12-08T23:19:56.580,0.013,0.16,0.023
2025-12-08T23:19:56.590,0.03,0.166,0.05
2025-12-08T23:19:56.600,0.044,0.166,0.072
2025-12-08T23:19:56.610,0.059,0.167,0.09
2025-12-08T23:19:56.620,0.073,0.168,0.093
2025-12-08T23:19:56.630,0.078,0.173,0.097
2025-12-08T23:19:56.640,0.086,0.164,0.109
2025-12-08T23:19:56.650,0.087,0.169,0.139
2025-12-08T23:19:56.660,0.084,0.175,0.137
2025-12-08T23:19:56.670,0.08,0.164,0.099
2025-12-08T23:19:56.680,0.091,0.166,0.054
2025-12-08T23:19:56.690,0.107,0.161,0.015
2025-12-08T23:19:56.700,0.103,0.151,0.014
2025-12-08T23:19:56.710,0.112,0.137,0.043
2025-12-08T23:19:56.720,0.115,0.128,0.073
2025-12-08T23:19:56.730,0.105,0.124,0.076
2025-12-08T23:19:56.740,0.12,0.114,0.07
2025-12-08T23:19:56.750,0.125,0.14,0.082
2025-12-08T23:19:56.760,0.135,0.166,0.085
2025-12-08T23:19:56.770,0.158,0.177,0.086
2025-12-08T23:19:56.780,0.155,0.201,0.1
2025-12-08T23:19:56.790,0.155,0.207,0.107
2025-12-08T23:19:56.800,0.155,0.211,0.102
2025-12-08T23:19:56.810,0.148,0.212,0.107
2025-12-08T23:19:56.820,0.151,0.189,0.1
2025-12-08T23:19:56.830,0.146,0.187,0.068
2025-12-08T23:19:56.840,0.143,0.185,0.051
2025-12-08T23:19:56.850,0.144,0.177,0.046
2025-12-08T23:19:56.860,0.137,0.198,0.046
2025-12-08T23:19:56.870,0.14,0.202,0.055
2025-12-08T23:19:56.880,0.144,0.211,0.048
2025-12-08T23:19:56.890,0.136,0.229,0.053
2025-12-08T23:19:56.900,0.143,0.218,0.069
2025-12-08T23:19:56.910,0.15,0.228,0.075
2025-12-08T23:19:56.920,0.146,0.238,0.098
2025-12-08T23:19:56.930,0.155,0.231,0.117
2025-12-08T23:19:56.940,0.165,0.228,0.112
2025-12-08T23:19:56.950,0.162,0.219,0.111
2025-12-08T23:19:56.960,0.168,0.213,0.111
2025-12-08T23:19:56.970,0.188,0.205,0.088
2025-12-08T23:19:56.980,0.187,0.201,0.062
2025-12-08T23:19:56.990,0.185,0.201,0.052
2025-12-08T23:19:57.000,0.194,0.195,0.039
2025-12-08T23:19:57.010,0.191,0.199,0.038
2025-12-08T23:19:57.020,0.196,0.209,0.055
2025-12-08T23:19:57.030,0.2,0.22,0.067
2025-12-08T23:19:57.040,0.201,0.223,0.078
2025-12-08T23:19:57.050,0.203,0.234,0.103
2025-12-08T23:19:57.060,0.205,0.243,0.104
2025-12-08T23:19:57.070,0.216,0.228,0.083
2025-12-08T23:19:57.080,0.216,0.233,0.075
2025-12-08T23:19:57.090,0.216,0.237,0.064
2025-12-08T23:19:57.100,0.221,0.217,0.049
2025-12-08T23:19:57.110,0.222,0.208,0.044
2025-12-08T23:19:57.120,0.215,0.205,0.04
2025-12-08T23:19:57.130,0.212,0.199,0.042
2025-12-08T23:19:57.140,0.218,0.201,0.062
2025-12-08T23:19:57.150,0.215,0.205,0.077
2025-12-08T23:19:57.160,0.223,0.187,0.077
2025-12-08T23:19:57.170,0.227,0.177,0.082
2025-12-08T23:19:57.180,0.219,0.184,0.093
2025-12-08T23:19:57.190,0.224,0.178,0.105
2025-12-08T23:19:57.200,0.223,0.176,0.107
2025-12-08T23:19:57.210,0.226,0.17,0.107
2025-12-08T23:19:57.220,0.234,0.16,0.095
2025-12-08T23:19:57.230,0.229,0.158,0.075
2025-12-08T23:19:57.240,0.229,0.144,0.088
2025-12-08T23:19:57.250,0.227,0.127,0.082
2025-12-08T23:19:57.260,0.221,0.122,0.053
2025-12-08T23:19:57.270,0.217,0.117,0.055
2025-12-08T23:19:57.280,0.214,0.111,0.053
2025-12-08T23:19:57.290,0.207,0.113,0.046
2025-12-08T23:19:57.300,0.202,0.107,0.058
2025-12-08T23:19:57.310,0.21,0.096,0.064
2025-12-08T23:19:57.320,0.2,0.085,0.075
2025-12-08T23:19:57.330,0.196,0.066,0.083
2025-12-08T23:19:57.340,0.215,0.046,0.077
2025-12-08T23:19:57.350,0.217,0.039,0.064
2025-12-08T23:19:57.360,0.225,0.032,0.034
2025-12-08T23:19:57.370,0.229,0.021,0.006
2025-12-08T23:19:57.380,0.217,0.021,0.003
2025-12-08T23:19:57.390,0.22,0.011,0.021
2025-12-08T23:19:57.400,0.225,0.004,0.048
2025-12-08T23:19:57.410,0.216,0.009,0.075
2025-12-08T23:19:57.420,0.216,0.002,0.079
2025-12-08T23:19:57.430,0.232,-0.002,0.049
2025-12-08T23:19:57.440,0.237,-0.005,0.012
2025-12-08T23:19:57.450,0.24,-0.012,-0.014
2025-12-08T23:19:57.460,0.25,-0.019,-0.005
2025-12-08T23:19:57.470,0.244,-0.026,0.019
2025-12-08T23:19:57.480,0.232,-0.041,0.039
2025-12-08T23:19:57.490,0.226,-0.063,0.062
2025-12-08T23:19:57.500,0.221,-0.076,0.055
2025-12-08T23:19:57.510,0.213,-0.09,0.038
2025-12-08T23:19:57.520,0.218,-0.097,0.023
2025-12-08T23:19:57.530,0.226,-0.102,-0.005
2025-12-08T23:19:57.540,0.214,-0.11,-0.018
2025-12-08T23:19:57.550,0.205,-0.103,-0.004
2025-12-08T23:19:57.560,0.206,-0.111,0.015
2025-12-08T23:19:57.570,0.196,-0.117,0.011
2025-12-08T23:19:57.580,0.191,-0.111,0.002
2025-12-08T23:19:57.590,0.197,-0.115,-0.016
2025-12-08T23:19:57.600,0.187,-0.112,-0.034
2025-12-08T23:19:57.610,0.169,-0.112,-0.018
2025-12-08T23:19:57.620,0.162,-0.123,-0.018
2025-12-08T23:19:57.630,0.15,-0.134,-0.037
2025-12-08T23:19:57.640,0.141,-0.137,-0.054
2025-12-08T23:19:57.650,0.139,-0.141,-0.088
2025-12-08T23:19:57.660,0.122,-0.151,-0.118
2025-12-08T23:19:57.670,0.101,-0.147,-0.124
2025-12-08T23:19:57.680,0.09,-0.141,-0.11
2025-12-08T23:19:57.690,0.075,-0.132,-0.095
2025-12-08T23:19:57.700,0.061,-0.12,-0.084
2025-12-08T23:19:57.710,0.061,-0.12,-0.087
2025-12-08T23:19:57.720,0.061,-0.125,-0.105
2025-12-08T23:19:57.730,0.051,-0.133,-0.093
2025-12-08T23:19:57.740,0.049,-0.133,-0.061
2025-12-08T23:19:57.750,0.052,-0.139,-0.048
2025-12-08T23:19:57.760,0.041,-0.147,-0.038
2025-12-08T23:19:57.770,0.032,-0.146,-0.038
2025-12-08T23:19:57.780,0.025,-0.146,-0.064
2025-12-08T23:19:57.790,-0.007,-0.135,-0.08
2025-12-08T23:19:57.800,-0.019,-0.134,-0.096
2025-12-08T23:19:57.810,-0.012,-0.133,-0.138
2025-12-08T23:19:57.820,-0.025,-0.128,-0.161
2025-12-08T23:19:57.830,-0.023,-0.138,-0.159
2025-12-08T23:19:57.840,-0.02,-0.136,-0.154
2025-12-08T23:19:57.850,-0.03,-0.139,-0.133
2025-12-08T23:19:57.860,-0.022,-0.147,-0.111
2025-12-08T23:19:57.870,-0.014,-0.137,-0.103
2025-12-08T23:19:57.880,-0.021,-0.133,-0.1
2025-12-08T23:19:57.890,-0.028,-0.129,-0.105
2025-12-08T23:19:57.900,-0.045,-0.116,-0.116
2025-12-08T23:19:57.910,-0.068,-0.12,-0.126
2025-12-08T23:19:57.920,-0.086,-0.116,-0.135
2025-12-08T23:19:57.930,-0.1,-0.104,-0.13
2025-12-08T23:19:57.940,-0.099,-0.108,-0.14
2025-12-08T23:19:57.950,-0.107,-0.103,-0.161
2025-12-08T23:19:57.960,-0.112,-0.108,-0.151
2025-12-08T23:19:57.970,-0.115,-0.113,-0.147
2025-12-08T23:19:57.980,-0.126,-0.107,-0.144
2025-12-08T23:19:57.990,-0.118,-0.111,-0.13
2025-12-08T23:19:58.000,-0.102,-0.1,-0.138
2025-12-08T23:19:58.010,-0.1,-0.086,-0.136
2025-12-08T23:19:58.020,-0.093,-0.077,-0.128
2025-12-08T23:19:58.030,-0.077,-0.075,-0.135
2025-12-08T23:19:58.040,-0.075,-0.071,-0.137
2025-12-08T23:19:58.050,-0.074,-0.062,-0.133
2025-12-08T23:19:58.060,-0.073,-0.074,-0.125
2025-12-08T23:19:58.070,-0.097,-0.076,-0.127
2025-12-08T23:19:58.080,-0.113,-0.082,-0.127
2025-12-08T23:19:58.090,-0.123,-0.096,-0.135
2025-12-08T23:19:58.100,-0.144,-0.093,-0.159
2025-12-08T23:19:58.110,-0.148,-0.098,-0.17
2025-12-08T23:19:58.120,-0.143,-0.107,-0.172
2025-12-08T23:19:58.130,-0.153,-0.105,-0.17
2025-12-08T23:19:58.140,-0.154,-0.106,-0.165
2025-12-08T23:19:58.150,-0.14,-0.114,-0.171
2025-12-08T23:19:58.160,-0.143,-0.1,-0.187
2025-12-08T23:19:58.170,-0.143,-0.087,-0.17
2025-12-08T23:19:58.180,-0.128,-0.085,-0.141
2025-12-08T23:19:58.190,-0.135,-0.075,-0.133
2025-12-08T23:19:58.200,-0.153,-0.083,-0.119
2025-12-08T23:19:58.210,-0.154,-0.091,-0.137
2025-12-08T23:19:58.220,-0.167,-0.089,-0.155
2025-12-08T23:19:58.230,-0.188,-0.096,-0.152
2025-12-08T23:19:58.240,-0.192,-0.103,-0.17
2025-12-08T23:19:58.250,-0.202,-0.109,-0.194
2025-12-08T23:19:58.260,-0.207,-0.117,-0.2
2025-12-08T23:19:58.270,-0.203,-0.123,-0.182
2025-12-08T23:19:58.280,-0.204,-0.116,-0.169
2025-12-08T23:19:58.290,-0.192,-0.103,-0.156
2025-12-08T23:19:58.300,-0.18,-0.089,-0.136
2025-12-08T23:19:58.310,-0.172,-0.073,-0.119
2025-12-08T23:19:58.320,-0.166,-0.055,-0.096
2025-12-08T23:19:58.330,-0.166,-0.039,-0.068
2025-12-08T23:19:58.340,-0.153,-0.039,-0.056
2025-12-08T23:19:58.350,-0.15,-0.034,-0.058
2025-12-08T23:19:58.360,-0.157,-0.03,-0.041
2025-12-08T23:19:58.370,-0.141,-0.052,-0.038
2025-12-08T23:19:58.380,-0.135,-0.065,-0.059
2025-12-08T23:19:58.390,-0.136,-0.068,-0.066
2025-12-08T23:19:58.400,-0.125,-0.08,-0.078
2025-12-08T23:19:58.410,-0.128,-0.073,-0.087
2025-12-08T23:19:58.420,-0.13,-0.062,-0.084
2025-12-08T23:19:58.430,-0.124,-0.064,-0.083
2025-12-08T23:19:58.440,-0.128,-0.064,-0.073
2025-12-08T23:19:58.450,-0.132,-0.063,-0.057
2025-12-08T23:19:58.460,-0.125,-0.049,-0.05
2025-12-08T23:19:58.470,-0.119,-0.042,-0.05
2025-12-08T23:19:58.480,-0.123,-0.045,-0.048
2025-12-08T23:19:58.490,-0.117,-0.045,-0.053
2025-12-08T23:19:58.500,-0.118,-0.054,-0.052
2025-12-08T23:19:58.510,-0.126,-0.057,-0.033
2025-12-08T23:19:58.520,-0.124,-0.055,-0.014
2025-12-08T23:19:58.530,-0.131,-0.049,-0.002
2025-12-08T23:19:58.540,-0.13,-0.043,-0.009
2025-12-08T23:19:58.550,-0.121,-0.041,-0.037
2025-12-08T23:19:58.560,-0.124,-0.027,-0.058
2025-12-08T23:19:58.570,-0.124,-0.031,-0.057
2025-12-08T23:19:58.580,-0.111,-0.033,-0.042
2025-12-08T23:19:58.590,-0.096,-0.009,-0.018
2025-12-08T23:19:58.600,-0.087,0.001,0.016
2025-12-08T23:19:58.610,-0.083,0.015,0.045
2025-12-08T23:19:58.620,-0.081,0.023,0.071
2025-12-08T23:19:58.630,-0.086,0.015,0.08
2025-12-08T23:19:58.640,-0.086,0.013,0.048
2025-12-08T23:19:58.650,-0.085,0.005,0.016
2025-12-08T23:19:58.660,-0.091,0.003,0.0
2025-12-08T23:19:58.670,-0.082,-0.002,0.015
2025-12-08T23:19:58.680,-0.071,-0.01,0.041
2025-12-08T23:19:58.690,-0.06,-0.016,0.045
2025-12-08T23:19:58.700,-0.038,-0.025,0.048
2025-12-08T23:19:58.710,-0.017,-0.028,0.063
2025-12-08T23:19:58.720,0.002,-0.033,0.099
2025-12-08T23:19:58.730,0.005,-0.03,0.132
2025-12-08T23:19:58.740,0.014,-0.034,0.132
2025-12-08T23:19:58.750,0.021,-0.048,0.118
2025-12-08T23:19:58.760,0.006,-0.051,0.11
2025-12-08T23:19:58.770,0.013,-0.065,0.106
2025-12-08T23:19:58.780,0.016,-0.072,0.112
2025-12-08T23:19:58.790,0.003,-0.07,0.132
2025-12-08T23:19:58.800,0.008,-0.09,0.135
2025-12-08T23:19:58.810,0.004,-0.098,0.112
2025-12-08T23:19:58.820,-0.003,-0.107,0.071
2025-12-08T23:19:58.830,0.007,-0.12,0.036
2025-12-08T23:19:58.840,0.018,-0.121,0.025
2025-12-08T23:19:58.850,0.021,-0.134,0.049
2025-12-08T23:19:58.860,0.032,-0.133,0.083
2025-12-08T23:19:58.870,0.047,-0.132,0.101
2025-12-08T23:19:58.880,0.032,-0.141,0.107
2025-12-08T23:19:58.890,0.026,-0.141,0.106
2025-12-08T23:19:58.900,0.034,-0.166,0.136
2025-12-08T23:19:58.910,0.023,-0.177,0.164
2025-12-08T23:19:58.920,0.024,-0.186,0.166
2025-12-08T23:19:58.930,0.03,-0.205,0.151
2025-12-08T23:19:58.940,0.022,-0.202,0.097
2025-12-08T23:19:58.950,0.024,-0.211,0.061
2025-12-08T23:19:58.960,0.028,-0.217,0.064
2025-12-08T23:19:58.970,0.034,-0.227,0.082
2025-12-08T23:19:58.980,0.039,-0.239,0.109
2025-12-08T23:19:58.990,0.036,-0.233,0.14
2025-12-08T23:19:59.000,0.04,-0.248,0.151
2025-12-08T23:19:59.010,0.044,-0.244,0.153
2025-12-08T23:19:59.020,0.049,-0.229,0.178
2025-12-08T23:19:59.030,0.048,-0.24,0.183
2025-12-08T23:19:59.040,0.039,-0.248,0.175
2025-12-08T23:19:59.050,0.036,-0.27,0.173
2025-12-08T23:19:59.060,0.029,-0.291,0.141
2025-12-08T23:19:59.070,0.028,-0.304,0.118
2025-12-08T23:19:59.080,0.033,-0.319,0.113
2025-12-08T23:19:59.090,0.032,-0.317,0.09
2025-12-08T23:19:59.100,0.034,-0.326,0.084
2025-12-08T23:19:59.110,0.028,-0.329,0.092
2025-12-08T23:19:59.120,0.02,-0.325,0.096
2025-12-08T23:19:59.130,0.019,-0.328,0.105
2025-12-08T23:19:59.140,0.03,-0.313,0.119
2025-12-08T23:19:59.150,0.046,-0.312,0.142
2025-12-08T23:19:59.160,0.057,-0.313,0.155
2025-12-08T23:19:59.170,0.072,-0.315,0.177
2025-12-08T23:19:59.180,0.078,-0.322,0.183
2025-12-08T23:19:59.190,0.067,-0.32,0.153
2025-12-08T23:19:59.200,0.068,-0.337,0.139
2025-12-08T23:19:59.210,0.081,-0.341,0.129
2025-12-08T23:19:59.220,0.085,-0.34,0.128
2025-12-08T23:19:59.230,0.091,-0.35,0.13
2025-12-08T23:19:59.240,0.095,-0.343,0.13
2025-12-08T23:19:59.250,0.091,-0.348,0.13
2025-12-08T23:19:59.260,0.092,-0.351,0.133
2025-12-08T23:19:59.270,0.097,-0.347,0.163
2025-12-08T23:19:59.280,0.1,-0.367,0.19
2025-12-08T23:19:59.290,0.105,-0.377,0.218
2025-12-08T23:19:59.300,0.108,-0.384,0.241
2025-12-08T23:19:59.310,0.099,-0.401,0.224
2025-12-08T23:19:59.320,0.103,-0.394,0.185
2025-12-08T23:19:59.330,0.108,-0.389,0.142
2025-12-08T23:19:59.340,0.097,-0.386,0.111
2025-12-08T23:19:59.350,0.09,-0.383,0.092
2025-12-08T23:19:59.360,0.087,-0.398,0.084
2025-12-08T23:19:59.370,0.086,-0.406,0.084
2025-12-08T23:19:59.380,0.083,-0.409,0.088
2025-12-08T23:19:59.390,0.076,-0.416,0.115
2025-12-08T23:19:59.400,0.086,-0.415,0.138
2025-12-08T23:19:59.410,0.083,-0.412,0.148
2025-12-08T23:19:59.420,0.076,-0.413,0.159
2025-12-08T23:19:59.430,0.093,-0.414,0.147
2025-12-08T23:19:59.440,0.083,-0.405,0.128
2025-12-08T23:19:59.450,0.079,-0.399,0.107
2025-12-08T23:19:59.460,0.088,-0.392,0.094
2025-12-08T23:19:59.470,0.068,-0.381,0.084
2025-12-08T23:19:59.480,0.056,-0.391,0.085
2025-12-08T23:19:59.490,0.05,-0.388,0.105
2025-12-08T23:19:59.500,0.036,-0.382,0.099
2025-12-08T23:19:59.510,0.035,-0.386,0.1
2025-12-08T23:19:59.520,0.042,-0.374,0.122
2025-12-08T23:19:59.530,0.041,-0.381,0.137
2025-12-08T23:19:59.540,0.036,-0.392,0.156
2025-12-08T23:19:59.550,0.039,-0.391,0.175
2025-12-08T23:19:59.560,0.04,-0.391,0.171
2025-12-08T23:19:59.570,0.044,-0.385,0.161
2025-12-08T23:19:59.580,0.05,-0.379,0.178
2025-12-08T23:19:59.590,0.045,-0.376,0.181
2025-12-08T23:19:59.600,0.028,-0.371,0.186
2025-12-08T23:19:59.610,0.013,-0.357,0.193
2025-12-08T23:19:59.620,0.006,-0.35,0.145
2025-12-08T23:19:59.630,-0.006,-0.339,0.099
2025-12-08T23:19:59.640,-0.018,-0.327,0.077
2025-12-08T23:19:59.650,-0.027,-0.321,0.06
2025-12-08T23:19:59.660,-0.036,-0.309,0.067
2025-12-08T23:19:59.670,-0.043,-0.299,0.099
2025-12-08T23:19:59.680,-0.05,-0.282,0.107
2025-12-08T23:19:59.690,-0.057,-0.271,0.1
2025-12-08T23:19:59.700,-0.07,-0.247,0.103
2025-12-08T23:19:59.710,-0.077,-0.225,0.078
2025-12-08T23:19:59.720,-0.089,-0.218,0.051
2025-12-08T23:19:59.730,-0.099,-0.192,0.048
2025-12-08T23:19:59.740,-0.098,-0.179,0.05
2025-12-08T23:19:59.750,-0.106,-0.164,0.056
2025-12-08T23:19:59.760,-0.107,-0.137,0.061
2025-12-08T23:19:59.770,-0.1,-0.118,0.061
2025-12-08T23:19:59.780,-0.097,-0.095,0.055
2025-12-08T23:19:59.790,-0.098,-0.072,0.085
2025-12-08T23:19:59.800,-0.095,-0.046,0.122
2025-12-08T23:19:59.810,-0.081,-0.041,0.113
2025-12-08T23:19:59.820,-0.086,-0.028,0.099
2025-12-08T23:19:59.830,-0.081,-0.015,0.079
2025-12-08T23:19:59.840,-0.073,-0.02,0.062
2025-12-08T23:19:59.850,-0.098,-0.005,0.083
2025-12-08T23:19:59.860,-0.103,-0.002,0.093
2025-12-08T23:19:59.870,-0.103,0.004,0.077
2025-12-08T23:19:59.880,-0.118,0.019,0.059
2025-12-08T23:19:59.890,-0.113,0.025,0.047
2025-12-08T23:19:59.900,-0.123,0.04,0.037
2025-12-08T23:19:59.910,-0.134,0.046,0.022
2025-12-08T23:19:59.920,-0.133,0.052,0.021
2025-12-08T23:19:59.930,-0.141,0.071,0.02
2025-12-08T23:19:59.940,-0.146,0.077,0.016
2025-12-08T23:19:59.950,-0.139,0.084,-0.004
2025-12-08T23:19:59.960,-0.129,0.106,-0.045
2025-12-08T23:19:59.970,-0.131,0.121,-0.072
2025-12-08T23:19:59.980,-0.126,0.135,-0.072
2025-12-08T23:19:59.990,-0.128,0.157,-0.039
2025-12-08T23:20:00.000,-0.137,0.174,-0.009
2025-12-08T23:20:00.010,-0.134,0.189,-0.009
2025-12-08T23:20:00.020,-0.141,0.202,-0.014
2025-12-08T23:20:00.030,-0.152,0.217,-0.039
2025-12-08T23:20:00.040,-0.158,0.231,-0.066
2025-12-08T23:20:00.050,-0.163,0.243,-0.077
2025-12-08T23:20:00.060,-0.174,0.264,-0.079
2025-12-08T23:20:00.070,-0.184,0.262,-0.068
2025-12-08T23:20:00.080,-0.184,0.262,-0.058
2025-12-08T23:20:00.090,-0.184,0.265,-0.04
2025-12-08T23:20:00.100,-0.183,0.257,-0.025
2025-12-08T23:20:00.110,-0.169,0.271,-0.002
2025-12-08T23:20:00.120,-0.154,0.281,0.018
2025-12-08T23:20:00.130,-0.153,0.3,0.008
2025-12-08T23:20:00.140,-0.145,0.319,0.007
2025-12-08T23:20:00.150,-0.144,0.333,0.002
2025-12-08T23:20:00.160,-0.161,0.358,-0.003
2025-12-08T23:20:00.170,-0.161,0.368,0.005
2025-12-08T23:20:00.180,-0.165,0.386,-0.001
2025-12-08T23:20:00.190,-0.176,0.388,-0.013
2025-12-08T23:20:00.200,-0.174,0.38,-0.02
2025-12-08T23:20:00.210,-0.178,0.383,-0.017
2025-12-08T23:20:00.220,-0.194,0.38,-0.025
2025-12-08T23:20:00.230,-0.201,0.383,-0.034
2025-12-08T23:20:00.240,-0.189,0.373,-0.045
2025-12-08T23:20:00.250,-0.199,0.371,-0.044
2025-12-08T23:20:00.260,-0.212,0.375,-0.015
2025-12-08T23:20:00.270,-0.198,0.371,-0.026
2025-12-08T23:20:00.280,-0.206,0.381,-0.045
2025-12-08T23:20:00.290,-0.206,0.383,-0.05
2025-12-08T23:20:00.300,-0.194,0.392,-0.081
2025-12-08T23:20:00.310,-0.203,0.404,-0.095
2025-12-08T23:20:00.320,-0.204,0.412,-0.07
2025-12-08T23:20:00.330,-0.198,0.43,-0.036
2025-12-08T23:20:00.340,-0.192,0.437,-0.011
2025-12-08T23:20:00.350,-0.186,0.434,0.012
2025-12-08T23:20:00.360,-0.175,0.436,0.012
2025-12-08T23:20:00.370,-0.162,0.433,-0.005
2025-12-08T23:20:00.380,-0.156,0.437,-0.009
2025-12-08T23:20:00.390,-0.139,0.455,-0.013
2025-12-08T23:20:00.400,-0.122,0.461,-0.009
2025-12-08T23:20:00.410,-0.124,0.478,0.003
2025-12-08T23:20:00.420,-0.122,0.501,0.021
2025-12-08T23:20:00.430,-0.12,0.505,0.046
2025-12-08T23:20:00.440,-0.12,0.521,0.052
2025-12-08T23:20:00.450,-0.112,0.527,0.043
2025-12-08T23:20:00.460,-0.097,0.528,0.029
2025-12-08T23:20:00.470,-0.082,0.528,0.027
2025-12-08T23:20:00.480,-0.079,0.519,0.041
2025-12-08T23:20:00.490,-0.077,0.511,0.047
2025-12-08T23:20:00.500,-0.08,0.494,0.048
2025-12-08T23:20:00.510,-0.093,0.498,0.048
2025-12-08T23:20:00.520,-0.096,0.496,0.055
2025-12-08T23:20:00.530,-0.102,0.494,0.055
2025-12-08T23:20:00.540,-0.112,0.504,0.045
2025-12-08T23:20:00.550,-0.116,0.499,0.02
2025-12-08T23:20:00.560,-0.123,0.501,-0.02
2025-12-08T23:20:00.570,-0.13,0.495,-0.033
2025-12-08T23:20:00.580,-0.137,0.493,-0.032
2025-12-08T23:20:00.590,-0.141,0.489,-0.027
2025-12-08T23:20:00.600,-0.136,0.48,-0.02
2025-12-08T23:20:00.610,-0.127,0.481,-0.008
2025-12-08T23:20:00.620,-0.116,0.475,-0.005
2025-12-08T23:20:00.630,-0.113,0.484,-0.011
2025-12-08T23:20:00.640,-0.105,0.489,-0.001
2025-12-08T23:20:00.650,-0.1,0.489,-0.002
2025-12-08T23:20:00.660,-0.118,0.491,0.011
2025-12-08T23:20:00.670,-0.116,0.468,0.037
2025-12-08T23:20:00.680,-0.118,0.451,0.041
2025-12-08T23:20:00.690,-0.134,0.443,0.048
2025-12-08T23:20:00.700,-0.127,0.422,0.047
2025-12-08T23:20:00.710,-0.117,0.411,0.024
2025-12-08T23:20:00.720,-0.121,0.415,0.01
2025-12-08T23:20:00.730,-0.124,0.405,0.02
2025-12-08T23:20:00.740,-0.111,0.388,0.03
2025-12-08T23:20:00.750,-0.118,0.391,0.066
2025-12-08T23:20:00.760,-0.123,0.39,0.118
2025-12-08T23:20:00.770,-0.092,0.382,0.12
2025-12-08T23:20:00.780,-0.097,0.394,0.103
2025-12-08T23:20:00.790,-0.107,0.388,0.097
2025-12-08T23:20:00.800,-0.093,0.382,0.075
2025-12-08T23:20:00.810,-0.106,0.387,0.059
2025-12-08T23:20:00.820,-0.107,0.363,0.064
2025-12-08T23:20:00.830,-0.1,0.359,0.062
2025-12-08T23:20:00.840,-0.109,0.351,0.05
2025-12-08T23:20:00.850,-0.106,0.328,0.041
2025-12-08T23:20:00.860,-0.104,0.341,0.025
2025-12-08T23:20:00.870,-0.114,0.337,0.001
2025-12-08T23:20:00.880,-0.121,0.32,-0.013
2025-12-08T23:20:00.890,-0.128,0.317,0.002
2025-12-08T23:20:00.900,-0.134,0.294,0.015
2025-12-08T23:20:00.910,-0.127,0.279,0.027
2025-12-08T23:20:00.920,-0.121,0.281,0.043
2025-12-08T23:20:00.930,-0.115,0.264,0.034
2025-12-08T23:20:00.940,-0.107,0.256,0.021
2025-12-08T23:20:00.950,-0.1,0.257,0.017
2025-12-08T23:20:00.960,-0.095,0.243,0.002
2025-12-08T23:20:00.970,-0.087,0.239,0.002
2025-12-08T23:20:00.980,-0.086,0.23,0.015
2025-12-08T23:20:00.990,-0.089,0.221,0.005
2025-12-08T23:20:01.000,-0.093,0.218,0.007
2025-12-08T23:20:01.010,-0.104,0.202,0.014
2025-12-08T23:20:01.020,-0.097,0.194,0.005
2025-12-08T23:20:01.030,-0.085,0.192,0.012
2025-12-08T23:20:01.040,-0.081,0.18,0.011
2025-12-08T23:20:01.050,-0.068,0.168,0.009
2025-12-08T23:20:01.060,-0.062,0.157,0.011
2025-12-08T23:20:01.070,-0.058,0.138,0.012
2025-12-08T23:20:01.080,-0.05,0.128,0.005
2025-12-08T23:20:01.090,-0.053,0.125,-0.006
2025-12-08T23:20:01.100,-0.053,0.109,-0.008
2025-12-08T23:20:01.110,-0.046,0.102,0.0
2025-12-08T23:20:01.120,-0.049,0.099,0.008
2025-12-08T23:20:01.130,-0.05,0.091,-0.014
2025-12-08T23:20:01.140,-0.039,0.096,-0.043
2025-12-08T23:20:01.150,-0.039,0.096,-0.058
2025-12-08T23:20:01.160,-0.05,0.092,-0.048
2025-12-08T23:20:01.170,-0.048,0.084,-0.012
2025-12-08T23:20:01.180,-0.048,0.07,0.004
2025-12-08T23:20:01.190,-0.06,0.065,-0.002
2025-12-08T23:20:01.200,-0.067,0.055,-0.012
2025-12-08T23:20:01.210,-0.064,0.037,-0.026
2025-12-08T23:20:01.220,-0.07,0.025,-0.039
2025-12-08T23:20:01.230,-0.075,0.016,-0.048
2025-12-08T23:20:01.240,-0.066,0.002,-0.069
2025-12-08T23:20:01.250,-0.066,-0.005,-0.077
2025-12-08T23:20:01.260,-0.063,-0.003,-0.046
2025-12-08T23:20:01.270,-0.045,-0.004,-0.021
2025-12-08T23:20:01.280,-0.032,0.003,-0.014
2025-12-08T23:20:01.290,-0.022,0.008,-0.012
2025-12-08T23:20:01.300,-0.015,0.015,-0.029
2025-12-08T23:20:01.310,-0.011,0.012,-0.046
2025-12-08T23:20:01.320,0.003,-0.011,-0.01
2025-12-08T23:20:01.330,0.008,-0.014,0.031
2025-12-08T23:20:01.340,0.004,-0.034,0.034
2025-12-08T23:20:01.350,0.005,-0.06,0.023
2025-12-08T23:20:01.360,0.002,-0.068,-0.004
2025-12-08T23:20:01.370,-0.005,-0.094,-0.022
2025-12-08T23:20:01.380,-0.007,-0.111,-0.018
2025-12-08T23:20:01.390,-0.01,-0.121,-0.002
2025-12-08T23:20:01.400,-0.012,-0.134,-0.012
2025-12-08T23:20:01.410,-0.005,-0.133,-0.044
2025-12-08T23:20:01.420,0.009,-0.12,-0.066
2025-12-08T23:20:01.430,0.034,-0.114,-0.091
2025-12-08T23:20:01.440,0.052,-0.102,-0.094
2025-12-08T23:20:01.450,0.057,-0.091,-0.068
2025-12-08T23:20:01.460,0.073,-0.105,-0.042
2025-12-08T23:20:01.470,0.079,-0.112,-0.018
2025-12-08T23:20:01.480,0.069,-0.118,0.007
2025-12-08T23:20:01.490,0.064,-0.132,0.01
2025-12-08T23:20:01.500,0.054,-0.146,-0.016
2025-12-08T23:20:01.510,0.045,-0.162,-0.027
2025-12-08T23:20:01.520,0.043,-0.178,-0.041
2025-12-08T23:20:01.530,0.044,-0.189,-0.061
2025-12-08T23:20:01.540,0.052,-0.183,-0.056
2025-12-08T23:20:01.550,0.061,-0.171,-0.062
2025-12-08T23:20:01.560,0.069,-0.161,-0.082
2025-12-08T23:20:01.570,0.082,-0.16,-0.059
2025-12-08T23:20:01.580,0.093,-0.155,-0.009
2025-12-08T23:20:01.590,0.103,-0.157,0.032
2025-12-08T23:20:01.600,0.119,-0.166,0.078
2025-12-08T23:20:01.610,0.135,-0.157,0.088
2025-12-08T23:20:01.620,0.144,-0.17,0.063
2025-12-08T23:20:01.630,0.147,-0.174,0.057
2025-12-08T23:20:01.640,0.153,-0.178,0.063
2025-12-08T23:20:01.650,0.142,-0.198,0.064
2025-12-08T23:20:01.660,0.13,-0.202,0.056
2025-12-08T23:20:01.670,0.132,-0.225,0.043
2025-12-08T23:20:01.680,0.116,-0.221,-0.005
2025-12-08T23:20:01.690,0.107,-0.222,-0.049
2025-12-08T23:20:01.700,0.1,-0.23,-0.055
2025-12-08T23:20:01.710,0.079,-0.222,-0.05
2025-12-08T23:20:01.720,0.071,-0.242,-0.017
2025-12-08T23:20:01.730,0.077,-0.242,0.024
2025-12-08T23:20:01.740,0.085,-0.239,0.05
2025-12-08T23:20:01.750,0.093,-0.236,0.046
2025-12-08T23:20:01.760,0.111,-0.229,0.039
2025-12-08T23:20:01.770,0.116,-0.24,0.037
2025-12-08T23:20:01.780,0.102,-0.235,0.026
2025-12-08T23:20:01.790,0.091,-0.235,0.014
2025-12-08T23:20:01.800,0.081,-0.236,-0.031
2025-12-08T23:20:01.810,0.065,-0.222,-0.076
2025-12-08T23:20:01.820,0.057,-0.221,-0.082
2025-12-08T23:20:01.830,0.057,-0.228,-0.074
2025-12-08T23:20:01.840,0.049,-0.225,-0.047
2025-12-08T23:20:01.850,0.046,-0.227,-0.018
2025-12-08T23:20:01.860,0.055,-0.239,-0.014
2025-12-08T23:20:01.870,0.066,-0.244,-0.007
2025-12-08T23:20:01.880,0.075,-0.241,0.02
2025-12-08T23:20:01.890,0.095,-0.239,0.034
2025-12-08T23:20:01.900,0.105,-0.232,0.039
2025-12-08T23:20:01.910,0.095,-0.227,0.037
2025-12-08T23:20:01.920,0.1,-0.239,0.032
2025-12-08T23:20:01.930,0.092,-0.23,0.031
2025-12-08T23:20:01.940,0.079,-0.227,0.018
2025-12-08T23:20:01.950,0.091,-0.243,-0.021
2025-12-08T23:20:01.960,0.087,-0.23,-0.055
2025-12-08T23:20:01.970,0.077,-0.223,-0.04
2025-12-08T23:20:01.980,0.075,-0.225,-0.018
2025-12-08T23:20:01.990,0.066,-0.224,0.01
2025-12-08T23:20:02.000,0.059,-0.227,0.048
2025-12-08T23:20:02.010,0.065,-0.226,0.057
2025-12-08T23:20:02.020,0.067,-0.221,0.05
2025-12-08T23:20:02.030,0.061,-0.217,0.027
2025-12-08T23:20:02.040,0.064,-0.211,0.002
2025-12-08T23:20:02.050,0.058,-0.21,-0.016
2025-12-08T23:20:02.060,0.05,-0.223,-0.02
2025-12-08T23:20:02.070,0.057,-0.23,-0.014
2025-12-08T23:20:02.080,0.051,-0.228,-0.012
2025-12-08T23:20:02.090,0.047,-0.233,-0.017
2025-12-08T23:20:02.100,0.051,-0.235,-0.029
2025-12-08T23:20:02.110,0.039,-0.237,-0.027
2025-12-08T23:20:02.120,0.027,-0.243,-0.039
2025-12-08T23:20:02.130,0.028,-0.252,-0.045
2025-12-08T23:20:02.140,0.032,-0.249,-0.041
2025-12-08T23:20:02.150,0.036,-0.244,-0.038
2025-12-08T23:20:02.160,0.032,-0.244,-0.019
2025-12-08T23:20:02.170,0.028,-0.229,-0.007
2025-12-08T23:20:02.180,0.022,-0.219,0.012
2025-12-08T23:20:02.190,0.02,-0.213,0.031
2025-12-08T23:20:02.200,0.027,-0.206,0.037
2025-12-08T23:20:02.210,0.022,-0.207,0.034
2025-12-08T23:20:02.220,0.023,-0.221,0.014
2025-12-08T23:20:02.230,0.03,-0.234,0.004
2025-12-08T23:20:02.240,0.028,-0.234,-0.005
2025-12-08T23:20:02.250,0.028,-0.25,-0.011
2025-12-08T23:20:02.260,0.027,-0.255,0.0
2025-12-08T23:20:02.270,0.025,-0.265,0.018
2025-12-08T23:20:02.280,0.013,-0.282,0.034
2025-12-08T23:20:02.290,0.016,-0.275,0.04
2025-12-08T23:20:02.300,0.02,-0.27,0.033
2025-12-08T23:20:02.310,0.005,-0.255,0.011
2025-12-08T23:20:02.320,0.013,-0.245,0.0
2025-12-08T23:20:02.330,0.02,-0.244,-0.014
2025-12-08T23:20:02.340,0.013,-0.247,-0.038
2025-12-08T23:20:02.350,0.005,-0.263,-0.04
2025-12-08T23:20:02.360,-0.006,-0.267,-0.032
2025-12-08T23:20:02.370,-0.008,-0.282,-0.02
2025-12-08T23:20:02.380,-0.016,-0.282,-0.016
2025-12-08T23:20:02.390,-0.029,-0.275,-0.029
2025-12-08T23:20:02.400,-0.035,-0.283,-0.056
2025-12-08T23:20:02.410,-0.04,-0.272,-0.073
2025-12-08T23:20:02.420,-0.043,-0.258,-0.053
2025-12-08T23:20:02.430,-0.038,-0.249,-0.032
2025-12-08T23:20:02.440,-0.033,-0.243,-0.012
2025-12-08T23:20:02.450,-0.026,-0.231,0.013
2025-12-08T23:20:02.460,-0.019,-0.225,0.028
2025-12-08T23:20:02.470,-0.019,-0.225,0.035
2025-12-08T23:20:02.480,-0.014,-0.217,0.041
2025-12-08T23:20:02.490,-0.012,-0.219,0.046
2025-12-08T23:20:02.500,-0.017,-0.21,0.041
2025-12-08T23:20:02.510,-0.015,-0.199,0.041
2025-12-08T23:20:02.520,-0.011,-0.192,0.025
2025-12-08T23:20:02.530,-0.011,-0.187,-0.001
2025-12-08T23:20:02.540,-0.006,-0.178,0.002
2025-12-08T23:20:02.550,-0.009,-0.165,0.006
2025-12-08T23:20:02.560,-0.022,-0.156,0.017
2025-12-08T23:20:02.570,-0.022,-0.146,0.019
2025-12-08T23:20:02.580,-0.023,-0.154,0.017
2025-12-08T23:20:02.590,-0.038,-0.147,0.023
2025-12-08T23:20:02.600,-0.045,-0.141,0.024
2025-12-08T23:20:02.610,-0.044,-0.143,0.026
2025-12-08T23:20:02.620,-0.056,-0.128,0.0
2025-12-08T23:20:02.630,-0.054,-0.13,-0.027
2025-12-08T23:20:02.640,-0.043,-0.121,-0.043
2025-12-08T23:20:02.650,-0.047,-0.117,-0.05
2025-12-08T23:20:02.660,-0.053,-0.113,-0.045
2025-12-08T23:20:02.670,-0.055,-0.097,-0.042
2025-12-08T23:20:02.680,-0.052,-0.097,-0.054
2025-12-08T23:20:02.690,-0.062,-0.082,-0.073
2025-12-08T23:20:02.700,-0.074,-0.074,-0.063
2025-12-08T23:20:02.710,-0.085,-0.074,-0.075
2025-12-08T23:20:02.720,-0.101,-0.075,-0.078
2025-12-08T23:20:02.730,-0.109,-0.08,-0.062
2025-12-08T23:20:02.740,-0.116,-0.082,-0.089
2025-12-08T23:20:02.750,-0.112,-0.091,-0.098
2025-12-08T23:20:02.760,-0.104,-0.085,-0.093
2025-12-08T23:20:02.770,-0.101,-0.079,-0.114
2025-12-08T23:20:02.780,-0.099,-0.076,-0.116
2025-12-08T23:20:02.790,-0.089,-0.06,-0.107
2025-12-08T23:20:02.800,-0.085,-0.05,-0.107
2025-12-08T23:20:02.810,-0.096,-0.028,-0.08
2025-12-08T23:20:02.820,-0.095,-0.011,-0.046
2025-12-08T23:20:02.830,-0.089,-0.025,-0.047
2025-12-08T23:20:02.840,-0.094,-0.018,-0.037
2025-12-08T23:20:02.850,-0.098,-0.005,-0.016
2025-12-08T23:20:02.860,-0.093,-0.011,-0.018
2025-12-08T23:20:02.870,-0.092,-0.001,-0.03
2025-12-08T23:20:02.880,-0.099,0.004,-0.053
2025-12-08T23:20:02.890,-0.096,-0.002,-0.102
2025-12-08T23:20:02.900,-0.103,-0.003,-0.136
2025-12-08T23:20:02.910,-0.107,-0.003,-0.13
2025-12-08T23:20:02.920,-0.099,-0.005,-0.118
2025-12-08T23:20:02.930,-0.11,-0.002,-0.111
2025-12-08T23:20:02.940,-0.115,0.002,-0.115
2025-12-08T23:20:02.950,-0.116,0.01,-0.13
2025-12-08T23:20:02.960,-0.134,0.032,-0.127
2025-12-08T23:20:02.970,-0.143,0.04,-0.102
2025-12-08T23:20:02.980,-0.146,0.043,-0.098
2025-12-08T23:20:02.990,-0.157,0.043,-0.107
2025-12-08T23:20:03.000,-0.161,0.046,-0.124
2025-12-08T23:20:03.010,-0.146,0.058,-0.174
2025-12-08T23:20:03.020,-0.129,0.058,-0.212
2025-12-08T23:20:03.030,-0.124,0.065,-0.21
2025-12-08T23:20:03.040,-0.12,0.07,-0.183
2025-12-08T23:20:03.050,-0.113,0.064,-0.162
2025-12-08T23:20:03.060,-0.108,0.071,-0.157
2025-12-08T23:20:03.070,-0.104,0.089,-0.165
2025-12-08T23:20:03.080,-0.091,0.096,-0.185
2025-12-08T23:20:03.090,-0.089,0.111,-0.171
2025-12-08T23:20:03.100,-0.087,0.127,-0.149
2025-12-08T23:20:03.110,-0.076,0.13,-0.138
2025-12-08T23:20:03.120,-0.07,0.142,-0.149
2025-12-08T23:20:03.130,-0.055,0.137,-0.178
2025-12-08T23:20:03.140,-0.049,0.138,-0.188
2025-12-08T23:20:03.150,-0.049,0.147,-0.184
2025-12-08T23:20:03.160,-0.048,0.142,-0.171
2025-12-08T23:20:03.170,-0.044,0.15,-0.174
2025-12-08T23:20:03.180,-0.038,0.149,-0.189
2025-12-08T23:20:03.190,-0.039,0.159,-0.19
2025-12-08T23:20:03.200,-0.032,0.16,-0.17
2025-12-08T23:20:03.210,-0.024,0.152,-0.154
2025-12-08T23:20:03.220,-0.018,0.165,-0.139
2025-12-08T23:20:03.230,-0.004,0.172,-0.122
2025-12-08T23:20:03.240,0.007,0.186,-0.148
2025-12-08T23:20:03.250,0.016,0.197,-0.177
2025-12-08T23:20:03.260,0.036,0.207,-0.191
2025-12-08T23:20:03.270,0.041,0.223,-0.202
2025-12-08T23:20:03.280,0.04,0.23,-0.191
2025-12-08T23:20:03.290,0.052,0.227,-0.179
2025-12-08T23:20:03.300,0.043,0.221,-0.172
2025-12-08T23:20:03.310,0.034,0.216,-0.166
2025-12-08T23:20:03.320,0.047,0.212,-0.162
2025-12-08T23:20:03.330,0.054,0.228,-0.184
2025-12-08T23:20:03.340,0.062,0.234,-0.21
2025-12-08T23:20:03.350,0.077,0.239,-0.229
2025-12-08T23:20:03.360,0.084,0.244,-0.228
2025-12-08T23:20:03.370,0.08,0.238,-0.18
2025-12-08T23:20:03.380,0.079,0.24,-0.119
2025-12-08T23:20:03.390,0.089,0.236,-0.072
2025-12-08T23:20:03.400,0.096,0.241,-0.055
2025-12-08T23:20:03.410,0.105,0.245,-0.061
2025-12-08T23:20:03.420,0.121,0.248,-0.087
2025-12-08T23:20:03.430,0.125,0.272,-0.127
2025-12-08T23:20:03.440,0.138,0.285,-0.129
2025-12-08T23:20:03.450,0.158,0.289,-0.114
2025-12-08T23:20:03.460,0.156,0.298,-0.087
2025-12-08T23:20:03.470,0.158,0.302,-0.054
2025-12-08T23:20:03.480,0.166,0.298,-0.044
2025-12-08T23:20:03.490,0.157,0.3,-0.04
2025-12-08T23:20:03.500,0.147,0.302,-0.033
2025-12-08T23:20:03.510,0.149,0.302,-0.027
2025-12-08T23:20:03.520,0.146,0.311,-0.031
2025-12-08T23:20:03.530,0.134,0.309,-0.038
2025-12-08T23:20:03.540,0.136,0.304,-0.055
2025-12-08T23:20:03.550,0.138,0.292,-0.07
2025-12-08T23:20:03.560,0.126,0.288,-0.065
2025-12-08T23:20:03.570,0.12,0.298,-0.05
2025-12-08T23:20:03.580,0.122,0.29,-0.023
2025-12-08T23:20:03.590,0.12,0.293,-0.007
2025-12-08T23:20:03.600,0.117,0.298,-0.004
2025-12-08T23:20:03.610,0.116,0.292,-0.024
2025-12-08T23:20:03.620,0.113,0.286,-0.041
2025-12-08T23:20:03.630,0.099,0.29,-0.013
2025-12-08T23:20:03.640,0.086,0.287,0.018
2025-12-08T23:20:03.650,0.086,0.271,0.039
2025-12-08T23:20:03.660,0.08,0.279,0.044
2025-12-08T23:20:03.670,0.087,0.277,0.009
2025-12-08T23:20:03.680,0.102,0.284,-0.029
2025-12-08T23:20:03.690,0.105,0.308,-0.035
2025-12-08T23:20:03.700,0.118,0.297,-0.031
2025-12-08T23:20:03.710,0.119,0.299,-0.011
2025-12-08T23:20:03.720,0.114,0.307,0.027
2025-12-08T23:20:03.730,0.121,0.302,0.04
2025-12-08T23:20:03.740,0.128,0.309,0.041
2025-12-08T23:20:03.750,0.135,0.311,0.044
2025-12-08T23:20:03.760,0.139,0.312,0.051
2025-12-08T23:20:03.770,0.14,0.312,0.062
2025-12-08T23:20:03.780,0.138,0.312,0.053
2025-12-08T23:20:03.790,0.136,0.315,0.046
2025-12-08T23:20:03.800,0.137,0.31,0.046
2025-12-08T23:20:03.810,0.132,0.297,0.053
2025-12-08T23:20:03.820,0.133,0.286,0.065
2025-12-08T23:20:03.830,0.137,0.273,0.048
2025-12-08T23:20:03.840,0.137,0.266,0.018
2025-12-08T23:20:03.850,0.136,0.26,0.019
2025-12-08T23:20:03.860,0.135,0.248,0.037
2025-12-08T23:20:03.870,0.138,0.242,0.055
2025-12-08T23:20:03.880,0.137,0.243,0.086
2025-12-08T23:20:03.890,0.136,0.242,0.082
2025-12-08T23:20:03.900,0.136,0.237,0.071
2025-12-08T23:20:03.910,0.135,0.244,0.073
2025-12-08T23:20:03.920,0.144,0.244,0.043
2025-12-08T23:20:03.930,0.148,0.229,0.021
2025-12-08T23:20:03.940,0.151,0.222,0.024
2025-12-08T23:20:03.950,0.148,0.205,0.049
2025-12-08T23:20:03.960,0.139,0.193,0.064
2025-12-08T23:20:03.970,0.143,0.191,0.068
2025-12-08T23:20:03.980,0.147,0.191,0.078
2025-12-08T23:20:03.990,0.144,0.196,0.07
2025-12-08T23:20:04.000,0.144,0.189,0.083
2025-12-08T23:20:04.010,0.151,0.187,0.084
2025-12-08T23:20:04.020,0.144,0.193,0.053
2025-12-08T23:20:04.030,0.144,0.191,0.057
2025-12-08T23:20:04.040,0.164,0.191,0.067
2025-12-08T23:20:04.050,0.16,0.192,0.066
2025-12-08T23:20:04.060,0.146,0.196,0.078
2025-12-08T23:20:04.070,0.149,0.192,0.09
2025-12-08T23:20:04.080,0.146,0.184,0.082
2025-12-08T23:20:04.090,0.125,0.186,0.096
2025-12-08T23:20:04.100,0.128,0.173,0.118
2025-12-08T23:20:04.110,0.136,0.164,0.105
2025-12-08T23:20:04.120,0.118,0.172,0.098
2025-12-08T23:20:04.130,0.118,0.17,0.08
2025-12-08T23:20:04.140,0.122,0.169,0.047
2025-12-08T23:20:04.150,0.109,0.17,0.041
2025-12-08T23:20:04.160,0.103,0.168,0.063
2025-12-08T23:20:04.170,0.103,0.163,0.084
2025-12-08T23:20:04.180,0.095,0.168,0.093
2025-12-08T23:20:04.190,0.087,0.18,0.096
2025-12-08T23:20:04.200,0.095,0.181,0.063
2025-12-08T23:20:04.210,0.082,0.183,0.037
2025-12-08T23:20:04.220,0.067,0.193,0.052
2025-12-08T23:20:04.230,0.069,0.2,0.059
2025-12-08T23:20:04.240,0.058,0.2,0.068
2025-12-08T23:20:04.250,0.045,0.205,0.079
2025-12-08T23:20:04.260,0.034,0.208,0.068
2025-12-08T23:20:04.270,0.023,0.2,0.045
2025-12-08T23:20:04.280,0.011,0.194,0.034
2025-12-08T23:20:04.290,-0.007,0.187,0.03
2025-12-08T23:20:04.300,-0.024,0.179,0.032
2025-12-08T23:20:04.310,-0.04,0.175,0.076
2025-12-08T23:20:04.320,-0.039,0.172,0.096
2025-12-08T23:20:04.330,-0.042,0.166,0.078
2025-12-08T23:20:04.340,-0.054,0.162,0.076
2025-12-08T23:20:04.350,-0.055,0.166,0.056
2025-12-08T23:20:04.360,-0.066,0.169,0.057
2025-12-08T23:20:04.370,-0.074,0.182,0.076
2025-12-08T23:20:04.380,-0.077,0.181,0.07
2025-12-08T23:20:04.390,-0.086,0.178,0.055
2025-12-08T23:20:04.400,-0.103,0.182,0.036
2025-12-08T23:20:04.410,-0.124,0.177,0.033
2025-12-08T23:20:04.420,-0.13,0.18,0.032
2025-12-08T23:20:04.430,-0.144,0.176,0.05
2025-12-08T23:20:04.440,-0.154,0.167,0.074
2025-12-08T23:20:04.450,-0.166,0.158,0.073
2025-12-08T23:20:04.460,-0.191,0.148,0.058
2025-12-08T23:20:04.470,-0.193,0.141,0.029
2025-12-08T23:20:04.480,-0.199,0.141,0.02
2025-12-08T23:20:04.490,-0.219,0.147,0.014
2025-12-08T23:20:04.500,-0.23,0.139,0.01
2025-12-08T23:20:04.510,-0.243,0.148,0.019
2025-12-08T23:20:04.520,-0.262,0.149,0.005
2025-12-08T23:20:04.530,-0.274,0.141,-0.014
2025-12-08T23:20:04.540,-0.27,0.144,-0.011
2025-12-08T23:20:04.550,-0.276,0.13,0.013
2025-12-08T23:20:04.560,-0.293,0.126,0.039
2025-12-08T23:20:04.570,-0.279,0.107,0.066
2025-12-08T23:20:04.580,-0.286,0.102,0.079
2025-12-08T23:20:04.590,-0.302,0.112,0.054
2025-12-08T23:20:04.600,-0.291,0.103,0.027
2025-12-08T23:20:04.610,-0.305,0.123,0.009
2025-12-08T23:20:04.620,-0.314,0.111,0.002
2025-12-08T23:20:04.630,-0.307,0.102,0.017
2025-12-08T23:20:04.640,-0.316,0.116,0.028
2025-12-08T23:20:04.650,-0.316,0.091,0.018
2025-12-08T23:20:04.660,-0.317,0.095,0.012
2025-12-08T23:20:04.670,-0.325,0.093,0.04
2025-12-08T23:20:04.680,-0.331,0.072,0.05
2025-12-08T23:20:04.690,-0.326,0.079,0.062
2025-12-08T23:20:04.700,-0.315,0.075,0.087
2025-12-08T23:20:04.710,-0.317,0.075,0.064
2025-12-08T23:20:04.720,-0.318,0.078,0.054
2025-12-08T23:20:04.730,-0.323,0.081,0.026
2025-12-08T23:20:04.740,-0.333,0.072,-0.017
2025-12-08T23:20:04.750,-0.33,0.062,-0.01
2025-12-08T23:20:04.760,-0.325,0.071,-0.006
2025-12-08T23:20:04.770,-0.321,0.065,0.0
2025-12-08T23:20:04.780,-0.321,0.056,0.02
2025-12-08T23:20:04.790,-0.321,0.048,0.029
2025-12-08T23:20:04.800,-0.328,0.046,0.04
2025-12-08T23:20:04.810,-0.331,0.047,0.05
2025-12-08T23:20:04.820,-0.315,0.041,0.039
2025-12-08T23:20:04.830,-0.318,0.043,0.027
2025-12-08T23:20:04.840,-0.319,0.033,0.017
2025-12-08T23:20:04.850,-0.304,0.014,-0.004
2025-12-08T23:20:04.860,-0.308,0.008,-0.018
2025-12-08T23:20:04.870,-0.299,-0.004,-0.029
2025-12-08T23:20:04.880,-0.289,-0.025,-0.035
2025-12-08T23:20:04.890,-0.292,-0.035,-0.017
2025-12-08T23:20:04.900,-0.289,-0.035,-0.002
2025-12-08T23:20:04.910,-0.28,-0.026,-0.012
2025-12-08T23:20:04.920,-0.262,-0.023,-0.038
2025-12-08T23:20:04.930,-0.252,-0.032,-0.068
2025-12-08T23:20:04.940,-0.238,-0.031,-0.062
2025-12-08T23:20:04.950,-0.225,-0.021,-0.036
2025-12-08T23:20:04.960,-0.225,-0.02,-0.028
2025-12-08T23:20:04.970,-0.218,-0.023,-0.016
2025-12-08T23:20:04.980,-0.209,-0.03,-0.024
2025-12-08T23:20:04.990,-0.206,-0.041,-0.041
2025-12-08T23:20:05.000,-0.205,-0.05,-0.034
2025-12-08T23:20:05.010,-0.197,-0.062,-0.043
2025-12-08T23:20:05.020,-0.189,-0.072,-0.068
2025-12-08T23:20:05.030,-0.188,-0.078,-0.062
2025-12-08T23:20:05.040,-0.184,-0.087,-0.073
2025-12-08T23:20:05.050,-0.169,-0.105,-0.119
2025-12-08T23:20:05.060,-0.159,-0.113,-0.116
2025-12-08T23:20:05.070,-0.147,-0.112,-0.089
2025-12-08T23:20:05.080,-0.127,-0.12,-0.081
2025-12-08T23:20:05.090,-0.121,-0.107,-0.063
2025-12-08T23:20:05.100,-0.107,-0.104,-0.048
2025-12-08T23:20:05.110,-0.087,-0.111,-0.061
2025-12-08T23:20:05.120,-0.083,-0.1,-0.091
2025-12-08T23:20:05.130,-0.066,-0.121,-0.11
2025-12-08T23:20:05.140,-0.055,-0.139,-0.121
2025-12-08T23:20:05.150,-0.053,-0.136,-0.117
2025-12-08T23:20:05.160,-0.038,-0.153,-0.11
2025-12-08T23:20:05.170,-0.022,-0.163,-0.125
2025-12-08T23:20:05.180,-0.007,-0.167,-0.132
2025-12-08T23:20:05.190,0.003,-0.176,-0.125
2025-12-08T23:20:05.200,0.016,-0.188,-0.117
2025-12-08T23:20:05.210,0.034,-0.195,-0.104
2025-12-08T23:20:05.220,0.05,-0.186,-0.099
2025-12-08T23:20:05.230,0.066,-0.178,-0.112
2025-12-08T23:20:05.240,0.079,-0.181,-0.133
2025-12-08T23:20:05.250,0.097,-0.181,-0.134
2025-12-08T23:20:05.260,0.107,-0.189,-0.117
2025-12-08T23:20:05.270,0.116,-0.212,-0.116
2025-12-08T23:20:05.280,0.128,-0.229,-0.117
2025-12-08T23:20:05.290,0.143,-0.241,-0.128
2025-12-08T23:20:05.300,0.161,-0.253,-0.167
2025-12-08T23:20:05.310,0.166,-0.259,-0.178
2025-12-08T23:20:05.320,0.18,-0.271,-0.185
2025-12-08T23:20:05.330,0.193,-0.284,-0.196
2025-12-08T23:20:05.340,0.208,-0.278,-0.177
2025-12-08T23:20:05.350,0.237,-0.269,-0.177
2025-12-08T23:20:05.360,0.255,-0.269,-0.196
2025-12-08T23:20:05.370,0.269,-0.259,-0.197
2025-12-08T23:20:05.380,0.28,-0.257,-0.177
2025-12-08T23:20:05.390,0.285,-0.271,-0.161
2025-12-08T23:20:05.400,0.284,-0.277,-0.144
2025-12-08T23:20:05.410,0.291,-0.28,-0.123
2025-12-08T23:20:05.420,0.305,-0.284,-0.137
2025-12-08T23:20:05.430,0.304,-0.286,-0.148
2025-12-08T23:20:05.440,0.303,-0.284,-0.153
2025-12-08T23:20:05.450,0.302,-0.286,-0.177
2025-12-08T23:20:05.460,0.3,-0.299,-0.187
2025-12-08T23:20:05.470,0.311,-0.309,-0.177
2025-12-08T23:20:05.480,0.313,-0.323,-0.159
2025-12-08T23:20:05.490,0.306,-0.328,-0.142
2025-12-08T23:20:05.500,0.319,-0.333,-0.123
2025-12-08T23:20:05.510,0.332,-0.336,-0.116
2025-12-08T23:20:05.520,0.331,-0.329,-0.123
2025-12-08T23:20:05.530,0.335,-0.328,-0.117
2025-12-08T23:20:05.540,0.34,-0.318,-0.11
2025-12-08T23:20:05.550,0.338,-0.308,-0.113
2025-12-08T23:20:05.560,0.334,-0.295,-0.117
2025-12-08T23:20:05.570,0.331,-0.282,-0.121
2025-12-08T23:20:05.580,0.328,-0.293,-0.131
2025-12-08T23:20:05.590,0.322,-0.297,-0.128
2025-12-08T23:20:05.600,0.332,-0.296,-0.113
2025-12-08T23:20:05.610,0.342,-0.309,-0.105
2025-12-08T23:20:05.620,0.345,-0.314,-0.083
2025-12-08T23:20:05.630,0.364,-0.306,-0.072
2025-12-08T23:20:05.640,0.371,-0.3,-0.087
2025-12-08T23:20:05.650,0.379,-0.301,-0.091
2025-12-08T23:20:05.660,0.393,-0.298,-0.077
2025-12-08T23:20:05.670,0.386,-0.295,-0.05
2025-12-08T23:20:05.680,0.381,-0.294,-0.011
2025-12-08T23:20:05.690,0.383,-0.286,0.003
2025-12-08T23:20:05.700,0.385,-0.276,-0.018
2025-12-08T23:20:05.710,0.381,-0.266,-0.035
2025-12-08T23:20:05.720,0.373,-0.255,-0.043
2025-12-08T23:20:05.730,0.36,-0.241,-0.057
2025-12-08T23:20:05.740,0.341,-0.224,-0.048
2025-12-08T23:20:05.750,0.338,-0.214,-0.035
2025-12-08T23:20:05.760,0.342,-0.208,-0.052
2025-12-08T23:20:05.770,0.34,-0.203,-0.048
2025-12-08T23:20:05.780,0.336,-0.202,-0.027
2025-12-08T23:20:05.790,0.332,-0.21,-0.009
2025-12-08T23:20:05.800,0.341,-0.218,0.023
2025-12-08T23:20:05.810,0.352,-0.215,0.049
2025-12-08T23:20:05.820,0.347,-0.205,0.055
2025-12-08T23:20:05.830,0.353,-0.198,0.039
2025-12-08T23:20:05.840,0.356,-0.2,0.013
2025-12-08T23:20:05.850,0.332,-0.186,-0.003
2025-12-08T23:20:05.860,0.327,-0.182,-0.002
2025-12-08T23:20:05.870,0.316,-0.185,0.03
2025-12-08T23:20:05.880,0.284,-0.171,0.067
2025-12-08T23:20:05.890,0.269,-0.164,0.07
2025-12-08T23:20:05.900,0.26,-0.147,0.041
2025-12-08T23:20:05.910,0.263,-0.139,-0.001
2025-12-08T23:20:05.920,0.267,-0.117,-0.033
2025-12-08T23:20:05.930,0.255,-0.095,-0.002
2025-12-08T23:20:05.940,0.264,-0.119,0.054
2025-12-08T23:20:05.950,0.258,-0.108,0.087
2025-12-08T23:20:05.960,0.241,-0.085,0.124
2025-12-08T23:20:05.970,0.258,-0.11,0.11
2025-12-08T23:20:05.980,0.267,-0.102,0.052
2025-12-08T23:20:05.990,0.252,-0.076,0.054
2025-12-08T23:20:06.000,0.25,-0.092,0.074
2025-12-08T23:20:06.010,0.255,-0.087,0.066
2025-12-08T23:20:06.020,0.239,-0.067,0.092
2025-12-08T23:20:06.030,0.221,-0.074,0.104
2025-12-08T23:20:06.040,0.225,-0.074,0.077
2025-12-08T23:20:06.050,0.215,-0.063,0.08
2025-12-08T23:20:06.060,0.201,-0.06,0.08
2025-12-08T23:20:06.070,0.207,-0.073,0.082
2025-12-08T23:20:06.080,0.2,-0.064,0.1
2025-12-08T23:20:06.090,0.183,-0.051,0.125
2025-12-08T23:20:06.100,0.189,-0.062,0.147
2025-12-08T23:20:06.110,0.191,-0.043,0.121
2025-12-08T23:20:06.120,0.167,-0.025,0.093
2025-12-08T23:20:06.130,0.165,-0.025,0.084
2025-12-08T23:20:06.140,0.161,-0.008,0.074
2025-12-08T23:20:06.150,0.136,-0.004,0.083
2025-12-08T23:20:06.160,0.137,-0.002,0.083
2025-12-08T23:20:06.170,0.134,0.017,0.084
2025-12-08T23:20:06.180,0.126,0.037,0.096
2025-12-08T23:20:06.190,0.133,0.026,0.116
2025-12-08T23:20:06.200,0.131,0.022,0.133
2025-12-08T23:20:06.210,0.123,0.027,0.132
2025-12-08T23:20:06.220,0.13,0.02,0.121
2025-12-08T23:20:06.230,0.131,0.035,0.11
2025-12-08T23:20:06.240,0.121,0.032,0.112
2025-12-08T23:20:06.250,0.12,0.029,0.108
2025-12-08T23:20:06.260,0.116,0.05,0.116
2025-12-08T23:20:06.270,0.11,0.052,0.111
2025-12-08T23:20:06.280,0.109,0.055,0.094
2025-12-08T23:20:06.290,0.108,0.058,0.109
2025-12-08T23:20:06.300,0.102,0.059,0.116
2025-12-08T23:20:06.310,0.095,0.06,0.123
2025-12-08T23:20:06.320,0.1,0.074,0.12
2025-12-08T23:20:06.330,0.091,0.075,0.099
2025-12-08T23:20:06.340,0.084,0.06,0.109
2025-12-08T23:20:06.350,0.086,0.073,0.127
2025-12-08T23:20:06.360,0.079,0.072,0.125
2025-12-08T23:20:06.370,0.078,0.078,0.113
2025-12-08T23:20:06.380,0.061,0.093,0.116
2025-12-08T23:20:06.390,0.051,0.083,0.087
2025-12-08T23:20:06.400,0.054,0.091,0.071
2025-12-08T23:20:06.410,0.05,0.096,0.092
2025-12-08T23:20:06.420,0.048,0.095,0.059
2025-12-08T23:20:06.430,0.031,0.1,0.059
2025-12-08T23:20:06.440,0.029,0.106,0.072
2025-12-08T23:20:06.450,0.023,0.125,0.059
2025-12-08T23:20:06.460,-0.002,0.125,0.079
2025-12-08T23:20:06.470,0.008,0.116,0.068
2025-12-08T23:20:06.480,0.01,0.125,0.038
2025-12-08T23:20:06.490,0.001,0.139,0.035
2025-12-08T23:20:06.500,0.01,0.133,0.038
2025-12-08T23:20:06.510,0.007,0.137,0.039
2025-12-08T23:20:06.520,-0.021,0.15,0.098
2025-12-08T23:20:06.530,-0.032,0.139,0.139
2025-12-08T23:20:06.540,-0.028,0.14,0.081
2025-12-08T23:20:06.550,-0.049,0.155,0.054
2025-12-08T23:20:06.560,-0.054,0.152,0.039
2025-12-08T23:20:06.570,-0.053,0.154,0.01
2025-12-08T23:20:06.580,-0.068,0.173,0.036
2025-12-08T23:20:06.590,-0.064,0.176,0.062
2025-12-08T23:20:06.600,-0.054,0.168,0.048
2025-12-08T23:20:06.610,-0.065,0.172,0.053
2025-12-08T23:20:06.620,-0.075,0.174,0.092
2025-12-08T23:20:06.630,-0.07,0.176,0.111
2025-12-08T23:20:06.640,-0.082,0.193,0.126
2025-12-08T23:20:06.650,-0.089,0.197,0.135
2025-12-08T23:20:06.660,-0.087,0.187,0.123
2025-12-08T23:20:06.670,-0.106,0.197,0.11
2025-12-08T23:20:06.680,-0.116,0.197,0.089
2025-12-08T23:20:06.690,-0.111,0.185,0.077
2025-12-08T23:20:06.700,-0.12,0.203,0.078
2025-12-08T23:20:06.710,-0.128,0.213,0.078
2025-12-08T23:20:06.720,-0.128,0.214,0.064
2025-12-08T23:20:06.730,-0.131,0.229,0.04
2025-12-08T23:20:06.740,-0.146,0.236,0.007
2025-12-08T23:20:06.750,-0.153,0.229,0.009
2025-12-08T23:20:06.760,-0.161,0.221,0.059
2025-12-08T23:20:06.770,-0.17,0.216,0.08
2025-12-08T23:20:06.780,-0.169,0.216,0.094
2025-12-08T23:20:06.790,-0.178,0.224,0.102
2025-12-08T23:20:06.800,-0.179,0.218,0.082
2025-12-08T23:20:06.810,-0.184,0.218,0.077
2025-12-08T23:20:06.820,-0.196,0.226,0.081
2025-12-08T23:20:06.830,-0.2,0.208,0.064
2025-12-08T23:20:06.840,-0.21,0.212,0.055
2025-12-08T23:20:06.850,-0.218,0.232,0.063
2025-12-08T23:20:06.860,-0.224,0.233,0.077
2025-12-08T23:20:06.870,-0.22,0.227,0.114
2025-12-08T23:20:06.880,-0.215,0.23,0.135
2025-12-08T23:20:06.890,-0.223,0.252,0.121
2025-12-08T23:20:06.900,-0.218,0.257,0.111
2025-12-08T23:20:06.910,-0.205,0.25,0.095
2025-12-08T23:20:06.920,-0.207,0.259,0.107
2025-12-08T23:20:06.930,-0.205,0.254,0.15
2025-12-08T23:20:06.940,-0.187,0.256,0.135
2025-12-08T23:20:06.950,-0.191,0.276,0.096
2025-12-08T23:20:06.960,-0.207,0.264,0.083
2025-12-08T23:20:06.970,-0.21,0.257,0.062
2025-12-08T23:20:06.980,-0.232,0.275,0.098
2025-12-08T23:20:06.990,-0.255,0.268,0.15
2025-12-08T23:20:07.000,-0.257,0.255,0.116
2025-12-08T23:20:07.010,-0.263,0.257,0.078
2025-12-08T23:20:07.020,-0.266,0.248,0.045
2025-12-08T23:20:07.030,-0.254,0.243,0.007
2025-12-08T23:20:07.040,-0.254,0.257,0.027
2025-12-08T23:20:07.050,-0.247,0.251,0.069
2025-12-08T23:20:07.060,-0.231,0.241,0.102
2025-12-08T23:20:07.070,-0.23,0.246,0.1
2025-12-08T23:20:07.080,-0.228,0.239,0.067
2025-12-08T23:20:07.090,-0.228,0.247,0.044
2025-12-08T23:20:07.100,-0.228,0.263,0.037
2025-12-08T23:20:07.110,-0.238,0.258,0.043
2025-12-08T23:20:07.120,-0.234,0.259,0.054
2025-12-08T23:20:07.130,-0.229,0.251,0.059
2025-12-08T23:20:07.140,-0.255,0.238,0.048
2025-12-08T23:20:07.150,-0.257,0.234,0.048
2025-12-08T23:20:07.160,-0.253,0.234,0.062
2025-12-08T23:20:07.170,-0.255,0.235,0.049
2025-12-08T23:20:07.180,-0.239,0.231,0.039
2025-12-08T23:20:07.190,-0.228,0.235,0.037
2025-12-08T23:20:07.200,-0.213,0.235,0.031
2025-12-08T23:20:07.210,-0.2,0.239,0.029
2025-12-08T23:20:07.220,-0.196,0.237,0.058
2025-12-08T23:20:07.230,-0.194,0.223,0.089
2025-12-08T23:20:07.240,-0.197,0.226,0.093
2025-12-08T23:20:07.250,-0.189,0.224,0.098
2025-12-08T23:20:07.260,-0.17,0.216,0.064
2025-12-08T23:20:07.270,-0.165,0.212,0.026
2025-12-08T23:20:07.280,-0.173,0.211,0.033
2025-12-08T23:20:07.290,-0.174,0.198,0.041
2025-12-08T23:20:07.300,-0.183,0.188,0.054
2025-12-08T23:20:07.310,-0.188,0.186,0.061
2025-12-08T23:20:07.320,-0.181,0.17,0.056
2025-12-08T23:20:07.330,-0.187,0.175,0.056
2025-12-08T23:20:07.340,-0.189,0.198,0.055
2025-12-08T23:20:07.350,-0.178,0.202,0.03
2025-12-08T23:20:07.360,-0.164,0.199,0.0
2025-12-08T23:20:07.370,-0.153,0.197,0.018
2025-12-08T23:20:07.380,-0.142,0.191,0.049
2025-12-08T23:20:07.390,-0.133,0.183,0.07
2025-12-08T23:20:07.400,-0.118,0.173,0.078
2025-12-08T23:20:07.410,-0.097,0.165,0.076
2025-12-08T23:20:07.420,-0.094,0.157,0.08
2025-12-08T23:20:07.430,-0.086,0.15,0.062
2025-12-08T23:20:07.440,-0.079,0.153,0.049
2025-12-08T23:20:07.450,-0.082,0.145,0.044
2025-12-08T23:20:07.460,-0.076,0.139,0.021
2025-12-08T23:20:07.470,-0.076,0.147,0.041
2025-12-08T23:20:07.480,-0.066,0.143,0.06
2025-12-08T23:20:07.490,-0.057,0.146,0.042
2025-12-08T23:20:07.500,-0.052,0.158,0.048
2025-12-08T23:20:07.510,-0.036,0.144,0.043
2025-12-08T23:20:07.520,-0.024,0.124,0.027
2025-12-08T23:20:07.530,-0.011,0.126,0.041
2025-12-08T23:20:07.540,-0.002,0.11,0.064
2025-12-08T23:20:07.550,0.013,0.084,0.086
2025-12-08T23:20:07.560,0.021,0.08,0.124
2025-12-08T23:20:07.570,0.02,0.07,0.123
2025-12-08T23:20:07.580,0.025,0.063,0.078
2025-12-08T23:20:07.590,0.023,0.069,0.071
2025-12-08T23:20:07.600,0.031,0.062,0.065
2025-12-08T23:20:07.610,0.042,0.051,0.062
2025-12-08T23:20:07.620,0.046,0.054,0.078
2025-12-08T23:20:07.630,0.062,0.051,0.066
2025-12-08T23:20:07.640,0.076,0.041,0.076
2025-12-08T23:20:07.650,0.083,0.042,0.116
2025-12-08T23:20:07.660,0.087,0.035,0.132
2025-12-08T23:20:07.670,0.08,0.031,0.118
2025-12-08T23:20:07.680,0.08,0.027,0.103
2025-12-08T23:20:07.690,0.089,0.012,0.087
2025-12-08T23:20:07.700,0.09,0.014,0.08
2025-12-08T23:20:07.710,0.091,0.002,0.111
2025-12-08T23:20:07.720,0.097,-0.02,0.118
2025-12-08T23:20:07.730,0.09,-0.025,0.114
2025-12-08T23:20:07.740,0.081,-0.05,0.146
2025-12-08T23:20:07.750,0.098,-0.073,0.147
2025-12-08T23:20:07.760,0.101,-0.077,0.137
2025-12-08T23:20:07.770,0.096,-0.087,0.141
2025-12-08T23:20:07.780,0.113,-0.094,0.125
2025-12-08T23:20:07.790,0.12,-0.102,0.128
2025-12-08T23:20:07.800,0.126,-0.123,0.155
2025-12-08T23:20:07.810,0.146,-0.137,0.192
2025-12-08T23:20:07.820,0.154,-0.14,0.217
2025-12-08T23:20:07.830,0.153,-0.136,0.21
2025-12-08T23:20:07.840,0.157,-0.132,0.192
2025-12-08T23:20:07.850,0.148,-0.138,0.158
2025-12-08T23:20:07.860,0.126,-0.156,0.149
2025-12-08T23:20:07.870,0.118,-0.168,0.171
2025-12-08T23:20:07.880,0.117,-0.177,0.183
2025-12-08T23:20:07.890,0.109,-0.184,0.177
2025-12-08T23:20:07.900,0.106,-0.178,0.142
2025-12-08T23:20:07.910,0.119,-0.193,0.107
2025-12-08T23:20:07.920,0.125,-0.204,0.092
2025-12-08T23:20:07.930,0.122,-0.202,0.114
2025-12-08T23:20:07.940,0.134,-0.221,0.136
2025-12-08T23:20:07.950,0.144,-0.23,0.144
2025-12-08T23:20:07.960,0.138,-0.23,0.173
2025-12-08T23:20:07.970,0.148,-0.237,0.163
2025-12-08T23:20:07.980,0.155,-0.239,0.154
2025-12-08T23:20:07.990,0.145,-0.23,0.166
2025-12-08T23:20:08.000,0.148,-0.228,0.155
2025-12-08T23:20:08.010,0.143,-0.23,0.153
2025-12-08T23:20:08.020,0.132,-0.236,0.136
2025-12-08T23:20:08.030,0.132,-0.257,0.108
2025-12-08T23:20:08.040,0.121,-0.269,0.099
2025-12-08T23:20:08.050,0.111,-0.284,0.127
2025-12-08T23:20:08.060,0.124,-0.3,0.158
2025-12-08T23:20:08.070,0.134,-0.31,0.175
2025-12-08T23:20:08.080,0.129,-0.316,0.172
2025-12-08T23:20:08.090,0.135,-0.314,0.125
2025-12-08T23:20:08.100,0.141,-0.323,0.098
2025-12-08T23:20:08.110,0.14,-0.325,0.095
2025-12-08T23:20:08.120,0.14,-0.323,0.111
2025-12-08T23:20:08.130,0.141,-0.318,0.116
2025-12-08T23:20:08.140,0.138,-0.312,0.091
2025-12-08T23:20:08.150,0.133,-0.31,0.078
2025-12-08T23:20:08.160,0.134,-0.312,0.056
2025-12-08T23:20:08.170,0.127,-0.327,0.061
2025-12-08T23:20:08.180,0.12,-0.326,0.08
2025-12-08T23:20:08.190,0.118,-0.326,0.088
2025-12-08T23:20:08.200,0.115,-0.33,0.075
2025-12-08T23:20:08.210,0.118,-0.334,0.061
2025-12-08T23:20:08.220,0.119,-0.346,0.077
2025-12-08T23:20:08.230,0.114,-0.348,0.093
2025-12-08T23:20:08.240,0.108,-0.348,0.123
2025-12-08T23:20:08.250,0.114,-0.334,0.135
2025-12-08T23:20:08.260,0.117,-0.332,0.122
2025-12-08T23:20:08.270,0.103,-0.332,0.123
2025-12-08T23:20:08.280,0.104,-0.334,0.121
2025-12-08T23:20:08.290,0.102,-0.332,0.102
2025-12-08T23:20:08.300,0.092,-0.306,0.078
2025-12-08T23:20:08.310,0.099,-0.301,0.069
2025-12-08T23:20:08.320,0.101,-0.306,0.054
2025-12-08T23:20:08.330,0.088,-0.322,0.066
2025-12-08T23:20:08.340,0.089,-0.315,0.102
2025-12-08T23:20:08.350,0.093,-0.312,0.103
2025-12-08T23:20:08.360,0.087,-0.335,0.066
2025-12-08T23:20:08.370,0.094,-0.326,0.044
2025-12-08T23:20:08.380,0.104,-0.346,0.051
2025-12-08T23:20:08.390,0.098,-0.348,0.048
2025-12-08T23:20:08.400,0.098,-0.334,0.066
2025-12-08T23:20:08.410,0.097,-0.342,0.066
2025-12-08T23:20:08.420,0.092,-0.339,0.025
2025-12-08T23:20:08.430,0.093,-0.335,0.02
2025-12-08T23:20:08.440,0.095,-0.328,0.029
2025-12-08T23:20:08.450,0.103,-0.332,0.03
2025-12-08T23:20:08.460,0.108,-0.315,0.045
2025-12-08T23:20:08.470,0.122,-0.315,0.059
2025-12-08T23:20:08.480,0.138,-0.33,0.032
2025-12-08T23:20:08.490,0.137,-0.309,0.015
2025-12-08T23:20:08.500,0.144,-0.311,0.021
2025-12-08T23:20:08.510,0.137,-0.305,0.01
2025-12-08T23:20:08.520,0.131,-0.297,0.035
2025-12-08T23:20:08.530,0.133,-0.299,0.064
2025-12-08T23:20:08.540,0.122,-0.284,0.051
2025-12-08T23:20:08.550,0.122,-0.282,0.027
2025-12-08T23:20:08.560,0.127,-0.282,-0.013
2025-12-08T23:20:08.570,0.129,-0.286,-0.038
2025-12-08T23:20:08.580,0.125,-0.284,-0.01
2025-12-08T23:20:08.590,0.12,-0.279,0.025
2025-12-08T23:20:08.600,0.12,-0.266,0.024
2025-12-08T23:20:08.610,0.116,-0.251,0.026
2025-12-08T23:20:08.620,0.12,-0.253,0.017
2025-12-08T23:20:08.630,0.116,-0.244,0.005
2025-12-08T23:20:08.640,0.107,-0.227,0.029
2025-12-08T23:20:08.650,0.113,-0.212,0.034
2025-12-08T23:20:08.660,0.118,-0.207,0.007
2025-12-08T23:20:08.670,0.11,-0.202,-0.013
2025-12-08T23:20:08.680,0.106,-0.203,-0.011
2025-12-08T23:20:08.690,0.104,-0.207,-0.018
2025-12-08T23:20:08.700,0.098,-0.191,-0.032
2025-12-08T23:20:08.710,0.103,-0.188,-0.029
2025-12-08T23:20:08.720,0.104,-0.189,-0.04
2025-12-08T23:20:08.730,0.089,-0.188,-0.021
2025-12-08T23:20:08.740,0.081,-0.196,0.005
2025-12-08T23:20:08.750,0.072,-0.201,0.003
2025-12-08T23:20:08.760,0.064,-0.206,-0.008
2025-12-08T23:20:08.770,0.06,-0.205,-0.026
2025-12-08T23:20:08.780,0.064,-0.202,-0.028
2025-12-08T23:20:08.790,0.068,-0.197,-0.043
2025-12-08T23:20:08.800,0.069,-0.194,-0.064
2025-12-08T23:20:08.810,0.084,-0.194,-0.071
2025-12-08T23:20:08.820,0.092,-0.187,-0.065
2025-12-08T23:20:08.830,0.095,-0.181,-0.034
2025-12-08T23:20:08.840,0.109,-0.178,-0.03
2025-12-08T23:20:08.850,0.105,-0.164,-0.04
2025-12-08T23:20:08.860,0.101,-0.156,-0.043
2025-12-08T23:20:08.870,0.105,-0.157,-0.057
2025-12-08T23:20:08.880,0.098,-0.15,-0.062
2025-12-08T23:20:08.890,0.087,-0.15,-0.025
2025-12-08T23:20:08.900,0.076,-0.146,0.0
2025-12-08T23:20:08.910,0.063,-0.138,-0.032
2025-12-08T23:20:08.920,0.052,-0.147,-0.052
2025-12-08T23:20:08.930,0.039,-0.142,-0.074
2025-12-08T23:20:08.940,0.041,-0.146,-0.103
2025-12-08T23:20:08.950,0.041,-0.148,-0.089
2025-12-08T23:20:08.960,0.031,-0.135,-0.066
2025-12-08T23:20:08.970,0.032,-0.142,-0.068
2025-12-08T23:20:08.980,0.03,-0.134,-0.093
2025-12-08T23:20:08.990,0.019,-0.12,-0.094
2025-12-08T23:20:09.000,0.016,-0.121,-0.091
2025-12-08T23:20:09.010,0.014,-0.123,-0.112
2025-12-08T23:20:09.020,-0.002,-0.12,-0.108
2025-12-08T23:20:09.030,-0.003,-0.114,-0.116
2025-12-08T23:20:09.040,-0.005,-0.112,-0.143
2025-12-08T23:20:09.050,-0.012,-0.097,-0.163
2025-12-08T23:20:09.060,-0.008,-0.086,-0.179
2025-12-08T23:20:09.070,-0.016,-0.098,-0.196
2025-12-08T23:20:09.080,-0.027,-0.106,-0.195
2025-12-08T23:20:09.090,-0.032,-0.112,-0.154
2025-12-08T23:20:09.100,-0.039,-0.119,-0.135
2025-12-08T23:20:09.110,-0.046,-0.105,-0.141
2025-12-08T23:20:09.120,-0.049,-0.095,-0.144
2025-12-08T23:20:09.130,-0.058,-0.093,-0.173
2025-12-08T23:20:09.140,-0.062,-0.086,-0.209
2025-12-08T23:20:09.150,-0.049,-0.088,-0.211
2025-12-08T23:20:09.160,-0.05,-0.093,-0.199
2025-12-08T23:20:09.170,-0.052,-0.087,-0.189
2025-12-08T23:20:09.180,-0.05,-0.071,-0.168
2025-12-08T23:20:09.190,-0.052,-0.078,-0.17
2025-12-08T23:20:09.200,-0.045,-0.09,-0.2
2025-12-08T23:20:09.210,-0.048,-0.085,-0.207
2025-12-08T23:20:09.220,-0.05,-0.099,-0.21
2025-12-08T23:20:09.230,-0.054,-0.093,-0.218
2025-12-08T23:20:09.240,-0.056,-0.079,-0.213
2025-12-08T23:20:09.250,-0.045,-0.092,-0.224
2025-12-08T23:20:09.260,-0.051,-0.082,-0.235
2025-12-08T23:20:09.270,-0.054,-0.081,-0.212
2025-12-08T23:20:09.280,-0.037,-0.102,-0.188
2025-12-08T23:20:09.290,-0.045,-0.091,-0.161
2025-12-08T23:20:09.300,-0.055,-0.082,-0.132
2025-12-08T23:20:09.310,-0.05,-0.091,-0.152
2025-12-08T23:20:09.320,-0.062,-0.082,-0.178
2025-12-08T23:20:09.330,-0.073,-0.086,-0.178
2025-12-08T23:20:09.340,-0.064,-0.109,-0.186
2025-12-08T23:20:09.350,-0.062,-0.12,-0.186
2025-12-08T23:20:09.360,-0.064,-0.124,-0.185
2025-12-08T23:20:09.370,-0.055,-0.13,-0.207
2025-12-08T23:20:09.380,-0.051,-0.125,-0.232
2025-12-08T23:20:09.390,-0.055,-0.107,-0.231
2025-12-08T23:20:09.400,-0.052,-0.107,-0.205
2025-12-08T23:20:09.410,-0.058,-0.096,-0.176
2025-12-08T23:20:09.420,-0.079,-0.079,-0.155
2025-12-08T23:20:09.430,-0.078,-0.09,-0.149
2025-12-08T23:20:09.440,-0.081,-0.072,-0.164
2025-12-08T23:20:09.450,-0.082,-0.069,-0.162
2025-12-08T23:20:09.460,-0.075,-0.077,-0.139
2025-12-08T23:20:09.470,-0.08,-0.061,-0.113
2025-12-08T23:20:09.480,-0.071,-0.079,-0.108
2025-12-08T23:20:09.490,-0.068,-0.082,-0.123
2025-12-08T23:20:09.500,-0.062,-0.072,-0.125
2025-12-08T23:20:09.510,-0.054,-0.071,-0.12
2025-12-08T23:20:09.520,-0.051,-0.064,-0.089
2025-12-08T23:20:09.530,-0.04,-0.056,-0.045
2025-12-08T23:20:09.540,-0.037,-0.041,-0.032
2025-12-08T23:20:09.550,-0.02,-0.047,-0.041
2025-12-08T23:20:09.560,-0.018,-0.04,-0.033
2025-12-08T23:20:09.570,-0.022,-0.025,-0.009
2025-12-08T23:20:09.580,-0.007,-0.024,0.011
2025-12-08T23:20:09.590,-0.011,-0.007,0.032
2025-12-08T23:20:09.600,-0.017,-0.003,0.013
2025-12-08T23:20:09.610,-0.025,-0.013,-0.036
2025-12-08T23:20:09.620,-0.028,-0.02,-0.062
2025-12-08T23:20:09.630,-0.036,-0.031,-0.065
2025-12-08T23:20:09.640,-0.054,-0.033,-0.031
2025-12-08T23:20:09.650,-0.047,-0.029,0.016
2025-12-08T23:20:09.660,-0.037,-0.02,0.02
2025-12-08T23:20:09.670,-0.023,-0.013,-0.009
2025-12-08T23:20:09.680,-0.004,-0.012,-0.027
2025-12-08T23:20:09.690,0.007,0.002,-0.029
2025-12-08T23:20:09.700,0.009,0.011,0.028
2025-12-08T23:20:09.710,0.003,0.02,0.111
2025-12-08T23:20:09.720,0.003,0.027,0.145
2025-12-08T23:20:09.730,0.004,0.021,0.149
2025-12-08T23:20:09.740,0.007,0.035,0.112
2025-12-08T23:20:09.750,0.024,0.041,0.062
2025-12-08T23:20:09.760,0.03,0.046,0.029
2025-12-08T23:20:09.770,0.027,0.054,0.034
2025-12-08T23:20:09.780,0.035,0.043,0.062
2025-12-08T23:20:09.790,0.027,0.043,0.073
2025-12-08T23:20:09.800,0.02,0.044,0.091
2025-12-08T23:20:09.810,0.03,0.048,0.095
2025-12-08T23:20:09.820,0.034,0.061,0.103
2025-12-08T23:20:09.830,0.031,0.07,0.121
2025-12-08T23:20:09.840,0.037,0.093,0.137
2025-12-08T23:20:09.850,0.055,0.094,0.149
2025-12-08T23:20:09.860,0.068,0.084,0.138
2025-12-08T23:20:09.870,0.066,0.112,0.17
2025-12-08T23:20:09.880,0.076,0.123,0.189
2025-12-08T23:20:09.890,0.093,0.097,0.166
2025-12-08T23:20:09.900,0.086,0.111,0.188
2025-12-08T23:20:09.910,0.085,0.111,0.182
2025-12-08T23:20:09.920,0.094,0.071,0.133
2025-12-08T23:20:09.930,0.086,0.098,0.127
2025-12-08T23:20:09.940,0.092,0.103,0.131
2025-12-08T23:20:09.950,0.103,0.063,0.127
2025-12-08T23:20:09.960,0.091,0.101,0.169
2025-12-08T23:20:09.970,0.091,0.098,0.189
2025-12-08T23:20:09.980,0.103,0.059,0.156
2025-12-08T23:20:09.990,0.089,0.096,0.183
2025-12-08T23:20:10.000,0.087,0.101,0.178
2025-12-08T23:20:10.010,0.09,0.092,0.132
2025-12-08T23:20:10.020,0.066,0.122,0.182
2025-12-08T23:20:10.030,0.06,0.115,0.165
2025-12-08T23:20:10.040,0.054,0.096,0.114
2025-12-08T23:20:10.050,0.048,0.102,0.149
2025-12-08T23:20:10.060,0.064,0.093,0.133
2025-12-08T23:20:10.070,0.062,0.086,0.112
2025-12-08T23:20:10.080,0.062,0.097,0.134
2025-12-08T23:20:10.090,0.074,0.095,0.114
2025-12-08T23:20:10.100,0.079,0.081,0.097
2025-12-08T23:20:10.110,0.074,0.086,0.146
2025-12-08T23:20:10.120,0.082,0.087,0.184
2025-12-08T23:20:10.130,0.088,0.076,0.188
2025-12-08T23:20:10.140,0.063,0.089,0.22
2025-12-08T23:20:10.150,0.067,0.075,0.217
2025-12-08T23:20:10.160,0.064,0.055,0.186
2025-12-08T23:20:10.170,0.04,0.073,0.177
2025-12-08T23:20:10.180,0.054,0.063,0.136
2025-12-08T23:20:10.190,0.05,0.055,0.088
2025-12-08T23:20:10.200,0.037,0.061,0.081
2025-12-08T23:20:10.210,0.034,0.052,0.097
2025-12-08T23:20:10.220,0.019,0.053,0.119
2025-12-08T23:20:10.230,0.011,0.056,0.144
2025-12-08T23:20:10.240,0.009,0.061,0.143
2025-12-08T23:20:10.250,0.013,0.067,0.128
2025-12-08T23:20:10.260,0.001,0.07,0.146
2025-12-08T23:20:10.270,-0.009,0.078,0.143
2025-12-08T23:20:10.280,-0.002,0.079,0.125
2025-12-08T23:20:10.290,-0.017,0.086,0.117
2025-12-08T23:20:10.300,-0.021,0.082,0.094
2025-12-08T23:20:10.310,-0.025,0.071,0.066
2025-12-08T23:20:10.320,-0.045,0.069,0.043
2025-12-08T23:20:10.330,-0.045,0.057,0.03
2025-12-08T23:20:10.340,-0.044,0.063,0.031
2025-12-08T23:20:10.350,-0.05,0.073,0.044
2025-12-08T23:20:10.360,-0.044,0.072,0.05
2025-12-08T23:20:10.370,-0.039,0.085,0.05
2025-12-08T23:20:10.380,-0.041,0.086,0.042
2025-12-08T23:20:10.390,-0.038,0.089,0.052
2025-12-08T23:20:10.400,-0.04,0.097,0.084
2025-12-08T23:20:10.410,-0.05,0.1,0.092
2025-12-08T23:20:10.420,-0.054,0.109,0.095
2025-12-08T23:20:10.430,-0.061,0.094,0.081
2025-12-08T23:20:10.440,-0.074,0.08,0.05
2025-12-08T23:20:10.450,-0.087,0.079,0.035
2025-12-08T23:20:10.460,-0.093,0.062,0.025
2025-12-08T23:20:10.470,-0.09,0.052,0.018
2025-12-08T23:20:10.480,-0.1,0.041,0.024
2025-12-08T23:20:10.490,-0.098,0.03,0.043
2025-12-08T23:20:10.500,-0.095,0.037,0.037
2025-12-08T23:20:10.510,-0.105,0.04,0.024
2025-12-08T23:20:10.520,-0.095,0.041,0.032
2025-12-08T23:20:10.530,-0.095,0.048,0.038
2025-12-08T23:20:10.540,-0.115,0.063,0.062
2025-12-08T23:20:10.550,-0.122,0.063,0.071
2025-12-08T23:20:10.560,-0.116,0.055,0.041
2025-12-08T23:20:10.570,-0.127,0.06,0.008
2025-12-08T23:20:10.580,-0.146,0.043,-0.019
2025-12-08T23:20:10.590,-0.146,0.028,-0.03
2025-12-08T23:20:10.600,-0.165,0.022,-0.045
2025-12-08T23:20:10.610,-0.173,0.012,-0.059
2025-12-08T23:20:10.620,-0.165,0.007,-0.077
2025-12-08T23:20:10.630,-0.176,-0.008,-0.1
2025-12-08T23:20:10.640,-0.187,-0.004,-0.091
2025-12-08T23:20:10.650,-0.195,-0.007,-0.071
2025-12-08T23:20:10.660,-0.194,-0.016,-0.052
2025-12-08T23:20:10.670,-0.2,-0.009,-0.022
2025-12-08T23:20:10.680,-0.201,-0.008,-0.015
2025-12-08T23:20:10.690,-0.2,0.002,-0.03
2025-12-08T23:20:10.700,-0.209,0.0,-0.035
2025-12-08T23:20:10.710,-0.216,-0.002,-0.029
2025-12-08T23:20:10.720,-0.23,-0.005,-0.036
2025-12-08T23:20:10.730,-0.239,-0.025,-0.036
2025-12-08T23:20:10.740,-0.249,-0.035,-0.015
2025-12-08T23:20:10.750,-0.274,-0.046,-0.021
2025-12-08T23:20:10.760,-0.289,-0.06,-0.034
2025-12-08T23:20:10.770,-0.294,-0.066,-0.048
2025-12-08T23:20:10.780,-0.298,-0.064,-0.092
2025-12-08T23:20:10.790,-0.299,-0.057,-0.114
2025-12-08T23:20:10.800,-0.291,-0.05,-0.116
2025-12-08T23:20:10.810,-0.286,-0.058,-0.127
2025-12-08T23:20:10.820,-0.296,-0.057,-0.107
2025-12-08T23:20:10.830,-0.307,-0.053,-0.091
2025-12-08T23:20:10.840,-0.305,-0.067,-0.099
2025-12-08T23:20:10.850,-0.319,-0.061,-0.099
2025-12-08T23:20:10.860,-0.342,-0.072,-0.125
2025-12-08T23:20:10.870,-0.352,-0.068,-0.157
2025-12-08T23:20:10.880,-0.371,-0.061,-0.147
2025-12-08T23:20:10.890,-0.383,-0.082,-0.165
2025-12-08T23:20:10.900,-0.387,-0.077,-0.193
2025-12-08T23:20:10.910,-0.405,-0.094,-0.182
2025-12-08T23:20:10.920,-0.419,-0.105,-0.189
2025-12-08T23:20:10.930,-0.419,-0.104,-0.189
2025-12-08T23:20:10.940,-0.435,-0.102,-0.173
2025-12-08T23:20:10.950,-0.441,-0.107,-0.184
2025-12-08T23:20:10.960,-0.436,-0.107,-0.183
2025-12-08T23:20:10.970,-0.454,-0.075,-0.159
2025-12-08T23:20:10.980,-0.453,-0.079,-0.165
2025-12-08T23:20:10.990,-0.448,-0.07,-0.195
2025-12-08T23:20:11.000,-0.456,-0.059,-0.204
2025-12-08T23:20:11.010,-0.464,-0.073,-0.218
2025-12-08T23:20:11.020,-0.472,-0.075,-0.206
2025-12-08T23:20:11.030,-0.473,-0.098,-0.179
2025-12-08T23:20:11.040,-0.482,-0.11,-0.194
2025-12-08T23:20:11.050,-0.484,-0.125,-0.196
2025-12-08T23:20:11.060,-0.484,-0.128,-0.206
2025-12-08T23:20:11.070,-0.491,-0.119,-0.228
2025-12-08T23:20:11.080,-0.492,-0.116,-0.228
2025-12-08T23:20:11.090,-0.498,-0.102,-0.227
2025-12-08T23:20:11.100,-0.503,-0.105,-0.225
2025-12-08T23:20:11.110,-0.494,-0.105,-0.217
2025-12-08T23:20:11.120,-0.491,-0.102,-0.21
2025-12-08T23:20:11.130,-0.493,-0.109,-0.215
2025-12-08T23:20:11.140,-0.494,-0.112,-0.212
2025-12-08T23:20:11.150,-0.496,-0.116,-0.21
2025-12-08T23:20:11.160,-0.499,-0.122,-0.227
2025-12-08T23:20:11.170,-0.509,-0.125,-0.238
2025-12-08T23:20:11.180,-0.513,-0.123,-0.238
2025-12-08T23:20:11.190,-0.519,-0.125,-0.231
2025-12-08T23:20:11.200,-0.53,-0.125,-0.218
2025-12-08T23:20:11.210,-0.524,-0.126,-0.211
2025-12-08T23:20:11.220,-0.525,-0.125,-0.224
2025-12-08T23:20:11.230,-0.532,-0.121,-0.24
2025-12-08T23:20:11.240,-0.526,-0.12,-0.238
2025-12-08T23:20:11.250,-0.531,-0.123,-0.231
2025-12-08T23:20:11.260,-0.54,-0.13,-0.202
2025-12-08T23:20:11.270,-0.527,-0.127,-0.157
2025-12-08T23:20:11.280,-0.524,-0.12,-0.133
2025-12-08T23:20:11.290,-0.526,-0.125,-0.133
2025-12-08T23:20:11.300,-0.515,-0.123,-0.141
2025-12-08T23:20:11.310,-0.512,-0.112,-0.159
2025-12-08T23:20:11.320,-0.505,-0.104,-0.18
2025-12-08T23:20:11.330,-0.503,-0.093,-0.17
2025-12-08T23:20:11.340,-0.509,-0.086,-0.169
2025-12-08T23:20:11.350,-0.508,-0.093,-0.184
2025-12-08T23:20:11.360,-0.497,-0.094,-0.161
2025-12-08T23:20:11.370,-0.483,-0.098,-0.143
2025-12-08T23:20:11.380,-0.479,-0.106,-0.133
2025-12-08T23:20:11.390,-0.471,-0.1,-0.102
2025-12-08T23:20:11.400,-0.468,-0.102,-0.094
2025-12-08T23:20:11.410,-0.468,-0.103,-0.124
2025-12-08T23:20:11.420,-0.453,-0.089,-0.138
2025-12-08T23:20:11.430,-0.446,-0.085,-0.129
2025-12-08T23:20:11.440,-0.445,-0.076,-0.145
2025-12-08T23:20:11.450,-0.439,-0.056,-0.142
2025-12-08T23:20:11.460,-0.434,-0.047,-0.118
2025-12-08T23:20:11.470,-0.437,-0.039,-0.13
2025-12-08T23:20:11.480,-0.437,-0.036,-0.138
2025-12-08T23:20:11.490,-0.423,-0.038,-0.13
2025-12-08T23:20:11.500,-0.42,-0.042,-0.11
2025-12-08T23:20:11.510,-0.413,-0.039,-0.068
2025-12-08T23:20:11.520,-0.388,-0.027,-0.032
2025-12-08T23:20:11.530,-0.365,-0.032,-0.034
2025-12-08T23:20:11.540,-0.355,-0.035,-0.074
2025-12-08T23:20:11.550,-0.341,-0.029,-0.097
2025-12-08T23:20:11.560,-0.32,-0.031,-0.085
2025-12-08T23:20:11.570,-0.328,-0.028,-0.072
2025-12-08T23:20:11.580,-0.319,-0.027,-0.048
2025-12-08T23:20:11.590,-0.304,-0.011,-0.042
2025-12-08T23:20:11.600,-0.305,0.008,-0.086
2025-12-08T23:20:11.610,-0.273,0.015,-0.1
2025-12-08T23:20:11.620,-0.269,0.032,-0.086
2025-12-08T23:20:11.630,-0.273,0.036,-0.067
2025-12-08T23:20:11.640,-0.254,0.046,-0.008
2025-12-08T23:20:11.650,-0.26,0.056,0.027
2025-12-08T23:20:11.660,-0.25,0.05,0.016
2025-12-08T23:20:11.670,-0.249,0.059,-0.012
2025-12-08T23:20:11.680,-0.238,0.048,-0.041
2025-12-08T23:20:11.690,-0.208,0.037,-0.05
2025-12-08T23:20:11.700,-0.214,0.05,-0.022
2025-12-08T23:20:11.710,-0.186,0.052,0.025
2025-12-08T23:20:11.720,-0.165,0.056,0.021
2025-12-08T23:20:11.730,-0.159,0.064,0.023
2025-12-08T23:20:11.740,-0.121,0.067,0.038
2025-12-08T23:20:11.750,-0.113,0.074,0.008
2025-12-08T23:20:11.760,-0.098,0.082,0.025
2025-12-08T23:20:11.770,-0.079,0.091,0.041
2025-12-08T23:20:11.780,-0.082,0.094,0.029
2025-12-08T23:20:11.790,-0.075,0.092,0.051
2025-12-08T23:20:11.800,-0.076,0.106,0.052
2025-12-08T23:20:11.810,-0.062,0.105,0.048
2025-12-08T23:20:11.820,-0.052,0.097,0.042
2025-12-08T23:20:11.830,-0.051,0.113,0.027
2025-12-08T23:20:11.840,-0.027,0.109,0.029
2025-12-08T23:20:11.850,-0.013,0.101,0.007
2025-12-08T23:20:11.860,0.005,0.11,0.024
2025-12-08T23:20:11.870,0.034,0.118,0.036
2025-12-08T23:20:11.880,0.051,0.119,0.03
2025-12-08T23:20:11.890,0.075,0.132,0.084
2025-12-08T23:20:11.900,0.099,0.149,0.1
2025-12-08T23:20:11.910,0.121,0.141,0.097
2025-12-08T23:20:11.920,0.147,0.15,0.101
2025-12-08T23:20:11.930,0.164,0.147,0.082
2025-12-08T23:20:11.940,0.177,0.134,0.07
2025-12-08T23:20:11.950,0.189,0.133,0.074
2025-12-08T23:20:11.960,0.202,0.114,0.083
2025-12-08T23:20:11.970,0.213,0.108,0.071
2025-12-08T23:20:11.980,0.215,0.107,0.09
2025-12-08T23:20:11.990,0.229,0.111,0.086
2025-12-08T23:20:12.000,0.243,0.121,0.052
2025-12-08T23:20:12.010,0.244,0.134,0.066
2025-12-08T23:20:12.020,0.256,0.136,0.056
2025-12-08T23:20:12.030,0.26,0.134,0.041
2025-12-08T23:20:12.040,0.272,0.154,0.055
2025-12-08T23:20:12.050,0.307,0.152,0.052
2025-12-08T23:20:12.060,0.328,0.164,0.046
2025-12-08T23:20:12.070,0.341,0.176,0.066
2025-12-08T23:20:12.080,0.358,0.164,0.086
2025-12-08T23:20:12.090,0.374,0.17,0.085
2025-12-08T23:20:12.100,0.38,0.163,0.083
2025-12-08T23:20:12.110,0.397,0.153,0.057
2025-12-08T23:20:12.120,0.417,0.141,0.024
2025-12-08T23:20:12.130,0.406,0.148,0.022
2025-12-08T23:20:12.140,0.413,0.15,0.037
2025-12-08T23:20:12.150,0.429,0.141,0.038
2025-12-08T23:20:12.160,0.427,0.161,0.021
2025-12-08T23:20:12.170,0.443,0.151,0.015
2025-12-08T23:20:12.180,0.457,0.153,0.017
2025-12-08T23:20:12.190,0.464,0.157,0.045
2025-12-08T23:20:12.200,0.478,0.141,0.078
2025-12-08T23:20:12.210,0.493,0.143,0.069
2025-12-08T23:20:12.220,0.507,0.125,0.051
2025-12-08T23:20:12.230,0.512,0.121,0.02
2025-12-08T23:20:12.240,0.526,0.119,-0.002
2025-12-08T23:20:12.250,0.534,0.114,0.006
2025-12-08T23:20:12.260,0.54,0.123,0.002
2025-12-08T23:20:12.270,0.559,0.105,0.004
2025-12-08T23:20:12.280,0.555,0.115,0.011
2025-12-08T23:20:12.290,0.545,0.118,0.02
2025-12-08T23:20:12.300,0.548,0.099,0.025
2025-12-08T23:20:12.310,0.545,0.098,0.019
2025-12-08T23:20:12.320,0.549,0.08,0.03
2025-12-08T23:20:12.330,0.555,0.083,0.03
2025-12-08T23:20:12.340,0.569,0.087,0.023
2025-12-08T23:20:12.350,0.585,0.079,0.007
2025-12-08T23:20:12.360,0.592,0.086,-0.016
2025-12-08T23:20:12.370,0.599,0.073,-0.014
2025-12-08T23:20:12.380,0.59,0.074,-0.003
2025-12-08T23:20:12.390,0.585,0.075,0.007
2025-12-08T23:20:12.400,0.587,0.066,0.003
2025-12-08T23:20:12.410,0.582,0.07,-0.001
2025-12-08T23:20:12.420,0.578,0.063,0.012
2025-12-08T23:20:12.430,0.573,0.073,0.007
2025-12-08T23:20:12.440,0.569,0.075,-0.004
2025-12-08T23:20:12.450,0.579,0.061,-0.019
2025-12-08T23:20:12.460,0.592,0.056,-0.028
2025-12-08T23:20:12.470,0.585,0.045,-0.005
2025-12-08T23:20:12.480,0.586,0.035,-0.001
2025-12-08T23:20:12.490,0.6,0.024,-0.008
2025-12-08T23:20:12.500,0.605,0.018,-0.011
2025-12-08T23:20:12.510,0.615,0.015,-0.025
2025-12-08T23:20:12.520,0.62,0.014,-0.014
2025-12-08T23:20:12.530,0.61,0.023,-0.012
2025-12-08T23:20:12.540,0.603,0.023,-0.023
2025-12-08T23:20:12.550,0.604,0.034,-0.021
2025-12-08T23:20:12.560,0.598,0.046,-0.028
2025-12-08T23:20:12.570,0.586,0.039,-0.033
2025-12-08T23:20:12.580,0.581,0.041,-0.036
2025-12-08T23:20:12.590,0.568,0.035,-0.049
2025-12-08T23:20:12.600,0.572,0.007,-0.074
2025-12-08T23:20:12.610,0.58,-0.006,-0.084
2025-12-08T23:20:12.620,0.578,-0.012,-0.087
2025-12-08T23:20:12.630,0.584,-0.031,-0.098
2025-12-08T23:20:12.640,0.583,-0.037,-0.093
2025-12-08T23:20:12.650,0.585,-0.048,-0.098
2025-12-08T23:20:12.660,0.581,-0.056,-0.091
2025-12-08T23:20:12.670,0.564,-0.044,-0.07
2025-12-08T23:20:12.680,0.554,-0.045,-0.077
2025-12-08T23:20:12.690,0.529,-0.038,-0.082
2025-12-08T23:20:12.700,0.514,-0.025,-0.116
2025-12-08T23:20:12.710,0.514,-0.019,-0.172
2025-12-08T23:20:12.720,0.505,-0.01,-0.184
2025-12-08T23:20:12.730,0.501,-0.009,-0.166
2025-12-08T23:20:12.740,0.491,-0.011,-0.144
2025-12-08T23:20:12.750,0.477,-0.02,-0.108
2025-12-08T23:20:12.760,0.465,-0.024,-0.095
2025-12-08T23:20:12.770,0.456,-0.026,-0.116
2025-12-08T23:20:12.780,0.443,-0.023,-0.127
2025-12-08T23:20:12.790,0.429,-0.019,-0.131
2025-12-08T23:20:12.800,0.436,-0.025,-0.15
2025-12-08T23:20:12.810,0.436,-0.004,-0.161
2025-12-08T23:20:12.820,0.437,0.013,-0.164
2025-12-08T23:20:12.830,0.448,0.024,-0.172
2025-12-08T23:20:12.840,0.433,0.037,-0.148
2025-12-08T23:20:12.850,0.412,0.013,-0.103
2025-12-08T23:20:12.860,0.407,0.002,-0.096
2025-12-08T23:20:12.870,0.4,0.004,-0.12
2025-12-08T23:20:12.880,0.384,-0.005,-0.152
2025-12-08T23:20:12.890,0.375,0.004,-0.175
2025-12-08T23:20:12.900,0.361,0.009,-0.182
2025-12-08T23:20:12.910,0.33,0.02,-0.162
2025-12-08T23:20:12.920,0.316,0.022,-0.149
2025-12-08T23:20:12.930,0.306,0.009,-0.159
2025-12-08T23:20:12.940,0.287,0.02,-0.174
2025-12-08T23:20:12.950,0.278,0.036,-0.178
2025-12-08T23:20:12.960,0.272,0.037,-0.186
2025-12-08T23:20:12.970,0.259,0.037,-0.219
2025-12-08T23:20:12.980,0.25,0.034,-0.238
2025-12-08T23:20:12.990,0.244,0.027,-0.223
2025-12-08T23:20:13.000,0.227,0.027,-0.203
2025-12-08T23:20:13.010,0.229,0.042,-0.185
2025-12-08T23:20:13.020,0.234,0.048,-0.176
2025-12-08T23:20:13.030,0.224,0.047,-0.19
2025-12-08T23:20:13.040,0.212,0.054,-0.193
2025-12-08T23:20:13.050,0.192,0.058,-0.189
2025-12-08T23:20:13.060,0.182,0.055,-0.228
2025-12-08T23:20:13.070,0.167,0.066,-0.256
2025-12-08T23:20:13.080,0.139,0.082,-0.253
2025-12-08T23:20:13.090,0.127,0.078,-0.261
2025-12-08T23:20:13.100,0.125,0.077,-0.238
2025-12-08T23:20:13.110,0.119,0.082,-0.192
2025-12-08T23:20:13.120,0.109,0.077,-0.169
2025-12-08T23:20:13.130,0.109,0.078,-0.155
2025-12-08T23:20:13.140,0.124,0.077,-0.161
2025-12-08T23:20:13.150,0.141,0.083,-0.21
2025-12-08T23:20:13.160,0.134,0.103,-0.228
2025-12-08T23:20:13.170,0.116,0.105,-0.214
2025-12-08T23:20:13.180,0.1,0.112,-0.2
2025-12-08T23:20:13.190,0.068,0.121,-0.136
2025-12-08T23:20:13.200,0.052,0.121,-0.097
2025-12-08T23:20:13.210,0.053,0.13,-0.121
2025-12-08T23:20:13.220,0.052,0.126,-0.144
2025-12-08T23:20:13.230,0.048,0.121,-0.193
2025-12-08T23:20:13.240,0.036,0.116,-0.221
2025-12-08T23:20:13.250,0.018,0.123,-0.192
2025-12-08T23:20:13.260,0.008,0.129,-0.165
2025-12-08T23:20:13.270,0.014,0.121,-0.153
2025-12-08T23:20:13.280,0.011,0.141,-0.135
2025-12-08T23:20:13.290,0.005,0.14,-0.123
2025-12-08T23:20:13.300,0.008,0.14,-0.121
2025-12-08T23:20:13.310,-0.007,0.166,-0.089
2025-12-08T23:20:13.320,-0.005,0.166,-0.082
2025-12-08T23:20:13.330,0.007,0.18,-0.12
2025-12-08T23:20:13.340,-0.0,0.194,-0.138
2025-12-08T23:20:13.350,-0.011,0.187,-0.157
2025-12-08T23:20:13.360,-0.016,0.177,-0.151
2025-12-08T23:20:13.370,-0.033,0.166,-0.103
2025-12-08T23:20:13.380,-0.05,0.155,-0.07
2025-12-08T23:20:13.390,-0.045,0.136,-0.053
2025-12-08T23:20:13.400,-0.045,0.12,-0.053
2025-12-08T23:20:13.410,-0.038,0.098,-0.071
2025-12-08T23:20:13.420,-0.031,0.087,-0.062
2025-12-08T23:20:13.430,-0.039,0.096,-0.032
2025-12-08T23:20:13.440,-0.045,0.099,-0.023
2025-12-08T23:20:13.450,-0.047,0.112,-0.022
2025-12-08T23:20:13.460,-0.037,0.108,-0.02
2025-12-08T23:20:13.470,-0.037,0.1,-0.014
2025-12-08T23:20:13.480,-0.051,0.105,0.016
2025-12-08T23:20:13.490,-0.047,0.097,0.04
2025-12-08T23:20:13.500,-0.04,0.09,0.025
2025-12-08T23:20:13.510,-0.048,0.08,0.011
2025-12-08T23:20:13.520,-0.054,0.07,0.003
2025-12-08T23:20:13.530,-0.063,0.064,0.009
2025-12-08T23:20:13.540,-0.079,0.05,0.044
2025-12-08T23:20:13.550,-0.085,0.046,0.061
2025-12-08T23:20:13.560,-0.086,0.057,0.043
2025-12-08T23:20:13.570,-0.091,0.067,0.029
2025-12-08T23:20:13.580,-0.098,0.063,0.024
2025-12-08T23:20:13.590,-0.107,0.045,0.02
2025-12-08T23:20:13.600,-0.118,0.035,0.039
2025-12-08T23:20:13.610,-0.119,0.04,0.06
2025-12-08T23:20:13.620,-0.109,0.041,0.063
2025-12-08T23:20:13.630,-0.115,0.038,0.068
2025-12-08T23:20:13.640,-0.1,0.034,0.054
2025-12-08T23:20:13.650,-0.086,0.038,0.051
2025-12-08T23:20:13.660,-0.098,0.057,0.073
2025-12-08T23:20:13.670,-0.087,0.044,0.079
2025-12-08T23:20:13.680,-0.078,0.025,0.078
2025-12-08T23:20:13.690,-0.082,0.015,0.106
2025-12-08T23:20:13.700,-0.083,-0.003,0.148
2025-12-08T23:20:13.710,-0.086,0.002,0.151
2025-12-08T23:20:13.720,-0.084,0.005,0.136
2025-12-08T23:20:13.730,-0.078,0.003,0.123
2025-12-08T23:20:13.740,-0.084,-0.002,0.118
2025-12-08T23:20:13.750,-0.098,-0.009,0.154
2025-12-08T23:20:13.760,-0.1,-0.012,0.196
2025-12-08T23:20:13.770,-0.09,-0.03,0.209
2025-12-08T23:20:13.780,-0.083,-0.035,0.208
2025-12-08T23:20:13.790,-0.077,-0.045,0.212
2025-12-08T23:20:13.800,-0.067,-0.053,0.192
2025-12-08T23:20:13.810,-0.066,-0.049,0.168
2025-12-08T23:20:13.820,-0.066,-0.057,0.181
2025-12-08T23:20:13.830,-0.067,-0.064,0.205
2025-12-08T23:20:13.840,-0.077,-0.066,0.212
2025-12-08T23:20:13.850,-0.076,-0.061,0.204
2025-12-08T23:20:13.860,-0.073,-0.061,0.205
2025-12-08T23:20:13.870,-0.083,-0.05,0.206
2025-12-08T23:20:13.880,-0.095,-0.03,0.217
2025-12-08T23:20:13.890,-0.105,-0.027,0.227
2025-12-08T23:20:13.900,-0.107,-0.019,0.2
2025-12-08T23:20:13.910,-0.109,-0.016,0.173
2025-12-08T23:20:13.920,-0.101,-0.021,0.155
2025-12-08T23:20:13.930,-0.083,-0.03,0.146
2025-12-08T23:20:13.940,-0.083,-0.037,0.169
2025-12-08T23:20:13.950,-0.085,-0.035,0.23
2025-12-08T23:20:13.960,-0.084,-0.03,0.279
2025-12-08T23:20:13.970,-0.081,-0.032,0.272
2025-12-08T23:20:13.980,-0.074,-0.039,0.248
2025-12-08T23:20:13.990,-0.072,-0.038,0.228
2025-12-08T23:20:14.000,-0.072,-0.034,0.225
2025-12-08T23:20:14.010,-0.08,-0.022,0.26
2025-12-08T23:20:14.020,-0.089,-0.012,0.285
2025-12-08T23:20:14.030,-0.095,-0.012,0.269
2025-12-08T23:20:14.040,-0.097,-0.025,0.243
2025-12-08T23:20:14.050,-0.096,-0.025,0.217
2025-12-08T23:20:14.060,-0.102,-0.014,0.209
2025-12-08T23:20:14.070,-0.091,-0.007,0.227
2025-12-08T23:20:14.080,-0.071,-0.002,0.246
2025-12-08T23:20:14.090,-0.07,-0.014,0.255
2025-12-08T23:20:14.100,-0.077,-0.016,0.257
2025-12-08T23:20:14.110,-0.078,-0.015,0.259
2025-12-08T23:20:14.120,-0.086,-0.006,0.253
2025-12-08T23:20:14.130,-0.093,0.0,0.249
2025-12-08T23:20:14.140,-0.09,-0.003,0.246
2025-12-08T23:20:14.150,-0.097,0.012,0.223
2025-12-08T23:20:14.160,-0.101,-0.003,0.201
2025-12-08T23:20:14.170,-0.09,-0.017,0.182
2025-12-08T23:20:14.180,-0.086,-0.011,0.16
2025-12-08T23:20:14.190,-0.096,-0.003,0.16
2025-12-08T23:20:14.200,-0.1,0.013,0.187
2025-12-08T23:20:14.210,-0.102,0.015,0.224
2025-12-08T23:20:14.220,-0.111,0.004,0.243
2025-12-08T23:20:14.230,-0.104,-0.003,0.243
2025-12-08T23:20:14.240,-0.105,0.007,0.234
2025-12-08T23:20:14.250,-0.118,-0.0,0.212
2025-12-08T23:20:14.260,-0.121,0.0,0.206
2025-12-08T23:20:14.270,-0.121,0.007,0.205
2025-12-08T23:20:14.280,-0.129,-0.013,0.2
2025-12-08T23:20:14.290,-0.134,-0.012,0.206
2025-12-08T23:20:14.300,-0.118,-0.004,0.215
2025-12-08T23:20:14.310,-0.125,-0.011,0.212
2025-12-08T23:20:14.320,-0.133,-0.019,0.187
2025-12-08T23:20:14.330,-0.105,-0.009,0.187
2025-12-08T23:20:14.340,-0.099,-0.008,0.195
2025-12-08T23:20:14.350,-0.114,-0.018,0.167
2025-12-08T23:20:14.360,-0.1,-0.005,0.172
2025-12-08T23:20:14.370,-0.089,-0.003,0.189
2025-12-08T23:20:14.380,-0.108,0.018,0.174
2025-12-08T23:20:14.390,-0.104,0.024,0.194
2025-12-08T23:20:14.400,-0.095,-0.012,0.202
2025-12-08T23:20:14.410,-0.109,-0.015,0.158
2025-12-08T23:20:14.420,-0.106,-0.009,0.154
2025-12-08T23:20:14.430,-0.12,-0.028,0.146
2025-12-08T23:20:14.440,-0.137,-0.052,0.089
2025-12-08T23:20:14.450,-0.118,-0.05,0.095
2025-12-08T23:20:14.460,-0.122,-0.059,0.117
2025-12-08T23:20:14.470,-0.144,-0.069,0.081
2025-12-08T23:20:14.480,-0.119,-0.045,0.103
2025-12-08T23:20:14.490,-0.11,-0.054,0.108
2025-12-08T23:20:14.500,-0.145,-0.042,0.066
2025-12-08T23:20:14.510,-0.134,-0.034,0.127
2025-12-08T23:20:14.520,-0.125,-0.073,0.144
2025-12-08T23:20:14.530,-0.143,-0.071,0.07
2025-12-08T23:20:14.540,-0.12,-0.072,0.071
2025-12-08T23:20:14.550,-0.121,-0.081,0.072
2025-12-08T23:20:14.560,-0.154,-0.079,0.038
2025-12-08T23:20:14.570,-0.153,-0.082,0.053
2025-12-08T23:20:14.580,-0.152,-0.09,0.055
2025-12-08T23:20:14.590,-0.174,-0.085,-0.007
2025-12-08T23:20:14.600,-0.172,-0.075,-0.02
2025-12-08T23:20:14.610,-0.157,-0.09,-0.019
2025-12-08T23:20:14.620,-0.166,-0.076,-0.054
2025-12-08T23:20:14.630,-0.167,-0.07,-0.018
2025-12-08T23:20:14.640,-0.151,-0.078,-0.0
2025-12-08T23:20:14.650,-0.159,-0.079,-0.033
2025-12-08T23:20:14.660,-0.16,-0.094,-0.012
2025-12-08T23:20:14.670,-0.146,-0.095,0.015
2025-12-08T23:20:14.680,-0.157,-0.11,-0.005
2025-12-08T23:20:14.690,-0.158,-0.108,-0.017
2025-12-08T23:20:14.700,-0.156,-0.109,-0.03
2025-12-08T23:20:14.710,-0.177,-0.119,-0.106
2025-12-08T23:20:14.720,-0.194,-0.091,-0.125
2025-12-08T23:20:14.730,-0.214,-0.092,-0.091
2025-12-08T23:20:14.740,-0.233,-0.102,-0.116
2025-12-08T23:20:14.750,-0.247,-0.091,-0.088
2025-12-08T23:20:14.760,-0.235,-0.091,-0.052
2025-12-08T23:20:14.770,-0.217,-0.103,-0.082
2025-12-08T23:20:14.780,-0.222,-0.105,-0.067
2025-12-08T23:20:14.790,-0.211,-0.1,-0.038
2025-12-08T23:20:14.800,-0.205,-0.106,-0.061
2025-12-08T23:20:14.810,-0.219,-0.088,-0.073
2025-12-08T23:20:14.820,-0.223,-0.077,-0.091
2025-12-08T23:20:14.830,-0.218,-0.087,-0.148
2025-12-08T23:20:14.840,-0.229,-0.074,-0.154
2025-12-08T23:20:14.850,-0.251,-0.069,-0.124
2025-12-08T23:20:14.860,-0.265,-0.082,-0.144
2025-12-08T23:20:14.870,-0.277,-0.064,-0.173
2025-12-08T23:20:14.880,-0.275,-0.057,-0.184
2025-12-08T23:20:14.890,-0.277,-0.079,-0.199
2025-12-08T23:20:14.900,-0.291,-0.09,-0.171
2025-12-08T23:20:14.910,-0.288,-0.102,-0.123
2025-12-08T23:20:14.920,-0.266,-0.103,-0.127
2025-12-08T23:20:14.930,-0.254,-0.107,-0.142
2025-12-08T23:20:14.940,-0.255,-0.102,-0.155
2025-12-08T23:20:14.950,-0.248,-0.086,-0.174
2025-12-08T23:20:14.960,-0.26,-0.082,-0.173
2025-12-08T23:20:14.970,-0.272,-0.065,-0.17
2025-12-08T23:20:14.980,-0.276,-0.058,-0.164
2025-12-08T23:20:14.990,-0.291,-0.045,-0.16
2025-12-08T23:20:15.000,-0.299,-0.029,-0.155
2025-12-08T23:20:15.010,-0.294,-0.043,-0.163
2025-12-08T23:20:15.020,-0.284,-0.056,-0.196
2025-12-08T23:20:15.030,-0.279,-0.072,-0.221
2025-12-08T23:20:15.040,-0.275,-0.082,-0.223
2025-12-08T23:20:15.050,-0.276,-0.078,-0.199
2025-12-08T23:20:15.060,-0.269,-0.084,-0.171
2025-12-08T23:20:15.070,-0.252,-0.087,-0.167
2025-12-08T23:20:15.080,-0.243,-0.088,-0.166
2025-12-08T23:20:15.090,-0.246,-0.095,-0.158
2025-12-08T23:20:15.100,-0.254,-0.089,-0.157
2025-12-08T23:20:15.110,-0.246,-0.085,-0.173
2025-12-08T23:20:15.120,-0.252,-0.077,-0.187
2025-12-08T23:20:15.130,-0.264,-0.072,-0.167
2025-12-08T23:20:15.140,-0.261,-0.075,-0.147
2025-12-08T23:20:15.150,-0.269,-0.064,-0.141
2025-12-08T23:20:15.160,-0.262,-0.064,-0.146
2025-12-08T23:20:15.170,-0.251,-0.057,-0.169
2025-12-08T23:20:15.180,-0.255,-0.046,-0.187
2025-12-08T23:20:15.190,-0.251,-0.051,-0.191
2025-12-08T23:20:15.200,-0.238,-0.055,-0.179
2025-12-08T23:20:15.210,-0.219,-0.056,-0.166
2025-12-08T23:20:15.220,-0.211,-0.061,-0.137
2025-12-08T23:20:15.230,-0.204,-0.068,-0.121
2025-12-08T23:20:15.240,-0.195,-0.062,-0.136
2025-12-08T23:20:15.250,-0.2,-0.049,-0.141
2025-12-08T23:20:15.260,-0.189,-0.042,-0.152
2025-12-08T23:20:15.270,-0.193,-0.037,-0.159
2025-12-08T23:20:15.280,-0.21,-0.04,-0.153
2025-12-08T23:20:15.290,-0.208,-0.04,-0.146
2025-12-08T23:20:15.300,-0.202,-0.038,-0.143
2025-12-08T23:20:15.310,-0.199,-0.049,-0.144
2025-12-08T23:20:15.320,-0.198,-0.051,-0.127
2025-12-08T23:20:15.330,-0.186,-0.048,-0.108
2025-12-08T23:20:15.340,-0.183,-0.039,-0.085
2025-12-08T23:20:15.350,-0.174,-0.027,-0.063
2025-12-08T23:20:15.360,-0.152,-0.023,-0.062
2025-12-08T23:20:15.370,-0.153,-0.008,-0.069
2025-12-08T23:20:15.380,-0.143,0.0,-0.075
2025-12-08T23:20:15.390,-0.123,-0.001,-0.083
2025-12-08T23:20:15.400,-0.121,-0.003,-0.093
2025-12-08T23:20:15.410,-0.12,-0.012,-0.1
2025-12-08T23:20:15.420,-0.115,-0.019,-0.086
2025-12-08T23:20:15.430,-0.109,-0.03,-0.071
2025-12-08T23:20:15.440,-0.102,-0.031,-0.08
2025-12-08T23:20:15.450,-0.085,-0.02,-0.08
2025-12-08T23:20:15.460,-0.074,-0.029,-0.08
2025-12-08T23:20:15.470,-0.082,-0.021,-0.067
2025-12-08T23:20:15.480,-0.094,0.011,-0.036
2025-12-08T23:20:15.490,-0.097,0.016,-0.055
2025-12-08T23:20:15.500,-0.093,0.023,-0.086
2025-12-08T23:20:15.510,-0.078,0.032,-0.094
2025-12-08T23:20:15.520,-0.052,0.014,-0.1
2025-12-08T23:20:15.530,-0.03,0.015,-0.059
2025-12-08T23:20:15.540,-0.012,0.029,0.0
2025-12-08T23:20:15.550,0.004,0.034,0.009
2025-12-08T23:20:15.560,0.016,0.031,0.015
2025-12-08T23:20:15.570,0.022,0.023,0.029
2025-12-08T23:20:15.580,0.025,0.028,0.012
2025-12-08T23:20:15.590,0.03,0.041,-0.002
2025-12-08T23:20:15.600,0.042,0.062,-0.019
2025-12-08T23:20:15.610,0.061,0.083,-0.05
2025-12-08T23:20:15.620,0.063,0.096,-0.048
2025-12-08T23:20:15.630,0.063,0.109,-0.018
2025-12-08T23:20:15.640,0.072,0.11,0.015
2025-12-08T23:20:15.650,0.065,0.113,0.049
2025-12-08T23:20:15.660,0.071,0.121,0.077
2025-12-08T23:20:15.670,0.083,0.12,0.087
2025-12-08T23:20:15.680,0.078,0.139,0.095
2025-12-08T23:20:15.690,0.084,0.152,0.097
2025-12-08T23:20:15.700,0.091,0.148,0.062
2025-12-08T23:20:15.710,0.084,0.152,0.029
2025-12-08T23:20:15.720,0.086,0.148,0.021
2025-12-08T23:20:15.730,0.089,0.164,0.029
2025-12-08T23:20:15.740,0.082,0.176,0.043
2025-12-08T23:20:15.750,0.078,0.172,0.049
2025-12-08T23:20:15.760,0.077,0.169,0.072
2025-12-08T23:20:15.770,0.073,0.163,0.086
2025-12-08T23:20:15.780,0.071,0.175,0.077
2025-12-08T23:20:15.790,0.089,0.183,0.058
2025-12-08T23:20:15.800,0.102,0.187,0.027
2025-12-08T23:20:15.810,0.095,0.185,0.027
2025-12-08T23:20:15.820,0.101,0.166,0.042
2025-12-08T23:20:15.830,0.109,0.149,0.061
2025-12-08T23:20:15.840,0.101,0.15,0.087
2025-12-08T23:20:15.850,0.1,0.154,0.102
2025-12-08T23:20:15.860,0.106,0.156,0.109
2025-12-08T23:20:15.870,0.108,0.172,0.092
2025-12-08T23:20:15.880,0.113,0.182,0.068
2025-12-08T23:20:15.890,0.121,0.189,0.055
2025-12-08T23:20:15.900,0.118,0.199,0.064
2025-12-08T23:20:15.910,0.112,0.204,0.087
2025-12-08T23:20:15.920,0.13,0.194,0.097
2025-12-08T23:20:15.930,0.15,0.196,0.096
2025-12-08T23:20:15.940,0.166,0.208,0.09
2025-12-08T23:20:15.950,0.189,0.198,0.102
2025-12-08T23:20:15.960,0.188,0.193,0.118
2025-12-08T23:20:15.970,0.19,0.187,0.129
2025-12-08T23:20:15.980,0.209,0.184,0.116
2025-12-08T23:20:15.990,0.22,0.189,0.085
2025-12-08T23:20:16.000,0.224,0.181,0.066
2025-12-08T23:20:16.010,0.228,0.177,0.07
2025-12-08T23:20:16.020,0.23,0.169,0.102
2025-12-08T23:20:16.030,0.219,0.161,0.123
2025-12-08T23:20:16.040,0.21,0.165,0.133
2025-12-08T23:20:16.050,0.212,0.164,0.121
2025-12-08T23:20:16.060,0.207,0.167,0.092
2025-12-08T23:20:16.070,0.211,0.185,0.092
2025-12-08T23:20:16.080,0.227,0.188,0.086
2025-12-08T23:20:16.090,0.233,0.191,0.085
2025-12-08T23:20:16.100,0.228,0.203,0.105
2025-12-08T23:20:16.110,0.228,0.2,0.113
2025-12-08T23:20:16.120,0.233,0.2,0.118
2025-12-08T23:20:16.130,0.236,0.204,0.129
2025-12-08T23:20:16.140,0.246,0.207,0.121
2025-12-08T23:20:16.150,0.25,0.196,0.108
2025-12-08T23:20:16.160,0.244,0.192,0.118
2025-12-08T23:20:16.170,0.24,0.191,0.125
2025-12-08T23:20:16.180,0.233,0.19,0.106
2025-12-08T23:20:16.190,0.232,0.188,0.084
2025-12-08T23:20:16.200,0.239,0.161,0.068
2025-12-08T23:20:16.210,0.233,0.145,0.068
2025-12-08T23:20:16.220,0.222,0.137,0.098
2025-12-08T23:20:16.230,0.232,0.132,0.112
2025-12-08T23:20:16.240,0.236,0.141,0.099
2025-12-08T23:20:16.250,0.229,0.136,0.1
2025-12-08T23:20:16.260,0.238,0.137,0.107
2025-12-08T23:20:16.270,0.233,0.143,0.115
2025-12-08T23:20:16.280,0.223,0.151,0.125
2025-12-08T23:20:16.290,0.227,0.157,0.138
2025-12-08T23:20:16.300,0.222,0.148,0.14
2025-12-08T23:20:16.310,0.223,0.142,0.13
2025-12-08T23:20:16.320,0.227,0.135,0.134
2025-12-08T23:20:16.330,0.227,0.124,0.114
2025-12-08T23:20:16.340,0.22,0.113,0.092
2025-12-08T23:20:16.350,0.211,0.103,0.102
2025-12-08T23:20:16.360,0.208,0.09,0.101
2025-12-08T23:20:16.370,0.202,0.08,0.088
2025-12-08T23:20:16.380,0.211,0.081,0.084
2025-12-08T23:20:16.390,0.228,0.078,0.075
2025-12-08T23:20:16.400,0.226,0.076,0.068
2025-12-08T23:20:16.410,0.219,0.077,0.086
2025-12-08T23:20:16.420,0.215,0.078,0.095
2025-12-08T23:20:16.430,0.206,0.084,0.077
2025-12-08T23:20:16.440,0.194,0.089,0.071
2025-12-08T23:20:16.450,0.187,0.081,0.07
2025-12-08T23:20:16.460,0.182,0.066,0.065
2025-12-08T23:20:16.470,0.177,0.052,0.085
2025-12-08T23:20:16.480,0.184,0.032,0.103
2025-12-08T23:20:16.490,0.182,0.018,0.098
2025-12-08T23:20:16.500,0.169,0.016,0.091
2025-12-08T23:20:16.510,0.169,0.016,0.068
2025-12-08T23:20:16.520,0.17,0.021,0.04
2025-12-08T23:20:16.530,0.173,0.026,0.038
2025-12-08T23:20:16.540,0.175,0.037,0.048
2025-12-08T23:20:16.550,0.17,0.046,0.055
2025-12-08T23:20:16.560,0.163,0.047,0.07
2025-12-08T23:20:16.570,0.164,0.058,0.07
2025-12-08T23:20:16.580,0.172,0.049,0.044
2025-12-08T23:20:16.590,0.166,0.033,0.036
2025-12-08T23:20:16.600,0.166,0.029,0.049
2025-12-08T23:20:16.610,0.166,0.021,0.048
2025-12-08T23:20:16.620,0.16,0.03,0.032
2025-12-08T23:20:16.630,0.169,0.034,0.009
2025-12-08T23:20:16.640,0.166,0.03,-0.012
2025-12-08T23:20:16.650,0.151,0.025,-0.008
2025-12-08T23:20:16.660,0.146,0.02,0.009
2025-12-08T23:20:16.670,0.145,0.022,0.007
2025-12-08T23:20:16.680,0.143,0.023,-0.009
2025-12-08T23:20:16.690,0.143,0.042,-0.003
2025-12-08T23:20:16.700,0.143,0.05,0.018
2025-12-08T23:20:16.710,0.137,0.045,0.032
2025-12-08T23:20:16.720,0.132,0.05,0.053
2025-12-08T23:20:16.730,0.135,0.048,0.05
2025-12-08T23:20:16.740,0.134,0.059,0.02
2025-12-08T23:20:16.750,0.13,0.074,-0.003
2025-12-08T23:20:16.760,0.131,0.071,-0.031
2025-12-08T23:20:16.770,0.127,0.071,-0.053
2025-12-08T23:20:16.780,0.124,0.073,-0.064
2025-12-08T23:20:16.790,0.132,0.074,-0.07
2025-12-08T23:20:16.800,0.122,0.075,-0.067
2025-12-08T23:20:16.810,0.111,0.072,-0.061
2025-12-08T23:20:16.820,0.112,0.071,-0.05
2025-12-08T23:20:16.830,0.107,0.068,-0.033
2025-12-08T23:20:16.840,0.107,0.063,-0.03
2025-12-08T23:20:16.850,0.114,0.065,-0.032
2025-12-08T23:20:16.860,0.113,0.077,-0.027
2025-12-08T23:20:16.870,0.107,0.087,-0.03
2025-12-08T23:20:16.880,0.112,0.091,-0.029
2025-12-08T23:20:16.890,0.111,0.101,-0.028
2025-12-08T23:20:16.900,0.101,0.105,-0.041
2025-12-08T23:20:16.910,0.095,0.098,-0.053
2025-12-08T23:20:16.920,0.084,0.095,-0.058
2025-12-08T23:20:16.930,0.087,0.086,-0.077
2025-12-08T23:20:16.940,0.103,0.087,-0.091
2025-12-08T23:20:16.950,0.109,0.102,-0.078
2025-12-08T23:20:16.960,0.109,0.103,-0.077
2025-12-08T23:20:16.970,0.109,0.1,-0.068
2025-12-08T23:20:16.980,0.109,0.098,-0.055
2025-12-08T23:20:16.990,0.1,0.086,-0.074
2025-12-08T23:20:17.000,0.086,0.083,-0.072
2025-12-08T23:20:17.010,0.077,0.082,-0.055
2025-12-08T23:20:17.020,0.062,0.068,-0.063
2025-12-08T23:20:17.030,0.052,0.062,-0.074
2025-12-08T23:20:17.040,0.055,0.063,-0.103
2025-12-08T23:20:17.050,0.054,0.063,-0.141
2025-12-08T23:20:17.060,0.055,0.064,-0.139
2025-12-08T23:20:17.070,0.057,0.059,-0.095
2025-12-08T23:20:17.080,0.054,0.05,-0.041
2025-12-08T23:20:17.090,0.059,0.035,0.009
2025-12-08T23:20:17.100,0.062,0.023,0.02
2025-12-08T23:20:17.110,0.063,0.022,-0.026
2025-12-08T23:20:17.120,0.06,0.028,-0.059
2025-12-08T23:20:17.130,0.059,0.035,-0.075
2025-12-08T23:20:17.140,0.049,0.027,-0.076
2025-12-08T23:20:17.150,0.023,0.025,-0.04
2025-12-08T23:20:17.160,0.016,0.013,-0.023
2025-12-08T23:20:17.170,0.013,0.006,-0.027
2025-12-08T23:20:17.180,0.001,0.009,-0.029
2025-12-08T23:20:17.190,0.0,-0.013,-0.042
2025-12-08T23:20:17.200,-0.001,-0.023,-0.055
2025-12-08T23:20:17.210,-0.008,-0.034,-0.047
2025-12-08T23:20:17.220,-0.005,-0.058,-0.034
2025-12-08T23:20:17.230,0.007,-0.07,-0.015
2025-12-08T23:20:17.240,0.007,-0.065,0.009
2025-12-08T23:20:17.250,0.016,-0.061,0.014
2025-12-08T23:20:17.260,0.029,-0.056,0.023
2025-12-08T23:20:17.270,0.02,-0.043,0.026
2025-12-08T23:20:17.280,0.017,-0.057,0.021
2025-12-08T23:20:17.290,0.016,-0.062,0.039
2025-12-08T23:20:17.300,0.003,-0.067,0.058
2025-12-08T23:20:17.310,-0.011,-0.086,0.053
2025-12-08T23:20:17.320,-0.02,-0.094,0.055
2025-12-08T23:20:17.330,-0.025,-0.109,0.054
2025-12-08T23:20:17.340,-0.025,-0.123,0.021
2025-12-08T23:20:17.350,-0.02,-0.134,0.018
2025-12-08T23:20:17.360,-0.021,-0.137,0.013
2025-12-08T23:20:17.370,-0.022,-0.151,-0.002
2025-12-08T23:20:17.380,-0.021,-0.147,0.021
2025-12-08T23:20:17.390,-0.018,-0.145,0.031
2025-12-08T23:20:17.400,-0.015,-0.166,0.023
2025-12-08T23:20:17.410,-0.019,-0.153,0.039
2025-12-08T23:20:17.420,-0.018,-0.156,0.061
2025-12-08T23:20:17.430,-0.013,-0.173,0.06
2025-12-08T23:20:17.440,-0.012,-0.175,0.078
2025-12-08T23:20:17.450,-0.012,-0.178,0.08
2025-12-08T23:20:17.460,-0.007,-0.191,0.053
2025-12-08T23:20:17.470,-0.009,-0.208,0.062
2025-12-08T23:20:17.480,-0.021,-0.219,0.062
2025-12-08T23:20:17.490,-0.027,-0.238,0.054
2025-12-08T23:20:17.500,-0.03,-0.237,0.059
2025-12-08T23:20:17.510,-0.03,-0.234,0.05
2025-12-08T23:20:17.520,-0.038,-0.241,0.043
2025-12-08T23:20:17.530,-0.048,-0.241,0.052
2025-12-08T23:20:17.540,-0.045,-0.239,0.057
2025-12-08T23:20:17.550,-0.042,-0.242,0.058
2025-12-08T23:20:17.560,-0.041,-0.253,0.087
2025-12-08T23:20:17.570,-0.041,-0.256,0.098
2025-12-08T23:20:17.580,-0.043,-0.265,0.093
2025-12-08T23:20:17.590,-0.054,-0.27,0.089
2025-12-08T23:20:17.600,-0.058,-0.274,0.061
2025-12-08T23:20:17.610,-0.068,-0.28,0.035
2025-12-08T23:20:17.620,-0.084,-0.274,0.03
2025-12-08T23:20:17.630,-0.072,-0.28,0.039
2025-12-08T23:20:17.640,-0.071,-0.283,0.045
2025-12-08T23:20:17.650,-0.075,-0.282,0.063
2025-12-08T23:20:17.660,-0.058,-0.275,0.068
2025-12-08T23:20:17.670,-0.054,-0.27,0.056
2025-12-08T23:20:17.680,-0.056,-0.273,0.064
2025-12-08T23:20:17.690,-0.047,-0.263,0.088
2025-12-08T23:20:17.700,-0.041,-0.253,0.103
2025-12-08T23:20:17.710,-0.043,-0.245,0.116
2025-12-08T23:20:17.720,-0.047,-0.253,0.136
2025-12-08T23:20:17.730,-0.052,-0.269,0.123
2025-12-08T23:20:17.740,-0.072,-0.278,0.106
2025-12-08T23:20:17.750,-0.082,-0.285,0.096
2025-12-08T23:20:17.760,-0.071,-0.291,0.079
2025-12-08T23:20:17.770,-0.078,-0.288,0.073
2025-12-08T23:20:17.780,-0.082,-0.273,0.064
2025-12-08T23:20:17.790,-0.07,-0.268,0.046
2025-12-08T23:20:17.800,-0.07,-0.259,0.021
2025-12-08T23:20:17.810,-0.063,-0.261,0.021
2025-12-08T23:20:17.820,-0.046,-0.267,0.036
2025-12-08T23:20:17.830,-0.039,-0.265,0.054
2025-12-08T23:20:17.840,-0.039,-0.271,0.082
2025-12-08T23:20:17.850,-0.033,-0.271,0.097
2025-12-08T23:20:17.860,-0.03,-0.28,0.118
2025-12-08T23:20:17.870,-0.044,-0.28,0.12
2025-12-08T23:20:17.880,-0.043,-0.278,0.102
2025-12-08T23:20:17.890,-0.043,-0.275,0.074
2025-12-08T23:20:17.900,-0.054,-0.269,0.057
2025-12-08T23:20:17.910,-0.045,-0.271,0.059
2025-12-08T23:20:17.920,-0.038,-0.268,0.058
2025-12-08T23:20:17.930,-0.033,-0.266,0.059
2025-12-08T23:20:17.940,-0.024,-0.253,0.057
2025-12-08T23:20:17.950,-0.028,-0.237,0.058
2025-12-08T23:20:17.960,-0.033,-0.228,0.047
2025-12-08T23:20:17.970,-0.033,-0.21,0.04
2025-12-08T23:20:17.980,-0.035,-0.194,0.038
2025-12-08T23:20:17.990,-0.034,-0.188,0.038
2025-12-08T23:20:18.000,-0.029,-0.183,0.058
2025-12-08T23:20:18.010,-0.023,-0.182,0.059
2025-12-08T23:20:18.020,-0.02,-0.191,0.052
2025-12-08T23:20:18.030,-0.025,-0.184,0.053
2025-12-08T23:20:18.040,-0.024,-0.186,0.051
2025-12-08T23:20:18.050,-0.027,-0.189,0.039
2025-12-08T23:20:18.060,-0.03,-0.174,0.043
2025-12-08T23:20:18.070,-0.026,-0.161,0.047
2025-12-08T23:20:18.080,-0.021,-0.144,0.038
2025-12-08T23:20:18.090,-0.022,-0.113,0.071
2025-12-08T23:20:18.100,-0.018,-0.088,0.093
2025-12-08T23:20:18.110,-0.009,-0.077,0.101
2025-12-08T23:20:18.120,-0.013,-0.053,0.13
2025-12-08T23:20:18.130,-0.01,-0.039,0.134
2025-12-08T23:20:18.140,-0.009,-0.028,0.123
2025-12-08T23:20:18.150,-0.02,-0.007,0.123
2025-12-08T23:20:18.160,-0.02,-0.001,0.101
2025-12-08T23:20:18.170,-0.025,0.005,0.072
2025-12-08T23:20:18.180,-0.043,0.012,0.066
2025-12-08T23:20:18.190,-0.055,0.022,0.056
2025-12-08T23:20:18.200,-0.065,0.027,0.049
2025-12-08T23:20:18.210,-0.082,0.037,0.045
2025-12-08T23:20:18.220,-0.075,0.046,0.031
2025-12-08T23:20:18.230,-0.069,0.052,0.022
2025-12-08T23:20:18.240,-0.076,0.072,0.032
2025-12-08T23:20:18.250,-0.068,0.078,0.057
2025-12-08T23:20:18.260,-0.066,0.092,0.082
2025-12-08T23:20:18.270,-0.064,0.105,0.096
2025-12-08T23:20:18.280,-0.059,0.119,0.1
2025-12-08T23:20:18.290,-0.064,0.137,0.104
2025-12-08T23:20:18.300,-0.068,0.132,0.082
2025-12-08T23:20:18.310,-0.077,0.139,0.057
2025-12-08T23:20:18.320,-0.083,0.145,0.058
2025-12-08T23:20:18.330,-0.086,0.148,0.049
2025-12-08T23:20:18.340,-0.094,0.161,0.057
2025-12-08T23:20:18.350,-0.099,0.165,0.07
2025-12-08T23:20:18.360,-0.102,0.166,0.061
2025-12-08T23:20:18.370,-0.109,0.171,0.051
2025-12-08T23:20:18.380,-0.116,0.176,0.046
2025-12-08T23:20:18.390,-0.125,0.176,0.051
2025-12-08T23:20:18.400,-0.137,0.193,0.066
2025-12-08T23:20:18.410,-0.142,0.205,0.082
2025-12-08T23:20:18.420,-0.142,0.21,0.069
2025-12-08T23:20:18.430,-0.147,0.222,0.052
2025-12-08T23:20:18.440,-0.143,0.229,0.045
2025-12-08T23:20:18.450,-0.135,0.244,0.036
2025-12-08T23:20:18.460,-0.131,0.252,0.045
2025-12-08T23:20:18.470,-0.117,0.262,0.057
2025-12-08T23:20:18.480,-0.125,0.281,0.071
2025-12-08T23:20:18.490,-0.144,0.278,0.075
2025-12-08T23:20:18.500,-0.148,0.27,0.078
2025-12-08T23:20:18.510,-0.163,0.272,0.084
2025-12-08T23:20:18.520,-0.172,0.269,0.084
2025-12-08T23:20:18.530,-0.169,0.266,0.105
2025-12-08T23:20:18.540,-0.164,0.277,0.11
2025-12-08T23:20:18.550,-0.168,0.281,0.087
2025-12-08T23:20:18.560,-0.165,0.288,0.058
2025-12-08T23:20:18.570,-0.161,0.3,0.022
2025-12-08T23:20:18.580,-0.172,0.298,0.008
2025-12-08T23:20:18.590,-0.17,0.302,0.025
2025-12-08T23:20:18.600,-0.155,0.298,0.054
2025-12-08T23:20:18.610,-0.156,0.292,0.073
2025-12-08T23:20:18.620,-0.164,0.303,0.084
2025-12-08T23:20:18.630,-0.154,0.303,0.078
2025-12-08T23:20:18.640,-0.151,0.312,0.05
2025-12-08T23:20:18.650,-0.161,0.329,0.043
2025-12-08T23:20:18.660,-0.162,0.335,0.047
2025-12-08T23:20:18.670,-0.169,0.332,0.056
2025-12-08T23:20:18.680,-0.176,0.325,0.066
2025-12-08T23:20:18.690,-0.177,0.332,0.062
2025-12-08T23:20:18.700,-0.173,0.323,0.056
2025-12-08T23:20:18.710,-0.171,0.31,0.038
2025-12-08T23:20:18.720,-0.166,0.312,0.032
2025-12-08T23:20:18.730,-0.151,0.301,0.029
2025-12-08T23:20:18.740,-0.15,0.298,0.011
2025-12-08T23:20:18.750,-0.146,0.303,0.024
2025-12-08T23:20:18.760,-0.14,0.31,0.047
2025-12-08T23:20:18.770,-0.143,0.318,0.059
2025-12-08T23:20:18.780,-0.146,0.322,0.072
2025-12-08T23:20:18.790,-0.157,0.327,0.063
2025-12-08T23:20:18.800,-0.174,0.321,0.045
2025-12-08T23:20:18.810,-0.186,0.318,0.048
2025-12-08T23:20:18.820,-0.194,0.318,0.049
2025-12-08T23:20:18.830,-0.203,0.309,0.03
2025-12-08T23:20:18.840,-0.209,0.301,0.018
2025-12-08T23:20:18.850,-0.219,0.291,0.004
2025-12-08T23:20:18.860,-0.227,0.278,-0.009
2025-12-08T23:20:18.870,-0.225,0.27,0.002
2025-12-08T23:20:18.880,-0.218,0.283,0.018
2025-12-08T23:20:18.890,-0.214,0.287,0.023
2025-12-08T23:20:18.900,-0.207,0.278,0.023
2025-12-08T23:20:18.910,-0.198,0.28,0.026
2025-12-08T23:20:18.920,-0.2,0.272,0.025
2025-12-08T23:20:18.930,-0.2,0.269,0.02
2025-12-08T23:20:18.940,-0.194,0.264,0.034
2025-12-08T23:20:18.950,-0.196,0.257,0.041
2025-12-08T23:20:18.960,-0.208,0.255,0.045
2025-12-08T23:20:18.970,-0.216,0.252,0.041
2025-12-08T23:20:18.980,-0.227,0.258,-0.009
2025-12-08T23:20:18.990,-0.235,0.26,-0.069
2025-12-08T23:20:19.000,-0.232,0.262,-0.101
2025-12-08T23:20:19.010,-0.234,0.259,-0.114
2025-12-08T23:20:19.020,-0.244,0.25,-0.093
2025-12-08T23:20:19.030,-0.245,0.241,-0.046
2025-12-08T23:20:19.040,-0.238,0.229,-0.02
2025-12-08T23:20:19.050,-0.235,0.227,-0.005
2025-12-08T23:20:19.060,-0.225,0.231,0.013
2025-12-08T23:20:19.070,-0.202,0.227,-0.002
2025-12-08T23:20:19.080,-0.196,0.22,-0.025
2025-12-08T23:20:19.090,-0.203,0.215,-0.027
2025-12-08T23:20:19.100,-0.203,0.211,-0.034
2025-12-08T23:20:19.110,-0.213,0.209,-0.029
2025-12-08T23:20:19.120,-0.216,0.197,-0.024
2025-12-08T23:20:19.130,-0.202,0.178,-0.054
2025-12-08T23:20:19.140,-0.2,0.166,-0.082
2025-12-08T23:20:19.150,-0.199,0.155,-0.086
2025-12-08T23:20:19.160,-0.198,0.152,-0.073
2025-12-08T23:20:19.170,-0.205,0.15,-0.041
2025-12-08T23:20:19.180,-0.203,0.141,-0.02
2025-12-08T23:20:19.190,-0.196,0.132,-0.027
2025-12-08T23:20:19.200,-0.195,0.125,-0.045
2025-12-08T23:20:19.210,-0.195,0.113,-0.06
2025-12-08T23:20:19.220,-0.187,0.099,-0.067
2025-12-08T23:20:19.230,-0.184,0.096,-0.062
2025-12-08T23:20:19.240,-0.187,0.091,-0.073
2025-12-08T23:20:19.250,-0.172,0.089,-0.102
2025-12-08T23:20:19.260,-0.163,0.091,-0.123
2025-12-08T23:20:19.270,-0.159,0.088,-0.137
2025-12-08T23:20:19.280,-0.148,0.089,-0.121
2025-12-08T23:20:19.290,-0.15,0.084,-0.086
2025-12-08T23:20:19.300,-0.157,0.079,-0.077
2025-12-08T23:20:19.310,-0.157,0.078,-0.052
2025-12-08T23:20:19.320,-0.149,0.074,-0.033
2025-12-08T23:20:19.330,-0.145,0.059,-0.046
2025-12-08T23:20:19.340,-0.143,0.056,-0.049
2025-12-08T23:20:19.350,-0.133,0.065,-0.052
2025-12-08T23:20:19.360,-0.116,0.055,-0.077
2025-12-08T23:20:19.370,-0.109,0.06,-0.093
2025-12-08T23:20:19.380,-0.104,0.056,-0.093
2025-12-08T23:20:19.390,-0.102,0.031,-0.105
2025-12-08T23:20:19.400,-0.106,0.018,-0.088
2025-12-08T23:20:19.410,-0.103,0.004,-0.065
2025-12-08T23:20:19.420,-0.096,-0.003,-0.078
2025-12-08T23:20:19.430,-0.091,0.003,-0.062
2025-12-08T23:20:19.440,-0.082,0.009,-0.046
2025-12-08T23:20:19.450,-0.077,0.012,-0.051
2025-12-08T23:20:19.460,-0.07,0.012,-0.03
2025-12-08T23:20:19.470,-0.058,0.012,-0.027
2025-12-08T23:20:19.480,-0.047,0.005,-0.049
2025-12-08T23:20:19.490,-0.043,-0.005,-0.05
2025-12-08T23:20:19.500,-0.04,-0.019,-0.051
2025-12-08T23:20:19.510,-0.032,-0.036,-0.074
2025-12-08T23:20:19.520,-0.035,-0.05,-0.078
2025-12-08T23:20:19.530,-0.025,-0.066,-0.067
2025-12-08T23:20:19.540,-0.009,-0.084,-0.05
2025-12-08T23:20:19.550,-0.016,-0.088,-0.024
2025-12-08T23:20:19.560,-0.011,-0.091,-0.019
2025-12-08T23:20:19.570,-0.004,-0.087,-0.036
2025-12-08T23:20:19.580,-0.013,-0.066,-0.061
2025-12-08T23:20:19.590,-0.004,-0.068,-0.07
2025-12-08T23:20:19.600,0.001,-0.07,-0.068
2025-12-08T23:20:19.610,-0.007,-0.071,-0.062
2025-12-08T23:20:19.620,0.002,-0.08,-0.049
2025-12-08T23:20:19.630,0.018,-0.084,-0.046
2025-12-08T23:20:19.640,0.029,-0.094,-0.039
2025-12-08T23:20:19.650,0.037,-0.097,-0.03
2025-12-08T23:20:19.660,0.044,-0.11,-0.021
2025-12-08T23:20:19.670,0.042,-0.122,-0.018
2025-12-08T23:20:19.680,0.036,-0.121,-0.022
2025-12-08T23:20:19.690,0.041,-0.131,-0.02
2025-12-08T23:20:19.700,0.043,-0.129,-0.027
2025-12-08T23:20:19.710,0.046,-0.126,-0.028
2025-12-08T23:20:19.720,0.067,-0.133,-0.03
2025-12-08T23:20:19.730,0.08,-0.135,-0.046
2025-12-08T23:20:19.740,0.089,-0.152,-0.055
2025-12-08T23:20:19.750,0.098,-0.168,-0.046
2025-12-08T23:20:19.760,0.103,-0.169,-0.012
2025-12-08T23:20:19.770,0.112,-0.179,0.011
2025-12-08T23:20:19.780,0.122,-0.186,0.011
2025-12-08T23:20:19.790,0.13,-0.183,-0.002
2025-12-08T23:20:19.800,0.133,-0.182,-0.034
2025-12-08T23:20:19.810,0.137,-0.177,-0.051
2025-12-08T23:20:19.820,0.139,-0.172,-0.055
2025-12-08T23:20:19.830,0.133,-0.177,-0.056
2025-12-08T23:20:19.840,0.13,-0.183,-0.041
2025-12-08T23:20:19.850,0.127,-0.186,-0.026
2025-12-08T23:20:19.860,0.129,-0.198,-0.029
2025-12-08T23:20:19.870,0.133,-0.204,-0.025
2025-12-08T23:20:19.880,0.134,-0.207,-0.018
2025-12-08T23:20:19.890,0.145,-0.232,-0.03
2025-12-08T23:20:19.900,0.158,-0.24,-0.029
2025-12-08T23:20:19.910,0.165,-0.236,-0.025
2025-12-08T23:20:19.920,0.175,-0.244,-0.045
2025-12-08T23:20:19.930,0.176,-0.234,-0.05
2025-12-08T23:20:19.940,0.175,-0.227,-0.06
2025-12-08T23:20:19.950,0.171,-0.23,-0.074
2025-12-08T23:20:19.960,0.156,-0.22,-0.059
2025-12-08T23:20:19.970,0.149,-0.216,-0.039
2025-12-08T23:20:19.980,0.137,-0.214,-0.031
2025-12-08T23:20:19.990,0.128,-0.212,-0.023
2025-12-08T23:20:20.000,0.141,-0.219,-0.037
2025-12-08T23:20:20.010,0.147,-0.23,-0.066
2025-12-08T23:20:20.020,0.153,-0.234,-0.068
2025-12-08T23:20:20.030,0.168,-0.231,-0.048
2025-12-08T23:20:20.040,0.171,-0.234,-0.032
2025-12-08T23:20:20.050,0.176,-0.241,-0.034
2025-12-08T23:20:20.060,0.196,-0.237,-0.071
2025-12-08T23:20:20.070,0.205,-0.221,-0.104
2025-12-08T23:20:20.080,0.198,-0.214,-0.108
2025-12-08T23:20:20.090,0.202,-0.21,-0.08
2025-12-08T23:20:20.100,0.195,-0.2,-0.024
2025-12-08T23:20:20.110,0.178,-0.202,0.002
2025-12-08T23:20:20.120,0.183,-0.204,-0.002
2025-12-08T23:20:20.130,0.19,-0.213,-0.016
2025-12-08T23:20:20.140,0.186,-0.222,-0.04
2025-12-08T23:20:20.150,0.194,-0.225,-0.043
2025-12-08T23:20:20.160,0.209,-0.23,-0.045
2025-12-08T23:20:20.170,0.207,-0.225,-0.058
2025-12-08T23:20:20.180,0.214,-0.218,-0.074
2025-12-08T23:20:20.190,0.221,-0.214,-0.08
2025-12-08T23:20:20.200,0.224,-0.214,-0.071
2025-12-08T23:20:20.210,0.235,-0.211,-0.056
2025-12-08T23:20:20.220,0.247,-0.203,-0.026
2025-12-08T23:20:20.230,0.259,-0.193,-0.007
2025-12-08T23:20:20.240,0.257,-0.174,-0.005
2025-12-08T23:20:20.250,0.264,-0.164,-0.02
2025-12-08T23:20:20.260,0.271,-0.158,-0.042
2025-12-08T23:20:20.270,0.263,-0.156,-0.048
2025-12-08T23:20:20.280,0.274,-0.162,-0.043
2025-12-08T23:20:20.290,0.274,-0.152,-0.025
2025-12-08T23:20:20.300,0.264,-0.151,-0.022
2025-12-08T23:20:20.310,0.266,-0.159,-0.043
2025-12-08T23:20:20.320,0.26,-0.156,-0.068
2025-12-08T23:20:20.330,0.249,-0.158,-0.073
2025-12-08T23:20:20.340,0.25,-0.164,-0.056
2025-12-08T23:20:20.350,0.264,-0.166,-0.046
2025-12-08T23:20:20.360,0.273,-0.164,-0.033
2025-12-08T23:20:20.370,0.29,-0.158,-0.026
2025-12-08T23:20:20.380,0.304,-0.149,-0.036
2025-12-08T23:20:20.390,0.307,-0.146,-0.043
2025-12-08T23:20:20.400,0.315,-0.135,-0.045
2025-12-08T23:20:20.410,0.315,-0.121,-0.049
2025-12-08T23:20:20.420,0.311,-0.12,-0.064
2025-12-08T23:20:20.430,0.308,-0.11,-0.066
2025-12-08T23:20:20.440,0.301,-0.103,-0.067
2025-12-08T23:20:20.450,0.289,-0.108,-0.064
2025-12-08T23:20:20.460,0.287,-0.107,-0.046
2025-12-08T23:20:20.470,0.293,-0.109,-0.045
2025-12-08T23:20:20.480,0.291,-0.104,-0.056
2025-12-08T23:20:20.490,0.298,-0.09,-0.066
2025-12-08T23:20:20.500,0.302,-0.074,-0.076
2025-12-08T23:20:20.510,0.294,-0.06,-0.076
2025-12-08T23:20:20.520,0.285,-0.052,-0.054
2025-12-08T23:20:20.530,0.277,-0.039,-0.027
2025-12-08T23:20:20.540,0.279,-0.03,-0.016
2025-12-08T23:20:20.550,0.278,-0.015,-0.017
2025-12-08T23:20:20.560,0.276,0.007,-0.035
2025-12-08T23:20:20.570,0.284,0.011,-0.061
2025-12-08T23:20:20.580,0.275,0.022,-0.071
2025-12-08T23:20:20.590,0.273,0.023,-0.05
2025-12-08T23:20:20.600,0.275,0.013,-0.023
2025-12-08T23:20:20.610,0.26,0.019,-0.019
2025-12-08T23:20:20.620,0.265,0.01,-0.033
2025-12-08T23:20:20.630,0.266,0.007,-0.057
2025-12-08T23:20:20.640,0.257,0.012,-0.076
2025-12-08T23:20:20.650,0.257,0.004,-0.071
2025-12-08T23:20:20.660,0.252,0.01,-0.058
2025-12-08T23:20:20.670,0.24,0.018,-0.062
2025-12-08T23:20:20.680,0.237,0.018,-0.069
2025-12-08T23:20:20.690,0.235,0.033,-0.075
2025-12-08T23:20:20.700,0.227,0.041,-0.083
2025-12-08T23:20:20.710,0.225,0.039,-0.077
2025-12-08T23:20:20.720,0.219,0.052,-0.072
2025-12-08T23:20:20.730,0.204,0.05,-0.076
2025-12-08T23:20:20.740,0.196,0.043,-0.085
2025-12-08T23:20:20.750,0.192,0.047,-0.089
2025-12-08T23:20:20.760,0.184,0.051,-0.091
2025-12-08T23:20:20.770,0.184,0.054,-0.103
2025-12-08T23:20:20.780,0.2,0.053,-0.099
2025-12-08T23:20:20.790,0.199,0.059,-0.102
2025-12-08T23:20:20.800,0.193,0.062,-0.104
2025-12-08T23:20:20.810,0.198,0.07,-0.088
2025-12-08T23:20:20.820,0.196,0.075,-0.088
2025-12-08T23:20:20.830,0.189,0.073,-0.094
2025-12-08T23:20:20.840,0.193,0.083,-0.084
2025-12-08T23:20:20.850,0.193,0.076,-0.073
2025-12-08T23:20:20.860,0.176,0.074,-0.066
2025-12-08T23:20:20.870,0.167,0.082,-0.041
2025-12-08T23:20:20.880,0.169,0.077,-0.046
2025-12-08T23:20:20.890,0.168,0.079,-0.083
2025-12-08T23:20:20.900,0.173,0.079,-0.099
2025-12-08T23:20:20.910,0.177,0.08,-0.118
2025-12-08T23:20:20.920,0.165,0.082,-0.111
2025-12-08T23:20:20.930,0.153,0.086,-0.083
2025-12-08T23:20:20.940,0.158,0.085,-0.085
2025-12-08T23:20:20.950,0.159,0.084,-0.106
2025-12-08T23:20:20.960,0.155,0.092,-0.101
2025-12-08T23:20:20.970,0.164,0.095,-0.094
2025-12-08T23:20:20.980,0.165,0.092,-0.096
2025-12-08T23:20:20.990,0.166,0.09,-0.087
2025-12-08T23:20:21.000,0.178,0.096,-0.111
2025-12-08T23:20:21.010,0.175,0.103,-0.144
2025-12-08T23:20:21.020,0.166,0.104,-0.147
2025-12-08T23:20:21.030,0.169,0.094,-0.137
2025-12-08T23:20:21.040,0.161,0.083,-0.13
2025-12-08T23:20:21.050,0.152,0.086,-0.121
2025-12-08T23:20:21.060,0.15,0.095,-0.115
2025-12-08T23:20:21.070,0.141,0.099,-0.13
2025-12-08T23:20:21.080,0.132,0.108,-0.141
2025-12-08T23:20:21.090,0.125,0.119,-0.14
2025-12-08T23:20:21.100,0.116,0.122,-0.136
2025-12-08T23:20:21.110,0.112,0.126,-0.115
2025-12-08T23:20:21.120,0.111,0.136,-0.093
2025-12-08T23:20:21.130,0.112,0.139,-0.095
2025-12-08T23:20:21.140,0.118,0.132,-0.112
2025-12-08T23:20:21.150,0.123,0.128,-0.124
2025-12-08T23:20:21.160,0.118,0.117,-0.114
2025-12-08T23:20:21.170,0.118,0.102,-0.086
2025-12-08T23:20:21.180,0.119,0.093,-0.062
2025-12-08T23:20:21.190,0.107,0.091,-0.049
2025-12-08T23:20:21.200,0.103,0.096,-0.065
2025-12-08T23:20:21.210,0.098,0.098,-0.08
2025-12-08T23:20:21.220,0.081,0.103,-0.08
2025-12-08T23:20:21.230,0.067,0.105,-0.09
2025-12-08T23:20:21.240,0.063,0.095,-0.085
2025-12-08T23:20:21.250,0.063,0.09,-0.069
2025-12-08T23:20:21.260,0.059,0.082,-0.074
2025-12-08T23:20:21.270,0.065,0.062,-0.081
2025-12-08T23:20:21.280,0.076,0.049,-0.073
2025-12-08T23:20:21.290,0.078,0.043,-0.068
2025-12-08T23:20:21.300,0.071,0.029,-0.039
2025-12-08T23:20:21.310,0.074,0.025,0.001
2025-12-08T23:20:21.320,0.072,0.026,0.006
2025-12-08T23:20:21.330,0.065,0.021,0.002
2025-12-08T23:20:21.340,0.071,0.031,-0.003
2025-12-08T23:20:21.350,0.062,0.037,-0.0
2025-12-08T23:20:21.360,0.048,0.037,0.011
2025-12-08T23:20:21.370,0.046,0.033,0.027
2025-12-08T23:20:21.380,0.035,0.029,0.032
2025-12-08T23:20:21.390,0.02,0.02,0.027
2025-12-08T23:20:21.400,0.018,0.008,0.037
2025-12-08T23:20:21.410,0.016,0.003,0.048
2025-12-08T23:20:21.420,-0.001,-0.011,0.062
2025-12-08T23:20:21.430,0.002,-0.021,0.071
2025-12-08T23:20:21.440,0.003,-0.025,0.077
2025-12-08T23:20:21.450,-0.016,-0.027,0.079
2025-12-08T23:20:21.460,-0.015,-0.023,0.076
2025-12-08T23:20:21.470,-0.016,-0.027,0.076
2025-12-08T23:20:21.480,-0.023,-0.027,0.067
2025-12-08T23:20:21.490,-0.024,-0.03,0.088
2025-12-08T23:20:21.500,-0.034,-0.034,0.134
2025-12-08T23:20:21.510,-0.043,-0.045,0.162
2025-12-08T23:20:21.520,-0.05,-0.061,0.181
2025-12-08T23:20:21.530,-0.06,-0.069,0.181
2025-12-08T23:20:21.540,-0.065,-0.09,0.165
2025-12-08T23:20:21.550,-0.073,-0.105,0.164
2025-12-08T23:20:21.560,-0.072,-0.101,0.17
2025-12-08T23:20:21.570,-0.073,-0.103,0.157
2025-12-08T23:20:21.580,-0.08,-0.099,0.153
2025-12-08T23:20:21.590,-0.08,-0.101,0.161
2025-12-08T23:20:21.600,-0.092,-0.109,0.16
2025-12-08T23:20:21.610,-0.101,-0.115,0.17
2025-12-08T23:20:21.620,-0.093,-0.116,0.179
2025-12-08T23:20:21.630,-0.088,-0.118,0.181
2025-12-08T23:20:21.640,-0.089,-0.129,0.194
2025-12-08T23:20:21.650,-0.092,-0.131,0.202
2025-12-08T23:20:21.660,-0.097,-0.146,0.207
2025-12-08T23:20:21.670,-0.114,-0.155,0.232
2025-12-08T23:20:21.680,-0.12,-0.155,0.263
2025-12-08T23:20:21.690,-0.116,-0.165,0.283
2025-12-08T23:20:21.700,-0.121,-0.161,0.28
2025-12-08T23:20:21.710,-0.113,-0.17,0.255
2025-12-08T23:20:21.720,-0.112,-0.164,0.236
2025-12-08T23:20:21.730,-0.127,-0.148,0.237
2025-12-08T23:20:21.740,-0.129,-0.145,0.258
2025-12-08T23:20:21.750,-0.132,-0.13,0.281
2025-12-08T23:20:21.760,-0.141,-0.128,0.301
2025-12-08T23:20:21.770,-0.141,-0.127,0.311
2025-12-08T23:20:21.780,-0.139,-0.128,0.319
2025-12-08T23:20:21.790,-0.146,-0.137,0.325
2025-12-08T23:20:21.800,-0.153,-0.132,0.305
2025-12-08T23:20:21.810,-0.148,-0.136,0.278
2025-12-08T23:20:21.820,-0.155,-0.135,0.25
2025-12-08T23:20:21.830,-0.175,-0.131,0.233
2025-12-08T23:20:21.840,-0.183,-0.133,0.231
2025-12-08T23:20:21.850,-0.202,-0.135,0.235
2025-12-08T23:20:21.860,-0.213,-0.142,0.239
2025-12-08T23:20:21.870,-0.212,-0.137,0.227
2025-12-08T23:20:21.880,-0.219,-0.136,0.218
2025-12-08T23:20:21.890,-0.214,-0.139,0.209
2025-12-08T23:20:21.900,-0.216,-0.133,0.212
2025-12-08T23:20:21.910,-0.221,-0.122,0.225
2025-12-08T23:20:21.920,-0.219,-0.113,0.212
2025-12-08T23:20:21.930,-0.217,-0.1,0.207
2025-12-08T23:20:21.940,-0.216,-0.089,0.206
2025-12-08T23:20:21.950,-0.219,-0.09,0.195
2025-12-08T23:20:21.960,-0.213,-0.09,0.193
2025-12-08T23:20:21.970,-0.203,-0.094,0.186
2025-12-08T23:20:21.980,-0.204,-0.096,0.177
2025-12-08T23:20:21.990,-0.206,-0.1,0.195
2025-12-08T23:20:22.000,-0.203,-0.102,0.209
2025-12-08T23:20:22.010,-0.21,-0.094,0.193
2025-12-08T23:20:22.020,-0.217,-0.095,0.175
2025-12-08T23:20:22.030,-0.216,-0.09,0.155
2025-12-08T23:20:22.040,-0.22,-0.095,0.143
2025-12-08T23:20:22.050,-0.229,-0.092,0.16
2025-12-08T23:20:22.060,-0.226,-0.085,0.163
2025-12-08T23:20:22.070,-0.221,-0.089,0.133
2025-12-08T23:20:22.080,-0.225,-0.075,0.109
2025-12-08T23:20:22.090,-0.218,-0.073,0.089
2025-12-08T23:20:22.100,-0.222,-0.075,0.08
2025-12-08T23:20:22.110,-0.235,-0.065,0.098
2025-12-08T23:20:22.120,-0.225,-0.067,0.095
2025-12-08T23:20:22.130,-0.223,-0.068,0.077
2025-12-08T23:20:22.140,-0.231,-0.063,0.059
2025-12-08T23:20:22.150,-0.234,-0.062,0.043
2025-12-08T23:20:22.160,-0.233,-0.061,0.036
2025-12-08T23:20:22.170,-0.24,-0.05,0.028
2025-12-08T23:20:22.180,-0.249,-0.052,0.016
2025-12-08T23:20:22.190,-0.246,-0.068,0.003
2025-12-08T23:20:22.200,-0.255,-0.071,0.009
2025-12-08T23:20:22.210,-0.262,-0.078,0.005
2025-12-08T23:20:22.220,-0.263,-0.083,-0.015
2025-12-08T23:20:22.230,-0.28,-0.079,-0.024
2025-12-08T23:20:22.240,-0.284,-0.084,-0.038
2025-12-08T23:20:22.250,-0.289,-0.079,-0.031
2025-12-08T23:20:22.260,-0.298,-0.067,-0.037
2025-12-08T23:20:22.270,-0.293,-0.062,-0.061
2025-12-08T23:20:22.280,-0.291,-0.052,-0.082
2025-12-08T23:20:22.290,-0.282,-0.052,-0.111
2025-12-08T23:20:22.300,-0.271,-0.055,-0.106
2025-12-08T23:20:22.310,-0.268,-0.044,-0.096
2025-12-08T23:20:22.320,-0.261,-0.045,-0.098
2025-12-08T23:20:22.330,-0.256,-0.041,-0.09
2025-12-08T23:20:22.340,-0.25,-0.035,-0.091
2025-12-08T23:20:22.350,-0.241,-0.045,-0.103
2025-12-08T23:20:22.360,-0.237,-0.04,-0.116
2025-12-08T23:20:22.370,-0.237,-0.037,-0.125
2025-12-08T23:20:22.380,-0.232,-0.053,-0.151
2025-12-08T23:20:22.390,-0.23,-0.06,-0.166
2025-12-08T23:20:22.400,-0.222,-0.061,-0.17
2025-12-08T23:20:22.410,-0.209,-0.07,-0.194
2025-12-08T23:20:22.420,-0.21,-0.075,-0.193
2025-12-08T23:20:22.430,-0.204,-0.073,-0.177
2025-12-08T23:20:22.440,-0.207,-0.074,-0.181
2025-12-08T23:20:22.450,-0.215,-0.08,-0.189
2025-12-08T23:20:22.460,-0.203,-0.089,-0.191
2025-12-08T23:20:22.470,-0.199,-0.074,-0.203
2025-12-08T23:20:22.480,-0.197,-0.062,-0.213
2025-12-08T23:20:22.490,-0.182,-0.065,-0.207
2025-12-08T23:20:22.500,-0.181,-0.059,-0.208
2025-12-08T23:20:22.510,-0.189,-0.063,-0.205
2025-12-08T23:20:22.520,-0.184,-0.057,-0.201
2025-12-08T23:20:22.530,-0.182,-0.05,-0.217
2025-12-08T23:20:22.540,-0.187,-0.057,-0.242
2025-12-08T23:20:22.550,-0.181,-0.054,-0.257
2025-12-08T23:20:22.560,-0.172,-0.055,-0.264
2025-12-08T23:20:22.570,-0.171,-0.054,-0.273
2025-12-08T23:20:22.580,-0.173,-0.049,-0.255
2025-12-08T23:20:22.590,-0.164,-0.049,-0.232
2025-12-08T23:20:22.600,-0.159,-0.045,-0.205
2025-12-08T23:20:22.610,-0.161,-0.032,-0.175
2025-12-08T23:20:22.620,-0.148,-0.025,-0.187
2025-12-08T23:20:22.630,-0.142,-0.025,-0.21
2025-12-08T23:20:22.640,-0.14,-0.018,-0.239
2025-12-08T23:20:22.650,-0.131,-0.021,-0.265
2025-12-08T23:20:22.660,-0.136,-0.019,-0.266
2025-12-08T23:20:22.670,-0.143,-0.012,-0.252
2025-12-08T23:20:22.680,-0.13,-0.028,-0.235
2025-12-08T23:20:22.690,-0.114,-0.035,-0.235
2025-12-08T23:20:22.700,-0.111,-0.032,-0.228
2025-12-08T23:20:22.710,-0.095,-0.04,-0.219
2025-12-08T23:20:22.720,-0.078,-0.037,-0.218
2025-12-08T23:20:22.730,-0.079,-0.035,-0.215
2025-12-08T23:20:22.740,-0.067,-0.036,-0.225
2025-12-08T23:20:22.750,-0.06,-0.024,-0.228
2025-12-08T23:20:22.760,-0.061,-0.016,-0.224
2025-12-08T23:20:22.770,-0.047,-0.014,-0.209
2025-12-08T23:20:22.780,-0.033,-0.008,-0.189
2025-12-08T23:20:22.790,-0.022,-0.006,-0.182
2025-12-08T23:20:22.800,-0.01,-0.008,-0.178
2025-12-08T23:20:22.810,0.004,-0.015,-0.182
2025-12-08T23:20:22.820,0.009,-0.018,-0.189
2025-12-08T23:20:22.830,0.018,-0.017,-0.189
2025-12-08T23:20:22.840,0.031,-0.023,-0.183
2025-12-08T23:20:22.850,0.037,-0.025,-0.175
2025-12-08T23:20:22.860,0.046,-0.024,-0.171
2025-12-08T23:20:22.870,0.053,-0.016,-0.18
2025-12-08T23:20:22.880,0.066,-0.011,-0.2
2025-12-08T23:20:22.890,0.07,0.001,-0.205
2025-12-08T23:20:22.900,0.068,0.014,-0.191
2025-12-08T23:20:22.910,0.08,0.003,-0.18
2025-12-08T23:20:22.920,0.082,0.005,-0.174
2025-12-08T23:20:22.930,0.093,0.001,-0.165
2025-12-08T23:20:22.940,0.116,-0.006,-0.173
2025-12-08T23:20:22.950,0.129,-0.006,-0.178
2025-12-08T23:20:22.960,0.152,-0.019,-0.164
2025-12-08T23:20:22.970,0.165,-0.024,-0.159
2025-12-08T23:20:22.980,0.166,-0.038,-0.143
2025-12-08T23:20:22.990,0.175,-0.039,-0.134
2025-12-08T23:20:23.000,0.188,-0.025,-0.137
2025-12-08T23:20:23.010,0.197,-0.026,-0.142
2025-12-08T23:20:23.020,0.203,-0.021,-0.144
2025-12-08T23:20:23.030,0.213,-0.021,-0.126
2025-12-08T23:20:23.040,0.21,-0.013,-0.12
2025-12-08T23:20:23.050,0.207,-0.014,-0.105
2025-12-08T23:20:23.060,0.215,-0.021,-0.104
2025-12-08T23:20:23.070,0.215,-0.028,-0.112
2025-12-08T23:20:23.080,0.22,-0.041,-0.11
2025-12-08T23:20:23.090,0.228,-0.043,-0.12
2025-12-08T23:20:23.100,0.226,-0.056,-0.114
2025-12-08T23:20:23.110,0.231,-0.061,-0.116
2025-12-08T23:20:23.120,0.239,-0.061,-0.103
2025-12-08T23:20:23.130,0.239,-0.064,-0.096
2025-12-08T23:20:23.140,0.253,-0.057,-0.107
2025-12-08T23:20:23.150,0.265,-0.046,-0.093
2025-12-08T23:20:23.160,0.268,-0.038,-0.086
2025-12-08T23:20:23.170,0.268,-0.034,-0.065
2025-12-08T23:20:23.180,0.27,-0.016,-0.043
2025-12-08T23:20:23.190,0.276,-0.018,-0.04
2025-12-08T23:20:23.200,0.275,-0.029,-0.036
2025-12-08T23:20:23.210,0.279,-0.037,-0.019
2025-12-08T23:20:23.220,0.275,-0.062,0.0
2025-12-08T23:20:23.230,0.271,-0.069,-0.002
2025-12-08T23:20:23.240,0.282,-0.075,0.007
2025-12-08T23:20:23.250,0.273,-0.07,-0.012
2025-12-08T23:20:23.260,0.264,-0.071,-0.035
2025-12-08T23:20:23.270,0.259,-0.071,-0.008
2025-12-08T23:20:23.280,0.25,-0.063,0.004
2025-12-08T23:20:23.290,0.242,-0.07,0.014
2025-12-08T23:20:23.300,0.229,-0.061,0.034
2025-12-08T23:20:23.310,0.235,-0.068,0.029
2025-12-08T23:20:23.320,0.237,-0.063,0.012
2025-12-08T23:20:23.330,0.238,-0.044,0.021
2025-12-08T23:20:23.340,0.258,-0.057,0.033
2025-12-08T23:20:23.350,0.254,-0.054,0.038
2025-12-08T23:20:23.360,0.244,-0.056,0.064
2025-12-08T23:20:23.370,0.25,-0.075,0.082
2025-12-08T23:20:23.380,0.238,-0.079,0.098
2025-12-08T23:20:23.390,0.217,-0.079,0.121
2025-12-08T23:20:23.400,0.214,-0.096,0.124
2025-12-08T23:20:23.410,0.211,-0.098,0.118
2025-12-08T23:20:23.420,0.196,-0.089,0.106
2025-12-08T23:20:23.430,0.201,-0.093,0.1
2025-12-08T23:20:23.440,0.194,-0.08,0.107
2025-12-08T23:20:23.450,0.174,-0.071,0.118
2025-12-08T23:20:23.460,0.182,-0.075,0.118
2025-12-08T23:20:23.470,0.177,-0.081,0.13
2025-12-08T23:20:23.480,0.168,-0.091,0.141
2025-12-08T23:20:23.490,0.178,-0.099,0.136
2025-12-08T23:20:23.500,0.175,-0.101,0.144
2025-12-08T23:20:23.510,0.175,-0.101,0.149
2025-12-08T23:20:23.520,0.169,-0.103,0.163
2025-12-08T23:20:23.530,0.155,-0.096,0.178
2025-12-08T23:20:23.540,0.154,-0.1,0.173
2025-12-08T23:20:23.550,0.159,-0.102,0.179
2025-12-08T23:20:23.560,0.151,-0.096,0.188
2025-12-08T23:20:23.570,0.138,-0.105,0.183
2025-12-08T23:20:23.580,0.136,-0.106,0.181
2025-12-08T23:20:23.590,0.133,-0.103,0.182
2025-12-08T23:20:23.600,0.131,-0.099,0.169
2025-12-08T23:20:23.610,0.127,-0.102,0.17
2025-12-08T23:20:23.620,0.118,-0.111,0.193
2025-12-08T23:20:23.630,0.116,-0.108,0.187
2025-12-08T23:20:23.640,0.111,-0.108,0.188
2025-12-08T23:20:23.650,0.103,-0.096,0.189
2025-12-08T23:20:23.660,0.098,-0.093,0.169
2025-12-08T23:20:23.670,0.078,-0.093,0.18
2025-12-08T23:20:23.680,0.064,-0.093,0.19
2025-12-08T23:20:23.690,0.055,-0.11,0.176
2025-12-08T23:20:23.700,0.035,-0.105,0.167
2025-12-08T23:20:23.710,0.025,-0.101,0.161
2025-12-08T23:20:23.720,0.013,-0.102,0.147
2025-12-08T23:20:23.730,-0.0,-0.103,0.153
2025-12-08T23:20:23.740,-0.002,-0.106,0.17
2025-12-08T23:20:23.750,-0.007,-0.102,0.165
2025-12-08T23:20:23.760,-0.012,-0.107,0.168
2025-12-08T23:20:23.770,-0.012,-0.106,0.171
2025-12-08T23:20:23.780,-0.005,-0.103,0.154
2025-12-08T23:20:23.790,-0.011,-0.096,0.144
2025-12-08T23:20:23.800,-0.013,-0.09,0.148
2025-12-08T23:20:23.810,-0.007,-0.095,0.134
2025-12-08T23:20:23.820,-0.028,-0.09,0.137
2025-12-08T23:20:23.830,-0.034,-0.099,0.159
2025-12-08T23:20:23.840,-0.032,-0.104,0.156
2025-12-08T23:20:23.850,-0.045,-0.102,0.155
2025-12-08T23:20:23.860,-0.042,-0.102,0.142
2025-12-08T23:20:23.870,-0.032,-0.102,0.118
2025-12-08T23:20:23.880,-0.032,-0.1,0.114
2025-12-08T23:20:23.890,-0.04,-0.089,0.113
2025-12-08T23:20:23.900,-0.039,-0.092,0.119
2025-12-08T23:20:23.910,-0.043,-0.096,0.125
2025-12-08T23:20:23.920,-0.058,-0.088,0.142
2025-12-08T23:20:23.930,-0.065,-0.084,0.158
2025-12-08T23:20:23.940,-0.069,-0.084,0.153
2025-12-08T23:20:23.950,-0.076,-0.079,0.125
2025-12-08T23:20:23.960,-0.077,-0.076,0.09
2025-12-08T23:20:23.970,-0.081,-0.079,0.079
2025-12-08T23:20:23.980,-0.096,-0.069,0.078
2025-12-08T23:20:23.990,-0.101,-0.071,0.089
2025-12-08T23:20:24.000,-0.101,-0.074,0.088
2025-12-08T23:20:24.010,-0.102,-0.077,0.077
2025-12-08T23:20:24.020,-0.103,-0.082,0.087
2025-12-08T23:20:24.030,-0.112,-0.076,0.086
2025-12-08T23:20:24.040,-0.117,-0.083,0.079
2025-12-08T23:20:24.050,-0.118,-0.08,0.081
2025-12-08T23:20:24.060,-0.121,-0.071,0.081
2025-12-08T23:20:24.070,-0.128,-0.074,0.069
2025-12-08T23:20:24.080,-0.129,-0.072,0.062
2025-12-08T23:20:24.090,-0.132,-0.068,0.045
2025-12-08T23:20:24.100,-0.143,-0.064,0.013
2025-12-08T23:20:24.110,-0.153,-0.069,0.012
2025-12-08T23:20:24.120,-0.164,-0.07,0.01
2025-12-08T23:20:24.130,-0.17,-0.073,-0.007
2025-12-08T23:20:24.140,-0.163,-0.069,-0.011
2025-12-08T23:20:24.150,-0.153,-0.062,-0.023
2025-12-08T23:20:24.160,-0.152,-0.06,-0.031
2025-12-08T23:20:24.170,-0.154,-0.043,0.001
2025-12-08T23:20:24.180,-0.15,-0.043,0.034
2025-12-08T23:20:24.190,-0.15,-0.044,0.03
2025-12-08T23:20:24.200,-0.155,-0.037,0.021
2025-12-08T23:20:24.210,-0.154,-0.042,-0.002
2025-12-08T23:20:24.220,-0.162,-0.032,-0.037
2025-12-08T23:20:24.230,-0.176,-0.031,-0.028
2025-12-08T23:20:24.240,-0.182,-0.03,-0.023
2025-12-08T23:20:24.250,-0.198,-0.016,-0.038
2025-12-08T23:20:24.260,-0.214,-0.008,-0.048
2025-12-08T23:20:24.270,-0.211,-0.007,-0.075
2025-12-08T23:20:24.280,-0.206,-0.014,-0.093
2025-12-08T23:20:24.290,-0.216,-0.004,-0.092
2025-12-08T23:20:24.300,-0.21,-0.005,-0.089
2025-12-08T23:20:24.310,-0.196,-0.021,-0.088
2025-12-08T23:20:24.320,-0.209,-0.018,-0.075
2025-12-08T23:20:24.330,-0.21,-0.027,-0.05
2025-12-08T23:20:24.340,-0.207,-0.03,-0.043
2025-12-08T23:20:24.350,-0.223,-0.02,-0.045
2025-12-08T23:20:24.360,-0.23,-0.011,-0.06
2025-12-08T23:20:24.370,-0.235,-0.004,-0.087
2025-12-08T23:20:24.380,-0.247,-0.007,-0.112
2025-12-08T23:20:24.390,-0.259,-0.012,-0.122
2025-12-08T23:20:24.400,-0.268,-0.015,-0.119
2025-12-08T23:20:24.410,-0.278,-0.022,-0.126
2025-12-08T23:20:24.420,-0.277,-0.03,-0.128
2025-12-08T23:20:24.430,-0.271,-0.023,-0.138
2025-12-08T23:20:24.440,-0.271,-0.009,-0.149
2025-12-08T23:20:24.450,-0.274,0.001,-0.134
2025-12-08T23:20:24.460,-0.271,0.005,-0.122
2025-12-08T23:20:24.470,-0.272,0.01,-0.115
2025-12-08T23:20:24.480,-0.275,0.018,-0.112
2025-12-08T23:20:24.490,-0.265,0.019,-0.121
2025-12-08T23:20:24.500,-0.261,0.022,-0.133
2025-12-08T23:20:24.510,-0.26,0.013,-0.125
2025-12-08T23:20:24.520,-0.262,0.01,-0.106
2025-12-08T23:20:24.530,-0.272,0.015,-0.11
2025-12-08T23:20:24.540,-0.276,0.026,-0.12
2025-12-08T23:20:24.550,-0.282,0.051,-0.121
2025-12-08T23:20:24.560,-0.293,0.059,-0.125
2025-12-08T23:20:24.570,-0.308,0.062,-0.118
2025-12-08T23:20:24.580,-0.318,0.065,-0.088
2025-12-08T23:20:24.590,-0.315,0.067,-0.075
2025-12-08T23:20:24.600,-0.316,0.084,-0.077
2025-12-08T23:20:24.610,-0.312,0.105,-0.077
2025-12-08T23:20:24.620,-0.305,0.12,-0.105
2025-12-08T23:20:24.630,-0.312,0.125,-0.118
2025-12-08T23:20:24.640,-0.323,0.127,-0.091
2025-12-08T23:20:24.650,-0.328,0.12,-0.083
2025-12-08T23:20:24.660,-0.33,0.111,-0.078
2025-12-08T23:20:24.670,-0.334,0.108,-0.071
2025-12-08T23:20:24.680,-0.322,0.095,-0.1
2025-12-08T23:20:24.690,-0.316,0.092,-0.135
2025-12-08T23:20:24.700,-0.323,0.093,-0.139
2025-12-08T23:20:24.710,-0.317,0.085,-0.127
2025-12-08T23:20:24.720,-0.314,0.083,-0.108
2025-12-08T23:20:24.730,-0.312,0.08,-0.075
2025-12-08T23:20:24.740,-0.303,0.079,-0.05
2025-12-08T23:20:24.750,-0.307,0.086,-0.048
2025-12-08T23:20:24.760,-0.311,0.084,-0.048
2025-12-08T23:20:24.770,-0.305,0.08,-0.048
2025-12-08T23:20:24.780,-0.311,0.082,-0.056
2025-12-08T23:20:24.790,-0.326,0.08,-0.055
2025-12-08T23:20:24.800,-0.325,0.074,-0.05
2025-12-08T23:20:24.810,-0.326,0.082,-0.064
2025-12-08T23:20:24.820,-0.333,0.084,-0.076
2025-12-08T23:20:24.830,-0.329,0.084,-0.08
2025-12-08T23:20:24.840,-0.33,0.085,-0.075
2025-12-08T23:20:24.850,-0.332,0.071,-0.038
2025-12-08T23:20:24.860,-0.329,0.073,-0.008
2025-12-08T23:20:24.870,-0.321,0.061,-0.001
2025-12-08T23:20:24.880,-0.312,0.061,-0.017
2025-12-08T23:20:24.890,-0.31,0.087,-0.034
2025-12-08T23:20:24.900,-0.303,0.084,-0.036
2025-12-08T23:20:24.910,-0.297,0.084,-0.041
2025-12-08T23:20:24.920,-0.297,0.08,-0.021
2025-12-08T23:20:24.930,-0.294,0.074,-0.011
2025-12-08T23:20:24.940,-0.293,0.072,-0.011
2025-12-08T23:20:24.950,-0.294,0.06,-0.003
2025-12-08T23:20:24.960,-0.296,0.061,-0.013
2025-12-08T23:20:24.970,-0.301,0.055,-0.02
2025-12-08T23:20:24.980,-0.307,0.043,-0.035
2025-12-08T23:20:24.990,-0.308,0.042,-0.041
2025-12-08T23:20:25.000,-0.314,0.043,-0.047
2025-12-08T23:20:25.010,-0.317,0.045,-0.038
2025-12-08T23:20:25.020,-0.303,0.051,-0.023
2025-12-08T23:20:25.030,-0.293,0.049,-0.039
2025-12-08T23:20:25.040,-0.287,0.045,-0.036
2025-12-08T23:20:25.050,-0.271,0.043,-0.044
2025-12-08T23:20:25.060,-0.262,0.034,-0.059
2025-12-08T23:20:25.070,-0.259,0.023,-0.048
2025-12-08T23:20:25.080,-0.245,0.018,-0.034
2025-12-08T23:20:25.090,-0.237,0.015,-0.018
2025-12-08T23:20:25.100,-0.235,0.004,-0.005
2025-12-08T23:20:25.110,-0.226,-0.003,-0.007
2025-12-08T23:20:25.120,-0.227,-0.007,-0.032
2025-12-08T23:20:25.130,-0.224,-0.02,-0.054
2025-12-08T23:20:25.140,-0.21,-0.021,-0.056
2025-12-08T23:20:25.150,-0.202,-0.027,-0.046
2025-12-08T23:20:25.160,-0.196,-0.025,-0.033
2025-12-08T23:20:25.170,-0.184,-0.021,-0.014
2025-12-08T23:20:25.180,-0.17,-0.022,-0.012
2025-12-08T23:20:25.190,-0.168,-0.014,-0.028
2025-12-08T23:20:25.200,-0.165,-0.004,-0.013
2025-12-08T23:20:25.210,-0.158,0.003,0.008
2025-12-08T23:20:25.220,-0.158,0.0,0.022
2025-12-08T23:20:25.230,-0.159,0.004,0.048
2025-12-08T23:20:25.240,-0.151,0.005,0.045
2025-12-08T23:20:25.250,-0.144,-0.012,0.002
2025-12-08T23:20:25.260,-0.143,-0.011,-0.023
2025-12-08T23:20:25.270,-0.136,-0.01,-0.027
2025-12-08T23:20:25.280,-0.136,-0.021,-0.033
2025-12-08T23:20:25.290,-0.138,-0.022,-0.009
2025-12-08T23:20:25.300,-0.126,-0.028,0.005
2025-12-08T23:20:25.310,-0.124,-0.032,-0.022
2025-12-08T23:20:25.320,-0.117,-0.022,-0.031
2025-12-08T23:20:25.330,-0.1,-0.021,-0.047
2025-12-08T23:20:25.340,-0.096,-0.028,-0.06
2025-12-08T23:20:25.350,-0.095,-0.025,-0.021
2025-12-08T23:20:25.360,-0.088,-0.03,0.02
2025-12-08T23:20:25.370,-0.078,-0.039,0.024
2025-12-08T23:20:25.380,-0.075,-0.035,0.012
2025-12-08T23:20:25.390,-0.067,-0.032,-0.009
2025-12-08T23:20:25.400,-0.06,-0.037,-0.033
2025-12-08T23:20:25.410,-0.063,-0.029,-0.031
2025-12-08T23:20:25.420,-0.05,-0.029,-0.016
2025-12-08T23:20:25.430,-0.027,-0.033,-0.017
2025-12-08T23:20:25.440,-0.017,-0.02,-0.02
2025-12-08T23:20:25.450,-0.002,-0.023,-0.018
2025-12-08T23:20:25.460,0.019,-0.028,-0.022
2025-12-08T23:20:25.470,0.027,-0.014,-0.004
2025-12-08T23:20:25.480,0.025,-0.006,0.025
2025-12-08T23:20:25.490,0.035,-0.008,0.035
2025-12-08T23:20:25.500,0.041,-0.002,0.043
2025-12-08T23:20:25.510,0.037,0.011,0.045
2025-12-08T23:20:25.520,0.054,0.002,0.023
2025-12-08T23:20:25.530,0.054,0.001,0.007
2025-12-08T23:20:25.540,0.047,0.006,0.015
2025-12-08T23:20:25.550,0.061,-0.006,0.018
2025-12-08T23:20:25.560,0.059,-0.001,0.019
2025-12-08T23:20:25.570,0.06,-0.004,0.02
2025-12-08T23:20:25.580,0.067,-0.014,0.017
2025-12-08T23:20:25.590,0.066,-0.005,0.018
2025-12-08T23:20:25.600,0.075,-0.008,0.019
2025-12-08T23:20:25.610,0.089,0.004,0.026
2025-12-08T23:20:25.620,0.1,0.026,0.037
2025-12-08T23:20:25.630,0.107,0.023,0.039
2025-12-08T23:20:25.640,0.114,0.029,0.032
2025-12-08T23:20:25.650,0.12,0.039,0.017
2025-12-08T23:20:25.660,0.128,0.036,-0.011
2025-12-08T23:20:25.670,0.134,0.039,-0.016
2025-12-08T23:20:25.680,0.132,0.04,0.003
2025-12-08T23:20:25.690,0.123,0.042,-0.003
2025-12-08T23:20:25.700,0.123,0.036,0.001
2025-12-08T23:20:25.710,0.123,0.039,0.004
2025-12-08T23:20:25.720,0.124,0.05,-0.017
2025-12-08T23:20:25.730,0.137,0.055,-0.01
2025-12-08T23:20:25.740,0.142,0.078,0.0
2025-12-08T23:20:25.750,0.148,0.089,-0.006
2025-12-08T23:20:25.760,0.158,0.098,0.005
2025-12-08T23:20:25.770,0.169,0.111,0.017
2025-12-08T23:20:25.780,0.177,0.103,0.008
2025-12-08T23:20:25.790,0.175,0.105,0.015
2025-12-08T23:20:25.800,0.185,0.107,0.033
2025-12-08T23:20:25.810,0.193,0.103,0.03
2025-12-08T23:20:25.820,0.195,0.106,0.047
2025-12-08T23:20:25.830,0.202,0.104,0.043
2025-12-08T23:20:25.840,0.207,0.105,-0.002
2025-12-08T23:20:25.850,0.208,0.113,-0.016
2025-12-08T23:20:25.860,0.209,0.117,-0.025
2025-12-08T23:20:25.870,0.214,0.114,-0.036
2025-12-08T23:20:25.880,0.214,0.116,-0.016
2025-12-08T23:20:25.890,0.218,0.118,-0.015
2025-12-08T23:20:25.900,0.23,0.12,-0.031
2025-12-08T23:20:25.910,0.229,0.13,-0.028
2025-12-08T23:20:25.920,0.227,0.137,-0.027
2025-12-08T23:20:25.930,0.229,0.133,-0.017
2025-12-08T23:20:25.940,0.218,0.149,0.0
2025-12-08T23:20:25.950,0.217,0.164,-0.011
2025-12-08T23:20:25.960,0.229,0.16,-0.044
2025-12-08T23:20:25.970,0.221,0.178,-0.068
2025-12-08T23:20:25.980,0.225,0.181,-0.084
2025-12-08T23:20:25.990,0.23,0.18,-0.077
2025-12-08T23:20:26.000,0.214,0.198,-0.041
2025-12-08T23:20:26.010,0.211,0.194,-0.028
2025-12-08T23:20:26.020,0.214,0.202,-0.039
2025-12-08T23:20:26.030,0.207,0.214,-0.05
2025-12-08T23:20:26.040,0.204,0.213,-0.073
2025-12-08T23:20:26.050,0.212,0.215,-0.07
2025-12-08T23:20:26.060,0.207,0.218,-0.036
2025-12-08T23:20:26.070,0.206,0.214,-0.02
2025-12-08T23:20:26.080,0.216,0.213,-0.017
2025-12-08T23:20:26.090,0.218,0.228,-0.037
2025-12-08T23:20:26.100,0.224,0.232,-0.075
2025-12-08T23:20:26.110,0.23,0.242,-0.08
2025-12-08T23:20:26.120,0.228,0.25,-0.066
2025-12-08T23:20:26.130,0.223,0.241,-0.063
2025-12-08T23:20:26.140,0.212,0.249,-0.051
2025-12-08T23:20:26.150,0.202,0.252,-0.05
2025-12-08T23:20:26.160,0.202,0.256,-0.063
2025-12-08T23:20:26.170,0.207,0.264,-0.045
2025-12-08T23:20:26.180,0.207,0.257,-0.035
2025-12-08T23:20:26.190,0.207,0.252,-0.046
2025-12-08T23:20:26.200,0.206,0.252,-0.033
2025-12-08T23:20:26.210,0.211,0.259,-0.036
2025-12-08T23:20:26.220,0.219,0.25,-0.057
2025-12-08T23:20:26.230,0.212,0.254,-0.064
2025-12-08T23:20:26.240,0.203,0.262,-0.076
2025-12-08T23:20:26.250,0.187,0.26,-0.097
2025-12-08T23:20:26.260,0.175,0.265,-0.098
2025-12-08T23:20:26.270,0.171,0.267,-0.086
2025-12-08T23:20:26.280,0.162,0.278,-0.089
2025-12-08T23:20:26.290,0.164,0.273,-0.075
2025-12-08T23:20:26.300,0.168,0.277,-0.064
2025-12-08T23:20:26.310,0.169,0.279,-0.069
2025-12-08T23:20:26.320,0.184,0.261,-0.069
2025-12-08T23:20:26.330,0.189,0.276,-0.064
2025-12-08T23:20:26.340,0.181,0.275,-0.058
2025-12-08T23:20:26.350,0.18,0.267,-0.058
2025-12-08T23:20:26.360,0.186,0.28,-0.046
2025-12-08T23:20:26.370,0.189,0.279,-0.029
2025-12-08T23:20:26.380,0.187,0.286,-0.003
2025-12-08T23:20:26.390,0.193,0.301,0.027
2025-12-08T23:20:26.400,0.192,0.304,0.025
2025-12-08T23:20:26.410,0.186,0.298,0.015
2025-12-08T23:20:26.420,0.194,0.297,0.009
2025-12-08T23:20:26.430,0.192,0.295,0.008
2025-12-08T23:20:26.440,0.189,0.29,0.025
2025-12-08T23:20:26.450,0.191,0.293,0.061
2025-12-08T23:20:26.460,0.193,0.279,0.073
2025-12-08T23:20:26.470,0.194,0.261,0.055
2025-12-08T23:20:26.480,0.192,0.261,0.041
2025-12-08T23:20:26.490,0.202,0.252,0.018
2025-12-08T23:20:26.500,0.203,0.248,0.008
2025-12-08T23:20:26.510,0.21,0.251,0.015
2025-12-08T23:20:26.520,0.23,0.241,0.016
2025-12-08T23:20:26.530,0.23,0.243,0.022
2025-12-08T23:20:26.540,0.228,0.244,0.043
2025-12-08T23:20:26.550,0.227,0.23,0.07
2025-12-08T23:20:26.560,0.212,0.234,0.083
2025-12-08T23:20:26.570,0.199,0.234,0.09
2025-12-08T23:20:26.580,0.192,0.227,0.09
2025-12-08T23:20:26.590,0.18,0.225,0.082
2025-12-08T23:20:26.600,0.169,0.218,0.08
2025-12-08T23:20:26.610,0.175,0.211,0.079
2025-12-08T23:20:26.620,0.181,0.207,0.073
2025-12-08T23:20:26.630,0.179,0.195,0.066
2025-12-08T23:20:26.640,0.189,0.184,0.076
2025-12-08T23:20:26.650,0.187,0.176,0.095
2025-12-08T23:20:26.660,0.179,0.173,0.107
2025-12-08T23:20:26.670,0.191,0.166,0.123
2025-12-08T23:20:26.680,0.191,0.162,0.128
2025-12-08T23:20:26.690,0.18,0.159,0.136
2025-12-08T23:20:26.700,0.176,0.15,0.157
2025-12-08T23:20:26.710,0.171,0.15,0.152
2025-12-08T23:20:26.720,0.169,0.14,0.139
2025-12-08T23:20:26.730,0.167,0.136,0.132
2025-12-08T23:20:26.740,0.165,0.13,0.115
2025-12-08T23:20:26.750,0.163,0.114,0.108
2025-12-08T23:20:26.760,0.154,0.112,0.11
2025-12-08T23:20:26.770,0.151,0.1,0.111
2025-12-08T23:20:26.780,0.146,0.079,0.104
2025-12-08T23:20:26.790,0.137,0.059,0.124
2025-12-08T23:20:26.800,0.141,0.045,0.145
2025-12-08T23:20:26.810,0.137,0.044,0.145
2025-12-08T23:20:26.820,0.139,0.039,0.157
2025-12-08T23:20:26.830,0.148,0.039,0.151
2025-12-08T23:20:26.840,0.147,0.037,0.127
2025-12-08T23:20:26.850,0.148,0.025,0.118
2025-12-08T23:20:26.860,0.146,0.014,0.122
2025-12-08T23:20:26.870,0.139,0.007,0.123
2025-12-08T23:20:26.880,0.135,-0.011,0.126
2025-12-08T23:20:26.890,0.133,-0.025,0.136
2025-12-08T23:20:26.900,0.121,-0.025,0.121
2025-12-08T23:20:26.910,0.109,-0.029,0.107
2025-12-08T23:20:26.920,0.116,-0.034,0.096
2025-12-08T23:20:26.930,0.11,-0.037,0.075
2025-12-08T23:20:26.940,0.101,-0.045,0.092
2025-12-08T23:20:26.950,0.105,-0.052,0.132
2025-12-08T23:20:26.960,0.102,-0.058,0.152
2025-12-08T23:20:26.970,0.101,-0.057,0.161
2025-12-08T23:20:26.980,0.106,-0.054,0.156
2025-12-08T23:20:26.990,0.109,-0.056,0.124
2025-12-08T23:20:27.000,0.103,-0.059,0.11
2025-12-08T23:20:27.010,0.096,-0.064,0.126
2025-12-08T23:20:27.020,0.091,-0.074,0.143
2025-12-08T23:20:27.030,0.079,-0.081,0.149
2025-12-08T23:20:27.040,0.086,-0.089,0.137
2025-12-08T23:20:27.050,0.09,-0.103,0.105
2025-12-08T23:20:27.060,0.075,-0.117,0.086
2025-12-08T23:20:27.070,0.062,-0.135,0.111
2025-12-08T23:20:27.080,0.05,-0.153,0.15
2025-12-08T23:20:27.090,0.044,-0.168,0.164
2025-12-08T23:20:27.100,0.036,-0.169,0.155
2025-12-08T23:20:27.110,0.037,-0.168,0.115
2025-12-08T23:20:27.120,0.043,-0.171,0.056
2025-12-08T23:20:27.130,0.037,-0.161,0.038
2025-12-08T23:20:27.140,0.036,-0.168,0.045
2025-12-08T23:20:27.150,0.041,-0.191,0.05
2025-12-08T23:20:27.160,0.035,-0.198,0.084
2025-12-08T23:20:27.170,0.042,-0.214,0.098
2025-12-08T23:20:27.180,0.054,-0.228,0.079
2025-12-08T23:20:27.190,0.051,-0.226,0.07
2025-12-08T23:20:27.200,0.053,-0.232,0.073
2025-12-08T23:20:27.210,0.043,-0.229,0.091
2025-12-08T23:20:27.220,0.025,-0.228,0.1
2025-12-08T23:20:27.230,0.024,-0.237,0.083
2025-12-08T23:20:27.240,0.018,-0.237,0.042
2025-12-08T23:20:27.250,0.011,-0.243,0.01
2025-12-08T23:20:27.260,0.013,-0.25,0.01
2025-12-08T23:20:27.270,0.017,-0.259,0.009
2025-12-08T23:20:27.280,0.016,-0.272,0.006
2025-12-08T23:20:27.290,0.017,-0.272,0.003
2025-12-08T23:20:27.300,0.021,-0.274,-0.003
2025-12-08T23:20:27.310,0.006,-0.274,-0.006
2025-12-08T23:20:27.320,-0.004,-0.276,-0.002
2025-12-08T23:20:27.330,0.005,-0.287,-0.008
2025-12-08T23:20:27.340,0.002,-0.281,-0.024
2025-12-08T23:20:27.350,0.007,-0.275,-0.022
2025-12-08T23:20:27.360,0.021,-0.287,-0.026
2025-12-08T23:20:27.370,0.015,-0.289,-0.036
2025-12-08T23:20:27.380,0.012,-0.296,-0.032
2025-12-08T23:20:27.390,0.016,-0.308,-0.037
2025-12-08T23:20:27.400,0.009,-0.314,-0.031
2025-12-08T23:20:27.410,0.005,-0.329,-0.016
2025-12-08T23:20:27.420,0.002,-0.332,-0.013
2025-12-08T23:20:27.430,0.007,-0.333,-0.021
2025-12-08T23:20:27.440,0.011,-0.337,-0.057
2025-12-08T23:20:27.450,0.008,-0.33,-0.094
2025-12-08T23:20:27.460,0.012,-0.335,-0.109
2025-12-08T23:20:27.470,0.012,-0.345,-0.111
2025-12-08T23:20:27.480,0.018,-0.345,-0.081
2025-12-08T23:20:27.490,0.025,-0.344,-0.061
2025-12-08T23:20:27.500,0.025,-0.35,-0.068
2025-12-08T23:20:27.510,0.032,-0.35,-0.07
2025-12-08T23:20:27.520,0.04,-0.343,-0.084
2025-12-08T23:20:27.530,0.036,-0.34,-0.096
2025-12-08T23:20:27.540,0.034,-0.335,-0.078
2025-12-08T23:20:27.550,0.04,-0.343,-0.061
2025-12-08T23:20:27.560,0.034,-0.353,-0.058
2025-12-08T23:20:27.570,0.035,-0.355,-0.044
2025-12-08T23:20:27.580,0.052,-0.361,-0.051
2025-12-08T23:20:27.590,0.055,-0.359,-0.072
2025-12-08T23:20:27.600,0.055,-0.344,-0.059
2025-12-08T23:20:27.610,0.066,-0.339,-0.058
2025-12-08T23:20:27.620,0.067,-0.337,-0.066
2025-12-08T23:20:27.630,0.064,-0.325,-0.054
2025-12-08T23:20:27.640,0.071,-0.328,-0.047
2025-12-08T23:20:27.650,0.073,-0.33,-0.049
2025-12-08T23:20:27.660,0.071,-0.318,-0.041
2025-12-08T23:20:27.670,0.075,-0.307,-0.051
2025-12-08T23:20:27.680,0.078,-0.301,-0.081
2025-12-08T23:20:27.690,0.072,-0.301,-0.078
2025-12-08T23:20:27.700,0.066,-0.29,-0.068
2025-12-08T23:20:27.710,0.066,-0.301,-0.06
2025-12-08T23:20:27.720,0.063,-0.307,-0.051
2025-12-08T23:20:27.730,0.061,-0.301,-0.061
2025-12-08T23:20:27.740,0.062,-0.315,-0.076
2025-12-08T23:20:27.750,0.063,-0.304,-0.09
2025-12-08T23:20:27.760,0.072,-0.305,-0.091
2025-12-08T23:20:27.770,0.08,-0.306,-0.095
2025-12-08T23:20:27.780,0.073,-0.29,-0.082
2025-12-08T23:20:27.790,0.071,-0.285,-0.05
2025-12-08T23:20:27.800,0.077,-0.271,-0.045
2025-12-08T23:20:27.810,0.076,-0.261,-0.041
2025-12-08T23:20:27.820,0.077,-0.242,-0.042
2025-12-08T23:20:27.830,0.084,-0.234,-0.045
2025-12-08T23:20:27.840,0.076,-0.223,-0.039
2025-12-08T23:20:27.850,0.067,-0.204,-0.026
2025-12-08T23:20:27.860,0.081,-0.214,-0.021
2025-12-08T23:20:27.870,0.081,-0.202,-0.036
2025-12-08T23:20:27.880,0.078,-0.199,-0.024
2025-12-08T23:20:27.890,0.091,-0.213,-0.023
2025-12-08T23:20:27.900,0.087,-0.21,-0.03
2025-12-08T23:20:27.910,0.092,-0.216,-0.021
2025-12-08T23:20:27.920,0.107,-0.212,-0.021
2025-12-08T23:20:27.930,0.112,-0.207,-0.01
2025-12-08T23:20:27.940,0.117,-0.203,-0.003
2025-12-08T23:20:27.950,0.12,-0.194,0.011
2025-12-08T23:20:27.960,0.126,-0.189,0.014
2025-12-08T23:20:27.970,0.121,-0.178,-0.0
2025-12-08T23:20:27.980,0.118,-0.166,0.001
2025-12-08T23:20:27.990,0.116,-0.157,-0.01
2025-12-08T23:20:28.000,0.109,-0.147,-0.017
2025-12-08T23:20:28.010,0.112,-0.136,-0.012
2025-12-08T23:20:28.020,0.111,-0.129,-0.009
2025-12-08T23:20:28.030,0.109,-0.122,-0.02
2025-12-08T23:20:28.040,0.111,-0.114,-0.021
2025-12-08T23:20:28.050,0.109,-0.103,-0.007
2025-12-08T23:20:28.060,0.106,-0.098,-0.018
2025-12-08T23:20:28.070,0.101,-0.094,-0.014
2025-12-08T23:20:28.080,0.098,-0.078,-0.004
2025-12-08T23:20:28.090,0.097,-0.079,-0.012
2025-12-08T23:20:28.100,0.096,-0.074,-0.0
2025-12-08T23:20:28.110,0.096,-0.064,0.012
2025-12-08T23:20:28.120,0.091,-0.059,0.022
2025-12-08T23:20:28.130,0.079,-0.047,0.03
2025-12-08T23:20:28.140,0.072,-0.037,0.024
2025-12-08T23:20:28.150,0.058,-0.032,0.004
2025-12-08T23:20:28.160,0.046,-0.026,-0.015
2025-12-08T23:20:28.170,0.04,-0.011,-0.022
2025-12-08T23:20:28.180,0.028,0.003,-0.022
2025-12-08T23:20:28.190,0.024,0.012,-0.005
2025-12-08T23:20:28.200,0.03,0.018,0.009
2025-12-08T23:20:28.210,0.03,0.025,0.003
2025-12-08T23:20:28.220,0.027,0.027,-0.002
2025-12-08T23:20:28.230,0.038,0.025,-0.006
2025-12-08T23:20:28.240,0.03,0.039,0.007
2025-12-08T23:20:28.250,0.017,0.039,0.018
2025-12-08T23:20:28.260,0.02,0.033,0.018
2025-12-08T23:20:28.270,0.01,0.042,0.009
2025-12-08T23:20:28.280,0.004,0.043,-0.015
2025-12-08T23:20:28.290,0.007,0.051,-0.02
2025-12-08T23:20:28.300,0.009,0.063,-0.016
2025-12-08T23:20:28.310,0.001,0.068,-0.009
2025-12-08T23:20:28.320,-0.003,0.073,-0.001
2025-12-08T23:20:28.330,0.006,0.08,-0.012
2025-12-08T23:20:28.340,0.003,0.091,-0.03
2025-12-08T23:20:28.350,0.002,0.102,-0.037
2025-12-08T23:20:28.360,0.002,0.108,-0.028
2025-12-08T23:20:28.370,-0.009,0.114,-0.008
2025-12-08T23:20:28.380,-0.017,0.128,0.025
2025-12-08T23:20:28.390,-0.012,0.127,0.039
2025-12-08T23:20:28.400,-0.012,0.123,0.02
2025-12-08T23:20:28.410,-0.018,0.139,0.004
2025-12-08T23:20:28.420,-0.011,0.139,-0.013
2025-12-08T23:20:28.430,-0.017,0.141,-0.027
2025-12-08T23:20:28.440,-0.034,0.149,-0.009
2025-12-08T23:20:28.450,-0.039,0.139,0.019
2025-12-08T23:20:28.460,-0.045,0.149,0.022
2025-12-08T23:20:28.470,-0.05,0.157,0.018
2025-12-08T23:20:28.480,-0.037,0.166,0.002
2025-12-08T23:20:28.490,-0.037,0.183,-0.023
2025-12-08T23:20:28.500,-0.039,0.187,-0.027
2025-12-08T23:20:28.510,-0.025,0.192,-0.012
2025-12-08T23:20:28.520,-0.032,0.191,-0.002
2025-12-08T23:20:28.530,-0.035,0.184,-0.003
2025-12-08T23:20:28.540,-0.025,0.18,0.012
2025-12-08T23:20:28.550,-0.027,0.176,0.02
2025-12-08T23:20:28.560,-0.03,0.163,0.016
2025-12-08T23:20:28.570,-0.035,0.161,0.03
2025-12-08T23:20:28.580,-0.039,0.168,0.018
2025-12-08T23:20:28.590,-0.042,0.155,-0.015
2025-12-08T23:20:28.600,-0.044,0.155,-0.009
2025-12-08T23:20:28.610,-0.049,0.158,0.007
2025-12-08T23:20:28.620,-0.048,0.151,0.003
2025-12-08T23:20:28.630,-0.035,0.153,0.022
2025-12-08T23:20:28.640,-0.025,0.158,0.031
2025-12-08T23:20:28.650,-0.016,0.159,0.009
2025-12-08T23:20:28.660,-0.01,0.162,0.025
2025-12-08T23:20:28.670,-0.009,0.165,0.039
2025-12-08T23:20:28.680,-0.012,0.162,0.036
2025-12-08T23:20:28.690,-0.016,0.166,0.056
2025-12-08T23:20:28.700,-0.016,0.162,0.064
2025-12-08T23:20:28.710,-0.025,0.155,0.048
2025-12-08T23:20:28.720,-0.036,0.145,0.05
2025-12-08T23:20:28.730,-0.037,0.127,0.045
2025-12-08T23:20:28.740,-0.046,0.127,0.027
2025-12-08T23:20:28.750,-0.056,0.12,0.039
2025-12-08T23:20:28.760,-0.048,0.116,0.041
2025-12-08T23:20:28.770,-0.051,0.125,0.031
2025-12-08T23:20:28.780,-0.061,0.131,0.034
2025-12-08T23:20:28.790,-0.05,0.135,0.024
2025-12-08T23:20:28.800,-0.055,0.143,0.025
2025-12-08T23:20:28.810,-0.068,0.154,0.042
2025-12-08T23:20:28.820,-0.058,0.15,0.052
2025-12-08T23:20:28.830,-0.057,0.157,0.057
2025-12-08T23:20:28.840,-0.064,0.159,0.063
2025-12-08T23:20:28.850,-0.06,0.153,0.066
2025-12-08T23:20:28.860,-0.058,0.154,0.073
2025-12-08T23:20:28.870,-0.069,0.144,0.072
2025-12-08T23:20:28.880,-0.075,0.141,0.062
2025-12-08T23:20:28.890,-0.074,0.135,0.066
2025-12-08T23:20:28.900,-0.081,0.124,0.063
2025-12-08T23:20:28.910,-0.091,0.114,0.068
2025-12-08T23:20:28.920,-0.089,0.104,0.081
2025-12-08T23:20:28.930,-0.089,0.096,0.093
2025-12-08T23:20:28.940,-0.092,0.102,0.111
2025-12-08T23:20:28.950,-0.073,0.109,0.114
2025-12-08T23:20:28.960,-0.059,0.111,0.099
2025-12-08T23:20:28.970,-0.055,0.119,0.092
2025-12-08T23:20:28.980,-0.045,0.114,0.109
2025-12-08T23:20:28.990,-0.046,0.109,0.13
2025-12-08T23:20:29.000,-0.051,0.103,0.152
2025-12-08T23:20:29.010,-0.049,0.098,0.157
2025-12-08T23:20:29.020,-0.048,0.092,0.135
2025-12-08T23:20:29.030,-0.055,0.082,0.132
2025-12-08T23:20:29.040,-0.062,0.085,0.139
2025-12-08T23:20:29.050,-0.06,0.08,0.136
2025-12-08T23:20:29.060,-0.071,0.081,0.125
2025-12-08T23:20:29.070,-0.076,0.082,0.108
2025-12-08T23:20:29.080,-0.074,0.082,0.091
2025-12-08T23:20:29.090,-0.082,0.096,0.096
2025-12-08T23:20:29.100,-0.071,0.094,0.13
2025-12-08T23:20:29.110,-0.058,0.097,0.136
2025-12-08T23:20:29.120,-0.055,0.103,0.133
2025-12-08T23:20:29.130,-0.051,0.102,0.142
2025-12-08T23:20:29.140,-0.053,0.105,0.128
2025-12-08T23:20:29.150,-0.066,0.1,0.139
2025-12-08T23:20:29.160,-0.082,0.093,0.173
2025-12-08T23:20:29.170,-0.093,0.084,0.18
2025-12-08T23:20:29.180,-0.11,0.081,0.171
2025-12-08T23:20:29.190,-0.119,0.086,0.162
2025-12-08T23:20:29.200,-0.112,0.086,0.14
2025-12-08T23:20:29.210,-0.112,0.086,0.119
2025-12-08T23:20:29.220,-0.107,0.086,0.134
2025-12-08T23:20:29.230,-0.091,0.086,0.138
2025-12-08T23:20:29.240,-0.088,0.081,0.134
2025-12-08T23:20:29.250,-0.077,0.08,0.14
2025-12-08T23:20:29.260,-0.055,0.086,0.135
2025-12-08T23:20:29.270,-0.057,0.097,0.142
2025-12-08T23:20:29.280,-0.055,0.105,0.163
2025-12-08T23:20:29.290,-0.044,0.103,0.18
2025-12-08T23:20:29.300,-0.047,0.108,0.177
2025-12-08T23:20:29.310,-0.059,0.108,0.17
2025-12-08T23:20:29.320,-0.061,0.101,0.165
2025-12-08T23:20:29.330,-0.06,0.094,0.149
2025-12-08T23:20:29.340,-0.079,0.099,0.149
2025-12-08T23:20:29.350,-0.078,0.103,0.14
2025-12-08T23:20:29.360,-0.064,0.088,0.121
2025-12-08T23:20:29.370,-0.077,0.099,0.118
2025-12-08T23:20:29.380,-0.07,0.09,0.136
2025-12-08T23:20:29.390,-0.06,0.069,0.159
2025-12-08T23:20:29.400,-0.057,0.078,0.174
2025-12-08T23:20:29.410,-0.037,0.074,0.183
2025-12-08T23:20:29.420,-0.019,0.079,0.171
2025-12-08T23:20:29.430,-0.005,0.078,0.163
2025-12-08T23:20:29.440,-0.002,0.081,0.167
2025-12-08T23:20:29.450,0.005,0.091,0.16
2025-12-08T23:20:29.460,0.006,0.088,0.145
2025-12-08T23:20:29.470,-0.006,0.096,0.127
2025-12-08T23:20:29.480,-0.003,0.091,0.12
2025-12-08T23:20:29.490,-0.006,0.085,0.116
2025-12-08T23:20:29.500,-0.009,0.083,0.121
2025-12-08T23:20:29.510,-0.0,0.075,0.129
2025-12-08T23:20:29.520,0.008,0.071,0.121
2025-12-08T23:20:29.530,0.02,0.071,0.115
2025-12-08T23:20:29.540,0.035,0.078,0.111
2025-12-08T23:20:29.550,0.046,0.08,0.108
2025-12-08T23:20:29.560,0.05,0.08,0.121
2025-12-08T23:20:29.570,0.057,0.085,0.137
2025-12-08T23:20:29.580,0.068,0.08,0.143
2025-12-08T23:20:29.590,0.07,0.077,0.142
2025-12-08T23:20:29.600,0.075,0.082,0.128
2025-12-08T23:20:29.610,0.08,0.077,0.117
2025-12-08T23:20:29.620,0.069,0.073,0.119
2025-12-08T23:20:29.630,0.059,0.076,0.126
2025-12-08T23:20:29.640,0.062,0.075,0.111
2025-12-08T23:20:29.650,0.061,0.078,0.075
2025-12-08T23:20:29.660,0.066,0.084,0.054
2025-12-08T23:20:29.670,0.074,0.078,0.046
2025-12-08T23:20:29.680,0.071,0.068,0.055
2025-12-08T23:20:29.690,0.076,0.064,0.074
2025-12-08T23:20:29.700,0.086,0.062,0.079
2025-12-08T23:20:29.710,0.084,0.063,0.066
2025-12-08T23:20:29.720,0.092,0.062,0.059
2025-12-08T23:20:29.730,0.104,0.063,0.062
2025-12-08T23:20:29.740,0.109,0.055,0.056
2025-12-08T23:20:29.750,0.119,0.05,0.069
2025-12-08T23:20:29.760,0.131,0.058,0.079
2025-12-08T23:20:29.770,0.137,0.053,0.053
2025-12-08T23:20:29.780,0.142,0.055,0.03
2025-12-08T23:20:29.790,0.15,0.049,0.025
2025-12-08T23:20:29.800,0.148,0.043,0.012
2025-12-08T23:20:29.810,0.141,0.045,0.028
2025-12-08T23:20:29.820,0.149,0.038,0.062
2025-12-08T23:20:29.830,0.157,0.037,0.061
2025-12-08T23:20:29.840,0.155,0.041,0.061
2025-12-08T23:20:29.850,0.168,0.053,0.055
2025-12-08T23:20:29.860,0.187,0.048,0.02
2025-12-08T23:20:29.870,0.19,0.05,-0.011
2025-12-08T23:20:29.880,0.191,0.06,-0.011
2025-12-08T23:20:29.890,0.198,0.05,-0.002
2025-12-08T23:20:29.900,0.201,0.056,0.002
2025-12-08T23:20:29.910,0.208,0.057,0.011
2025-12-08T23:20:29.920,0.215,0.052,-0.012
2025-12-08T23:20:29.930,0.206,0.055,-0.025
2025-12-08T23:20:29.940,0.204,0.057,-0.004
2025-12-08T23:20:29.950,0.198,0.064,0.009
2025-12-08T23:20:29.960,0.194,0.066,0.011
2025-12-08T23:20:29.970,0.206,0.066,-0.002
2025-12-08T23:20:29.980,0.214,0.069,-0.016
2025-12-08T23:20:29.990,0.215,0.077,-0.036
2025-12-08T23:20:30.000,0.213,0.08,-0.039
2025-12-08T23:20:30.010,0.224,0.08,-0.033
2025-12-08T23:20:30.020,0.223,0.085,-0.043
2025-12-08T23:20:30.030,0.221,0.083,-0.039
2025-12-08T23:20:30.040,0.238,0.08,-0.051
2025-12-08T23:20:30.050,0.239,0.085,-0.071
2025-12-08T23:20:30.060,0.245,0.093,-0.077
2025-12-08T23:20:30.070,0.259,0.096,-0.083
2025-12-08T23:20:30.080,0.268,0.095,-0.087
2025-12-08T23:20:30.090,0.267,0.096,-0.083
2025-12-08T23:20:30.100,0.27,0.093,-0.062
2025-12-08T23:20:30.110,0.272,0.098,-0.051
2025-12-08T23:20:30.120,0.263,0.104,-0.035
2025-12-08T23:20:30.130,0.273,0.107,-0.029
2025-12-08T23:20:30.140,0.281,0.114,-0.05
2025-12-08T23:20:30.150,0.28,0.125,-0.066
2025-12-08T23:20:30.160,0.289,0.136,-0.093
2025-12-08T23:20:30.170,0.296,0.139,-0.115
2025-12-08T23:20:30.180,0.293,0.143,-0.11
2025-12-08T23:20:30.190,0.293,0.137,-0.086
2025-12-08T23:20:30.200,0.295,0.133,-0.059
2025-12-08T23:20:30.210,0.287,0.135,-0.039
2025-12-08T23:20:30.220,0.285,0.127,-0.023
2025-12-08T23:20:30.230,0.289,0.131,-0.032
2025-12-08T23:20:30.240,0.289,0.135,-0.057
2025-12-08T23:20:30.250,0.293,0.143,-0.089
2025-12-08T23:20:30.260,0.294,0.153,-0.116
2025-12-08T23:20:30.270,0.282,0.154,-0.125
2025-12-08T23:20:30.280,0.27,0.152,-0.125
2025-12-08T23:20:30.290,0.266,0.153,-0.118
2025-12-08T23:20:30.300,0.258,0.158,-0.123
2025-12-08T23:20:30.310,0.258,0.148,-0.128
2025-12-08T23:20:30.320,0.259,0.157,-0.114
2025-12-08T23:20:30.330,0.256,0.167,-0.104
2025-12-08T23:20:30.340,0.254,0.164,-0.093
2025-12-08T23:20:30.350,0.254,0.177,-0.092
2025-12-08T23:20:30.360,0.257,0.176,-0.107
2025-12-08T23:20:30.370,0.25,0.177,-0.12
2025-12-08T23:20:30.380,0.256,0.176,-0.118
2025-12-08T23:20:30.390,0.257,0.186,-0.111
2025-12-08T23:20:30.400,0.248,0.199,-0.105
2025-12-08T23:20:30.410,0.259,0.194,-0.096
2025-12-08T23:20:30.420,0.255,0.203,-0.095
2025-12-08T23:20:30.430,0.248,0.195,-0.093
2025-12-08T23:20:30.440,0.257,0.187,-0.087
2025-12-08T23:20:30.450,0.258,0.193,-0.078
2025-12-08T23:20:30.460,0.256,0.186,-0.078
2025-12-08T23:20:30.470,0.255,0.191,-0.08
2025-12-08T23:20:30.480,0.248,0.199,-0.065
2025-12-08T23:20:30.490,0.232,0.198,-0.064
2025-12-08T23:20:30.500,0.219,0.196,-0.065
2025-12-08T23:20:30.510,0.212,0.207,-0.064
2025-12-08T23:20:30.520,0.203,0.205,-0.082
2025-12-08T23:20:30.530,0.203,0.2,-0.089
2025-12-08T23:20:30.540,0.204,0.203,-0.07
2025-12-08T23:20:30.550,0.203,0.194,-0.061
2025-12-08T23:20:30.560,0.212,0.201,-0.06
2025-12-08T23:20:30.570,0.215,0.211,-0.047
2025-12-08T23:20:30.580,0.214,0.212,-0.061
2025-12-08T23:20:30.590,0.209,0.203,-0.065
2025-12-08T23:20:30.600,0.193,0.207,-0.043
2025-12-08T23:20:30.610,0.177,0.207,-0.04
2025-12-08T23:20:30.620,0.163,0.186,-0.03
2025-12-08T23:20:30.630,0.15,0.188,-0.027
2025-12-08T23:20:30.640,0.144,0.178,-0.046
2025-12-08T23:20:30.650,0.131,0.169,-0.062
2025-12-08T23:20:30.660,0.125,0.167,-0.073
2025-12-08T23:20:30.670,0.126,0.158,-0.085
2025-12-08T23:20:30.680,0.116,0.159,-0.084
2025-12-08T23:20:30.690,0.117,0.151,-0.062
2025-12-08T23:20:30.700,0.115,0.153,-0.047
2025-12-08T23:20:30.710,0.102,0.157,-0.032
2025-12-08T23:20:30.720,0.102,0.159,-0.018
2025-12-08T23:20:30.730,0.103,0.165,-0.008
2025-12-08T23:20:30.740,0.09,0.169,0.013
2025-12-08T23:20:30.750,0.077,0.169,0.036
2025-12-08T23:20:30.760,0.072,0.159,0.043
2025-12-08T23:20:30.770,0.048,0.162,0.035
2025-12-08T23:20:30.780,0.037,0.152,0.012
2025-12-08T23:20:30.790,0.033,0.142,-0.011
2025-12-08T23:20:30.800,0.015,0.137,-0.012
2025-12-08T23:20:30.810,0.007,0.118,0.0
2025-12-08T23:20:30.820,-0.002,0.118,0.021
2025-12-08T23:20:30.830,-0.012,0.114,0.03
2025-12-08T23:20:30.840,-0.023,0.108,0.02
2025-12-08T23:20:30.850,-0.019,0.117,0.007
2025-12-08T23:20:30.860,-0.024,0.12,0.001
2025-12-08T23:20:30.870,-0.038,0.119,0.002
2025-12-08T23:20:30.880,-0.037,0.121,0.007
2025-12-08T23:20:30.890,-0.056,0.116,0.018
2025-12-08T23:20:30.900,-0.07,0.1,0.011
2025-12-08T23:20:30.910,-0.076,0.091,0.022
2025-12-08T23:20:30.920,-0.094,0.081,0.027
2025-12-08T23:20:30.930,-0.107,0.062,0.002
2025-12-08T23:20:30.940,-0.123,0.057,0.005
2025-12-08T23:20:30.950,-0.131,0.045,-0.01
2025-12-08T23:20:30.960,-0.142,0.036,-0.026
2025-12-08T23:20:30.970,-0.146,0.039,-0.02
2025-12-08T23:20:30.980,-0.136,0.035,-0.027
2025-12-08T23:20:30.990,-0.138,0.037,-0.015
2025-12-08T23:20:31.000,-0.143,0.044,0.027
2025-12-08T23:20:31.010,-0.148,0.035,0.059
2025-12-08T23:20:31.020,-0.157,0.022,0.057
2025-12-08T23:20:31.030,-0.161,0.021,0.055
2025-12-08T23:20:31.040,-0.161,0.01,0.037
2025-12-08T23:20:31.050,-0.162,-0.003,0.01
2025-12-08T23:20:31.060,-0.169,-0.012,0.027
2025-12-08T23:20:31.070,-0.175,-0.027,0.035
2025-12-08T23:20:31.080,-0.187,-0.036,0.031
2025-12-08T23:20:31.090,-0.203,-0.041,0.042
2025-12-08T23:20:31.100,-0.208,-0.043,0.034
2025-12-08T23:20:31.110,-0.212,-0.048,0.018
2025-12-08T23:20:31.120,-0.218,-0.048,0.014
2025-12-08T23:20:31.130,-0.217,-0.037,0.018
2025-12-08T23:20:31.140,-0.219,-0.039,0.014
2025-12-08T23:20:31.150,-0.227,-0.036,0.025
2025-12-08T23:20:31.160,-0.221,-0.041,0.044
2025-12-08T23:20:31.170,-0.218,-0.053,0.043
2025-12-08T23:20:31.180,-0.227,-0.057,0.063
2025-12-08T23:20:31.190,-0.23,-0.069,0.088
2025-12-08T23:20:31.200,-0.244,-0.082,0.093
2025-12-08T23:20:31.210,-0.265,-0.097,0.105
2025-12-08T23:20:31.220,-0.276,-0.102,0.085
2025-12-08T23:20:31.230,-0.293,-0.106,0.036
2025-12-08T23:20:31.240,-0.306,-0.11,-0.006
2025-12-08T23:20:31.250,-0.312,-0.105,-0.031
2025-12-08T23:20:31.260,-0.318,-0.114,-0.027
2025-12-08T23:20:31.270,-0.32,-0.113,-0.002
2025-12-08T23:20:31.280,-0.315,-0.111,0.041
2025-12-08T23:20:31.290,-0.31,-0.107,0.058
2025-12-08T23:20:31.300,-0.313,-0.102,0.055
2025-12-08T23:20:31.310,-0.309,-0.102,0.052
2025-12-08T23:20:31.320,-0.305,-0.091,0.045
2025-12-08T23:20:31.330,-0.311,-0.087,0.047
2025-12-08T23:20:31.340,-0.312,-0.09,0.039
2025-12-08T23:20:31.350,-0.307,-0.098,0.023
2025-12-08T23:20:31.360,-0.314,-0.103,0.004
2025-12-08T23:20:31.370,-0.325,-0.111,0.003
2025-12-08T23:20:31.380,-0.328,-0.131,0.018
2025-12-08T23:20:31.390,-0.338,-0.131,0.028
2025-12-08T23:20:31.400,-0.342,-0.136,0.041
2025-12-08T23:20:31.410,-0.332,-0.141,0.034
2025-12-08T23:20:31.420,-0.337,-0.13,0.04
2025-12-08T23:20:31.430,-0.343,-0.123,0.054
2025-12-08T23:20:31.440,-0.332,-0.114,0.055
2025-12-08T23:20:31.450,-0.33,-0.101,0.063
2025-12-08T23:20:31.460,-0.333,-0.093,0.054
2025-12-08T23:20:31.470,-0.327,-0.096,0.039
2025-12-08T23:20:31.480,-0.33,-0.093,0.034
2025-12-08T23:20:31.490,-0.344,-0.09,0.036
2025-12-08T23:20:31.500,-0.342,-0.103,0.034
2025-12-08T23:20:31.510,-0.341,-0.109,0.023
2025-12-08T23:20:31.520,-0.356,-0.111,0.015
2025-12-08T23:20:31.530,-0.36,-0.118,0.007
2025-12-08T23:20:31.540,-0.368,-0.114,0.012
2025-12-08T23:20:31.550,-0.383,-0.113,0.007
2025-12-08T23:20:31.560,-0.376,-0.114,0.002
2025-12-08T23:20:31.570,-0.36,-0.112,-0.004
2025-12-08T23:20:31.580,-0.361,-0.106,-0.02
2025-12-08T23:20:31.590,-0.359,-0.094,-0.017
2025-12-08T23:20:31.600,-0.347,-0.09,-0.005
2025-12-08T23:20:31.610,-0.351,-0.08,0.009
2025-12-08T23:20:31.620,-0.348,-0.074,0.028
2025-12-08T23:20:31.630,-0.332,-0.075,0.035
2025-12-08T23:20:31.640,-0.328,-0.07,0.028
2025-12-08T23:20:31.650,-0.327,-0.066,0.026
2025-12-08T23:20:31.660,-0.323,-0.056,0.021
2025-12-08T23:20:31.670,-0.323,-0.06,0.001
2025-12-08T23:20:31.680,-0.323,-0.064,-0.006
2025-12-08T23:20:31.690,-0.322,-0.067,0.012
2025-12-08T23:20:31.700,-0.321,-0.079,0.022
2025-12-08T23:20:31.710,-0.317,-0.076,0.03
2025-12-08T23:20:31.720,-0.3,-0.08,0.05
2025-12-08T23:20:31.730,-0.281,-0.082,0.038
2025-12-08T23:20:31.740,-0.27,-0.075,0.019
2025-12-08T23:20:31.750,-0.251,-0.073,0.018
2025-12-08T23:20:31.760,-0.243,-0.075,0.003
2025-12-08T23:20:31.770,-0.247,-0.077,-0.001
2025-12-08T23:20:31.780,-0.242,-0.074,0.021
2025-12-08T23:20:31.790,-0.235,-0.07,0.023
2025-12-08T23:20:31.800,-0.238,-0.067,0.014
2025-12-08T23:20:31.810,-0.245,-0.059,0.021
2025-12-08T23:20:31.820,-0.238,-0.065,0.007
2025-12-08T23:20:31.830,-0.233,-0.082,-0.006
2025-12-08T23:20:31.840,-0.235,-0.081,0.004
2025-12-08T23:20:31.850,-0.221,-0.086,-0.017
2025-12-08T23:20:31.860,-0.209,-0.093,-0.045
2025-12-08T23:20:31.870,-0.195,-0.079,-0.059
2025-12-08T23:20:31.880,-0.178,-0.079,-0.068
2025-12-08T23:20:31.890,-0.18,-0.073,-0.055
2025-12-08T23:20:31.900,-0.17,-0.073,-0.031
2025-12-08T23:20:31.910,-0.148,-0.077,-0.025
2025-12-08T23:20:31.920,-0.142,-0.055,-0.022
2025-12-08T23:20:31.930,-0.128,-0.056,-0.029
2025-12-08T23:20:31.940,-0.112,-0.059,-0.045
2025-12-08T23:20:31.950,-0.113,-0.05,-0.043
2025-12-08T23:20:31.960,-0.111,-0.06,-0.045
2025-12-08T23:20:31.970,-0.095,-0.071,-0.054
2025-12-08T23:20:31.980,-0.086,-0.073,-0.064
2025-12-08T23:20:31.990,-0.079,-0.073,-0.069
2025-12-08T23:20:32.000,-0.061,-0.075,-0.06
2025-12-08T23:20:32.010,-0.052,-0.066,-0.043
2025-12-08T23:20:32.020,-0.045,-0.065,-0.04
2025-12-08T23:20:32.030,-0.024,-0.065,-0.056
2025-12-08T23:20:32.040,-0.02,-0.045,-0.062
2025-12-08T23:20:32.050,-0.016,-0.037,-0.067
2025-12-08T23:20:32.060,-0.004,-0.029,-0.059
2025-12-08T23:20:32.070,0.004,-0.019,-0.034
2025-12-08T23:20:32.080,0.007,-0.022,-0.027
2025-12-08T23:20:32.090,0.009,-0.021,-0.027
2025-12-08T23:20:32.100,0.021,-0.021,-0.049
2025-12-08T23:20:32.110,0.027,-0.019,-0.091
2025-12-08T23:20:32.120,0.031,-0.016,-0.125
2025-12-08T23:20:32.130,0.042,-0.016,-0.133
2025-12-08T23:20:32.140,0.039,-0.019,-0.123
2025-12-08T23:20:32.150,0.039,-0.021,-0.105
2025-12-08T23:20:32.160,0.052,-0.014,-0.092
2025-12-08T23:20:32.170,0.057,-0.009,-0.107
2025-12-08T23:20:32.180,0.061,0.004,-0.116
2025-12-08T23:20:32.190,0.072,0.013,-0.11
2025-12-08T23:20:32.200,0.08,0.014,-0.12
2025-12-08T23:20:32.210,0.075,0.012,-0.122
2025-12-08T23:20:32.220,0.077,0.014,-0.122
2025-12-08T23:20:32.230,0.087,0.009,-0.125
2025-12-08T23:20:32.240,0.091,-0.002,-0.118
2025-12-08T23:20:32.250,0.103,0.011,-0.111
2025-12-08T23:20:32.260,0.114,0.017,-0.126
2025-12-08T23:20:32.270,0.117,0.016,-0.159
2025-12-08T23:20:32.280,0.121,0.034,-0.167
2025-12-08T23:20:32.290,0.123,0.039,-0.152
2025-12-08T23:20:32.300,0.124,0.043,-0.136
2025-12-08T23:20:32.310,0.135,0.05,-0.11
2025-12-08T23:20:32.320,0.145,0.054,-0.117
2025-12-08T23:20:32.330,0.143,0.053,-0.141
2025-12-08T23:20:32.340,0.15,0.048,-0.137
2025-12-08T23:20:32.350,0.156,0.045,-0.136
2025-12-08T23:20:32.360,0.151,0.038,-0.13
2025-12-08T23:20:32.370,0.153,0.038,-0.125
2025-12-08T23:20:32.380,0.159,0.027,-0.149
2025-12-08T23:20:32.390,0.159,0.02,-0.18
2025-12-08T23:20:32.400,0.147,0.029,-0.184
2025-12-08T23:20:32.410,0.145,0.025,-0.183
2025-12-08T23:20:32.420,0.134,0.023,-0.177
2025-12-08T23:20:32.430,0.116,0.03,-0.159
2025-12-08T23:20:32.440,0.12,0.029,-0.158
2025-12-08T23:20:32.450,0.12,0.032,-0.172
2025-12-08T23:20:32.460,0.118,0.046,-0.185
2025-12-08T23:20:32.470,0.13,0.044,-0.193
2025-12-08T23:20:32.480,0.139,0.037,-0.204
2025-12-08T23:20:32.490,0.137,0.036,-0.207
2025-12-08T23:20:32.500,0.145,0.021,-0.207
2025-12-08T23:20:32.510,0.151,0.017,-0.216
2025-12-08T23:20:32.520,0.137,0.019,-0.215
2025-12-08T23:20:32.530,0.141,0.013,-0.218
2025-12-08T23:20:32.540,0.143,0.022,-0.233
2025-12-08T23:20:32.550,0.135,0.032,-0.234
2025-12-08T23:20:32.560,0.133,0.032,-0.212
2025-12-08T23:20:32.570,0.124,0.041,-0.199
2025-12-08T23:20:32.580,0.115,0.045,-0.189
2025-12-08T23:20:32.590,0.12,0.038,-0.174
2025-12-08T23:20:32.600,0.125,0.034,-0.181
2025-12-08T23:20:32.610,0.123,0.025,-0.177
2025-12-08T23:20:32.620,0.135,0.018,-0.167
2025-12-08T23:20:32.630,0.143,0.022,-0.167
2025-12-08T23:20:32.640,0.145,0.016,-0.168
2025-12-08T23:20:32.650,0.155,0.012,-0.172
2025-12-08T23:20:32.660,0.159,0.014,-0.173
2025-12-08T23:20:32.670,0.159,0.014,-0.176
2025-12-08T23:20:32.680,0.153,0.02,-0.17
2025-12-08T23:20:32.690,0.155,0.016,-0.161
2025-12-08T23:20:32.700,0.148,0.009,-0.145
2025-12-08T23:20:32.710,0.131,0.004,-0.126
2025-12-08T23:20:32.720,0.126,-0.003,-0.124
2025-12-08T23:20:32.730,0.108,-0.007,-0.136
2025-12-08T23:20:32.740,0.098,-0.016,-0.161
2025-12-08T23:20:32.750,0.096,-0.02,-0.172
2025-12-08T23:20:32.760,0.085,-0.023,-0.175
2025-12-08T23:20:32.770,0.075,-0.031,-0.176
2025-12-08T23:20:32.780,0.063,-0.029,-0.171
2025-12-08T23:20:32.790,0.057,-0.028,-0.18
2025-12-08T23:20:32.800,0.049,-0.03,-0.173
2025-12-08T23:20:32.810,0.049,-0.029,-0.161
2025-12-08T23:20:32.820,0.052,-0.025,-0.153
2025-12-08T23:20:32.830,0.043,-0.023,-0.134
2025-12-08T23:20:32.840,0.043,-0.025,-0.122
2025-12-08T23:20:32.850,0.044,-0.023,-0.116
2025-12-08T23:20:32.860,0.037,-0.028,-0.114
2025-12-08T23:20:32.870,0.034,-0.034,-0.116
2025-12-08T23:20:32.880,0.027,-0.035,-0.103
2025-12-08T23:20:32.890,0.014,-0.037,-0.087
2025-12-08T23:20:32.900,0.007,-0.039,-0.087
2025-12-08T23:20:32.910,0.007,-0.047,-0.096
2025-12-08T23:20:32.920,-0.002,-0.047,-0.103
2025-12-08T23:20:32.930,-0.011,-0.044,-0.101
2025-12-08T23:20:32.940,-0.011,-0.048,-0.086
2025-12-08T23:20:32.950,-0.013,-0.055,-0.056
2025-12-08T23:20:32.960,-0.022,-0.056,-0.043
2025-12-08T23:20:32.970,-0.026,-0.054,-0.045
2025-12-08T23:20:32.980,-0.027,-0.057,-0.041
2025-12-08T23:20:32.990,-0.032,-0.048,-0.046
2025-12-08T23:20:33.000,-0.037,-0.05,-0.031
2025-12-08T23:20:33.010,-0.044,-0.053,-0.012
2025-12-08T23:20:33.020,-0.053,-0.047,-0.009
2025-12-08T23:20:33.030,-0.056,-0.051,-0.012
2025-12-08T23:20:33.040,-0.057,-0.049,-0.026
2025-12-08T23:20:33.050,-0.064,-0.054,-0.032
2025-12-08T23:20:33.060,-0.064,-0.056,-0.023
2025-12-08T23:20:33.070,-0.074,-0.049,-0.008
2025-12-08T23:20:33.080,-0.091,-0.05,-0.004
2025-12-08T23:20:33.090,-0.096,-0.047,-0.002
2025-12-08T23:20:33.100,-0.105,-0.046,-0.004
2025-12-08T23:20:33.110,-0.123,-0.053,-0.013
2025-12-08T23:20:33.120,-0.132,-0.064,0.007
2025-12-08T23:20:33.130,-0.141,-0.07,0.021
2025-12-08T23:20:33.140,-0.157,-0.079,0.016
2025-12-08T23:20:33.150,-0.166,-0.089,0.018
2025-12-08T23:20:33.160,-0.18,-0.083,0.002
2025-12-08T23:20:33.170,-0.192,-0.088,-0.018
2025-12-08T23:20:33.180,-0.191,-0.083,-0.011
2025-12-08T23:20:33.190,-0.198,-0.07,0.013
2025-12-08T23:20:33.200,-0.202,-0.077,0.032
2025-12-08T23:20:33.210,-0.201,-0.073,0.058
2025-12-08T23:20:33.220,-0.203,-0.068,0.078
2025-12-08T23:20:33.230,-0.205,-0.069,0.068
2025-12-08T23:20:33.240,-0.201,-0.064,0.069
2025-12-08T23:20:33.250,-0.2,-0.062,0.074
2025-12-08T23:20:33.260,-0.21,-0.068,0.086
2025-12-08T23:20:33.270,-0.22,-0.073,0.118
2025-12-08T23:20:33.280,-0.221,-0.082,0.131
2025-12-08T23:20:33.290,-0.222,-0.089,0.117
2025-12-08T23:20:33.300,-0.23,-0.086,0.093
2025-12-08T23:20:33.310,-0.228,-0.095,0.08
2025-12-08T23:20:33.320,-0.232,-0.103,0.077
2025-12-08T23:20:33.330,-0.245,-0.107,0.09
2025-12-08T23:20:33.340,-0.239,-0.116,0.102
2025-12-08T23:20:33.350,-0.232,-0.121,0.093
2025-12-08T23:20:33.360,-0.234,-0.123,0.093
2025-12-08T23:20:33.370,-0.235,-0.116,0.089
2025-12-08T23:20:33.380,-0.232,-0.118,0.087
2025-12-08T23:20:33.390,-0.238,-0.122,0.094
2025-12-08T23:20:33.400,-0.242,-0.116,0.103
2025-12-08T23:20:33.410,-0.242,-0.113,0.111
2025-12-08T23:20:33.420,-0.24,-0.123,0.112
2025-12-08T23:20:33.430,-0.236,-0.128,0.107
2025-12-08T23:20:33.440,-0.24,-0.116,0.088
2025-12-08T23:20:33.450,-0.244,-0.123,0.094
2025-12-08T23:20:33.460,-0.246,-0.124,0.111
2025-12-08T23:20:33.470,-0.252,-0.116,0.114
2025-12-08T23:20:33.480,-0.259,-0.122,0.123
2025-12-08T23:20:33.490,-0.254,-0.128,0.125
2025-12-08T23:20:33.500,-0.252,-0.136,0.125
2025-12-08T23:20:33.510,-0.266,-0.128,0.133
2025-12-08T23:20:33.520,-0.262,-0.128,0.145
2025-12-08T23:20:33.530,-0.253,-0.126,0.141
2025-12-08T23:20:33.540,-0.256,-0.116,0.128
2025-12-08T23:20:33.550,-0.258,-0.124,0.12
2025-12-08T23:20:33.560,-0.251,-0.128,0.114
2025-12-08T23:20:33.570,-0.258,-0.13,0.125
2025-12-08T23:20:33.580,-0.271,-0.13,0.127
2025-12-08T23:20:33.590,-0.261,-0.142,0.134
2025-12-08T23:20:33.600,-0.266,-0.137,0.148
2025-12-08T23:20:33.610,-0.275,-0.124,0.13
2025-12-08T23:20:33.620,-0.259,-0.132,0.117
2025-12-08T23:20:33.630,-0.257,-0.121,0.105
2025-12-08T23:20:33.640,-0.26,-0.119,0.096
2025-12-08T23:20:33.650,-0.253,-0.118,0.103
2025-12-08T23:20:33.660,-0.252,-0.104,0.113
2025-12-08T23:20:33.670,-0.259,-0.108,0.106
2025-12-08T23:20:33.680,-0.26,-0.107,0.093
2025-12-08T23:20:33.690,-0.253,-0.108,0.093
2025-12-08T23:20:33.700,-0.253,-0.116,0.095
2025-12-08T23:20:33.710,-0.255,-0.115,0.111
2025-12-08T23:20:33.720,-0.244,-0.122,0.112
2025-12-08T23:20:33.730,-0.233,-0.136,0.082
2025-12-08T23:20:33.740,-0.232,-0.139,0.064
2025-12-08T23:20:33.750,-0.227,-0.143,0.064
2025-12-08T23:20:33.760,-0.226,-0.149,0.065
2025-12-08T23:20:33.770,-0.229,-0.155,0.086
2025-12-08T23:20:33.780,-0.229,-0.152,0.098
2025-12-08T23:20:33.790,-0.229,-0.149,0.073
2025-12-08T23:20:33.800,-0.232,-0.153,0.052
2025-12-08T23:20:33.810,-0.221,-0.141,0.044
2025-12-08T23:20:33.820,-0.202,-0.139,0.032
2025-12-08T23:20:33.830,-0.195,-0.138,0.036
2025-12-08T23:20:33.840,-0.186,-0.132,0.052
2025-12-08T23:20:33.850,-0.174,-0.141,0.052
2025-12-08T23:20:33.860,-0.177,-0.131,0.052
2025-12-08T23:20:33.870,-0.176,-0.125,0.057
2025-12-08T23:20:33.880,-0.169,-0.128,0.035
2025-12-08T23:20:33.890,-0.177,-0.122,0.034
2025-12-08T23:20:33.900,-0.184,-0.121,0.048
2025-12-08T23:20:33.910,-0.186,-0.121,0.037
2025-12-08T23:20:33.920,-0.192,-0.118,0.044
2025-12-08T23:20:33.930,-0.188,-0.115,0.046
2025-12-08T23:20:33.940,-0.182,-0.113,0.036
2025-12-08T23:20:33.950,-0.178,-0.103,0.03
2025-12-08T23:20:33.960,-0.163,-0.102,0.021
2025-12-08T23:20:33.970,-0.151,-0.104,0.009
2025-12-08T23:20:33.980,-0.153,-0.095,0.007
2025-12-08T23:20:33.990,-0.152,-0.091,0.016
2025-12-08T23:20:34.000,-0.145,-0.088,0.01
2025-12-08T23:20:34.010,-0.144,-0.087,-0.0
2025-12-08T23:20:34.020,-0.143,-0.079,-0.008
2025-12-08T23:20:34.030,-0.134,-0.068,-0.009
2025-12-08T23:20:34.040,-0.136,-0.062,-0.001
2025-12-08T23:20:34.050,-0.139,-0.057,-0.011
2025-12-08T23:20:34.060,-0.127,-0.061,-0.019
2025-12-08T23:20:34.070,-0.126,-0.058,-0.021
2025-12-08T23:20:34.080,-0.128,-0.053,-0.031
2025-12-08T23:20:34.090,-0.121,-0.051,-0.034
2025-12-08T23:20:34.100,-0.117,-0.054,-0.032
2025-12-08T23:20:34.110,-0.118,-0.051,-0.024
2025-12-08T23:20:34.120,-0.12,-0.043,-0.007
2025-12-08T23:20:34.130,-0.115,-0.045,-0.001
2025-12-08T23:20:34.140,-0.111,-0.043,-0.012
2025-12-08T23:20:34.150,-0.102,-0.036,-0.029
2025-12-08T23:20:34.160,-0.096,-0.025,-0.047
2025-12-08T23:20:34.170,-0.094,-0.022,-0.06
2025-12-08T23:20:34.180,-0.078,-0.025,-0.062
2025-12-08T23:20:34.190,-0.067,-0.027,-0.061
2025-12-08T23:20:34.200,-0.062,-0.026,-0.058
2025-12-08T23:20:34.210,-0.058,-0.023,-0.047
2025-12-08T23:20:34.220,-0.051,-0.03,-0.045
2025-12-08T23:20:34.230,-0.049,-0.033,-0.05
2025-12-08T23:20:34.240,-0.048,-0.025,-0.039
2025-12-08T23:20:34.250,-0.033,-0.023,-0.043
2025-12-08T23:20:34.260,-0.034,-0.029,-0.063
2025-12-08T23:20:34.270,-0.039,-0.024,-0.068
2025-12-08T23:20:34.280,-0.03,-0.019,-0.059
2025-12-08T23:20:34.290,-0.031,-0.016,-0.064
2025-12-08T23:20:34.300,-0.028,-0.007,-0.075
2025-12-08T23:20:34.310,-0.005,-0.011,-0.086
2025-12-08T23:20:34.320,0.002,-0.009,-0.089
2025-12-08T23:20:34.330,-0.001,-0.002,-0.066
2025-12-08T23:20:34.340,0.018,-0.002,-0.055
2025-12-08T23:20:34.350,0.033,0.005,-0.066
2025-12-08T23:20:34.360,0.037,0.008,-0.068
2025-12-08T23:20:34.370,0.054,0.011,-0.071
2025-12-08T23:20:34.380,0.062,0.008,-0.067
2025-12-08T23:20:34.390,0.061,0.005,-0.064
2025-12-08T23:20:34.400,0.072,0.009,-0.071
2025-12-08T23:20:34.410,0.083,0.012,-0.082
2025-12-08T23:20:34.420,0.084,0.013,-0.092
2025-12-08T23:20:34.430,0.095,0.01,-0.089
2025-12-08T23:20:34.440,0.096,0.013,-0.084
2025-12-08T23:20:34.450,0.094,0.02,-0.092
2025-12-08T23:20:34.460,0.11,0.027,-0.1
2025-12-08T23:20:34.470,0.121,0.033,-0.099
2025-12-08T23:20:34.480,0.126,0.04,-0.093
2025-12-08T23:20:34.490,0.138,0.046,-0.07
2025-12-08T23:20:34.500,0.159,0.046,-0.061
2025-12-08T23:20:34.510,0.167,0.047,-0.079
2025-12-08T23:20:34.520,0.171,0.046,-0.082
2025-12-08T23:20:34.530,0.186,0.036,-0.074
2025-12-08T23:20:34.540,0.186,0.028,-0.065
2025-12-08T23:20:34.550,0.182,0.03,-0.038
2025-12-08T23:20:34.560,0.188,0.025,-0.024
2025-12-08T23:20:34.570,0.19,0.023,-0.043
2025-12-08T23:20:34.580,0.184,0.039,-0.057
2025-12-08T23:20:34.590,0.191,0.047,-0.078
2025-12-08T23:20:34.600,0.203,0.046,-0.103
2025-12-08T23:20:34.610,0.201,0.05,-0.095
2025-12-08T23:20:34.620,0.203,0.054,-0.084
2025-12-08T23:20:34.630,0.208,0.046,-0.068
2025-12-08T23:20:34.640,0.206,0.048,-0.037
2025-12-08T23:20:34.650,0.209,0.053,-0.029
2025-12-08T23:20:34.660,0.22,0.042,-0.035
2025-12-08T23:20:34.670,0.226,0.049,-0.031
2025-12-08T23:20:34.680,0.225,0.05,-0.018
2025-12-08T23:20:34.690,0.227,0.042,-0.016
2025-12-08T23:20:34.700,0.232,0.042,-0.021
2025-12-08T23:20:34.710,0.236,0.037,-0.031
2025-12-08T23:20:34.720,0.234,0.039,-0.037
2025-12-08T23:20:34.730,0.225,0.038,-0.032
2025-12-08T23:20:34.740,0.223,0.034,-0.025
2025-12-08T23:20:34.750,0.225,0.033,-0.001
2025-12-08T23:20:34.760,0.212,0.031,0.021
2025-12-08T23:20:34.770,0.212,0.026,0.017
2025-12-08T23:20:34.780,0.227,0.016,0.01
2025-12-08T23:20:34.790,0.225,0.017,0.007
2025-12-08T23:20:34.800,0.23,0.018,0.006
2025-12-08T23:20:34.810,0.239,0.021,0.018
2025-12-08T23:20:34.820,0.236,0.02,0.034
2025-12-08T23:20:34.830,0.24,0.011,0.038
2025-12-08T23:20:34.840,0.24,0.013,0.05
2025-12-08T23:20:34.850,0.236,0.007,0.051
2025-12-08T23:20:34.860,0.237,0.002,0.039
2025-12-08T23:20:34.870,0.24,0.007,0.05
2025-12-08T23:20:34.880,0.234,0.007,0.047
2025-12-08T23:20:34.890,0.228,0.007,0.042
2025-12-08T23:20:34.900,0.234,0.009,0.052
2025-12-08T23:20:34.910,0.231,0.013,0.051
2025-12-08T23:20:34.920,0.227,0.016,0.054
2025-12-08T23:20:34.930,0.232,0.012,0.073
2025-12-08T23:20:34.940,0.23,0.009,0.089
2025-12-08T23:20:34.950,0.224,0.014,0.089
2025-12-08T23:20:34.960,0.237,0.009,0.089
2025-12-08T23:20:34.970,0.245,0.013,0.078
2025-12-08T23:20:34.980,0.234,0.026,0.061
2025-12-08T23:20:34.990,0.23,0.025,0.072
2025-12-08T23:20:35.000,0.228,0.03,0.084
2025-12-08T23:20:35.010,0.21,0.029,0.099
2025-12-08T23:20:35.020,0.192,0.033,0.116
2025-12-08T23:20:35.030,0.188,0.036,0.107
2025-12-08T23:20:35.040,0.186,0.028,0.077
2025-12-08T23:20:35.050,0.182,0.03,0.056
2025-12-08T23:20:35.060,0.187,0.021,0.059
2025-12-08T23:20:35.070,0.185,0.015,0.062
2025-12-08T23:20:35.080,0.178,0.019,0.085
2025-12-08T23:20:35.090,0.181,0.016,0.103
2025-12-08T23:20:35.100,0.178,0.016,0.094
2025-12-08T23:20:35.110,0.172,0.016,0.093
2025-12-08T23:20:35.120,0.173,0.029,0.081
2025-12-08T23:20:35.130,0.166,0.037,0.073
2025-12-08T23:20:35.140,0.158,0.048,0.077
2025-12-08T23:20:35.150,0.157,0.06,0.087
2025-12-08T23:20:35.160,0.156,0.056,0.099
2025-12-08T23:20:35.170,0.15,0.06,0.098
2025-12-08T23:20:35.180,0.148,0.062,0.092
2025-12-08T23:20:35.190,0.153,0.052,0.071
2025-12-08T23:20:35.200,0.143,0.045,0.07
2025-12-08T23:20:35.210,0.13,0.045,0.074
2025-12-08T23:20:35.220,0.126,0.038,0.071
2025-12-08T23:20:35.230,0.116,0.032,0.073
2025-12-08T23:20:35.240,0.112,0.042,0.064
2025-12-08T23:20:35.250,0.109,0.046,0.071
2025-12-08T23:20:35.260,0.101,0.049,0.075
2025-12-08T23:20:35.270,0.102,0.058,0.084
2025-12-08T23:20:35.280,0.096,0.076,0.089
2025-12-08T23:20:35.290,0.088,0.082,0.066
2025-12-08T23:20:35.300,0.088,0.076,0.046
2025-12-08T23:20:35.310,0.087,0.075,0.025
2025-12-08T23:20:35.320,0.082,0.069,0.022
2025-12-08T23:20:35.330,0.082,0.066,0.048
2025-12-08T23:20:35.340,0.08,0.065,0.075
2025-12-08T23:20:35.350,0.071,0.066,0.081
2025-12-08T23:20:35.360,0.07,0.06,0.056
2025-12-08T23:20:35.370,0.07,0.058,0.029
2025-12-08T23:20:35.380,0.055,0.063,0.015
2025-12-08T23:20:35.390,0.052,0.057,0.014
2025-12-08T23:20:35.400,0.053,0.061,0.027
2025-12-08T23:20:35.410,0.042,0.064,0.03
2025-12-08T23:20:35.420,0.033,0.064,0.009
2025-12-08T23:20:35.430,0.027,0.065,-0.012
2025-12-08T23:20:35.440,0.02,0.07,-0.021
2025-12-08T23:20:35.450,0.01,0.071,-0.023
2025-12-08T23:20:35.460,0.018,0.061,-0.014
2025-12-08T23:20:35.470,0.02,0.064,-0.002
2025-12-08T23:20:35.480,0.015,0.062,-0.005
2025-12-08T23:20:35.490,0.018,0.057,-0.013
2025-12-08T23:20:35.500,0.015,0.056,-0.015
2025-12-08T23:20:35.510,0.005,0.057,-0.034
2025-12-08T23:20:35.520,-0.006,0.065,-0.037
2025-12-08T23:20:35.530,-0.012,0.063,-0.029
2025-12-08T23:20:35.540,-0.029,0.06,-0.036
2025-12-08T23:20:35.550,-0.043,0.061,-0.019
2025-12-08T23:20:35.560,-0.045,0.068,-0.01
2025-12-08T23:20:35.570,-0.053,0.068,-0.033
2025-12-08T23:20:35.580,-0.055,0.064,-0.046
2025-12-08T23:20:35.590,-0.059,0.077,-0.04
2025-12-08T23:20:35.600,-0.061,0.087,-0.029
2025-12-08T23:20:35.610,-0.06,0.098,-0.011
2025-12-08T23:20:35.620,-0.059,0.105,-0.005
2025-12-08T23:20:35.630,-0.056,0.101,-0.031
2025-12-08T23:20:35.640,-0.062,0.105,-0.043
2025-12-08T23:20:35.650,-0.06,0.108,-0.044
2025-12-08T23:20:35.660,-0.068,0.093,-0.051
2025-12-08T23:20:35.670,-0.083,0.079,-0.035
2025-12-08T23:20:35.680,-0.084,0.071,-0.018
2025-12-08T23:20:35.690,-0.094,0.062,-0.029
2025-12-08T23:20:35.700,-0.104,0.059,-0.05
2025-12-08T23:20:35.710,-0.096,0.054,-0.071
2025-12-08T23:20:35.720,-0.086,0.045,-0.089
2025-12-08T23:20:35.730,-0.097,0.047,-0.075
2025-12-08T23:20:35.740,-0.102,0.042,-0.063
2025-12-08T23:20:35.750,-0.089,0.029,-0.082
2025-12-08T23:20:35.760,-0.083,0.028,-0.084
2025-12-08T23:20:35.770,-0.079,0.029,-0.063
2025-12-08T23:20:35.780,-0.075,0.031,-0.057
2025-12-08T23:20:35.790,-0.081,0.034,-0.053
2025-12-08T23:20:35.800,-0.082,0.035,-0.043
2025-12-08T23:20:35.810,-0.085,0.034,-0.052
2025-12-08T23:20:35.820,-0.102,0.033,-0.065
2025-12-08T23:20:35.830,-0.108,0.032,-0.072
2025-12-08T23:20:35.840,-0.103,0.023,-0.081
2025-12-08T23:20:35.850,-0.112,0.02,-0.085
2025-12-08T23:20:35.860,-0.122,0.017,-0.078
2025-12-08T23:20:35.870,-0.124,0.006,-0.073
2025-12-08T23:20:35.880,-0.127,-0.005,-0.079
2025-12-08T23:20:35.890,-0.129,-0.012,-0.068
2025-12-08T23:20:35.900,-0.128,-0.009,-0.052
2025-12-08T23:20:35.910,-0.125,-0.014,-0.054
2025-12-08T23:20:35.920,-0.128,-0.015,-0.055
2025-12-08T23:20:35.930,-0.128,-0.008,-0.059
2025-12-08T23:20:35.940,-0.132,-0.011,-0.067
2025-12-08T23:20:35.950,-0.136,-0.014,-0.072
2025-12-08T23:20:35.960,-0.131,-0.016,-0.067
2025-12-08T23:20:35.970,-0.14,-0.018,-0.061
2025-12-08T23:20:35.980,-0.14,-0.022,-0.06
2025-12-08T23:20:35.990,-0.143,-0.029,-0.05
2025-12-08T23:20:36.000,-0.155,-0.034,-0.051
2025-12-08T23:20:36.010,-0.16,-0.046,-0.058
2025-12-08T23:20:36.020,-0.162,-0.054,-0.062
2025-12-08T23:20:36.030,-0.148,-0.06,-0.071
2025-12-08T23:20:36.040,-0.143,-0.071,-0.071
2025-12-08T23:20:36.050,-0.144,-0.077,-0.049
2025-12-08T23:20:36.060,-0.134,-0.079,-0.034
2025-12-08T23:20:36.070,-0.126,-0.088,-0.051
2025-12-08T23:20:36.080,-0.118,-0.103,-0.064
2025-12-08T23:20:36.090,-0.117,-0.12,-0.051
2025-12-08T23:20:36.100,-0.129,-0.123,-0.017
2025-12-08T23:20:36.110,-0.132,-0.117,0.018
2025-12-08T23:20:36.120,-0.123,-0.117,0.006
2025-12-08T23:20:36.130,-0.131,-0.12,-0.023
2025-12-08T23:20:36.140,-0.135,-0.124,-0.038
2025-12-08T23:20:36.150,-0.135,-0.125,-0.051
2025-12-08T23:20:36.160,-0.145,-0.138,-0.042
2025-12-08T23:20:36.170,-0.148,-0.151,-0.016
2025-12-08T23:20:36.180,-0.145,-0.157,0.015
2025-12-08T23:20:36.190,-0.146,-0.17,0.038
2025-12-08T23:20:36.200,-0.156,-0.169,0.027
2025-12-08T23:20:36.210,-0.146,-0.176,-0.012
2025-12-08T23:20:36.220,-0.14,-0.178,-0.037
2025-12-08T23:20:36.230,-0.16,-0.164,-0.034
2025-12-08T23:20:36.240,-0.167,-0.173,-0.036
2025-12-08T23:20:36.250,-0.175,-0.173,-0.043
2025-12-08T23:20:36.260,-0.179,-0.171,-0.037
2025-12-08T23:20:36.270,-0.178,-0.175,-0.037
2025-12-08T23:20:36.280,-0.182,-0.177,-0.043
2025-12-08T23:20:36.290,-0.188,-0.19,-0.054
2025-12-08T23:20:36.300,-0.186,-0.197,-0.068
2025-12-08T23:20:36.310,-0.178,-0.202,-0.074
2025-12-08T23:20:36.320,-0.184,-0.199,-0.078
2025-12-08T23:20:36.330,-0.18,-0.202,-0.071
2025-12-08T23:20:36.340,-0.168,-0.216,-0.066
2025-12-08T23:20:36.350,-0.175,-0.221,-0.067
2025-12-08T23:20:36.360,-0.177,-0.229,-0.057
2025-12-08T23:20:36.370,-0.168,-0.231,-0.055
2025-12-08T23:20:36.380,-0.174,-0.228,-0.059
2025-12-08T23:20:36.390,-0.174,-0.225,-0.058
2025-12-08T23:20:36.400,-0.166,-0.223,-0.064
2025-12-08T23:20:36.410,-0.169,-0.227,-0.077
2025-12-08T23:20:36.420,-0.166,-0.23,-0.076
2025-12-08T23:20:36.430,-0.165,-0.23,-0.066
2025-12-08T23:20:36.440,-0.162,-0.239,-0.06
2025-12-08T23:20:36.450,-0.158,-0.244,-0.053
2025-12-08T23:20:36.460,-0.157,-0.235,-0.06
2025-12-08T23:20:36.470,-0.148,-0.242,-0.082
2025-12-08T23:20:36.480,-0.147,-0.244,-0.09
2025-12-08T23:20:36.490,-0.148,-0.236,-0.083
2025-12-08T23:20:36.500,-0.155,-0.239,-0.071
2025-12-08T23:20:36.510,-0.157,-0.24,-0.058
2025-12-08T23:20:36.520,-0.148,-0.24,-0.057
2025-12-08T23:20:36.530,-0.147,-0.233,-0.075
2025-12-08T23:20:36.540,-0.142,-0.236,-0.09
2025-12-08T23:20:36.550,-0.132,-0.24,-0.095
2025-12-08T23:20:36.560,-0.132,-0.233,-0.107
2025-12-08T23:20:36.570,-0.13,-0.239,-0.107
2025-12-08T23:20:36.580,-0.125,-0.236,-0.092
2025-12-08T23:20:36.590,-0.123,-0.219,-0.07
2025-12-08T23:20:36.600,-0.127,-0.209,-0.06
2025-12-08T23:20:36.610,-0.12,-0.215,-0.071
2025-12-08T23:20:36.620,-0.114,-0.226,-0.084
2025-12-08T23:20:36.630,-0.127,-0.217,-0.091
2025-12-08T23:20:36.640,-0.123,-0.212,-0.085
2025-12-08T23:20:36.650,-0.097,-0.217,-0.09
2025-12-08T23:20:36.660,-0.096,-0.218,-0.096
2025-12-08T23:20:36.670,-0.093,-0.229,-0.077
2025-12-08T23:20:36.680,-0.08,-0.239,-0.069
2025-12-08T23:20:36.690,-0.085,-0.234,-0.083
2025-12-08T23:20:36.700,-0.085,-0.237,-0.095
2025-12-08T23:20:36.710,-0.079,-0.232,-0.092
2025-12-08T23:20:36.720,-0.079,-0.223,-0.087
2025-12-08T23:20:36.730,-0.083,-0.217,-0.091
2025-12-08T23:20:36.740,-0.074,-0.201,-0.107
2025-12-08T23:20:36.750,-0.06,-0.199,-0.118
2025-12-08T23:20:36.760,-0.066,-0.186,-0.098
2025-12-08T23:20:36.770,-0.058,-0.177,-0.083
2025-12-08T23:20:36.780,-0.053,-0.173,-0.072
2025-12-08T23:20:36.790,-0.053,-0.166,-0.055
2025-12-08T23:20:36.800,-0.038,-0.166,-0.054
2025-12-08T23:20:36.810,-0.04,-0.159,-0.056
2025-12-08T23:20:36.820,-0.037,-0.17,-0.072
2025-12-08T23:20:36.830,-0.027,-0.182,-0.084
2025-12-08T23:20:36.840,-0.028,-0.186,-0.067
2025-12-08T23:20:36.850,-0.03,-0.186,-0.06
2025-12-08T23:20:36.860,-0.034,-0.181,-0.071
2025-12-08T23:20:36.870,-0.025,-0.175,-0.089
2025-12-08T23:20:36.880,-0.028,-0.166,-0.096
2025-12-08T23:20:36.890,-0.037,-0.16,-0.093
2025-12-08T23:20:36.900,-0.028,-0.156,-0.086
2025-12-08T23:20:36.910,-0.033,-0.148,-0.079
2025-12-08T23:20:36.920,-0.036,-0.145,-0.077
2025-12-08T23:20:36.930,-0.028,-0.152,-0.059
2025-12-08T23:20:36.940,-0.029,-0.144,-0.047
2025-12-08T23:20:36.950,-0.027,-0.143,-0.045
2025-12-08T23:20:36.960,-0.024,-0.141,-0.036
2025-12-08T23:20:36.970,-0.022,-0.125,-0.039
2025-12-08T23:20:36.980,-0.021,-0.124,-0.047
2025-12-08T23:20:36.990,-0.017,-0.106,-0.054
2025-12-08T23:20:37.000,-0.019,-0.096,-0.059
2025-12-08T23:20:37.010,-0.028,-0.103,-0.054
2025-12-08T23:20:37.020,-0.03,-0.101,-0.027
2025-12-08T23:20:37.030,-0.037,-0.109,-0.002
2025-12-08T23:20:37.040,-0.046,-0.109,0.002
2025-12-08T23:20:37.050,-0.04,-0.105,0.013
2025-12-08T23:20:37.060,-0.034,-0.091,0.011
2025-12-08T23:20:37.070,-0.037,-0.077,-0.01
2025-12-08T23:20:37.080,-0.041,-0.072,-0.011
2025-12-08T23:20:37.090,-0.044,-0.056,-0.01
2025-12-08T23:20:37.100,-0.054,-0.041,-0.007
2025-12-08T23:20:37.110,-0.059,-0.025,-0.006
2025-12-08T23:20:37.120,-0.059,-0.023,-0.024
2025-12-08T23:20:37.130,-0.063,-0.02,-0.031
2025-12-08T23:20:37.140,-0.068,-0.017,-0.007
2025-12-08T23:20:37.150,-0.07,-0.015,0.013
2025-12-08T23:20:37.160,-0.07,-0.0,0.014
2025-12-08T23:20:37.170,-0.065,-0.005,0.015
2025-12-08T23:20:37.180,-0.056,-0.004,0.012
2025-12-08T23:20:37.190,-0.057,0.008,0.0
2025-12-08T23:20:37.200,-0.051,0.004,-0.006
2025-12-08T23:20:37.210,-0.036,0.004,-0.009
2025-12-08T23:20:37.220,-0.039,0.008,0.003
2025-12-08T23:20:37.230,-0.048,0.013,0.028
2025-12-08T23:20:37.240,-0.043,0.013,0.036
2025-12-08T23:20:37.250,-0.049,0.015,0.018
2025-12-08T23:20:37.260,-0.058,0.026,0.02
2025-12-08T23:20:37.270,-0.051,0.03,0.045
2025-12-08T23:20:37.280,-0.057,0.033,0.058
2025-12-08T23:20:37.290,-0.064,0.036,0.067
2025-12-08T23:20:37.300,-0.061,0.03,0.068
2025-12-08T23:20:37.310,-0.058,0.02,0.037
2025-12-08T23:20:37.320,-0.056,0.016,0.009
2025-12-08T23:20:37.330,-0.055,0.014,0.011
2025-12-08T23:20:37.340,-0.052,0.01,0.02
2025-12-08T23:20:37.350,-0.066,0.018,0.031
2025-12-08T23:20:37.360,-0.068,0.026,0.034
2025-12-08T23:20:37.370,-0.058,0.023,0.017
2025-12-08T23:20:37.380,-0.061,0.03,0.008
2025-12-08T23:20:37.390,-0.055,0.033,0.027
2025-12-08T23:20:37.400,-0.048,0.034,0.055
2025-12-08T23:20:37.410,-0.054,0.042,0.069
2025-12-08T23:20:37.420,-0.055,0.035,0.08
2025-12-08T23:20:37.430,-0.048,0.025,0.069
2025-12-08T23:20:37.440,-0.056,0.026,0.046
2025-12-08T23:20:37.450,-0.059,0.026,0.045
2025-12-08T23:20:37.460,-0.046,0.026,0.038
2025-12-08T23:20:37.470,-0.046,0.023,0.042
2025-12-08T23:20:37.480,-0.051,0.016,0.058
2025-12-08T23:20:37.490,-0.048,0.009,0.063
2025-12-08T23:20:37.500,-0.043,0.002,0.064
2025-12-08T23:20:37.510,-0.042,-0.0,0.071
2025-12-08T23:20:37.520,-0.032,-0.007,0.086
2025-12-08T23:20:37.530,-0.024,-0.013,0.089
2025-12-08T23:20:37.540,-0.029,-0.009,0.096
2025-12-08T23:20:37.550,-0.021,-0.011,0.105
2025-12-08T23:20:37.560,-0.012,-0.013,0.1
2025-12-08T23:20:37.570,-0.014,-0.008,0.094
2025-12-08T23:20:37.580,-0.005,-0.015,0.08
2025-12-08T23:20:37.590,0.003,-0.018,0.066
2025-12-08T23:20:37.600,-0.005,-0.013,0.075
2025-12-08T23:20:37.610,-0.012,-0.018,0.094
2025-12-08T23:20:37.620,-0.011,-0.019,0.109
2025-12-08T23:20:37.630,-0.01,-0.008,0.123
2025-12-08T23:20:37.640,-0.006,0.004,0.133
2025-12-08T23:20:37.650,0.005,0.005,0.123
2025-12-08T23:20:37.660,0.003,0.003,0.111
2025-12-08T23:20:37.670,-0.005,0.003,0.125
2025-12-08T23:20:37.680,-0.002,0.004,0.134
2025-12-08T23:20:37.690,0.003,-0.002,0.111
2025-12-08T23:20:37.700,0.009,-0.012,0.101
2025-12-08T23:20:37.710,0.007,-0.008,0.109
2025-12-08T23:20:37.720,0.005,-0.013,0.113
2025-12-08T23:20:37.730,0.014,-0.011,0.107
2025-12-08T23:20:37.740,0.016,-0.003,0.083
2025-12-08T23:20:37.750,0.014,-0.011,0.064
2025-12-08T23:20:37.760,0.006,0.002,0.09
2025-12-08T23:20:37.770,0.01,0.009,0.115
2025-12-08T23:20:37.780,0.014,0.002,0.104
2025-12-08T23:20:37.790,0.015,0.004,0.111
2025-12-08T23:20:37.800,0.023,0.002,0.131
2025-12-08T23:20:37.810,0.028,0.0,0.123
2025-12-08T23:20:37.820,0.031,0.001,0.111
2025-12-08T23:20:37.830,0.035,0.002,0.109
2025-12-08T23:20:37.840,0.043,-0.009,0.11
2025-12-08T23:20:37.850,0.034,-0.007,0.13
2025-12-08T23:20:37.860,0.023,0.003,0.147
2025-12-08T23:20:37.870,0.036,-0.012,0.134
2025-12-08T23:20:37.880,0.033,-0.013,0.137
2025-12-08T23:20:37.890,0.026,-0.006,0.152
2025-12-08T23:20:37.900,0.033,-0.011,0.134
2025-12-08T23:20:37.910,0.033,-0.005,0.114
2025-12-08T23:20:37.920,0.036,-0.006,0.111
2025-12-08T23:20:37.930,0.04,-0.003,0.103
2025-12-08T23:20:37.940,0.035,0.0,0.105
2025-12-08T23:20:37.950,0.035,-0.01,0.107
2025-12-08T23:20:37.960,0.041,-0.005,0.1
2025-12-08T23:20:37.970,0.032,-0.002,0.115
2025-12-08T23:20:37.980,0.025,0.002,0.118
2025-12-08T23:20:37.990,0.034,-0.0,0.096
2025-12-08T23:20:38.000,0.036,-0.005,0.077
2025-12-08T23:20:38.010,0.034,0.004,0.064
2025-12-08T23:20:38.020,0.045,0.002,0.065
2025-12-08T23:20:38.030,0.047,0.006,0.074
2025-12-08T23:20:38.040,0.041,0.015,0.089
2025-12-08T23:20:38.050,0.049,0.017,0.093
2025-12-08T23:20:38.060,0.051,0.018,0.082
2025-12-08T23:20:38.070,0.053,0.018,0.058
2025-12-08T23:20:38.080,0.059,0.02,0.048
2025-12-08T23:20:38.090,0.057,0.017,0.063
2025-12-08T23:20:38.100,0.06,0.016,0.061
2025-12-08T23:20:38.110,0.062,0.019,0.066
2025-12-08T23:20:38.120,0.065,0.016,0.054
2025-12-08T23:20:38.130,0.071,0.011,0.021
2025-12-08T23:20:38.140,0.073,0.007,0.025
2025-12-08T23:20:38.150,0.07,0.007,0.029
2025-12-08T23:20:38.160,0.066,0.011,0.022
2025-12-08T23:20:38.170,0.077,0.011,0.012
2025-12-08T23:20:38.180,0.086,0.014,-0.013
2025-12-08T23:20:38.190,0.088,0.016,-0.036
2025-12-08T23:20:38.200,0.092,0.018,-0.041
2025-12-08T23:20:38.210,0.098,0.028,-0.032
2025-12-08T23:20:38.220,0.109,0.023,-0.022
2025-12-08T23:20:38.230,0.112,0.02,0.01
2025-12-08T23:20:38.240,0.118,0.031,0.025
2025-12-08T23:20:38.250,0.123,0.035,0.002
2025-12-08T23:20:38.260,0.116,0.041,-0.026
2025-12-08T23:20:38.270,0.121,0.045,-0.056
2025-12-08T23:20:38.280,0.114,0.05,-0.061
2025-12-08T23:20:38.290,0.112,0.044,-0.057
2025-12-08T23:20:38.300,0.125,0.026,-0.057
2025-12-08T23:20:38.310,0.124,0.034,-0.063
2025-12-08T23:20:38.320,0.131,0.026,-0.077
2025-12-08T23:20:38.330,0.136,0.024,-0.077
2025-12-08T23:20:38.340,0.134,0.034,-0.093
2025-12-08T23:20:38.350,0.136,0.02,-0.107
2025-12-08T23:20:38.360,0.132,0.035,-0.112
2025-12-08T23:20:38.370,0.139,0.033,-0.119
2025-12-08T23:20:38.380,0.143,0.026,-0.115
2025-12-08T23:20:38.390,0.15,0.038,-0.116
2025-12-08T23:20:38.400,0.162,0.027,-0.125
2025-12-08T23:20:38.410,0.162,0.032,-0.152
2025-12-08T23:20:38.420,0.168,0.03,-0.152
2025-12-08T23:20:38.430,0.164,0.027,-0.144
2025-12-08T23:20:38.440,0.163,0.031,-0.145
2025-12-08T23:20:38.450,0.175,0.027,-0.122
2025-12-08T23:20:38.460,0.173,0.036,-0.123
2025-12-08T23:20:38.470,0.177,0.03,-0.132
2025-12-08T23:20:38.480,0.178,0.034,-0.135
2025-12-08T23:20:38.490,0.181,0.037,-0.132
2025-12-08T23:20:38.500,0.186,0.036,-0.128
2025-12-08T23:20:38.510,0.177,0.048,-0.132
2025-12-08T23:20:38.520,0.179,0.048,-0.127
2025-12-08T23:20:38.530,0.181,0.052,-0.142
2025-12-08T23:20:38.540,0.177,0.062,-0.137
2025-12-08T23:20:38.550,0.18,0.066,-0.126
2025-12-08T23:20:38.560,0.175,0.07,-0.144
2025-12-08T23:20:38.570,0.171,0.073,-0.154
2025-12-08T23:20:38.580,0.173,0.073,-0.173
2025-12-08T23:20:38.590,0.173,0.073,-0.194
2025-12-08T23:20:38.600,0.177,0.072,-0.187
2025-12-08T23:20:38.610,0.18,0.073,-0.162
2025-12-08T23:20:38.620,0.175,0.075,-0.152
2025-12-08T23:20:38.630,0.173,0.063,-0.15
2025-12-08T23:20:38.640,0.177,0.068,-0.144
2025-12-08T23:20:38.650,0.18,0.075,-0.155
2025-12-08T23:20:38.660,0.184,0.073,-0.162
2025-12-08T23:20:38.670,0.191,0.08,-0.158
2025-12-08T23:20:38.680,0.196,0.074,-0.162
2025-12-08T23:20:38.690,0.195,0.071,-0.166
2025-12-08T23:20:38.700,0.198,0.069,-0.157
2025-12-08T23:20:38.710,0.199,0.063,-0.143
2025-12-08T23:20:38.720,0.189,0.069,-0.121
2025-12-08T23:20:38.730,0.188,0.066,-0.098
2025-12-08T23:20:38.740,0.194,0.057,-0.106
2025-12-08T23:20:38.750,0.195,0.059,-0.138
2025-12-08T23:20:38.760,0.192,0.072,-0.165
2025-12-08T23:20:38.770,0.197,0.066,-0.176
2025-12-08T23:20:38.780,0.193,0.064,-0.168
2025-12-08T23:20:38.790,0.179,0.07,-0.144
2025-12-08T23:20:38.800,0.185,0.057,-0.12
2025-12-08T23:20:38.810,0.177,0.056,-0.115
2025-12-08T23:20:38.820,0.169,0.055,-0.114
2025-12-08T23:20:38.830,0.177,0.051,-0.116
2025-12-08T23:20:38.840,0.182,0.054,-0.129
2025-12-08T23:20:38.850,0.191,0.062,-0.136
2025-12-08T23:20:38.860,0.193,0.069,-0.132
2025-12-08T23:20:38.870,0.193,0.069,-0.138
2025-12-08T23:20:38.880,0.189,0.07,-0.132
2025-12-08T23:20:38.890,0.19,0.068,-0.104
2025-12-08T23:20:38.900,0.196,0.061,-0.099
2025-12-08T23:20:38.910,0.19,0.057,-0.09
2025-12-08T23:20:38.920,0.202,0.059,-0.084
2025-12-08T23:20:38.930,0.216,0.054,-0.107
2025-12-08T23:20:38.940,0.213,0.059,-0.116
2025-12-08T23:20:38.950,0.216,0.067,-0.111
2025-12-08T23:20:38.960,0.216,0.056,-0.108
2025-12-08T23:20:38.970,0.209,0.056,-0.093
2025-12-08T23:20:38.980,0.206,0.051,-0.07
2025-12-08T23:20:38.990,0.206,0.046,-0.073
2025-12-08T23:20:39.000,0.201,0.05,-0.079
2025-12-08T23:20:39.010,0.201,0.043,-0.073
2025-12-08T23:20:39.020,0.202,0.041,-0.077
2025-12-08T23:20:39.030,0.196,0.042,-0.062
2025-12-08T23:20:39.040,0.197,0.044,-0.054
2025-12-08T23:20:39.050,0.206,0.043,-0.059
2025-12-08T23:20:39.060,0.202,0.05,-0.043
2025-12-08T23:20:39.070,0.201,0.062,-0.038
2025-12-08T23:20:39.080,0.211,0.057,-0.047
2025-12-08T23:20:39.090,0.202,0.058,-0.056
2025-12-08T23:20:39.100,0.194,0.056,-0.061
2025-12-08T23:20:39.110,0.193,0.051,-0.042
2025-12-08T23:20:39.120,0.184,0.054,-0.028
2025-12-08T23:20:39.130,0.178,0.056,-0.031
2025-12-08T23:20:39.140,0.18,0.062,-0.041
2025-12-08T23:20:39.150,0.179,0.064,-0.055
2025-12-08T23:20:39.160,0.167,0.065,-0.059
2025-12-08T23:20:39.170,0.162,0.064,-0.049
2025-12-08T23:20:39.180,0.154,0.059,-0.041
2025-12-08T23:20:39.190,0.143,0.054,-0.041
2025-12-08T23:20:39.200,0.145,0.053,-0.04
2025-12-08T23:20:39.210,0.145,0.05,-0.041
2025-12-08T23:20:39.220,0.141,0.041,-0.05
2025-12-08T23:20:39.230,0.134,0.039,-0.039
2025-12-08T23:20:39.240,0.137,0.029,-0.027
2025-12-08T23:20:39.250,0.141,0.023,-0.012
2025-12-08T23:20:39.260,0.143,0.025,0.015
2025-12-08T23:20:39.270,0.149,0.023,0.008
2025-12-08T23:20:39.280,0.14,0.029,-0.008
2025-12-08T23:20:39.290,0.138,0.034,-0.013
2025-12-08T23:20:39.300,0.138,0.039,-0.021
2025-12-08T23:20:39.310,0.132,0.037,-0.018
2025-12-08T23:20:39.320,0.128,0.038,0.0
2025-12-08T23:20:39.330,0.127,0.043,0.014
2025-12-08T23:20:39.340,0.13,0.039,0.004
2025-12-08T23:20:39.350,0.13,0.043,-0.015
2025-12-08T23:20:39.360,0.13,0.043,-0.036
2025-12-08T23:20:39.370,0.12,0.045,-0.045
2025-12-08T23:20:39.380,0.106,0.043,-0.02
2025-12-08T23:20:39.390,0.099,0.043,0.009
2025-12-08T23:20:39.400,0.093,0.046,0.027
2025-12-08T23:20:39.410,0.09,0.048,0.022
2025-12-08T23:20:39.420,0.095,0.059,0.003
2025-12-08T23:20:39.430,0.096,0.068,-0.017
2025-12-08T23:20:39.440,0.088,0.079,-0.026
2025-12-08T23:20:39.450,0.091,0.083,-0.022
2025-12-08T23:20:39.460,0.091,0.086,-0.021
2025-12-08T23:20:39.470,0.087,0.091,-0.012
2025-12-08T23:20:39.480,0.102,0.094,-0.002
2025-12-08T23:20:39.490,0.106,0.112,0.003
2025-12-08T23:20:39.500,0.104,0.117,0.008
2025-12-08T23:20:39.510,0.111,0.115,0.016
2025-12-08T23:20:39.520,0.109,0.117,0.034
2025-12-08T23:20:39.530,0.102,0.115,0.045
2025-12-08T23:20:39.540,0.1,0.114,0.054
2025-12-08T23:20:39.550,0.099,0.12,0.036
2025-12-08T23:20:39.560,0.093,0.122,-0.001
2025-12-08T23:20:39.570,0.094,0.119,-0.015
2025-12-08T23:20:39.580,0.091,0.125,-0.011
2025-12-08T23:20:39.590,0.082,0.121,0.0
2025-12-08T23:20:39.600,0.087,0.115,0.002
2025-12-08T23:20:39.610,0.1,0.111,0.012
2025-12-08T23:20:39.620,0.102,0.112,0.016
2025-12-08T23:20:39.630,0.099,0.121,0.023
2025-12-08T23:20:39.640,0.11,0.116,0.039
2025-12-08T23:20:39.650,0.113,0.124,0.036
2025-12-08T23:20:39.660,0.109,0.124,0.049
2025-12-08T23:20:39.670,0.112,0.121,0.06
2025-12-08T23:20:39.680,0.105,0.128,0.052
2025-12-08T23:20:39.690,0.101,0.123,0.035
2025-12-08T23:20:39.700,0.103,0.129,0.021
2025-12-08T23:20:39.710,0.105,0.133,0.01
2025-12-08T23:20:39.720,0.101,0.13,-0.003
2025-12-08T23:20:39.730,0.094,0.132,0.009
2025-12-08T23:20:39.740,0.097,0.133,0.019
2025-12-08T23:20:39.750,0.091,0.135,0.029
2025-12-08T23:20:39.760,0.09,0.144,0.057
2025-12-08T23:20:39.770,0.09,0.144,0.073
2025-12-08T23:20:39.780,0.075,0.14,0.07
2025-12-08T23:20:39.790,0.075,0.144,0.06
2025-12-08T23:20:39.800,0.075,0.136,0.061
2025-12-08T23:20:39.810,0.063,0.133,0.057
2025-12-08T23:20:39.820,0.057,0.132,0.064
2025-12-08T23:20:39.830,0.061,0.137,0.068
2025-12-08T23:20:39.840,0.065,0.143,0.044
2025-12-08T23:20:39.850,0.058,0.14,0.039
2025-12-08T23:20:39.860,0.058,0.148,0.029
2025-12-08T23:20:39.870,0.064,0.137,0.022
2025-12-08T23:20:39.880,0.068,0.138,0.043
2025-12-08T23:20:39.890,0.072,0.144,0.066
2025-12-08T23:20:39.900,0.068,0.132,0.087
2025-12-08T23:20:39.910,0.065,0.133,0.104
2025-12-08T23:20:39.920,0.066,0.132,0.105
2025-12-08T23:20:39.930,0.064,0.132,0.078
2025-12-08T23:20:39.940,0.057,0.127,0.06
2025-12-08T23:20:39.950,0.05,0.123,0.07
2025-12-08T23:20:39.960,0.043,0.121,0.073
2025-12-08T23:20:39.970,0.03,0.115,0.078
2025-12-08T23:20:39.980,0.025,0.114,0.073
2025-12-08T23:20:39.990,0.025,0.104,0.05
2025-12-08T23:20:40.000,0.013,0.102,0.049
2025-12-08T23:20:40.010,0.012,0.103,0.076
2025-12-08T23:20:40.020,0.012,0.105,0.103
2025-12-08T23:20:40.030,0.001,0.102,0.111
2025-12-08T23:20:40.040,0.0,0.093,0.103
2025-12-08T23:20:40.050,-0.007,0.099,0.096
2025-12-08T23:20:40.060,-0.014,0.101,0.111
2025-12-08T23:20:40.070,-0.015,0.104,0.134
2025-12-08T23:20:40.080,-0.012,0.099,0.131
2025-12-08T23:20:40.090,-0.013,0.1,0.111
2025-12-08T23:20:40.100,-0.021,0.111,0.095
2025-12-08T23:20:40.110,-0.018,0.11,0.074
2025-12-08T23:20:40.120,-0.025,0.117,0.063
2025-12-08T23:20:40.130,-0.032,0.12,0.073
2025-12-08T23:20:40.140,-0.028,0.115,0.091
2025-12-08T23:20:40.150,-0.036,0.112,0.114
2025-12-08T23:20:40.160,-0.037,0.105,0.147
2025-12-08T23:20:40.170,-0.028,0.104,0.161
2025-12-08T23:20:40.180,-0.025,0.098,0.143
2025-12-08T23:20:40.190,-0.027,0.093,0.129
2025-12-08T23:20:40.200,-0.029,0.084,0.121
2025-12-08T23:20:40.210,-0.03,0.075,0.115
2025-12-08T23:20:40.220,-0.041,0.077,0.115
2025-12-08T23:20:40.230,-0.047,0.076,0.107
2025-12-08T23:20:40.240,-0.047,0.071,0.098
2025-12-08T23:20:40.250,-0.054,0.07,0.091
2025-12-08T23:20:40.260,-0.055,0.073,0.088
2025-12-08T23:20:40.270,-0.05,0.07,0.094
2025-12-08T23:20:40.280,-0.049,0.072,0.108
2025-12-08T23:20:40.290,-0.045,0.072,0.126
2025-12-08T23:20:40.300,-0.031,0.073,0.135
2025-12-08T23:20:40.310,-0.023,0.077,0.138
2025-12-08T23:20:40.320,-0.024,0.07,0.141
2025-12-08T23:20:40.330,-0.026,0.064,0.142
2025-12-08T23:20:40.340,-0.032,0.056,0.148
2025-12-08T23:20:40.350,-0.034,0.05,0.153
2025-12-08T23:20:40.360,-0.03,0.046,0.143
2025-12-08T23:20:40.370,-0.034,0.041,0.119
2025-12-08T23:20:40.380,-0.039,0.043,0.087
2025-12-08T23:20:40.390,-0.036,0.035,0.057
2025-12-08T23:20:40.400,-0.045,0.036,0.046
2025-12-08T23:20:40.410,-0.045,0.03,0.064
2025-12-08T23:20:40.420,-0.035,0.02,0.109
2025-12-08T23:20:40.430,-0.04,0.028,0.161
2025-12-08T23:20:40.440,-0.031,0.016,0.179
2025-12-08T23:20:40.450,-0.015,0.011,0.153
2025-12-08T23:20:40.460,-0.015,0.019,0.107
2025-12-08T23:20:40.470,-0.004,0.014,0.079
2025-12-08T23:20:40.480,0.003,0.015,0.077
2025-12-08T23:20:40.490,-0.005,0.019,0.096
2025-12-08T23:20:40.500,-0.01,0.014,0.118
2025-12-08T23:20:40.510,-0.011,0.003,0.126
2025-12-08T23:20:40.520,-0.015,0.005,0.126
2025-12-08T23:20:40.530,-0.03,0.003,0.123
2025-12-08T23:20:40.540,-0.037,-0.004,0.126
2025-12-08T23:20:40.550,-0.037,-0.007,0.122
2025-12-08T23:20:40.560,-0.042,-0.019,0.111
2025-12-08T23:20:40.570,-0.045,-0.021,0.127
2025-12-08T23:20:40.580,-0.036,-0.021,0.141
2025-12-08T23:20:40.590,-0.033,-0.014,0.125
2025-12-08T23:20:40.600,-0.03,-0.002,0.102
2025-12-08T23:20:40.610,-0.012,0.0,0.071
2025-12-08T23:20:40.620,-0.014,0.002,0.065
2025-12-08T23:20:40.630,-0.023,-0.001,0.108
2025-12-08T23:20:40.640,-0.021,0.005,0.153
2025-12-08T23:20:40.650,-0.029,0.011,0.167
2025-12-08T23:20:40.660,-0.029,0.016,0.139
2025-12-08T23:20:40.670,-0.019,0.016,0.093
2025-12-08T23:20:40.680,-0.02,0.018,0.058
2025-12-08T23:20:40.690,-0.037,0.036,0.065
2025-12-08T23:20:40.700,-0.044,0.028,0.102
2025-12-08T23:20:40.710,-0.045,0.018,0.12
2025-12-08T23:20:40.720,-0.052,0.013,0.121
2025-12-08T23:20:40.730,-0.042,-0.001,0.104
2025-12-08T23:20:40.740,-0.04,-0.001,0.076
2025-12-08T23:20:40.750,-0.037,-0.002,0.067
2025-12-08T23:20:40.760,-0.025,0.003,0.102
2025-12-08T23:20:40.770,-0.027,0.012,0.157
2025-12-08T23:20:40.780,-0.032,0.015,0.184
2025-12-08T23:20:40.790,-0.036,0.028,0.19
2025-12-08T23:20:40.800,-0.039,0.04,0.16
2025-12-08T23:20:40.810,-0.044,0.042,0.12
2025-12-08T23:20:40.820,-0.05,0.045,0.108
2025-12-08T23:20:40.830,-0.056,0.044,0.096
2025-12-08T23:20:40.840,-0.066,0.035,0.092
2025-12-08T23:20:40.850,-0.065,0.038,0.101
2025-12-08T23:20:40.860,-0.057,0.041,0.087
2025-12-08T23:20:40.870,-0.058,0.044,0.067
2025-12-08T23:20:40.880,-0.059,0.062,0.077
2025-12-08T23:20:40.890,-0.05,0.068,0.084
2025-12-08T23:20:40.900,-0.051,0.075,0.082
2025-12-08T23:20:40.910,-0.058,0.084,0.096
2025-12-08T23:20:40.920,-0.061,0.087,0.11
2025-12-08T23:20:40.930,-0.065,0.088,0.118
2025-12-08T23:20:40.940,-0.067,0.084,0.124
2025-12-08T23:20:40.950,-0.062,0.086,0.109
2025-12-08T23:20:40.960,-0.059,0.085,0.078
2025-12-08T23:20:40.970,-0.07,0.097,0.06
2025-12-08T23:20:40.980,-0.071,0.102,0.066
2025-12-08T23:20:40.990,-0.072,0.102,0.085
2025-12-08T23:20:41.000,-0.075,0.107,0.089
2025-12-08T23:20:41.010,-0.055,0.102,0.072
2025-12-08T23:20:41.020,-0.054,0.126,0.057
2025-12-08T23:20:41.030,-0.053,0.136,0.064
2025-12-08T23:20:41.040,-0.026,0.127,0.092
2025-12-08T23:20:41.050,-0.021,0.137,0.127
2025-12-08T23:20:41.060,-0.027,0.125,0.15
2025-12-08T23:20:41.070,-0.022,0.12,0.149
2025-12-08T23:20:41.080,-0.023,0.128,0.122
2025-12-08T23:20:41.090,-0.026,0.123,0.075
2025-12-08T23:20:41.100,-0.014,0.117,0.029
2025-12-08T23:20:41.110,0.002,0.118,0.024
2025-12-08T23:20:41.120,0.006,0.12,0.056
2025-12-08T23:20:41.130,0.012,0.127,0.092
2025-12-08T23:20:41.140,0.022,0.144,0.12
2025-12-08T23:20:41.150,0.029,0.139,0.113
2025-12-08T23:20:41.160,0.032,0.136,0.085
2025-12-08T23:20:41.170,0.027,0.144,0.067
2025-12-08T23:20:41.180,0.029,0.145,0.043
2025-12-08T23:20:41.190,0.042,0.152,0.05
2025-12-08T23:20:41.200,0.045,0.162,0.082
2025-12-08T23:20:41.210,0.041,0.156,0.078
2025-12-08T23:20:41.220,0.05,0.141,0.06
2025-12-08T23:20:41.230,0.062,0.146,0.048
2025-12-08T23:20:41.240,0.059,0.141,0.035
2025-12-08T23:20:41.250,0.05,0.137,0.032
2025-12-08T23:20:41.260,0.057,0.136,0.063
2025-12-08T23:20:41.270,0.064,0.118,0.083
2025-12-08T23:20:41.280,0.059,0.113,0.072
2025-12-08T23:20:41.290,0.067,0.104,0.061
2025-12-08T23:20:41.300,0.081,0.112,0.026
2025-12-08T23:20:41.310,0.082,0.122,0.031
2025-12-08T23:20:41.320,0.091,0.116,0.095
2025-12-08T23:20:41.330,0.099,0.116,0.144
2025-12-08T23:20:41.340,0.099,0.111,0.15
2025-12-08T23:20:41.350,0.105,0.121,0.083
2025-12-08T23:20:41.360,0.11,0.126,0.005
2025-12-08T23:20:41.370,0.118,0.119,-0.011
2025-12-08T23:20:41.380,0.129,0.12,0.042
2025-12-08T23:20:41.390,0.134,0.105,0.103
2025-12-08T23:20:41.400,0.127,0.095,0.106
2025-12-08T23:20:41.410,0.12,0.091,0.089
2025-12-08T23:20:41.420,0.129,0.08,0.081
2025-12-08T23:20:41.430,0.127,0.087,0.077
2025-12-08T23:20:41.440,0.135,0.09,0.058
2025-12-08T23:20:41.450,0.151,0.087,0.019
2025-12-08T23:20:41.460,0.149,0.094,0.011
2025-12-08T23:20:41.470,0.143,0.107,0.041
2025-12-08T23:20:41.480,0.136,0.113,0.072
2025-12-08T23:20:41.490,0.136,0.105,0.074
2025-12-08T23:20:41.500,0.134,0.103,0.062
2025-12-08T23:20:41.510,0.139,0.096,0.054
2025-12-08T23:20:41.520,0.146,0.085,0.04
2025-12-08T23:20:41.530,0.143,0.085,0.044
2025-12-08T23:20:41.540,0.152,0.08,0.06
2025-12-08T23:20:41.550,0.158,0.068,0.07
2025-12-08T23:20:41.560,0.154,0.058,0.075
2025-12-08T23:20:41.570,0.161,0.048,0.07
2025-12-08T23:20:41.580,0.164,0.045,0.046
2025-12-08T23:20:41.590,0.153,0.049,0.031
2025-12-08T23:20:41.600,0.152,0.046,0.057
2025-12-08T23:20:41.610,0.147,0.05,0.079
2025-12-08T23:20:41.620,0.15,0.048,0.063
2025-12-08T23:20:41.630,0.167,0.041,0.036
2025-12-08T23:20:41.640,0.18,0.05,0.026
2025-12-08T23:20:41.650,0.191,0.049,0.046
2025-12-08T23:20:41.660,0.183,0.052,0.071
2025-12-08T23:20:41.670,0.18,0.048,0.081
2025-12-08T23:20:41.680,0.18,0.033,0.064
2025-12-08T23:20:41.690,0.172,0.031,0.038
2025-12-08T23:20:41.700,0.178,0.02,0.004
2025-12-08T23:20:41.710,0.177,0.02,-0.032
2025-12-08T23:20:41.720,0.18,0.012,-0.013
2025-12-08T23:20:41.730,0.19,0.001,0.025
2025-12-08T23:20:41.740,0.185,-0.004,0.056
2025-12-08T23:20:41.750,0.183,-0.021,0.07
2025-12-08T23:20:41.760,0.184,-0.017,0.052
2025-12-08T23:20:41.770,0.184,-0.021,0.043
2025-12-08T23:20:41.780,0.199,-0.038,0.054
2025-12-08T23:20:41.790,0.205,-0.034,0.064
2025-12-08T23:20:41.800,0.196,-0.029,0.038
2025-12-08T23:20:41.810,0.185,-0.029,0.006
2025-12-08T23:20:41.820,0.187,-0.032,-0.005
2025-12-08T23:20:41.830,0.189,-0.036,0.007
2025-12-08T23:20:41.840,0.179,-0.039,0.04
2025-12-08T23:20:41.850,0.187,-0.044,0.049
2025-12-08T23:20:41.860,0.19,-0.044,0.044
2025-12-08T23:20:41.870,0.188,-0.039,0.039
2025-12-08T23:20:41.880,0.195,-0.047,0.042
2025-12-08T23:20:41.890,0.192,-0.055,0.03
2025-12-08T23:20:41.900,0.185,-0.063,0.009
2025-12-08T23:20:41.910,0.179,-0.063,0.019
2025-12-08T23:20:41.920,0.185,-0.053,0.023
2025-12-08T23:20:41.930,0.182,-0.061,0.024
2025-12-08T23:20:41.940,0.175,-0.076,0.026
2025-12-08T23:20:41.950,0.18,-0.081,0.013
2025-12-08T23:20:41.960,0.179,-0.081,0.001
2025-12-08T23:20:41.970,0.193,-0.085,-0.002
2025-12-08T23:20:41.980,0.205,-0.093,0.019
2025-12-08T23:20:41.990,0.195,-0.093,0.034
2025-12-08T23:20:42.000,0.182,-0.09,0.025
2025-12-08T23:20:42.010,0.177,-0.08,0.013
2025-12-08T23:20:42.020,0.171,-0.079,0.006
2025-12-08T23:20:42.030,0.158,-0.075,0.029
2025-12-08T23:20:42.040,0.163,-0.067,0.054
2025-12-08T23:20:42.050,0.17,-0.081,0.049
2025-12-08T23:20:42.060,0.168,-0.086,0.024
2025-12-08T23:20:42.070,0.184,-0.095,0.01
2025-12-08T23:20:42.080,0.188,-0.104,0.016
2025-12-08T23:20:42.090,0.179,-0.099,0.043
2025-12-08T23:20:42.100,0.18,-0.103,0.092
2025-12-08T23:20:42.110,0.175,-0.1,0.109
2025-12-08T23:20:42.120,0.171,-0.102,0.083
2025-12-08T23:20:42.130,0.17,-0.102,0.052
2025-12-08T23:20:42.140,0.17,-0.09,0.02
2025-12-08T23:20:42.150,0.164,-0.092,0.021
2025-12-08T23:20:42.160,0.156,-0.097,0.057
2025-12-08T23:20:42.170,0.16,-0.109,0.074
2025-12-08T23:20:42.180,0.146,-0.116,0.063
2025-12-08T23:20:42.190,0.13,-0.114,0.054
2025-12-08T23:20:42.200,0.137,-0.125,0.046
2025-12-08T23:20:42.210,0.13,-0.132,0.046
2025-12-08T23:20:42.220,0.117,-0.132,0.057
2025-12-08T23:20:42.230,0.122,-0.139,0.048
2025-12-08T23:20:42.240,0.116,-0.137,0.046
2025-12-08T23:20:42.250,0.107,-0.132,0.069
2025-12-08T23:20:42.260,0.116,-0.132,0.072
2025-12-08T23:20:42.270,0.121,-0.139,0.037
2025-12-08T23:20:42.280,0.119,-0.143,0.014
2025-12-08T23:20:42.290,0.118,-0.134,0.019
2025-12-08T23:20:42.300,0.121,-0.14,0.048
2025-12-08T23:20:42.310,0.112,-0.137,0.106
2025-12-08T23:20:42.320,0.105,-0.135,0.125
2025-12-08T23:20:42.330,0.103,-0.15,0.088
2025-12-08T23:20:42.340,0.095,-0.139,0.063
2025-12-08T23:20:42.350,0.096,-0.133,0.054
2025-12-08T23:20:42.360,0.09,-0.128,0.043
2025-12-08T23:20:42.370,0.084,-0.126,0.062
2025-12-08T23:20:42.380,0.086,-0.135,0.087
2025-12-08T23:20:42.390,0.079,-0.13,0.09
2025-12-08T23:20:42.400,0.074,-0.132,0.091
2025-12-08T23:20:42.410,0.073,-0.128,0.078
2025-12-08T23:20:42.420,0.074,-0.127,0.078
2025-12-08T23:20:42.430,0.058,-0.128,0.114
2025-12-08T23:20:42.440,0.039,-0.123,0.141
2025-12-08T23:20:42.450,0.046,-0.125,0.113
2025-12-08T23:20:42.460,0.049,-0.124,0.047
2025-12-08T23:20:42.470,0.051,-0.119,0.014
2025-12-08T23:20:42.480,0.055,-0.118,0.019
2025-12-08T23:20:42.490,0.043,-0.112,0.044
2025-12-08T23:20:42.500,0.041,-0.109,0.07
2025-12-08T23:20:42.510,0.037,-0.111,0.066
2025-12-08T23:20:42.520,0.026,-0.099,0.06
2025-12-08T23:20:42.530,0.016,-0.094,0.075
2025-12-08T23:20:42.540,0.009,-0.094,0.087
2025-12-08T23:20:42.550,0.007,-0.102,0.083
2025-12-08T23:20:42.560,-0.006,-0.111,0.076
2025-12-08T23:20:42.570,-0.003,-0.112,0.063
2025-12-08T23:20:42.580,-0.008,-0.118,0.064
2025-12-08T23:20:42.590,-0.027,-0.105,0.072
2025-12-08T23:20:42.600,-0.021,-0.114,0.069
2025-12-08T23:20:42.610,-0.032,-0.124,0.068
2025-12-08T23:20:42.620,-0.051,-0.114,0.057
2025-12-08T23:20:42.630,-0.047,-0.12,0.027
2025-12-08T23:20:42.640,-0.045,-0.101,-0.001
2025-12-08T23:20:42.650,-0.039,-0.107,-0.002
2025-12-08T23:20:42.660,-0.037,-0.118,0.029
2025-12-08T23:20:42.670,-0.045,-0.108,0.074
2025-12-08T23:20:42.680,-0.047,-0.112,0.076
2025-12-08T23:20:42.690,-0.048,-0.095,0.053
2025-12-08T23:20:42.700,-0.049,-0.095,0.053
2025-12-08T23:20:42.710,-0.055,-0.104,0.06
2025-12-08T23:20:42.720,-0.063,-0.104,0.09
2025-12-08T23:20:42.730,-0.055,-0.12,0.094
2025-12-08T23:20:42.740,-0.057,-0.121,0.053
2025-12-08T23:20:42.750,-0.062,-0.116,0.032
2025-12-08T23:20:42.760,-0.064,-0.111,0.017
2025-12-08T23:20:42.770,-0.068,-0.101,0.022
2025-12-08T23:20:42.780,-0.076,-0.092,0.066
2025-12-08T23:20:42.790,-0.087,-0.089,0.082
2025-12-08T23:20:42.800,-0.082,-0.09,0.061
2025-12-08T23:20:42.810,-0.081,-0.077,0.034
2025-12-08T23:20:42.820,-0.075,-0.068,0.005
2025-12-08T23:20:42.830,-0.068,-0.078,0.009
2025-12-08T23:20:42.840,-0.084,-0.082,0.054
2025-12-08T23:20:42.850,-0.089,-0.091,0.078
2025-12-08T23:20:42.860,-0.1,-0.098,0.071
2025-12-08T23:20:42.870,-0.123,-0.091,0.074
2025-12-08T23:20:42.880,-0.126,-0.093,0.082
2025-12-08T23:20:42.890,-0.13,-0.085,0.082
2025-12-08T23:20:42.900,-0.131,-0.077,0.082
2025-12-08T23:20:42.910,-0.113,-0.081,0.058
2025-12-08T23:20:42.920,-0.106,-0.064,0.023
2025-12-08T23:20:42.930,-0.111,-0.047,0.016
2025-12-08T23:20:42.940,-0.105,-0.043,0.026
2025-12-08T23:20:42.950,-0.1,-0.037,0.05
2025-12-08T23:20:42.960,-0.107,-0.034,0.074
2025-12-08T23:20:42.970,-0.112,-0.032,0.097
2025-12-08T23:20:42.980,-0.121,-0.03,0.102
2025-12-08T23:20:42.990,-0.145,-0.037,0.088
2025-12-08T23:20:43.000,-0.152,-0.045,0.077
2025-12-08T23:20:43.010,-0.159,-0.042,0.058
2025-12-08T23:20:43.020,-0.176,-0.048,0.052
2025-12-08T23:20:43.030,-0.171,-0.058,0.05
2025-12-08T23:20:43.040,-0.168,-0.051,0.055
2025-12-08T23:20:43.050,-0.169,-0.048,0.061
2025-12-08T23:20:43.060,-0.16,-0.052,0.058
2025-12-08T23:20:43.070,-0.153,-0.035,0.071
2025-12-08T23:20:43.080,-0.146,-0.025,0.083
2025-12-08T23:20:43.090,-0.145,-0.02,0.096
2025-12-08T23:20:43.100,-0.142,-0.006,0.102
2025-12-08T23:20:43.110,-0.141,0.005,0.091
2025-12-08T23:20:43.120,-0.146,0.019,0.085
2025-12-08T23:20:43.130,-0.137,0.009,0.094
2025-12-08T23:20:43.140,-0.139,0.013,0.114
2025-12-08T23:20:43.150,-0.151,0.019,0.125
2025-12-08T23:20:43.160,-0.157,0.002,0.12
2025-12-08T23:20:43.170,-0.169,0.004,0.091
2025-12-08T23:20:43.180,-0.179,-0.004,0.062
2025-12-08T23:20:43.190,-0.184,0.004,0.053
2025-12-08T23:20:43.200,-0.189,0.016,0.055
2025-12-08T23:20:43.210,-0.2,0.009,0.084
2025-12-08T23:20:43.220,-0.204,0.013,0.127
2025-12-08T23:20:43.230,-0.188,0.014,0.145
2025-12-08T23:20:43.240,-0.186,0.032,0.144
2025-12-08T23:20:43.250,-0.186,0.052,0.136
2025-12-08T23:20:43.260,-0.177,0.05,0.123
2025-12-08T23:20:43.270,-0.193,0.052,0.121
2025-12-08T23:20:43.280,-0.204,0.045,0.127
2025-12-08T23:20:43.290,-0.2,0.042,0.111
2025-12-08T23:20:43.300,-0.204,0.05,0.087
2025-12-08T23:20:43.310,-0.206,0.05,0.08
2025-12-08T23:20:43.320,-0.203,0.046,0.075
2025-12-08T23:20:43.330,-0.21,0.043,0.07
2025-12-08T23:20:43.340,-0.221,0.041,0.068
2025-12-08T23:20:43.350,-0.222,0.043,0.072
2025-12-08T23:20:43.360,-0.221,0.043,0.094
2025-12-08T23:20:43.370,-0.226,0.046,0.121
2025-12-08T23:20:43.380,-0.223,0.054,0.122
2025-12-08T23:20:43.390,-0.213,0.052,0.096
2025-12-08T23:20:43.400,-0.211,0.057,0.069
2025-12-08T23:20:43.410,-0.206,0.07,0.062
2025-12-08T23:20:43.420,-0.206,0.074,0.075
2025-12-08T23:20:43.430,-0.212,0.072,0.088
2025-12-08T23:20:43.440,-0.209,0.075,0.102
2025-12-08T23:20:43.450,-0.209,0.087,0.1
2025-12-08T23:20:43.460,-0.208,0.089,0.083
2025-12-08T23:20:43.470,-0.205,0.097,0.09
2025-12-08T23:20:43.480,-0.206,0.105,0.091
2025-12-08T23:20:43.490,-0.202,0.096,0.081
2025-12-08T23:20:43.500,-0.193,0.102,0.092
2025-12-08T23:20:43.510,-0.179,0.106,0.093
2025-12-08T23:20:43.520,-0.185,0.1,0.084
2025-12-08T23:20:43.530,-0.194,0.105,0.099
2025-12-08T23:20:43.540,-0.186,0.098,0.096
2025-12-08T23:20:43.550,-0.191,0.098,0.082
2025-12-08T23:20:43.560,-0.198,0.111,0.103
2025-12-08T23:20:43.570,-0.202,0.111,0.103
2025-12-08T23:20:43.580,-0.206,0.111,0.072
2025-12-08T23:20:43.590,-0.208,0.118,0.054
2025-12-08T23:20:43.600,-0.207,0.124,0.034
2025-12-08T23:20:43.610,-0.202,0.13,0.019
2025-12-08T23:20:43.620,-0.205,0.134,0.033
2025-12-08T23:20:43.630,-0.205,0.135,0.053
2025-12-08T23:20:43.640,-0.212,0.141,0.08
2025-12-08T23:20:43.650,-0.221,0.15,0.106
2025-12-08T23:20:43.660,-0.208,0.146,0.102
2025-12-08T23:20:43.670,-0.203,0.161,0.065
2025-12-08T23:20:43.680,-0.199,0.171,0.005
2025-12-08T23:20:43.690,-0.187,0.16,-0.04
2025-12-08T23:20:43.700,-0.19,0.162,-0.049
2025-12-08T23:20:43.710,-0.191,0.155,-0.018
2025-12-08T23:20:43.720,-0.185,0.149,0.026
2025-12-08T23:20:43.730,-0.18,0.153,0.039
2025-12-08T23:20:43.740,-0.18,0.159,0.03
2025-12-08T23:20:43.750,-0.184,0.178,0.014
2025-12-08T23:20:43.760,-0.179,0.184,-0.015
2025-12-08T23:20:43.770,-0.172,0.18,-0.037
2025-12-08T23:20:43.780,-0.167,0.189,-0.02
2025-12-08T23:20:43.790,-0.154,0.196,0.019
2025-12-08T23:20:43.800,-0.15,0.202,0.046
2025-12-08T23:20:43.810,-0.139,0.198,0.048
2025-12-08T23:20:43.820,-0.121,0.194,0.007
2025-12-08T23:20:43.830,-0.114,0.205,-0.018
2025-12-08T23:20:43.840,-0.102,0.203,0.009
2025-12-08T23:20:43.850,-0.095,0.194,0.051
2025-12-08T23:20:43.860,-0.097,0.196,0.07
2025-12-08T23:20:43.870,-0.097,0.202,0.039
2025-12-08T23:20:43.880,-0.089,0.212,-0.022
2025-12-08T23:20:43.890,-0.077,0.219,-0.055
2025-12-08T23:20:43.900,-0.087,0.233,-0.028
2025-12-08T23:20:43.910,-0.093,0.227,0.026
2025-12-08T23:20:43.920,-0.092,0.2,0.047
2025-12-08T23:20:43.930,-0.104,0.2,0.024
2025-12-08T23:20:43.940,-0.1,0.191,-0.019
2025-12-08T23:20:43.950,-0.087,0.182,-0.057
2025-12-08T23:20:43.960,-0.079,0.193,-0.062
2025-12-08T23:20:43.970,-0.071,0.198,-0.036
2025-12-08T23:20:43.980,-0.079,0.207,-0.003
2025-12-08T23:20:43.990,-0.084,0.205,0.007
2025-12-08T23:20:44.000,-0.078,0.207,-0.018
2025-12-08T23:20:44.010,-0.073,0.219,-0.049
2025-12-08T23:20:44.020,-0.068,0.216,-0.062
2025-12-08T23:20:44.030,-0.068,0.212,-0.058
2025-12-08T23:20:44.040,-0.06,0.205,-0.042
2025-12-08T23:20:44.050,-0.05,0.194,-0.034
2025-12-08T23:20:44.060,-0.05,0.201,-0.038
2025-12-08T23:20:44.070,-0.051,0.2,-0.031
2025-12-08T23:20:44.080,-0.06,0.195,-0.015
2025-12-08T23:20:44.090,-0.058,0.191,-0.012
2025-12-08T23:20:44.100,-0.045,0.184,-0.032
2025-12-08T23:20:44.110,-0.055,0.192,-0.063
2025-12-08T23:20:44.120,-0.062,0.184,-0.081
2025-12-08T23:20:44.130,-0.058,0.184,-0.087
2025-12-08T23:20:44.140,-0.054,0.19,-0.082
2025-12-08T23:20:44.150,-0.041,0.175,-0.064
2025-12-08T23:20:44.160,-0.033,0.176,-0.03
2025-12-08T23:20:44.170,-0.041,0.169,0.002
2025-12-08T23:20:44.180,-0.05,0.158,0.003
2025-12-08T23:20:44.190,-0.04,0.158,-0.015
2025-12-08T23:20:44.200,-0.035,0.159,-0.074
2025-12-08T23:20:44.210,-0.036,0.162,-0.136
2025-12-08T23:20:44.220,-0.026,0.155,-0.137
2025-12-08T23:20:44.230,-0.038,0.158,-0.104
2025-12-08T23:20:44.240,-0.053,0.157,-0.056
2025-12-08T23:20:44.250,-0.044,0.148,-0.026
2025-12-08T23:20:44.260,-0.039,0.152,-0.049
2025-12-08T23:20:44.270,-0.043,0.148,-0.099
2025-12-08T23:20:44.280,-0.049,0.153,-0.124
2025-12-08T23:20:44.290,-0.054,0.152,-0.116
2025-12-08T23:20:44.300,-0.058,0.14,-0.086
2025-12-08T23:20:44.310,-0.06,0.144,-0.039
2025-12-08T23:20:44.320,-0.054,0.134,-0.042
2025-12-08T23:20:44.330,-0.056,0.13,-0.094
2025-12-08T23:20:44.340,-0.053,0.126,-0.132
2025-12-08T23:20:44.350,-0.041,0.114,-0.148
2025-12-08T23:20:44.360,-0.041,0.118,-0.127
2025-12-08T23:20:44.370,-0.039,0.116,-0.089
2025-12-08T23:20:44.380,-0.029,0.112,-0.075
2025-12-08T23:20:44.390,-0.024,0.112,-0.074
2025-12-08T23:20:44.400,-0.016,0.112,-0.07
2025-12-08T23:20:44.410,-0.002,0.116,-0.063
2025-12-08T23:20:44.420,-0.001,0.114,-0.053
2025-12-08T23:20:44.430,-0.008,0.116,-0.04
2025-12-08T23:20:44.440,-0.004,0.105,-0.043
2025-12-08T23:20:44.450,-0.005,0.095,-0.059
2025-12-08T23:20:44.460,-0.009,0.098,-0.061
2025-12-08T23:20:44.470,-0.003,0.09,-0.054
2025-12-08T23:20:44.480,0.0,0.082,-0.047
2025-12-08T23:20:44.490,0.002,0.067,-0.043
2025-12-08T23:20:44.500,0.005,0.046,-0.037
2025-12-08T23:20:44.510,-0.0,0.03,-0.045
2025-12-08T23:20:44.520,0.002,0.012,-0.06
2025-12-08T23:20:44.530,0.002,0.008,-0.064
2025-12-08T23:20:44.540,0.004,0.012,-0.084
2025-12-08T23:20:44.550,0.012,0.018,-0.096
2025-12-08T23:20:44.560,0.007,0.023,-0.067
2025-12-08T23:20:44.570,0.002,0.011,-0.038
2025-12-08T23:20:44.580,-0.009,0.0,-0.007
2025-12-08T23:20:44.590,-0.013,-0.004,-0.012
2025-12-08T23:20:44.600,0.0,-0.012,-0.062
2025-12-08T23:20:44.610,0.002,-0.012,-0.098
2025-12-08T23:20:44.620,0.0,-0.013,-0.116
2025-12-08T23:20:44.630,0.006,-0.024,-0.113
2025-12-08T23:20:44.640,0.001,-0.028,-0.095
2025-12-08T23:20:44.650,-0.013,-0.037,-0.073
2025-12-08T23:20:44.660,-0.011,-0.05,-0.046
2025-12-08T23:20:44.670,-0.017,-0.045,-0.027
2025-12-08T23:20:44.680,-0.027,-0.048,-0.028
2025-12-08T23:20:44.690,-0.011,-0.058,-0.047
2025-12-08T23:20:44.700,-0.012,-0.052,-0.077
2025-12-08T23:20:44.710,-0.012,-0.061,-0.098
2025-12-08T23:20:44.720,0.01,-0.073,-0.086
2025-12-08T23:20:44.730,0.003,-0.073,-0.06
2025-12-08T23:20:44.740,-0.002,-0.091,-0.046
2025-12-08T23:20:44.750,0.012,-0.104,-0.038
2025-12-08T23:20:44.760,0.014,-0.107,-0.041
2025-12-08T23:20:44.770,0.007,-0.116,-0.043
2025-12-08T23:20:44.780,0.004,-0.123,-0.024
2025-12-08T23:20:44.790,0.001,-0.128,-0.007
2025-12-08T23:20:44.800,-0.002,-0.132,-0.017
2025-12-08T23:20:44.810,0.004,-0.125,-0.024
2025-12-08T23:20:44.820,-0.002,-0.113,-0.032
2025-12-08T23:20:44.830,-0.007,-0.117,-0.057
2025-12-08T23:20:44.840,-0.01,-0.116,-0.063
2025-12-08T23:20:44.850,-0.014,-0.121,-0.075
2025-12-08T23:20:44.860,-0.002,-0.147,-0.102
2025-12-08T23:20:44.870,0.007,-0.155,-0.087
2025-12-08T23:20:44.880,0.011,-0.157,-0.048
2025-12-08T23:20:44.890,0.014,-0.169,-0.037
2025-12-08T23:20:44.900,0.004,-0.17,-0.033
2025-12-08T23:20:44.910,-0.001,-0.168,-0.041
2025-12-08T23:20:44.920,-0.002,-0.174,-0.064
2025-12-08T23:20:44.930,-0.008,-0.168,-0.056
2025-12-08T23:20:44.940,-0.007,-0.155,-0.05
2025-12-08T23:20:44.950,-0.014,-0.151,-0.073
2025-12-08T23:20:44.960,-0.025,-0.144,-0.09
2025-12-08T23:20:44.970,-0.012,-0.151,-0.11
2025-12-08T23:20:44.980,-0.005,-0.157,-0.134
2025-12-08T23:20:44.990,-0.013,-0.154,-0.123
2025-12-08T23:20:45.000,-0.011,-0.167,-0.085
2025-12-08T23:20:45.010,-0.009,-0.181,-0.054
2025-12-08T23:20:45.020,-0.014,-0.187,-0.02
2025-12-08T23:20:45.030,0.002,-0.194,-0.024
2025-12-08T23:20:45.040,0.015,-0.198,-0.073
2025-12-08T23:20:45.050,0.006,-0.197,-0.107
2025-12-08T23:20:45.060,0.013,-0.193,-0.113
2025-12-08T23:20:45.070,0.018,-0.192,-0.103
2025-12-08T23:20:45.080,0.011,-0.191,-0.086
2025-12-08T23:20:45.090,0.011,-0.19,-0.068
2025-12-08T23:20:45.100,0.012,-0.184,-0.053
2025-12-08T23:20:45.110,0.01,-0.184,-0.033
2025-12-08T23:20:45.120,0.007,-0.189,-0.021
2025-12-08T23:20:45.130,0.009,-0.196,-0.047
2025-12-08T23:20:45.140,0.009,-0.199,-0.087
2025-12-08T23:20:45.150,0.001,-0.188,-0.114
2025-12-08T23:20:45.160,0.005,-0.202,-0.124
2025-12-08T23:20:45.170,0.007,-0.214,-0.105
2025-12-08T23:20:45.180,-0.008,-0.208,-0.073
2025-12-08T23:20:45.190,-0.012,-0.232,-0.059
2025-12-08T23:20:45.200,-0.021,-0.248,-0.07
2025-12-08T23:20:45.210,-0.04,-0.234,-0.094
2025-12-08T23:20:45.220,-0.036,-0.232,-0.121
2025-12-08T23:20:45.230,-0.034,-0.225,-0.136
2025-12-08T23:20:45.240,-0.04,-0.216,-0.124
2025-12-08T23:20:45.250,-0.041,-0.22,-0.095
2025-12-08T23:20:45.260,-0.038,-0.216,-0.079
2025-12-08T23:20:45.270,-0.032,-0.205,-0.086
2025-12-08T23:20:45.280,-0.032,-0.194,-0.102
2025-12-08T23:20:45.290,-0.029,-0.194,-0.109
2025-12-08T23:20:45.300,-0.029,-0.203,-0.103
2025-12-08T23:20:45.310,-0.034,-0.207,-0.091
2025-12-08T23:20:45.320,-0.034,-0.217,-0.087
2025-12-08T23:20:45.330,-0.031,-0.221,-0.099
2025-12-08T23:20:45.340,-0.028,-0.219,-0.1
2025-12-08T23:20:45.350,-0.029,-0.223,-0.109
2025-12-08T23:20:45.360,-0.033,-0.229,-0.123
2025-12-08T23:20:45.370,-0.03,-0.229,-0.097
2025-12-08T23:20:45.380,-0.026,-0.219,-0.077
2025-12-08T23:20:45.390,-0.023,-0.219,-0.092
2025-12-08T23:20:45.400,-0.018,-0.213,-0.106
2025-12-08T23:20:45.410,-0.015,-0.204,-0.121
2025-12-08T23:20:45.420,-0.015,-0.2,-0.121
2025-12-08T23:20:45.430,-0.011,-0.189,-0.082
2025-12-08T23:20:45.440,-0.004,-0.192,-0.032
2025-12-08T23:20:45.450,-0.011,-0.196,-0.007
2025-12-08T23:20:45.460,-0.013,-0.204,-0.011
2025-12-08T23:20:45.470,-0.01,-0.211,-0.043
2025-12-08T23:20:45.480,-0.018,-0.209,-0.096
2025-12-08T23:20:45.490,-0.02,-0.212,-0.124
2025-12-08T23:20:45.500,-0.035,-0.202,-0.114
2025-12-08T23:20:45.510,-0.055,-0.203,-0.087
2025-12-08T23:20:45.520,-0.064,-0.21,-0.062
2025-12-08T23:20:45.530,-0.062,-0.204,-0.061
2025-12-08T23:20:45.540,-0.064,-0.203,-0.093
2025-12-08T23:20:45.550,-0.071,-0.194,-0.123
2025-12-08T23:20:45.560,-0.055,-0.189,-0.125
2025-12-08T23:20:45.570,-0.056,-0.181,-0.098
2025-12-08T23:20:45.580,-0.068,-0.162,-0.064
2025-12-08T23:20:45.590,-0.053,-0.161,-0.048
2025-12-08T23:20:45.600,-0.047,-0.154,-0.059
2025-12-08T23:20:45.610,-0.053,-0.141,-0.09
2025-12-08T23:20:45.620,-0.055,-0.137,-0.117
2025-12-08T23:20:45.630,-0.055,-0.137,-0.123
2025-12-08T23:20:45.640,-0.067,-0.132,-0.087
2025-12-08T23:20:45.650,-0.072,-0.125,-0.036
2025-12-08T23:20:45.660,-0.055,-0.133,-0.029
2025-12-08T23:20:45.670,-0.05,-0.132,-0.063
2025-12-08T23:20:45.680,-0.044,-0.127,-0.108
2025-12-08T23:20:45.690,-0.029,-0.131,-0.133
2025-12-08T23:20:45.700,-0.03,-0.131,-0.117
2025-12-08T23:20:45.710,-0.033,-0.138,-0.054
2025-12-08T23:20:45.720,-0.028,-0.152,0.018
2025-12-08T23:20:45.730,-0.032,-0.162,0.037
2025-12-08T23:20:45.740,-0.03,-0.159,0.004
2025-12-08T23:20:45.750,-0.017,-0.149,-0.047
2025-12-08T23:20:45.760,-0.009,-0.141,-0.095
2025-12-08T23:20:45.770,-0.014,-0.126,-0.094
2025-12-08T23:20:45.780,-0.018,-0.114,-0.052
2025-12-08T23:20:45.790,-0.009,-0.126,-0.046
2025-12-08T23:20:45.800,-0.019,-0.141,-0.043
2025-12-08T23:20:45.810,-0.036,-0.116,-0.03
2025-12-08T23:20:45.820,-0.016,-0.135,-0.058
2025-12-08T23:20:45.830,-0.011,-0.161,-0.059
2025-12-08T23:20:45.840,-0.03,-0.128,-0.021
2025-12-08T23:20:45.850,-0.011,-0.166,-0.054
2025-12-08T23:20:45.860,-0.002,-0.185,-0.102
2025-12-08T23:20:45.870,-0.017,-0.14,-0.086
2025-12-08T23:20:45.880,0.0,-0.165,-0.098
2025-12-08T23:20:45.890,-0.002,-0.158,-0.107
2025-12-08T23:20:45.900,-0.012,-0.109,-0.073
2025-12-08T23:20:45.910,0.002,-0.127,-0.094
2025-12-08T23:20:45.920,-0.003,-0.118,-0.103
2025-12-08T23:20:45.930,-0.003,-0.098,-0.069
2025-12-08T23:20:45.940,0.013,-0.126,-0.091
2025-12-08T23:20:45.950,0.017,-0.117,-0.095
2025-12-08T23:20:45.960,0.021,-0.109,-0.045
2025-12-08T23:20:45.970,0.042,-0.132,-0.048
2025-12-08T23:20:45.980,0.047,-0.136,-0.035
2025-12-08T23:20:45.990,0.047,-0.135,-0.011
2025-12-08T23:20:46.000,0.06,-0.145,-0.033
2025-12-08T23:20:46.010,0.052,-0.15,-0.026
2025-12-08T23:20:46.020,0.046,-0.138,-0.029
2025-12-08T23:20:46.030,0.061,-0.136,-0.059
2025-12-08T23:20:46.040,0.066,-0.128,-0.079
2025-12-08T23:20:46.050,0.062,-0.106,-0.082
2025-12-08T23:20:46.060,0.073,-0.108,-0.073
2025-12-08T23:20:46.070,0.078,-0.098,-0.059
2025-12-08T23:20:46.080,0.071,-0.078,-0.025
2025-12-08T23:20:46.090,0.081,-0.081,-0.018
2025-12-08T23:20:46.100,0.082,-0.075,-0.023
2025-12-08T23:20:46.110,0.078,-0.071,-0.027
2025-12-08T23:20:46.120,0.082,-0.082,-0.051
2025-12-08T23:20:46.130,0.08,-0.084,-0.07
2025-12-08T23:20:46.140,0.075,-0.079,-0.082
2025-12-08T23:20:46.150,0.073,-0.079,-0.08
2025-12-08T23:20:46.160,0.08,-0.074,-0.072
2025-12-08T23:20:46.170,0.082,-0.067,-0.062
2025-12-08T23:20:46.180,0.094,-0.065,-0.072
2025-12-08T23:20:46.190,0.107,-0.052,-0.094
2025-12-08T23:20:46.200,0.1,-0.035,-0.101
2025-12-08T23:20:46.210,0.111,-0.034,-0.112
2025-12-08T23:20:46.220,0.123,-0.03,-0.092
2025-12-08T23:20:46.230,0.119,-0.02,-0.043
2025-12-08T23:20:46.240,0.12,-0.022,-0.004
2025-12-08T23:20:46.250,0.121,-0.02,0.018
2025-12-08T23:20:46.260,0.117,-0.01,-0.009
2025-12-08T23:20:46.270,0.118,-0.011,-0.04
2025-12-08T23:20:46.280,0.127,-0.002,-0.049
2025-12-08T23:20:46.290,0.123,0.013,-0.059
2025-12-08T23:20:46.300,0.112,0.025,-0.078
2025-12-08T23:20:46.310,0.12,0.033,-0.113
2025-12-08T23:20:46.320,0.125,0.03,-0.122
2025-12-08T23:20:46.330,0.119,0.035,-0.098
2025-12-08T23:20:46.340,0.125,0.034,-0.049
2025-12-08T23:20:46.350,0.135,0.04,-0.015
2025-12-08T23:20:46.360,0.14,0.058,-0.02
2025-12-08T23:20:46.370,0.145,0.068,-0.042
2025-12-08T23:20:46.380,0.148,0.079,-0.08
2025-12-08T23:20:46.390,0.141,0.083,-0.077
2025-12-08T23:20:46.400,0.138,0.096,-0.054
2025-12-08T23:20:46.410,0.137,0.099,-0.045
2025-12-08T23:20:46.420,0.121,0.104,-0.043
2025-12-08T23:20:46.430,0.111,0.123,-0.067
2025-12-08T23:20:46.440,0.107,0.119,-0.097
2025-12-08T23:20:46.450,0.093,0.122,-0.133
2025-12-08T23:20:46.460,0.097,0.12,-0.14
2025-12-08T23:20:46.470,0.103,0.115,-0.107
2025-12-08T23:20:46.480,0.092,0.127,-0.074
2025-12-08T23:20:46.490,0.101,0.126,-0.049
2025-12-08T23:20:46.500,0.115,0.135,-0.054
2025-12-08T23:20:46.510,0.112,0.15,-0.07
2025-12-08T23:20:46.520,0.111,0.152,-0.076
2025-12-08T23:20:46.530,0.12,0.153,-0.081
2025-12-08T23:20:46.540,0.123,0.159,-0.082
2025-12-08T23:20:46.550,0.121,0.169,-0.069
2025-12-08T23:20:46.560,0.12,0.167,-0.054
2025-12-08T23:20:46.570,0.109,0.166,-0.059
2025-12-08T23:20:46.580,0.1,0.171,-0.062
2025-12-08T23:20:46.590,0.1,0.163,-0.071
2025-12-08T23:20:46.600,0.098,0.155,-0.081
2025-12-08T23:20:46.610,0.087,0.16,-0.072
2025-12-08T23:20:46.620,0.089,0.15,-0.081
2025-12-08T23:20:46.630,0.097,0.144,-0.094
2025-12-08T23:20:46.640,0.091,0.161,-0.088
2025-12-08T23:20:46.650,0.097,0.166,-0.075
2025-12-08T23:20:46.660,0.106,0.173,-0.053
2025-12-08T23:20:46.670,0.107,0.182,-0.035
2025-12-08T23:20:46.680,0.111,0.183,-0.036
2025-12-08T23:20:46.690,0.105,0.189,-0.042
2025-12-08T23:20:46.700,0.091,0.185,-0.054
2025-12-08T23:20:46.710,0.085,0.18,-0.07
2025-12-08T23:20:46.720,0.077,0.176,-0.081
2025-12-08T23:20:46.730,0.06,0.162,-0.088
2025-12-08T23:20:46.740,0.055,0.152,-0.087
2025-12-08T23:20:46.750,0.057,0.147,-0.075
2025-12-08T23:20:46.760,0.046,0.147,-0.073
2025-12-08T23:20:46.770,0.048,0.147,-0.072
2025-12-08T23:20:46.780,0.049,0.154,-0.073
2025-12-08T23:20:46.790,0.036,0.162,-0.093
2025-12-08T23:20:46.800,0.038,0.162,-0.098
2025-12-08T23:20:46.810,0.04,0.172,-0.091
2025-12-08T23:20:46.820,0.031,0.183,-0.08
2025-12-08T23:20:46.830,0.029,0.183,-0.057
2025-12-08T23:20:46.840,0.038,0.175,-0.046
2025-12-08T23:20:46.850,0.042,0.171,-0.046
2025-12-08T23:20:46.860,0.032,0.169,-0.048
2025-12-08T23:20:46.870,0.024,0.163,-0.05
2025-12-08T23:20:46.880,0.013,0.155,-0.059
2025-12-08T23:20:46.890,0.0,0.148,-0.068
2025-12-08T23:20:46.900,-0.007,0.147,-0.089
2025-12-08T23:20:46.910,-0.013,0.142,-0.118
2025-12-08T23:20:46.920,-0.021,0.142,-0.11
2025-12-08T23:20:46.930,-0.025,0.139,-0.074
2025-12-08T23:20:46.940,-0.023,0.13,-0.03
2025-12-08T23:20:46.950,-0.029,0.127,0.0
2025-12-08T23:20:46.960,-0.033,0.123,-0.005
2025-12-08T23:20:46.970,-0.034,0.131,-0.045
2025-12-08T23:20:46.980,-0.043,0.137,-0.09
2025-12-08T23:20:46.990,-0.041,0.144,-0.109
2025-12-08T23:20:47.000,-0.037,0.145,-0.096
2025-12-08T23:20:47.010,-0.05,0.133,-0.075
2025-12-08T23:20:47.020,-0.071,0.131,-0.062
2025-12-08T23:20:47.030,-0.076,0.12,-0.053
2025-12-08T23:20:47.040,-0.089,0.121,-0.071
2025-12-08T23:20:47.050,-0.107,0.116,-0.082
2025-12-08T23:20:47.060,-0.11,0.1,-0.069
2025-12-08T23:20:47.070,-0.123,0.098,-0.054
2025-12-08T23:20:47.080,-0.131,0.099,-0.026
2025-12-08T23:20:47.090,-0.132,0.107,-0.02
2025-12-08T23:20:47.100,-0.134,0.106,-0.051
2025-12-08T23:20:47.110,-0.136,0.108,-0.083
2025-12-08T23:20:47.120,-0.133,0.111,-0.091
2025-12-08T23:20:47.130,-0.134,0.104,-0.091
2025-12-08T23:20:47.140,-0.146,0.1,-0.08
2025-12-08T23:20:47.150,-0.146,0.09,-0.046
2025-12-08T23:20:47.160,-0.146,0.087,-0.046
2025-12-08T23:20:47.170,-0.149,0.086,-0.057
2025-12-08T23:20:47.180,-0.15,0.085,-0.059
2025-12-08T23:20:47.190,-0.157,0.075,-0.064
2025-12-08T23:20:47.200,-0.169,0.063,-0.041
2025-12-08T23:20:47.210,-0.178,0.063,-0.021
2025-12-08T23:20:47.220,-0.179,0.056,-0.032
2025-12-08T23:20:47.230,-0.187,0.057,-0.069
2025-12-08T23:20:47.240,-0.189,0.064,-0.093
2025-12-08T23:20:47.250,-0.188,0.059,-0.09
2025-12-08T23:20:47.260,-0.193,0.052,-0.069
2025-12-08T23:20:47.270,-0.199,0.049,-0.037
2025-12-08T23:20:47.280,-0.202,0.038,-0.019
2025-12-08T23:20:47.290,-0.205,0.029,-0.02
2025-12-08T23:20:47.300,-0.22,0.024,-0.01
2025-12-08T23:20:47.310,-0.227,0.012,-0.008
2025-12-08T23:20:47.320,-0.234,0.011,-0.033
2025-12-08T23:20:47.330,-0.237,0.012,-0.045
2025-12-08T23:20:47.340,-0.236,0.009,-0.057
2025-12-08T23:20:47.350,-0.242,0.006,-0.073
2025-12-08T23:20:47.360,-0.239,0.002,-0.062
2025-12-08T23:20:47.370,-0.243,0.003,-0.05
2025-12-08T23:20:47.380,-0.248,-0.007,-0.054
2025-12-08T23:20:47.390,-0.247,-0.021,-0.063
2025-12-08T23:20:47.400,-0.245,-0.027,-0.056
2025-12-08T23:20:47.410,-0.245,-0.031,-0.057
2025-12-08T23:20:47.420,-0.246,-0.032,-0.057
2025-12-08T23:20:47.430,-0.233,-0.033,-0.047
2025-12-08T23:20:47.440,-0.227,-0.038,-0.045
2025-12-08T23:20:47.450,-0.228,-0.041,-0.024
2025-12-08T23:20:47.460,-0.223,-0.04,-0.003
2025-12-08T23:20:47.470,-0.227,-0.042,-0.014
2025-12-08T23:20:47.480,-0.229,-0.044,-0.04
2025-12-08T23:20:47.490,-0.219,-0.052,-0.047
2025-12-08T23:20:47.500,-0.218,-0.053,-0.037
2025-12-08T23:20:47.510,-0.229,-0.053,0.001
2025-12-08T23:20:47.520,-0.235,-0.063,0.052
2025-12-08T23:20:47.530,-0.228,-0.066,0.062
2025-12-08T23:20:47.540,-0.229,-0.069,0.038
2025-12-08T23:20:47.550,-0.234,-0.073,0.001
2025-12-08T23:20:47.560,-0.223,-0.078,-0.025
2025-12-08T23:20:47.570,-0.221,-0.088,-0.014
2025-12-08T23:20:47.580,-0.226,-0.089,0.014
2025-12-08T23:20:47.590,-0.22,-0.094,0.036
2025-12-08T23:20:47.600,-0.22,-0.1,0.025
2025-12-08T23:20:47.610,-0.228,-0.099,-0.002
2025-12-08T23:20:47.620,-0.232,-0.101,-0.002
2025-12-08T23:20:47.630,-0.239,-0.096,0.003
2025-12-08T23:20:47.640,-0.244,-0.101,0.014
2025-12-08T23:20:47.650,-0.241,-0.099,0.032
2025-12-08T23:20:47.660,-0.243,-0.096,0.027
2025-12-08T23:20:47.670,-0.244,-0.114,0.004
2025-12-08T23:20:47.680,-0.241,-0.112,-0.018
2025-12-08T23:20:47.690,-0.238,-0.113,-0.015
2025-12-08T23:20:47.700,-0.237,-0.123,0.011
2025-12-08T23:20:47.710,-0.235,-0.123,0.041
2025-12-08T23:20:47.720,-0.235,-0.122,0.054
2025-12-08T23:20:47.730,-0.234,-0.12,0.03
2025-12-08T23:20:47.740,-0.219,-0.118,0.002
2025-12-08T23:20:47.750,-0.208,-0.107,-0.009
2025-12-08T23:20:47.760,-0.202,-0.107,-0.001
2025-12-08T23:20:47.770,-0.204,-0.11,0.04
2025-12-08T23:20:47.780,-0.212,-0.107,0.078
2025-12-08T23:20:47.790,-0.21,-0.123,0.096
2025-12-08T23:20:47.800,-0.206,-0.125,0.093
2025-12-08T23:20:47.810,-0.193,-0.127,0.066
2025-12-08T23:20:47.820,-0.187,-0.138,0.039
2025-12-08T23:20:47.830,-0.189,-0.141,0.024
2025-12-08T23:20:47.840,-0.182,-0.148,0.027
2025-12-08T23:20:47.850,-0.184,-0.149,0.034
2025-12-08T23:20:47.860,-0.19,-0.151,0.057
2025-12-08T23:20:47.870,-0.187,-0.169,0.076
2025-12-08T23:20:47.880,-0.19,-0.175,0.063
2025-12-08T23:20:47.890,-0.19,-0.167,0.043
2025-12-08T23:20:47.900,-0.164,-0.163,0.018
2025-12-08T23:20:47.910,-0.154,-0.156,0.012
2025-12-08T23:20:47.920,-0.17,-0.153,0.045
2025-12-08T23:20:47.930,-0.171,-0.163,0.082
2025-12-08T23:20:47.940,-0.186,-0.157,0.098
2025-12-08T23:20:47.950,-0.201,-0.15,0.076
2025-12-08T23:20:47.960,-0.184,-0.152,0.04
2025-12-08T23:20:47.970,-0.18,-0.136,0.009
2025-12-08T23:20:47.980,-0.189,-0.138,-0.002
2025-12-08T23:20:47.990,-0.185,-0.149,-0.014
2025-12-08T23:20:48.000,-0.177,-0.155,-0.023
2025-12-08T23:20:48.010,-0.166,-0.153,-0.016
2025-12-08T23:20:48.020,-0.145,-0.144,-0.003
2025-12-08T23:20:48.030,-0.123,-0.15,0.025
2025-12-08T23:20:48.040,-0.122,-0.143,0.05
2025-12-08T23:20:48.050,-0.122,-0.14,0.07
2025-12-08T23:20:48.060,-0.116,-0.139,0.087
2025-12-08T23:20:48.070,-0.121,-0.13,0.101
2025-12-08T23:20:48.080,-0.12,-0.134,0.103
2025-12-08T23:20:48.090,-0.113,-0.136,0.086
2025-12-08T23:20:48.100,-0.109,-0.138,0.065
2025-12-08T23:20:48.110,-0.107,-0.138,0.043
2025-12-08T23:20:48.120,-0.1,-0.146,0.047
2025-12-08T23:20:48.130,-0.099,-0.154,0.07
2025-12-08T23:20:48.140,-0.105,-0.155,0.097
2025-12-08T23:20:48.150,-0.092,-0.164,0.111
2025-12-08T23:20:48.160,-0.085,-0.154,0.099
2025-12-08T23:20:48.170,-0.086,-0.142,0.066
2025-12-08T23:20:48.180,-0.077,-0.135,0.033
2025-12-08T23:20:48.190,-0.08,-0.121,0.032
2025-12-08T23:20:48.200,-0.081,-0.123,0.041
2025-12-08T23:20:48.210,-0.073,-0.13,0.055
2025-12-08T23:20:48.220,-0.079,-0.123,0.058
2025-12-08T23:20:48.230,-0.079,-0.129,0.034
2025-12-08T23:20:48.240,-0.064,-0.133,0.022
2025-12-08T23:20:48.250,-0.067,-0.12,0.023
2025-12-08T23:20:48.260,-0.075,-0.127,0.034
2025-12-08T23:20:48.270,-0.074,-0.133,0.03
2025-12-08T23:20:48.280,-0.077,-0.129,0.019
2025-12-08T23:20:48.290,-0.084,-0.134,0.013
2025-12-08T23:20:48.300,-0.086,-0.134,0.026
2025-12-08T23:20:48.310,-0.087,-0.131,0.049
2025-12-08T23:20:48.320,-0.086,-0.131,0.037
2025-12-08T23:20:48.330,-0.08,-0.125,0.029
2025-12-08T23:20:48.340,-0.071,-0.107,0.015
2025-12-08T23:20:48.350,-0.061,-0.1,-0.002
2025-12-08T23:20:48.360,-0.047,-0.102,0.022
2025-12-08T23:20:48.370,-0.038,-0.097,0.04
2025-12-08T23:20:48.380,-0.037,-0.098,0.037
2025-12-08T23:20:48.390,-0.037,-0.102,0.015
2025-12-08T23:20:48.400,-0.031,-0.105,-0.004
2025-12-08T23:20:48.410,-0.031,-0.103,-0.004
2025-12-08T23:20:48.420,-0.032,-0.093,0.014
2025-12-08T23:20:48.430,-0.024,-0.089,0.04
2025-12-08T23:20:48.440,-0.022,-0.084,0.014
2025-12-08T23:20:48.450,-0.025,-0.077,-0.017
2025-12-08T23:20:48.460,-0.012,-0.07,-0.023
2025-12-08T23:20:48.470,0.0,-0.058,-0.023
2025-12-08T23:20:48.480,-0.003,-0.048,0.007
2025-12-08T23:20:48.490,0.005,-0.048,0.034
2025-12-08T23:20:48.500,0.015,-0.06,0.021
2025-12-08T23:20:48.510,0.018,-0.06,-0.009
2025-12-08T23:20:48.520,0.029,-0.054,-0.029
2025-12-08T23:20:48.530,0.037,-0.055,-0.036
2025-12-08T23:20:48.540,0.03,-0.057,-0.026
2025-12-08T23:20:48.550,0.031,-0.047,-0.021
2025-12-08T23:20:48.560,0.048,-0.035,-0.048
2025-12-08T23:20:48.570,0.053,-0.022,-0.07
2025-12-08T23:20:48.580,0.036,-0.002,-0.072
2025-12-08T23:20:48.590,0.02,0.004,-0.066
2025-12-08T23:20:48.600,0.008,0.004,-0.055
2025-12-08T23:20:48.610,0.003,0.009,-0.055
2025-12-08T23:20:48.620,0.01,0.013,-0.068
2025-12-08T23:20:48.630,0.013,0.021,-0.085
2025-12-08T23:20:48.640,0.015,0.023,-0.083
2025-12-08T23:20:48.650,0.023,0.026,-0.078
2025-12-08T23:20:48.660,0.029,0.029,-0.082
2025-12-08T23:20:48.670,0.039,0.03,-0.074
2025-12-08T23:20:48.680,0.048,0.046,-0.071
2025-12-08T23:20:48.690,0.049,0.064,-0.077
2025-12-08T23:20:48.700,0.05,0.075,-0.062
2025-12-08T23:20:48.710,0.055,0.087,-0.027
2025-12-08T23:20:48.720,0.056,0.096,-0.019
2025-12-08T23:20:48.730,0.052,0.102,-0.039
2025-12-08T23:20:48.740,0.048,0.105,-0.063
2025-12-08T23:20:48.750,0.043,0.103,-0.091
2025-12-08T23:20:48.760,0.046,0.099,-0.084
2025-12-08T23:20:48.770,0.055,0.1,-0.056
2025-12-08T23:20:48.780,0.067,0.096,-0.064
2025-12-08T23:20:48.790,0.071,0.095,-0.081
2025-12-08T23:20:48.800,0.064,0.097,-0.094
2025-12-08T23:20:48.810,0.063,0.092,-0.108
2025-12-08T23:20:48.820,0.048,0.1,-0.101
2025-12-08T23:20:48.830,0.039,0.102,-0.089
2025-12-08T23:20:48.840,0.041,0.095,-0.093
2025-12-08T23:20:48.850,0.033,0.098,-0.104
2025-12-08T23:20:48.860,0.037,0.098,-0.104
2025-12-08T23:20:48.870,0.047,0.106,-0.091
2025-12-08T23:20:48.880,0.048,0.115,-0.091
2025-12-08T23:20:48.890,0.046,0.114,-0.09
2025-12-08T23:20:48.900,0.051,0.115,-0.095
2025-12-08T23:20:48.910,0.051,0.111,-0.102
2025-12-08T23:20:48.920,0.044,0.106,-0.089
2025-12-08T23:20:48.930,0.049,0.107,-0.091
2025-12-08T23:20:48.940,0.054,0.109,-0.09
2025-12-08T23:20:48.950,0.06,0.12,-0.093
2025-12-08T23:20:48.960,0.066,0.127,-0.107
2025-12-08T23:20:48.970,0.056,0.125,-0.122
2025-12-08T23:20:48.980,0.05,0.121,-0.129
2025-12-08T23:20:48.990,0.052,0.118,-0.108
2025-12-08T23:20:49.000,0.054,0.115,-0.086
2025-12-08T23:20:49.010,0.049,0.107,-0.077
2025-12-08T23:20:49.020,0.045,0.111,-0.089
2025-12-08T23:20:49.030,0.045,0.114,-0.122
2025-12-08T23:20:49.040,0.036,0.121,-0.154
2025-12-08T23:20:49.050,0.036,0.132,-0.16
2025-12-08T23:20:49.060,0.047,0.128,-0.143
2025-12-08T23:20:49.070,0.046,0.129,-0.118
2025-12-08T23:20:49.080,0.051,0.122,-0.072
2025-12-08T23:20:49.090,0.059,0.121,-0.056
2025-12-08T23:20:49.100,0.063,0.117,-0.072
2025-12-08T23:20:49.110,0.08,0.099,-0.075
2025-12-08T23:20:49.120,0.092,0.098,-0.091
2025-12-08T23:20:49.130,0.089,0.08,-0.106
2025-12-08T23:20:49.140,0.09,0.069,-0.119
2025-12-08T23:20:49.150,0.087,0.076,-0.127
2025-12-08T23:20:49.160,0.081,0.073,-0.134
2025-12-08T23:20:49.170,0.086,0.073,-0.137
2025-12-08T23:20:49.180,0.09,0.061,-0.125
2025-12-08T23:20:49.190,0.088,0.051,-0.133
2025-12-08T23:20:49.200,0.091,0.043,-0.132
2025-12-08T23:20:49.210,0.095,0.033,-0.117
2025-12-08T23:20:49.220,0.098,0.039,-0.116
2025-12-08T23:20:49.230,0.102,0.049,-0.107
2025-12-08T23:20:49.240,0.115,0.05,-0.103
2025-12-08T23:20:49.250,0.12,0.044,-0.113
2025-12-08T23:20:49.260,0.111,0.045,-0.131
2025-12-08T23:20:49.270,0.119,0.046,-0.147
2025-12-08T23:20:49.280,0.128,0.041,-0.148
2025-12-08T23:20:49.290,0.125,0.043,-0.111
2025-12-08T23:20:49.300,0.132,0.033,-0.057
2025-12-08T23:20:49.310,0.143,0.028,-0.059
2025-12-08T23:20:49.320,0.148,0.037,-0.101
2025-12-08T23:20:49.330,0.153,0.044,-0.141
2025-12-08T23:20:49.340,0.158,0.05,-0.163
2025-12-08T23:20:49.350,0.151,0.045,-0.137
2025-12-08T23:20:49.360,0.141,0.04,-0.102
2025-12-08T23:20:49.370,0.147,0.03,-0.107
2025-12-08T23:20:49.380,0.151,0.014,-0.123
2025-12-08T23:20:49.390,0.153,0.018,-0.122
2025-12-08T23:20:49.400,0.159,0.02,-0.101
2025-12-08T23:20:49.410,0.162,0.021,-0.093
2025-12-08T23:20:49.420,0.177,0.025,-0.101
2025-12-08T23:20:49.430,0.182,0.026,-0.113
2025-12-08T23:20:49.440,0.177,0.029,-0.138
2025-12-08T23:20:49.450,0.176,0.018,-0.142
2025-12-08T23:20:49.460,0.184,0.011,-0.129
2025-12-08T23:20:49.470,0.185,0.01,-0.125
2025-12-08T23:20:49.480,0.177,-0.008,-0.109
2025-12-08T23:20:49.490,0.176,-0.014,-0.095
2025-12-08T23:20:49.500,0.171,-0.016,-0.094
2025-12-08T23:20:49.510,0.171,-0.023,-0.099
2025-12-08T23:20:49.520,0.186,-0.02,-0.1
2025-12-08T23:20:49.530,0.198,-0.025,-0.107
2025-12-08T23:20:49.540,0.203,-0.031,-0.118
2025-12-08T23:20:49.550,0.209,-0.034,-0.118
2025-12-08T23:20:49.560,0.213,-0.04,-0.107
2025-12-08T23:20:49.570,0.204,-0.045,-0.084
2025-12-08T23:20:49.580,0.202,-0.057,-0.075
2025-12-08T23:20:49.590,0.2,-0.064,-0.106
2025-12-08T23:20:49.600,0.203,-0.069,-0.132
2025-12-08T23:20:49.610,0.209,-0.063,-0.115
2025-12-08T23:20:49.620,0.202,-0.046,-0.069
2025-12-08T23:20:49.630,0.202,-0.053,-0.042
2025-12-08T23:20:49.640,0.207,-0.059,-0.054
2025-12-08T23:20:49.650,0.214,-0.053,-0.086
2025-12-08T23:20:49.660,0.215,-0.055,-0.119
2025-12-08T23:20:49.670,0.212,-0.056,-0.111
2025-12-08T23:20:49.680,0.21,-0.062,-0.065
2025-12-08T23:20:49.690,0.195,-0.073,-0.031
2025-12-08T23:20:49.700,0.191,-0.079,-0.019
2025-12-08T23:20:49.710,0.2,-0.089,-0.027
2025-12-08T23:20:49.720,0.204,-0.093,-0.056
2025-12-08T23:20:49.730,0.201,-0.09,-0.066
2025-12-08T23:20:49.740,0.204,-0.096,-0.045
2025-12-08T23:20:49.750,0.209,-0.1,-0.046
2025-12-08T23:20:49.760,0.199,-0.104,-0.057
2025-12-08T23:20:49.770,0.195,-0.102,-0.068
2025-12-08T23:20:49.780,0.193,-0.107,-0.091
2025-12-08T23:20:49.790,0.184,-0.112,-0.075
2025-12-08T23:20:49.800,0.182,-0.099,-0.041
2025-12-08T23:20:49.810,0.182,-0.114,-0.032
2025-12-08T23:20:49.820,0.176,-0.122,-0.057
2025-12-08T23:20:49.830,0.171,-0.125,-0.093
2025-12-08T23:20:49.840,0.178,-0.139,-0.123
2025-12-08T23:20:49.850,0.182,-0.133,-0.136
2025-12-08T23:20:49.860,0.188,-0.141,-0.096
2025-12-08T23:20:49.870,0.198,-0.138,-0.056
2025-12-08T23:20:49.880,0.199,-0.129,-0.046
2025-12-08T23:20:49.890,0.203,-0.125,-0.049
2025-12-08T23:20:49.900,0.205,-0.126,-0.067
2025-12-08T23:20:49.910,0.204,-0.135,-0.063
2025-12-08T23:20:49.920,0.203,-0.136,-0.022
2025-12-08T23:20:49.930,0.204,-0.15,0.023
2025-12-08T23:20:49.940,0.193,-0.142,0.024
2025-12-08T23:20:49.950,0.19,-0.135,-0.011
2025-12-08T23:20:49.960,0.201,-0.144,-0.07
2025-12-08T23:20:49.970,0.194,-0.134,-0.105
2025-12-08T23:20:49.980,0.196,-0.135,-0.076
2025-12-08T23:20:49.990,0.2,-0.137,-0.031
2025-12-08T23:20:50.000,0.189,-0.135,0.012
2025-12-08T23:20:50.010,0.189,-0.137,0.016
2025-12-08T23:20:50.020,0.195,-0.138,-0.011
2025-12-08T23:20:50.030,0.203,-0.136,-0.027
2025-12-08T23:20:50.040,0.196,-0.127,-0.015
2025-12-08T23:20:50.050,0.181,-0.116,0.018
2025-12-08T23:20:50.060,0.174,-0.094,0.031
2025-12-08T23:20:50.070,0.174,-0.092,0.034
2025-12-08T23:20:50.080,0.18,-0.091,0.026
2025-12-08T23:20:50.090,0.176,-0.088,0.013
2025-12-08T23:20:50.100,0.173,-0.106,-0.008
2025-12-08T23:20:50.110,0.173,-0.117,-0.028
2025-12-08T23:20:50.120,0.158,-0.119,-0.014
2025-12-08T23:20:50.130,0.148,-0.114,0.002
2025-12-08T23:20:50.140,0.146,-0.107,0.026
2025-12-08T23:20:50.150,0.138,-0.089,0.029
2025-12-08T23:20:50.160,0.131,-0.063,-0.012
2025-12-08T23:20:50.170,0.136,-0.05,-0.032
2025-12-08T23:20:50.180,0.141,-0.042,-0.038
2025-12-08T23:20:50.190,0.138,-0.044,-0.016
2025-12-08T23:20:50.200,0.132,-0.046,0.038
2025-12-08T23:20:50.210,0.133,-0.059,0.052
2025-12-08T23:20:50.220,0.143,-0.082,0.038
2025-12-08T23:20:50.230,0.148,-0.088,0.042
2025-12-08T23:20:50.240,0.134,-0.078,0.048
2025-12-08T23:20:50.250,0.108,-0.061,0.036
2025-12-08T23:20:50.260,0.095,-0.054,0.026
2025-12-08T23:20:50.270,0.085,-0.055,0.014
2025-12-08T23:20:50.280,0.077,-0.051,0.007
2025-12-08T23:20:50.290,0.075,-0.031,0.013
2025-12-08T23:20:50.300,0.074,-0.027,0.007
2025-12-08T23:20:50.310,0.079,-0.029,0.002
2025-12-08T23:20:50.320,0.076,-0.008,0.028
2025-12-08T23:20:50.330,0.084,-0.004,0.058
2025-12-08T23:20:50.340,0.09,0.0,0.078
2025-12-08T23:20:50.350,0.085,0.003,0.076
2025-12-08T23:20:50.360,0.094,0.002,0.036
2025-12-08T23:20:50.370,0.089,0.004,0.004
2025-12-08T23:20:50.380,0.056,0.005,-0.002
2025-12-08T23:20:50.390,0.044,0.0,-0.01
2025-12-08T23:20:50.400,0.051,-0.012,0.001
2025-12-08T23:20:50.410,0.035,0.004,0.014
2025-12-08T23:20:50.420,0.027,0.008,-0.002
2025-12-08T23:20:50.430,0.023,0.008,-0.007
2025-12-08T23:20:50.440,0.005,0.023,0.001
2025-12-08T23:20:50.450,0.005,0.017,-0.013
2025-12-08T23:20:50.460,-0.004,0.025,-0.01
2025-12-08T23:20:50.470,-0.019,0.032,-0.003
2025-12-08T23:20:50.480,-0.015,0.036,-0.023
2025-12-08T23:20:50.490,-0.007,0.051,-0.013
2025-12-08T23:20:50.500,-0.003,0.057,0.001
2025-12-08T23:20:50.510,-0.007,0.061,0.011
2025-12-08T23:20:50.520,-0.002,0.066,0.049
2025-12-08T23:20:50.530,0.006,0.073,0.046
2025-12-08T23:20:50.540,0.008,0.07,-0.001
2025-12-08T23:20:50.550,0.008,0.067,-0.029
2025-12-08T23:20:50.560,-0.009,0.066,-0.031
2025-12-08T23:20:50.570,-0.023,0.057,-0.012
2025-12-08T23:20:50.580,-0.037,0.059,0.031
2025-12-08T23:20:50.590,-0.057,0.061,0.029
2025-12-08T23:20:50.600,-0.065,0.061,-0.006
2025-12-08T23:20:50.610,-0.07,0.068,-0.013
2025-12-08T23:20:50.620,-0.07,0.064,-0.028
2025-12-08T23:20:50.630,-0.074,0.062,-0.016
2025-12-08T23:20:50.640,-0.084,0.077,0.011
2025-12-08T23:20:50.650,-0.075,0.076,0.003
2025-12-08T23:20:50.660,-0.083,0.078,0.007
2025-12-08T23:20:50.670,-0.094,0.103,0.013
2025-12-08T23:20:50.680,-0.087,0.107,-0.007
2025-12-08T23:20:50.690,-0.096,0.118,-0.02
2025-12-08T23:20:50.700,-0.095,0.128,-0.007
2025-12-08T23:20:50.710,-0.092,0.115,-0.006
2025-12-08T23:20:50.720,-0.107,0.116,-0.005
2025-12-08T23:20:50.730,-0.105,0.111,0.008
2025-12-08T23:20:50.740,-0.1,0.111,-0.011
2025-12-08T23:20:50.750,-0.109,0.127,-0.018
2025-12-08T23:20:50.760,-0.115,0.126,0.001
2025-12-08T23:20:50.770,-0.121,0.125,0.002
2025-12-08T23:20:50.780,-0.133,0.127,0.01
2025-12-08T23:20:50.790,-0.137,0.133,0.017
2025-12-08T23:20:50.800,-0.125,0.135,-0.007
2025-12-08T23:20:50.810,-0.121,0.136,-0.025
2025-12-08T23:20:50.820,-0.134,0.15,-0.016
2025-12-08T23:20:50.830,-0.125,0.146,-0.006
2025-12-08T23:20:50.840,-0.111,0.141,0.007
2025-12-08T23:20:50.850,-0.117,0.153,0.042
2025-12-08T23:20:50.860,-0.117,0.155,0.066
2025-12-08T23:20:50.870,-0.13,0.154,0.058
2025-12-08T23:20:50.880,-0.154,0.158,0.037
2025-12-08T23:20:50.890,-0.156,0.156,0.012
2025-12-08T23:20:50.900,-0.161,0.157,-0.003
2025-12-08T23:20:50.910,-0.162,0.161,-0.016
2025-12-08T23:20:50.920,-0.156,0.157,-0.015
2025-12-08T23:20:50.930,-0.162,0.158,0.009
2025-12-08T23:20:50.940,-0.165,0.155,0.019
2025-12-08T23:20:50.950,-0.16,0.152,0.021
2025-12-08T23:20:50.960,-0.146,0.156,0.014
2025-12-08T23:20:50.970,-0.147,0.163,0.007
2025-12-08T23:20:50.980,-0.155,0.175,0.019
2025-12-08T23:20:50.990,-0.155,0.167,0.036
2025-12-08T23:20:51.000,-0.168,0.162,0.042
2025-12-08T23:20:51.010,-0.169,0.166,0.022
2025-12-08T23:20:51.020,-0.162,0.165,0.008
2025-12-08T23:20:51.030,-0.161,0.17,-0.001
2025-12-08T23:20:51.040,-0.158,0.165,-0.002
2025-12-08T23:20:51.050,-0.163,0.171,0.01
2025-12-08T23:20:51.060,-0.165,0.169,0.012
2025-12-08T23:20:51.070,-0.164,0.148,0.035
2025-12-08T23:20:51.080,-0.159,0.149,0.057
2025-12-08T23:20:51.090,-0.154,0.148,0.05
2025-12-08T23:20:51.100,-0.147,0.144,0.028
2025-12-08T23:20:51.110,-0.143,0.163,0.015
2025-12-08T23:20:51.120,-0.149,0.177,0.027
2025-12-08T23:20:51.130,-0.147,0.182,0.052
2025-12-08T23:20:51.140,-0.144,0.202,0.081
2025-12-08T23:20:51.150,-0.139,0.212,0.071
2025-12-08T23:20:51.160,-0.148,0.206,0.043
2025-12-08T23:20:51.170,-0.154,0.203,0.038
2025-12-08T23:20:51.180,-0.157,0.187,0.035
2025-12-08T23:20:51.190,-0.169,0.172,0.056
2025-12-08T23:20:51.200,-0.169,0.168,0.095
2025-12-08T23:20:51.210,-0.166,0.159,0.08
2025-12-08T23:20:51.220,-0.161,0.153,0.021
2025-12-08T23:20:51.230,-0.153,0.164,-0.005
2025-12-08T23:20:51.240,-0.15,0.171,-0.003
2025-12-08T23:20:51.250,-0.153,0.169,0.024
2025-12-08T23:20:51.260,-0.155,0.163,0.098
2025-12-08T23:20:51.270,-0.159,0.156,0.137
2025-12-08T23:20:51.280,-0.173,0.159,0.103
2025-12-08T23:20:51.290,-0.176,0.161,0.05
2025-12-08T23:20:51.300,-0.169,0.16,0.012
2025-12-08T23:20:51.310,-0.172,0.149,0.011
2025-12-08T23:20:51.320,-0.184,0.136,0.041
2025-12-08T23:20:51.330,-0.18,0.126,0.063
2025-12-08T23:20:51.340,-0.172,0.107,0.054
2025-12-08T23:20:51.350,-0.181,0.105,0.046
2025-12-08T23:20:51.360,-0.18,0.1,0.054
2025-12-08T23:20:51.370,-0.178,0.091,0.037
2025-12-08T23:20:51.380,-0.176,0.096,0.012
2025-12-08T23:20:51.390,-0.164,0.098,0.002
2025-12-08T23:20:51.400,-0.159,0.105,0.026
2025-12-08T23:20:51.410,-0.173,0.118,0.093
2025-12-08T23:20:51.420,-0.184,0.123,0.122
2025-12-08T23:20:51.430,-0.173,0.114,0.08
2025-12-08T23:20:51.440,-0.166,0.112,0.036
2025-12-08T23:20:51.450,-0.163,0.106,0.029
2025-12-08T23:20:51.460,-0.168,0.091,0.056
2025-12-08T23:20:51.470,-0.187,0.087,0.093
2025-12-08T23:20:51.480,-0.19,0.073,0.101
2025-12-08T23:20:51.490,-0.18,0.062,0.068
2025-12-08T23:20:51.500,-0.183,0.066,0.052
2025-12-08T23:20:51.510,-0.186,0.057,0.06
2025-12-08T23:20:51.520,-0.179,0.057,0.067
2025-12-08T23:20:51.530,-0.19,0.07,0.091
2025-12-08T23:20:51.540,-0.192,0.059,0.075
2025-12-08T23:20:51.550,-0.171,0.044,0.05
2025-12-08T23:20:51.560,-0.18,0.046,0.074
2025-12-08T23:20:51.570,-0.194,0.036,0.106
2025-12-08T23:20:51.580,-0.185,0.021,0.125
2025-12-08T23:20:51.590,-0.187,0.018,0.103
2025-12-08T23:20:51.600,-0.178,0.006,0.051
2025-12-08T23:20:51.610,-0.157,-0.002,0.014
2025-12-08T23:20:51.620,-0.164,0.007,0.038
2025-12-08T23:20:51.630,-0.16,-0.005,0.098
2025-12-08T23:20:51.640,-0.147,-0.026,0.13
2025-12-08T23:20:51.650,-0.148,-0.03,0.11
2025-12-08T23:20:51.660,-0.129,-0.044,0.068
2025-12-08T23:20:51.670,-0.118,-0.037,0.075
2025-12-08T23:20:51.680,-0.127,-0.029,0.101
2025-12-08T23:20:51.690,-0.122,-0.059,0.113
2025-12-08T23:20:51.700,-0.106,-0.073,0.128
2025-12-08T23:20:51.710,-0.097,-0.08,0.132
2025-12-08T23:20:51.720,-0.096,-0.073,0.13
2025-12-08T23:20:51.730,-0.084,-0.068,0.121
2025-12-08T23:20:51.740,-0.072,-0.087,0.095
2025-12-08T23:20:51.750,-0.077,-0.094,0.07
2025-12-08T23:20:51.760,-0.076,-0.112,0.079
2025-12-08T23:20:51.770,-0.078,-0.111,0.109
2025-12-08T23:20:51.780,-0.083,-0.097,0.141
2025-12-08T23:20:51.790,-0.077,-0.102,0.153
2025-12-08T23:20:51.800,-0.071,-0.107,0.136
2025-12-08T23:20:51.810,-0.067,-0.122,0.132
2025-12-08T23:20:51.820,-0.065,-0.128,0.142
2025-12-08T23:20:51.830,-0.05,-0.123,0.154
2025-12-08T23:20:51.840,-0.032,-0.121,0.154
2025-12-08T23:20:51.850,-0.021,-0.126,0.14
2025-12-08T23:20:51.860,-0.004,-0.14,0.114
2025-12-08T23:20:51.870,-0.009,-0.141,0.078
2025-12-08T23:20:51.880,-0.012,-0.147,0.071
2025-12-08T23:20:51.890,-0.002,-0.152,0.093
2025-12-08T23:20:51.900,-0.017,-0.15,0.127
2025-12-08T23:20:51.910,-0.016,-0.16,0.146
2025-12-08T23:20:51.920,-0.013,-0.16,0.125
2025-12-08T23:20:51.930,-0.014,-0.159,0.082
2025-12-08T23:20:51.940,0.004,-0.167,0.061
2025-12-08T23:20:51.950,0.015,-0.157,0.061
2025-12-08T23:20:51.960,0.031,-0.161,0.07
2025-12-08T23:20:51.970,0.039,-0.174,0.095
2025-12-08T23:20:51.980,0.043,-0.17,0.1
2025-12-08T23:20:51.990,0.053,-0.175,0.094
2025-12-08T23:20:52.000,0.059,-0.178,0.084
2025-12-08T23:20:52.010,0.072,-0.184,0.072
2025-12-08T23:20:52.020,0.078,-0.196,0.086
2025-12-08T23:20:52.030,0.084,-0.207,0.104
2025-12-08T23:20:52.040,0.108,-0.202,0.114
2025-12-08T23:20:52.050,0.123,-0.191,0.121
2025-12-08T23:20:52.060,0.126,-0.197,0.116
2025-12-08T23:20:52.070,0.128,-0.195,0.114
2025-12-08T23:20:52.080,0.128,-0.187,0.124
2025-12-08T23:20:52.090,0.127,-0.186,0.105
2025-12-08T23:20:52.100,0.125,-0.182,0.092
2025-12-08T23:20:52.110,0.123,-0.176,0.082
2025-12-08T23:20:52.120,0.122,-0.192,0.052
2025-12-08T23:20:52.130,0.122,-0.201,0.05
2025-12-08T23:20:52.140,0.124,-0.186,0.049
2025-12-08T23:20:52.150,0.129,-0.189,0.039
2025-12-08T23:20:52.160,0.134,-0.181,0.046
2025-12-08T23:20:52.170,0.15,-0.177,0.055
2025-12-08T23:20:52.180,0.167,-0.183,0.046
2025-12-08T23:20:52.190,0.17,-0.18,0.059
2025-12-08T23:20:52.200,0.176,-0.189,0.076
2025-12-08T23:20:52.210,0.181,-0.193,0.051
2025-12-08T23:20:52.220,0.176,-0.192,0.041
2025-12-08T23:20:52.230,0.182,-0.185,0.035
2025-12-08T23:20:52.240,0.191,-0.184,0.025
2025-12-08T23:20:52.250,0.19,-0.177,0.032
2025-12-08T23:20:52.260,0.194,-0.17,0.043
2025-12-08T23:20:52.270,0.198,-0.177,0.049
2025-12-08T23:20:52.280,0.195,-0.167,0.039
2025-12-08T23:20:52.290,0.205,-0.162,0.037
2025-12-08T23:20:52.300,0.214,-0.164,0.036
2025-12-08T23:20:52.310,0.205,-0.166,0.031
2025-12-08T23:20:52.320,0.205,-0.169,0.029
2025-12-08T23:20:52.330,0.216,-0.165,0.029
2025-12-08T23:20:52.340,0.218,-0.166,0.034
2025-12-08T23:20:52.350,0.22,-0.162,0.042
2025-12-08T23:20:52.360,0.232,-0.162,0.06
2025-12-08T23:20:52.370,0.226,-0.162,0.056
2025-12-08T23:20:52.380,0.218,-0.162,0.039
2025-12-08T23:20:52.390,0.223,-0.16,0.04
2025-12-08T23:20:52.400,0.205,-0.148,0.032
2025-12-08T23:20:52.410,0.186,-0.149,0.03
2025-12-08T23:20:52.420,0.191,-0.149,0.037
2025-12-08T23:20:52.430,0.189,-0.137,0.014
2025-12-08T23:20:52.440,0.184,-0.133,-0.011
2025-12-08T23:20:52.450,0.19,-0.129,-0.013
2025-12-08T23:20:52.460,0.196,-0.127,-0.008
2025-12-08T23:20:52.470,0.193,-0.138,0.012
2025-12-08T23:20:52.480,0.196,-0.141,0.031
2025-12-08T23:20:52.490,0.197,-0.141,0.022
2025-12-08T23:20:52.500,0.18,-0.139,0.002
2025-12-08T23:20:52.510,0.178,-0.127,-0.016
2025-12-08T23:20:52.520,0.187,-0.127,-0.037
2025-12-08T23:20:52.530,0.173,-0.119,-0.043
2025-12-08T23:20:52.540,0.165,-0.106,-0.031
2025-12-08T23:20:52.550,0.175,-0.107,-0.027
2025-12-08T23:20:52.560,0.174,-0.093,-0.009
2025-12-08T23:20:52.570,0.178,-0.093,-0.009
2025-12-08T23:20:52.580,0.203,-0.096,-0.033
2025-12-08T23:20:52.590,0.21,-0.079,-0.006
2025-12-08T23:20:52.600,0.2,-0.068,0.043
2025-12-08T23:20:52.610,0.193,-0.071,0.073
2025-12-08T23:20:52.620,0.179,-0.065,0.055
2025-12-08T23:20:52.630,0.173,-0.046,0.009
2025-12-08T23:20:52.640,0.188,-0.046,-0.014
2025-12-08T23:20:52.650,0.2,-0.049,-0.016
2025-12-08T23:20:52.660,0.181,-0.04,0.031
2025-12-08T23:20:52.670,0.164,-0.05,0.067
2025-12-08T23:20:52.680,0.16,-0.052,0.031
2025-12-08T23:20:52.690,0.149,-0.043,0.02
2025-12-08T23:20:52.700,0.153,-0.041,0.035
2025-12-08T23:20:52.710,0.166,-0.034,0.026
2025-12-08T23:20:52.720,0.162,-0.024,0.037
2025-12-08T23:20:52.730,0.155,-0.01,0.05
2025-12-08T23:20:52.740,0.155,-0.011,0.027
2025-12-08T23:20:52.750,0.148,-0.004,0.014
2025-12-08T23:20:52.760,0.139,0.01,0.005
2025-12-08T23:20:52.770,0.144,0.002,-0.012
2025-12-08T23:20:52.780,0.124,0.029,0.028
2025-12-08T23:20:52.790,0.117,0.034,0.086
2025-12-08T23:20:52.800,0.119,0.011,0.087
2025-12-08T23:20:52.810,0.089,0.021,0.069
2025-12-08T23:20:52.820,0.088,0.011,0.038
2025-12-08T23:20:52.830,0.085,0.025,0.003
2025-12-08T23:20:52.840,0.067,0.043,-0.0
2025-12-08T23:20:52.850,0.071,0.023,0.005
2025-12-08T23:20:52.860,0.059,0.024,0.021
2025-12-08T23:20:52.870,0.054,0.026,0.05
2025-12-08T23:20:52.880,0.071,0.039,0.066
2025-12-08T23:20:52.890,0.08,0.06,0.082
2025-12-08T23:20:52.900,0.07,0.078,0.081
2025-12-08T23:20:52.910,0.072,0.094,0.053
2025-12-08T23:20:52.920,0.078,0.094,0.031
2025-12-08T23:20:52.930,0.065,0.101,0.019
2025-12-08T23:20:52.940,0.068,0.1,0.044
2025-12-08T23:20:52.950,0.069,0.101,0.08
2025-12-08T23:20:52.960,0.058,0.104,0.082
2025-12-08T23:20:52.970,0.048,0.104,0.073
2025-12-08T23:20:52.980,0.035,0.112,0.045
2025-12-08T23:20:52.990,0.026,0.118,0.018
2025-12-08T23:20:53.000,0.014,0.12,0.029
2025-12-08T23:20:53.010,0.016,0.124,0.046
2025-12-08T23:20:53.020,0.023,0.125,0.066
2025-12-08T23:20:53.030,0.021,0.121,0.09
2025-12-08T23:20:53.040,0.022,0.126,0.1
2025-12-08T23:20:53.050,0.015,0.129,0.095
2025-12-08T23:20:53.060,-0.003,0.126,0.085
2025-12-08T23:20:53.070,-0.01,0.121,0.077
2025-12-08T23:20:53.080,-0.015,0.128,0.061
2025-12-08T23:20:53.090,-0.029,0.133,0.044
2025-12-08T23:20:53.100,-0.034,0.132,0.034
2025-12-08T23:20:53.110,-0.051,0.148,0.016
2025-12-08T23:20:53.120,-0.062,0.135,0.01
2025-12-08T23:20:53.130,-0.06,0.134,0.013
2025-12-08T23:20:53.140,-0.053,0.155,-0.007
2025-12-08T23:20:53.150,-0.039,0.153,-0.022
2025-12-08T23:20:53.160,-0.038,0.159,-0.011
2025-12-08T23:20:53.170,-0.035,0.15,0.01
2025-12-08T23:20:53.180,-0.034,0.136,0.047
2025-12-08T23:20:53.190,-0.043,0.134,0.084
2025-12-08T23:20:53.200,-0.047,0.127,0.093
2025-12-08T23:20:53.210,-0.048,0.141,0.084
2025-12-08T23:20:53.220,-0.039,0.155,0.071
2025-12-08T23:20:53.230,-0.027,0.171,0.046
2025-12-08T23:20:53.240,-0.043,0.196,0.038
2025-12-08T23:20:53.250,-0.06,0.194,0.041
2025-12-08T23:20:53.260,-0.056,0.188,0.024
2025-12-08T23:20:53.270,-0.061,0.192,0.027
2025-12-08T23:20:53.280,-0.062,0.187,0.035
2025-12-08T23:20:53.290,-0.057,0.185,0.048
2025-12-08T23:20:53.300,-0.062,0.185,0.078
2025-12-08T23:20:53.310,-0.061,0.176,0.101
2025-12-08T23:20:53.320,-0.054,0.166,0.114
2025-12-08T23:20:53.330,-0.043,0.175,0.093
2025-12-08T23:20:53.340,-0.04,0.2,0.062
2025-12-08T23:20:53.350,-0.036,0.214,0.032
2025-12-08T23:20:53.360,-0.037,0.223,0.009
2025-12-08T23:20:53.370,-0.061,0.239,0.025
2025-12-08T23:20:53.380,-0.069,0.246,0.051
2025-12-08T23:20:53.390,-0.064,0.238,0.068
2025-12-08T23:20:53.400,-0.077,0.249,0.09
2025-12-08T23:20:53.410,-0.083,0.255,0.079
2025-12-08T23:20:53.420,-0.06,0.233,0.021
2025-12-08T23:20:53.430,-0.049,0.237,0.007
2025-12-08T23:20:53.440,-0.053,0.243,0.04
2025-12-08T23:20:53.450,-0.038,0.221,0.074
2025-12-08T23:20:53.460,-0.032,0.218,0.116
2025-12-08T23:20:53.470,-0.044,0.221,0.117
2025-12-08T23:20:53.480,-0.043,0.216,0.078
2025-12-08T23:20:53.490,-0.053,0.231,0.064
2025-12-08T23:20:53.500,-0.072,0.243,0.061
2025-12-08T23:20:53.510,-0.07,0.251,0.061
2025-12-08T23:20:53.520,-0.071,0.26,0.071
2025-12-08T23:20:53.530,-0.067,0.256,0.055
2025-12-08T23:20:53.540,-0.055,0.253,0.055
2025-12-08T23:20:53.550,-0.057,0.258,0.078
2025-12-08T23:20:53.560,-0.05,0.256,0.07
2025-12-08T23:20:53.570,-0.036,0.248,0.086
2025-12-08T23:20:53.580,-0.026,0.25,0.109
2025-12-08T23:20:53.590,-0.021,0.244,0.11
2025-12-08T23:20:53.600,-0.02,0.25,0.113
2025-12-08T23:20:53.610,-0.017,0.272,0.103
2025-12-08T23:20:53.620,-0.015,0.265,0.091
2025-12-08T23:20:53.630,-0.014,0.278,0.098
2025-12-08T23:20:53.640,-0.016,0.284,0.124
2025-12-08T23:20:53.650,-0.014,0.262,0.128
2025-12-08T23:20:53.660,-0.013,0.257,0.133
2025-12-08T23:20:53.670,-0.011,0.241,0.134
2025-12-08T23:20:53.680,-0.0,0.23,0.095
2025-12-08T23:20:53.690,0.006,0.228,0.093
2025-12-08T23:20:53.700,0.005,0.229,0.085
2025-12-08T23:20:53.710,0.005,0.228,0.053
2025-12-08T23:20:53.720,0.002,0.221,0.069
2025-12-08T23:20:53.730,0.006,0.227,0.085
2025-12-08T23:20:53.740,0.015,0.227,0.074
2025-12-08T23:20:53.750,0.018,0.239,0.095
2025-12-08T23:20:53.760,0.033,0.249,0.122
2025-12-08T23:20:53.770,0.041,0.246,0.1
2025-12-08T23:20:53.780,0.029,0.25,0.093
2025-12-08T23:20:53.790,0.041,0.23,0.103
2025-12-08T23:20:53.800,0.04,0.218,0.096
2025-12-08T23:20:53.810,0.028,0.216,0.102
2025-12-08T23:20:53.820,0.044,0.195,0.108
2025-12-08T23:20:53.830,0.05,0.193,0.106
2025-12-08T23:20:53.840,0.039,0.203,0.118
2025-12-08T23:20:53.850,0.044,0.202,0.113
2025-12-08T23:20:53.860,0.062,0.198,0.086
2025-12-08T23:20:53.870,0.058,0.201,0.07
2025-12-08T23:20:53.880,0.057,0.206,0.068
2025-12-08T23:20:53.890,0.077,0.197,0.093
2025-12-08T23:20:53.900,0.067,0.207,0.128
2025-12-08T23:20:53.910,0.061,0.215,0.124
2025-12-08T23:20:53.920,0.081,0.191,0.089
2025-12-08T23:20:53.930,0.08,0.201,0.065
2025-12-08T23:20:53.940,0.066,0.213,0.066
2025-12-08T23:20:53.950,0.064,0.185,0.066
2025-12-08T23:20:53.960,0.057,0.175,0.072
2025-12-08T23:20:53.970,0.044,0.163,0.08
2025-12-08T23:20:53.980,0.045,0.15,0.058
2025-12-08T23:20:53.990,0.046,0.142,0.058
2025-12-08T23:20:54.000,0.043,0.121,0.08
2025-12-08T23:20:54.010,0.052,0.121,0.095
2025-12-08T23:20:54.020,0.062,0.126,0.096
2025-12-08T23:20:54.030,0.069,0.129,0.077
2025-12-08T23:20:54.040,0.08,0.133,0.066
2025-12-08T23:20:54.050,0.091,0.142,0.044
2025-12-08T23:20:54.060,0.1,0.148,0.053
2025-12-08T23:20:54.070,0.112,0.13,0.107
2025-12-08T23:20:54.080,0.105,0.136,0.134
2025-12-08T23:20:54.090,0.095,0.128,0.143
2025-12-08T23:20:54.100,0.107,0.099,0.12
2025-12-08T23:20:54.110,0.105,0.103,0.085
2025-12-08T23:20:54.120,0.094,0.094,0.067
2025-12-08T23:20:54.130,0.095,0.09,0.055
2025-12-08T23:20:54.140,0.095,0.102,0.059
2025-12-08T23:20:54.150,0.085,0.095,0.053
2025-12-08T23:20:54.160,0.082,0.085,0.061
2025-12-08T23:20:54.170,0.098,0.069,0.079
2025-12-08T23:20:54.180,0.096,0.066,0.072
2025-12-08T23:20:54.190,0.103,0.06,0.084
2025-12-08T23:20:54.200,0.12,0.039,0.111
2025-12-08T23:20:54.210,0.107,0.037,0.113
2025-12-08T23:20:54.220,0.114,0.037,0.111
2025-12-08T23:20:54.230,0.129,0.033,0.117
2025-12-08T23:20:54.240,0.113,0.039,0.105
2025-12-08T23:20:54.250,0.094,0.035,0.094
2025-12-08T23:20:54.260,0.088,0.009,0.082
2025-12-08T23:20:54.270,0.076,-0.018,0.057
2025-12-08T23:20:54.280,0.062,-0.018,0.049
2025-12-08T23:20:54.290,0.075,-0.03,0.036
2025-12-08T23:20:54.300,0.086,-0.058,0.001
2025-12-08T23:20:54.310,0.075,-0.054,-0.005
2025-12-08T23:20:54.320,0.073,-0.054,0.017
2025-12-08T23:20:54.330,0.078,-0.065,0.025
2025-12-08T23:20:54.340,0.073,-0.062,0.048
2025-12-08T23:20:54.350,0.075,-0.075,0.07
2025-12-08T23:20:54.360,0.082,-0.083,0.045
2025-12-08T23:20:54.370,0.082,-0.089,0.041
2025-12-08T23:20:54.380,0.088,-0.107,0.053
2025-12-08T23:20:54.390,0.087,-0.105,0.037
2025-12-08T23:20:54.400,0.077,-0.117,0.034
2025-12-08T23:20:54.410,0.087,-0.139,0.017
2025-12-08T23:20:54.420,0.087,-0.139,-0.005
2025-12-08T23:20:54.430,0.073,-0.146,0.021
2025-12-08T23:20:54.440,0.071,-0.158,0.049
2025-12-08T23:20:54.450,0.068,-0.158,0.068
2025-12-08T23:20:54.460,0.069,-0.153,0.079
2025-12-08T23:20:54.470,0.072,-0.16,0.06
2025-12-08T23:20:54.480,0.066,-0.155,0.027
2025-12-08T23:20:54.490,0.064,-0.143,0.006
2025-12-08T23:20:54.500,0.075,-0.158,0.014
2025-12-08T23:20:54.510,0.081,-0.162,0.055
2025-12-08T23:20:54.520,0.074,-0.167,0.088
2025-12-08T23:20:54.530,0.07,-0.187,0.071
2025-12-08T23:20:54.540,0.059,-0.193,0.043
2025-12-08T23:20:54.550,0.042,-0.212,0.02
2025-12-08T23:20:54.560,0.031,-0.226,-0.012
2025-12-08T23:20:54.570,0.029,-0.223,0.005
2025-12-08T23:20:54.580,0.026,-0.232,0.03
2025-12-08T23:20:54.590,0.023,-0.229,0.008
2025-12-08T23:20:54.600,0.03,-0.235,0.005
2025-12-08T23:20:54.610,0.035,-0.248,-0.02
2025-12-08T23:20:54.620,0.036,-0.252,-0.061
2025-12-08T23:20:54.630,0.031,-0.258,-0.031
2025-12-08T23:20:54.640,0.036,-0.248,-0.009
2025-12-08T23:20:54.650,0.047,-0.257,-0.013
2025-12-08T23:20:54.660,0.046,-0.248,-0.002
2025-12-08T23:20:54.670,0.049,-0.231,0.006
2025-12-08T23:20:54.680,0.034,-0.237,0.011
2025-12-08T23:20:54.690,0.014,-0.223,0.014
2025-12-08T23:20:54.700,0.01,-0.232,0.004
2025-12-08T23:20:54.710,-0.003,-0.243,-0.046
2025-12-08T23:20:54.720,-0.007,-0.243,-0.078
2025-12-08T23:20:54.730,0.009,-0.246,-0.079
2025-12-08T23:20:54.740,0.019,-0.241,-0.076
2025-12-08T23:20:54.750,0.025,-0.248,-0.062
2025-12-08T23:20:54.760,0.032,-0.252,-0.056
2025-12-08T23:20:54.770,0.027,-0.257,-0.048
2025-12-08T23:20:54.780,0.024,-0.25,-0.022
2025-12-08T23:20:54.790,0.029,-0.248,0.023
2025-12-08T23:20:54.800,0.032,-0.253,0.046
2025-12-08T23:20:54.810,0.035,-0.243,0.043
2025-12-08T23:20:54.820,0.04,-0.236,0.01
2025-12-08T23:20:54.830,0.044,-0.239,-0.055
2025-12-08T23:20:54.840,0.037,-0.232,-0.078
2025-12-08T23:20:54.850,0.034,-0.224,-0.073
2025-12-08T23:20:54.860,0.027,-0.243,-0.061
2025-12-08T23:20:54.870,0.013,-0.251,-0.031
2025-12-08T23:20:54.880,0.012,-0.245,-0.009
2025-12-08T23:20:54.890,0.019,-0.247,-0.015
2025-12-08T23:20:54.900,0.022,-0.241,-0.024
2025-12-08T23:20:54.910,0.021,-0.232,-0.007
2025-12-08T23:20:54.920,0.016,-0.226,-0.021
2025-12-08T23:20:54.930,0.004,-0.223,-0.041
2025-12-08T23:20:54.940,0.004,-0.223,-0.043
2025-12-08T23:20:54.950,0.012,-0.218,-0.052
2025-12-08T23:20:54.960,0.004,-0.208,-0.05
2025-12-08T23:20:54.970,0.006,-0.216,-0.06
2025-12-08T23:20:54.980,0.006,-0.215,-0.067
2025-12-08T23:20:54.990,-0.002,-0.208,-0.067
2025-12-08T23:20:55.000,0.003,-0.218,-0.077
2025-12-08T23:20:55.010,-0.001,-0.213,-0.063
2025-12-08T23:20:55.020,-0.005,-0.213,-0.033
2025-12-08T23:20:55.030,-0.0,-0.214,-0.024
2025-12-08T23:20:55.040,0.005,-0.206,-0.044
2025-12-08T23:20:55.050,0.007,-0.196,-0.06
2025-12-08T23:20:55.060,0.006,-0.176,-0.055
2025-12-08T23:20:55.070,0.014,-0.167,-0.027
2025-12-08T23:20:55.080,0.012,-0.156,0.011
2025-12-08T23:20:55.090,0.012,-0.157,0.025
2025-12-08T23:20:55.100,0.02,-0.163,-0.002
2025-12-08T23:20:55.110,0.007,-0.165,-0.027
2025-12-08T23:20:55.120,-0.005,-0.173,-0.03
2025-12-08T23:20:55.130,-0.004,-0.168,-0.03
2025-12-08T23:20:55.140,-0.005,-0.161,-0.019
2025-12-08T23:20:55.150,-0.013,-0.16,-0.014
2025-12-08T23:20:55.160,-0.009,-0.166,-0.025
2025-12-08T23:20:55.170,-0.014,-0.151,-0.035
2025-12-08T23:20:55.180,-0.033,-0.144,-0.026
2025-12-08T23:20:55.190,-0.026,-0.15,-0.014
2025-12-08T23:20:55.200,-0.017,-0.134,-0.019
2025-12-08T23:20:55.210,-0.018,-0.127,-0.021
2025-12-08T23:20:55.220,-0.019,-0.12,-0.046
2025-12-08T23:20:55.230,-0.021,-0.12,-0.08
2025-12-08T23:20:55.240,-0.035,-0.121,-0.078
2025-12-08T23:20:55.250,-0.052,-0.117,-0.055
2025-12-08T23:20:55.260,-0.053,-0.118,-0.042
2025-12-08T23:20:55.270,-0.065,-0.107,-0.027
2025-12-08T23:20:55.280,-0.068,-0.102,-0.015
2025-12-08T23:20:55.290,-0.07,-0.092,-0.035
2025-12-08T23:20:55.300,-0.08,-0.086,-0.052
2025-12-08T23:20:55.310,-0.083,-0.086,-0.058
2025-12-08T23:20:55.320,-0.088,-0.079,-0.053
2025-12-08T23:20:55.330,-0.081,-0.086,-0.03
2025-12-08T23:20:55.340,-0.085,-0.078,-0.014
2025-12-08T23:20:55.350,-0.089,-0.077,-0.008
2025-12-08T23:20:55.360,-0.081,-0.086,-0.021
2025-12-08T23:20:55.370,-0.084,-0.079,-0.035
2025-12-08T23:20:55.380,-0.081,-0.082,-0.021
2025-12-08T23:20:55.390,-0.078,-0.075,-0.002
2025-12-08T23:20:55.400,-0.087,-0.069,0.013
2025-12-08T23:20:55.410,-0.092,-0.078,0.01
2025-12-08T23:20:55.420,-0.096,-0.071,-0.013
2025-12-08T23:20:55.430,-0.098,-0.056,-0.031
2025-12-08T23:20:55.440,-0.087,-0.05,-0.05
2025-12-08T23:20:55.450,-0.091,-0.041,-0.054
2025-12-08T23:20:55.460,-0.103,-0.032,-0.028
2025-12-08T23:20:55.470,-0.103,-0.032,0.012
2025-12-08T23:20:55.480,-0.098,-0.021,0.044
2025-12-08T23:20:55.490,-0.084,-0.02,0.048
2025-12-08T23:20:55.500,-0.077,-0.022,0.031
2025-12-08T23:20:55.510,-0.073,-0.013,0.014
2025-12-08T23:20:55.520,-0.067,-0.022,0.005
2025-12-08T23:20:55.530,-0.068,-0.025,-0.005
2025-12-08T23:20:55.540,-0.07,-0.021,0.014
2025-12-08T23:20:55.550,-0.084,-0.009,0.024
2025-12-08T23:20:55.560,-0.086,-0.002,0.014
2025-12-08T23:20:55.570,-0.089,-0.001,0.026
2025-12-08T23:20:55.580,-0.1,0.009,0.017
2025-12-08T23:20:55.590,-0.1,0.002,0.009
2025-12-08T23:20:55.600,-0.106,0.016,0.01
2025-12-08T23:20:55.610,-0.095,0.021,-0.006
2025-12-08T23:20:55.620,-0.08,0.002,0.012
2025-12-08T23:20:55.630,-0.081,0.01,0.054
2025-12-08T23:20:55.640,-0.078,0.008,0.073
2025-12-08T23:20:55.650,-0.083,0.011,0.082
2025-12-08T23:20:55.660,-0.087,0.015,0.089
2025-12-08T23:20:55.670,-0.087,0.02,0.054
2025-12-08T23:20:55.680,-0.095,0.028,0.024
2025-12-08T23:20:55.690,-0.09,0.021,0.034
2025-12-08T23:20:55.700,-0.08,0.022,0.036
2025-12-08T23:20:55.710,-0.085,0.025,0.039
2025-12-08T23:20:55.720,-0.083,0.029,0.041
2025-12-08T23:20:55.730,-0.073,0.035,0.039
2025-12-08T23:20:55.740,-0.079,0.044,0.052
2025-12-08T23:20:55.750,-0.087,0.045,0.078
2025-12-08T23:20:55.760,-0.092,0.039,0.078
2025-12-08T23:20:55.770,-0.102,0.039,0.058
2025-12-08T23:20:55.780,-0.089,0.032,0.054
2025-12-08T23:20:55.790,-0.075,0.031,0.042
2025-12-08T23:20:55.800,-0.075,0.027,0.04
2025-12-08T23:20:55.810,-0.072,0.021,0.05
2025-12-08T23:20:55.820,-0.069,0.018,0.045
2025-12-08T23:20:55.830,-0.073,0.007,0.061
2025-12-08T23:20:55.840,-0.078,0.003,0.086
2025-12-08T23:20:55.850,-0.079,0.018,0.092
2025-12-08T23:20:55.860,-0.08,0.034,0.087
2025-12-08T23:20:55.870,-0.062,0.038,0.059
2025-12-08T23:20:55.880,-0.043,0.042,0.029
2025-12-08T23:20:55.890,-0.042,0.044,0.023
2025-12-08T23:20:55.900,-0.042,0.05,0.034
2025-12-08T23:20:55.910,-0.028,0.053,0.07
2025-12-08T23:20:55.920,-0.014,0.051,0.112
2025-12-08T23:20:55.930,-0.02,0.052,0.139
2025-12-08T23:20:55.940,-0.016,0.039,0.136
2025-12-08T23:20:55.950,-0.016,0.031,0.096
2025-12-08T23:20:55.960,-0.019,0.032,0.059
2025-12-08T23:20:55.970,-0.012,0.027,0.053
2025-12-08T23:20:55.980,-0.023,0.025,0.054
2025-12-08T23:20:55.990,-0.025,0.012,0.054
2025-12-08T23:20:56.000,-0.029,0.013,0.072
2025-12-08T23:20:56.010,-0.031,0.011,0.068
2025-12-08T23:20:56.020,-0.022,0.005,0.059
2025-12-08T23:20:56.030,-0.023,0.019,0.085
2025-12-08T23:20:56.040,-0.011,0.005,0.082
2025-12-08T23:20:56.050,-0.014,0.009,0.056
2025-12-08T23:20:56.060,-0.023,0.017,0.055
2025-12-08T23:20:56.070,-0.012,-0.002,0.027
2025-12-08T23:20:56.080,-0.014,0.005,-0.01
2025-12-08T23:20:56.090,-0.002,-0.0,0.012
2025-12-08T23:20:56.100,0.011,-0.004,0.037
2025-12-08T23:20:56.110,0.008,0.007,0.055
2025-12-08T23:20:56.120,0.015,0.014,0.068
2025-12-08T23:20:56.130,0.019,0.017,0.041
2025-12-08T23:20:56.140,0.019,0.004,0.007
2025-12-08T23:20:56.150,0.017,0.005,-0.017
2025-12-08T23:20:56.160,0.011,-0.002,0.003
2025-12-08T23:20:56.170,0.005,-0.013,0.031
2025-12-08T23:20:56.180,0.003,-0.011,0.019
2025-12-08T23:20:56.190,0.011,-0.016,0.016
2025-12-08T23:20:56.200,0.02,-0.014,0.009
2025-12-08T23:20:56.210,0.021,-0.008,0.002
2025-12-08T23:20:56.220,0.027,-0.004,0.025
2025-12-08T23:20:56.230,0.039,-0.006,0.039
2025-12-08T23:20:56.240,0.046,-0.007,0.022
2025-12-08T23:20:56.250,0.05,-0.002,0.024
2025-12-08T23:20:56.260,0.049,0.003,0.039
2025-12-08T23:20:56.270,0.05,0.011,0.029
2025-12-08T23:20:56.280,0.055,0.019,0.032
2025-12-08T23:20:56.290,0.071,0.013,0.036
2025-12-08T23:20:56.300,0.077,0.002,0.04
2025-12-08T23:20:56.310,0.066,0.006,0.068
2025-12-08T23:20:56.320,0.08,-0.003,0.057
2025-12-08T23:20:56.330,0.094,-0.011,0.012
2025-12-08T23:20:56.340,0.089,-0.014,-0.026
2025-12-08T23:20:56.350,0.083,-0.03,-0.056
2025-12-08T23:20:56.360,0.073,-0.035,-0.04
2025-12-08T23:20:56.370,0.078,-0.034,-0.006
2025-12-08T23:20:56.380,0.091,-0.034,-0.016
2025-12-08T23:20:56.390,0.094,-0.035,-0.027
2025-12-08T23:20:56.400,0.088,-0.034,-0.028
2025-12-08T23:20:56.410,0.086,-0.029,-0.029
2025-12-08T23:20:56.420,0.077,-0.026,-0.027
2025-12-08T23:20:56.430,0.057,-0.023,-0.037
2025-12-08T23:20:56.440,0.058,-0.034,-0.057
2025-12-08T23:20:56.450,0.052,-0.034,-0.06
2025-12-08T23:20:56.460,0.044,-0.025,-0.045
2025-12-08T23:20:56.470,0.068,-0.032,-0.048
2025-12-08T23:20:56.480,0.083,-0.032,-0.052
2025-12-08T23:20:56.490,0.094,-0.033,-0.051
2025-12-08T23:20:56.500,0.107,-0.037,-0.053
2025-12-08T23:20:56.510,0.106,-0.024,-0.047
2025-12-08T23:20:56.520,0.115,-0.022,-0.044
2025-12-08T23:20:56.530,0.123,-0.023,-0.034
2025-12-08T23:20:56.540,0.124,-0.016,-0.024
2025-12-08T23:20:56.550,0.121,-0.025,-0.015
2025-12-08T23:20:56.560,0.116,-0.021,-0.018
2025-12-08T23:20:56.570,0.116,-0.008,-0.012
2025-12-08T23:20:56.580,0.104,-0.007,0.011
2025-12-08T23:20:56.590,0.098,-0.018,0.016
2025-12-08T23:20:56.600,0.096,-0.027,0.019
2025-12-08T23:20:56.610,0.084,-0.016,-0.014
2025-12-08T23:20:56.620,0.087,-0.027,-0.06
2025-12-08T23:20:56.630,0.087,-0.031,-0.062
2025-12-08T23:20:56.640,0.078,-0.021,-0.061
2025-12-08T23:20:56.650,0.093,-0.031,-0.051
2025-12-08T23:20:56.660,0.109,-0.022,-0.041
2025-12-08T23:20:56.670,0.108,-0.005,-0.043
2025-12-08T23:20:56.680,0.114,-0.012,-0.04
2025-12-08T23:20:56.690,0.13,-0.018,-0.024
2025-12-08T23:20:56.700,0.129,-0.009,-0.002
2025-12-08T23:20:56.710,0.116,-0.006,0.005
2025-12-08T23:20:56.720,0.118,-0.01,-0.007
2025-12-08T23:20:56.730,0.11,-0.011,-0.03
2025-12-08T23:20:56.740,0.088,-0.019,-0.061
2025-12-08T23:20:56.750,0.093,-0.036,-0.081
2025-12-08T23:20:56.760,0.102,-0.043,-0.07
2025-12-08T23:20:56.770,0.09,-0.033,-0.056
2025-12-08T23:20:56.780,0.093,-0.038,-0.044
2025-12-08T23:20:56.790,0.102,-0.037,-0.034
2025-12-08T23:20:56.800,0.093,-0.025,-0.04
2025-12-08T23:20:56.810,0.11,-0.022,-0.048
2025-12-08T23:20:56.820,0.135,-0.011,-0.045
2025-12-08T23:20:56.830,0.135,-0.005,-0.027
2025-12-08T23:20:56.840,0.144,-0.008,-0.018
2025-12-08T23:20:56.850,0.161,-0.007,-0.011
2025-12-08T23:20:56.860,0.164,-0.009,-0.014
2025-12-08T23:20:56.870,0.162,-0.009,-0.019
2025-12-08T23:20:56.880,0.17,-0.011,-0.004
2025-12-08T23:20:56.890,0.173,-0.017,-0.008
2025-12-08T23:20:56.900,0.161,-0.02,-0.005
2025-12-08T23:20:56.910,0.149,-0.021,0.003
2025-12-08T23:20:56.920,0.138,-0.028,-0.012
2025-12-08T23:20:56.930,0.133,-0.025,-0.017
2025-12-08T23:20:56.940,0.132,-0.008,-0.029
2025-12-08T23:20:56.950,0.134,-0.01,-0.055
2025-12-08T23:20:56.960,0.141,-0.013,-0.056
2025-12-08T23:20:56.970,0.142,0.005,-0.033
2025-12-08T23:20:56.980,0.148,0.004,-0.029
2025-12-08T23:20:56.990,0.153,-0.004,-0.026
2025-12-08T23:20:57.000,0.154,0.01,-0.002
2025-12-08T23:20:57.010,0.162,0.01,-0.01
2025-12-08T23:20:57.020,0.164,0.001,-0.026
2025-12-08T23:20:57.030,0.16,0.003,-0.016
2025-12-08T23:20:57.040,0.159,0.005,-0.033
2025-12-08T23:20:57.050,0.152,0.009,-0.054
2025-12-08T23:20:57.060,0.148,0.016,-0.058
2025-12-08T23:20:57.070,0.144,0.02,-0.065
2025-12-08T23:20:57.080,0.134,0.02,-0.062
2025-12-08T23:20:57.090,0.134,0.026,-0.049
2025-12-08T23:20:57.100,0.141,0.022,-0.034
2025-12-08T23:20:57.110,0.147,0.031,-0.033
2025-12-08T23:20:57.120,0.148,0.057,-0.029
2025-12-08T23:20:57.130,0.15,0.062,-0.04
2025-12-08T23:20:57.140,0.154,0.049,-0.053
2025-12-08T23:20:57.150,0.152,0.05,-0.001
2025-12-08T23:20:57.160,0.152,0.059,0.037
2025-12-08T23:20:57.170,0.155,0.057,0.028
2025-12-08T23:20:57.180,0.163,0.069,0.012
2025-12-08T23:20:57.190,0.164,0.07,-0.009
2025-12-08T23:20:57.200,0.154,0.056,-0.043
2025-12-08T23:20:57.210,0.146,0.061,-0.043
2025-12-08T23:20:57.220,0.14,0.061,-0.009
2025-12-08T23:20:57.230,0.144,0.069,-0.017
2025-12-08T23:20:57.240,0.141,0.067,-0.015
2025-12-08T23:20:57.250,0.139,0.055,-0.014
2025-12-08T23:20:57.260,0.143,0.052,-0.039
2025-12-08T23:20:57.270,0.121,0.061,-0.023
2025-12-08T23:20:57.280,0.11,0.073,-0.007
2025-12-08T23:20:57.290,0.124,0.065,-0.004
2025-12-08T23:20:57.300,0.119,0.084,-0.008
2025-12-08T23:20:57.310,0.121,0.103,-0.03
2025-12-08T23:20:57.320,0.132,0.104,-0.055
2025-12-08T23:20:57.330,0.126,0.125,-0.066
2025-12-08T23:20:57.340,0.125,0.126,-0.046
2025-12-08T23:20:57.350,0.123,0.123,-0.012
2025-12-08T23:20:57.360,0.114,0.123,0.015
2025-12-08T23:20:57.370,0.115,0.118,0.016
2025-12-08T23:20:57.380,0.116,0.122,0.004
2025-12-08T23:20:57.390,0.112,0.106,-0.0
2025-12-08T23:20:57.400,0.112,0.098,0.029
2025-12-08T23:20:57.410,0.112,0.101,0.064
2025-12-08T23:20:57.420,0.102,0.091,0.056
2025-12-08T23:20:57.430,0.1,0.093,0.034
2025-12-08T23:20:57.440,0.102,0.09,0.012
2025-12-08T23:20:57.450,0.091,0.085,-0.007
2025-12-08T23:20:57.460,0.084,0.101,0.006
2025-12-08T23:20:57.470,0.073,0.118,0.024
2025-12-08T23:20:57.480,0.068,0.119,0.005
2025-12-08T23:20:57.490,0.065,0.118,0.005
2025-12-08T23:20:57.500,0.059,0.128,0.032
2025-12-08T23:20:57.510,0.06,0.123,0.032
2025-12-08T23:20:57.520,0.058,0.118,0.034
2025-12-08T23:20:57.530,0.059,0.118,0.028
2025-12-08T23:20:57.540,0.053,0.1,0.013
2025-12-08T23:20:57.550,0.036,0.107,0.026
2025-12-08T23:20:57.560,0.029,0.111,0.056
2025-12-08T23:20:57.570,0.025,0.097,0.061
2025-12-08T23:20:57.580,0.007,0.107,0.048
2025-12-08T23:20:57.590,0.003,0.108,0.035
2025-12-08T23:20:57.600,0.004,0.107,-0.011
2025-12-08T23:20:57.610,-0.008,0.113,-0.015
2025-12-08T23:20:57.620,-0.011,0.109,0.009
2025-12-08T23:20:57.630,-0.009,0.109,0.004
2025-12-08T23:20:57.640,-0.019,0.109,0.031
2025-12-08T23:20:57.650,-0.025,0.111,0.037
2025-12-08T23:20:57.660,-0.016,0.106,0.019
2025-12-08T23:20:57.670,-0.02,0.111,0.039
2025-12-08T23:20:57.680,-0.037,0.122,0.066
2025-12-08T23:20:57.690,-0.042,0.107,0.059
2025-12-08T23:20:57.700,-0.057,0.1,0.041
2025-12-08T23:20:57.710,-0.077,0.105,0.027
2025-12-08T23:20:57.720,-0.083,0.093,0.002
2025-12-08T23:20:57.730,-0.098,0.093,0.009
2025-12-08T23:20:57.740,-0.107,0.096,0.025
2025-12-08T23:20:57.750,-0.087,0.088,0.012
2025-12-08T23:20:57.760,-0.082,0.107,0.016
2025-12-08T23:20:57.770,-0.102,0.123,0.033
2025-12-08T23:20:57.780,-0.102,0.109,0.041
2025-12-08T23:20:57.790,-0.109,0.106,0.066
2025-12-08T23:20:57.800,-0.129,0.111,0.091
2025-12-08T23:20:57.810,-0.128,0.1,0.073
2025-12-08T23:20:57.820,-0.136,0.102,0.063
2025-12-08T23:20:57.830,-0.155,0.098,0.058
2025-12-08T23:20:57.840,-0.16,0.08,0.019
2025-12-08T23:20:57.850,-0.166,0.077,0.015
2025-12-08T23:20:57.860,-0.173,0.064,0.016
2025-12-08T23:20:57.870,-0.179,0.058,-0.003
2025-12-08T23:20:57.880,-0.195,0.065,0.005
2025-12-08T23:20:57.890,-0.211,0.065,-0.001
2025-12-08T23:20:57.900,-0.218,0.06,-0.011
2025-12-08T23:20:57.910,-0.225,0.067,0.006
2025-12-08T23:20:57.920,-0.237,0.084,0.018
2025-12-08T23:20:57.930,-0.229,0.081,0.019
2025-12-08T23:20:57.940,-0.223,0.089,0.03
2025-12-08T23:20:57.950,-0.227,0.1,0.027
2025-12-08T23:20:57.960,-0.223,0.091,0.014
2025-12-08T23:20:57.970,-0.226,0.098,0.019
2025-12-08T23:20:57.980,-0.229,0.099,0.008
2025-12-08T23:20:57.990,-0.232,0.092,0.009
2025-12-08T23:20:58.000,-0.244,0.097,0.036
2025-12-08T23:20:58.010,-0.25,0.095,0.027
2025-12-08T23:20:58.020,-0.256,0.091,0.002
2025-12-08T23:20:58.030,-0.269,0.092,-0.007
2025-12-08T23:20:58.040,-0.278,0.091,-0.021
2025-12-08T23:20:58.050,-0.289,0.088,-0.016
2025-12-08T23:20:58.060,-0.295,0.099,0.024
2025-12-08T23:20:58.070,-0.298,0.105,0.045
2025-12-08T23:20:58.080,-0.302,0.102,0.031
2025-12-08T23:20:58.090,-0.294,0.109,0.018
2025-12-08T23:20:58.100,-0.292,0.109,-0.01
2025-12-08T23:20:58.110,-0.301,0.109,-0.045
2025-12-08T23:20:58.120,-0.301,0.121,-0.041
2025-12-08T23:20:58.130,-0.301,0.119,-0.029
2025-12-08T23:20:58.140,-0.306,0.113,-0.032
2025-12-08T23:20:58.150,-0.313,0.114,-0.027
2025-12-08T23:20:58.160,-0.313,0.098,-0.048
2025-12-08T23:20:58.170,-0.316,0.087,-0.078
2025-12-08T23:20:58.180,-0.322,0.097,-0.058
2025-12-08T23:20:58.190,-0.327,0.094,-0.041
2025-12-08T23:20:58.200,-0.336,0.083,-0.05
2025-12-08T23:20:58.210,-0.344,0.077,-0.046
2025-12-08T23:20:58.220,-0.35,0.067,-0.06
2025-12-08T23:20:58.230,-0.353,0.064,-0.071
2025-12-08T23:20:58.240,-0.352,0.068,-0.054
2025-12-08T23:20:58.250,-0.335,0.062,-0.059
2025-12-08T23:20:58.260,-0.322,0.059,-0.067
2025-12-08T23:20:58.270,-0.324,0.061,-0.061
2025-12-08T23:20:58.280,-0.316,0.056,-0.079
2025-12-08T23:20:58.290,-0.314,0.048,-0.084
2025-12-08T23:20:58.300,-0.313,0.048,-0.078
2025-12-08T23:20:58.310,-0.308,0.047,-0.075
2025-12-08T23:20:58.320,-0.309,0.041,-0.046
2025-12-08T23:20:58.330,-0.305,0.037,-0.022
2025-12-08T23:20:58.340,-0.301,0.03,-0.025
2025-12-08T23:20:58.350,-0.304,0.029,-0.037
2025-12-08T23:20:58.360,-0.307,0.029,-0.06
2025-12-08T23:20:58.370,-0.306,0.023,-0.089
2025-12-08T23:20:58.380,-0.303,0.03,-0.106
2025-12-08T23:20:58.390,-0.301,0.037,-0.12
2025-12-08T23:20:58.400,-0.292,0.026,-0.121
2025-12-08T23:20:58.410,-0.282,0.019,-0.101
2025-12-08T23:20:58.420,-0.286,0.024,-0.072
2025-12-08T23:20:58.430,-0.273,0.02,-0.048
2025-12-08T23:20:58.440,-0.254,0.014,-0.042
2025-12-08T23:20:58.450,-0.268,0.027,-0.041
2025-12-08T23:20:58.460,-0.268,0.021,-0.047
2025-12-08T23:20:58.470,-0.261,0.014,-0.071
2025-12-08T23:20:58.480,-0.269,0.021,-0.095
2025-12-08T23:20:58.490,-0.268,0.012,-0.105
2025-12-08T23:20:58.500,-0.264,0.009,-0.099
2025-12-08T23:20:58.510,-0.263,0.011,-0.097
2025-12-08T23:20:58.520,-0.266,0.005,-0.102
2025-12-08T23:20:58.530,-0.255,0.006,-0.107
2025-12-08T23:20:58.540,-0.24,0.003,-0.107
2025-12-08T23:20:58.550,-0.238,-0.001,-0.095
2025-12-08T23:20:58.560,-0.226,-0.0,-0.072
2025-12-08T23:20:58.570,-0.222,0.007,-0.054
2025-12-08T23:20:58.580,-0.213,0.015,-0.057
2025-12-08T23:20:58.590,-0.186,0.02,-0.053
2025-12-08T23:20:58.600,-0.172,0.029,-0.055
2025-12-08T23:20:58.610,-0.163,0.021,-0.064
2025-12-08T23:20:58.620,-0.156,0.016,-0.052
2025-12-08T23:20:58.630,-0.157,0.021,-0.055
2025-12-08T23:20:58.640,-0.158,0.004,-0.06
2025-12-08T23:20:58.650,-0.158,0.007,-0.045
2025-12-08T23:20:58.660,-0.159,0.007,-0.047
2025-12-08T23:20:58.670,-0.158,-0.014,-0.067
2025-12-08T23:20:58.680,-0.159,-0.005,-0.059
2025-12-08T23:20:58.690,-0.155,-0.007,-0.034
2025-12-08T23:20:58.700,-0.147,-0.024,-0.027
2025-12-08T23:20:58.710,-0.144,-0.012,-0.018
2025-12-08T23:20:58.720,-0.137,-0.001,-0.039
2025-12-08T23:20:58.730,-0.123,-0.001,-0.09
2025-12-08T23:20:58.740,-0.11,0.0,-0.111
2025-12-08T23:20:58.750,-0.107,0.003,-0.09
2025-12-08T23:20:58.760,-0.116,0.002,-0.052
2025-12-08T23:20:58.770,-0.12,-0.007,-0.002
2025-12-08T23:20:58.780,-0.12,-0.007,0.028
2025-12-08T23:20:58.790,-0.127,-0.005,0.014
2025-12-08T23:20:58.800,-0.126,0.0,-0.019
2025-12-08T23:20:58.810,-0.113,0.008,-0.072
2025-12-08T23:20:58.820,-0.107,0.004,-0.111
2025-12-08T23:20:58.830,-0.102,0.001,-0.096
2025-12-08T23:20:58.840,-0.087,-0.005,-0.054
2025-12-08T23:20:58.850,-0.086,-0.008,-0.019
2025-12-08T23:20:58.860,-0.091,-0.007,-0.006
2025-12-08T23:20:58.870,-0.089,-0.002,-0.017
2025-12-08T23:20:58.880,-0.087,0.005,-0.043
2025-12-08T23:20:58.890,-0.076,0.006,-0.047
2025-12-08T23:20:58.900,-0.063,0.019,-0.023
2025-12-08T23:20:58.910,-0.057,0.022,0.006
2025-12-08T23:20:58.920,-0.055,0.023,0.019
2025-12-08T23:20:58.930,-0.04,0.024,0.011
2025-12-08T23:20:58.940,-0.019,0.016,-0.002
2025-12-08T23:20:58.950,-0.023,0.024,-0.018
2025-12-08T23:20:58.960,-0.02,0.022,-0.028
2025-12-08T23:20:58.970,-0.009,0.017,-0.043
2025-12-08T23:20:58.980,-0.014,0.016,-0.047
2025-12-08T23:20:58.990,-0.012,0.008,-0.009
2025-12-08T23:20:59.000,-0.003,0.013,0.034
2025-12-08T23:20:59.010,-0.001,0.026,0.057
2025-12-08T23:20:59.020,0.002,0.04,0.053
2025-12-08T23:20:59.030,0.01,0.041,0.022
2025-12-08T23:20:59.040,0.008,0.041,-0.006
2025-12-08T23:20:59.050,0.009,0.048,-0.016
2025-12-08T23:20:59.060,0.019,0.047,-0.013
2025-12-08T23:20:59.070,0.02,0.051,-0.018
2025-12-08T23:20:59.080,0.018,0.034,-0.025
2025-12-08T23:20:59.090,0.027,0.019,-0.03
2025-12-08T23:20:59.100,0.041,0.023,-0.03
2025-12-08T23:20:59.110,0.046,0.016,-0.022
2025-12-08T23:20:59.120,0.059,0.016,-0.023
2025-12-08T23:20:59.130,0.066,0.017,-0.008
2025-12-08T23:20:59.140,0.065,0.021,0.013
2025-12-08T23:20:59.150,0.075,0.032,0.014
2025-12-08T23:20:59.160,0.069,0.045,-0.009
2025-12-08T23:20:59.170,0.068,0.039,-0.041
2025-12-08T23:20:59.180,0.078,0.016,-0.038
2025-12-08T23:20:59.190,0.079,0.021,-0.027
2025-12-08T23:20:59.200,0.087,0.007,-0.016
2025-12-08T23:20:59.210,0.097,0.004,-0.009
2025-12-08T23:20:59.220,0.109,0.022,-0.012
2025-12-08T23:20:59.230,0.11,0.014,-0.009
2025-12-08T23:20:59.240,0.112,0.022,-0.018
2025-12-08T23:20:59.250,0.127,0.027,-0.025
2025-12-08T23:20:59.260,0.127,0.032,-0.026
2025-12-08T23:20:59.270,0.119,0.033,-0.014
2025-12-08T23:20:59.280,0.119,0.011,0.016
2025-12-08T23:20:59.290,0.112,0.007,0.029
2025-12-08T23:20:59.300,0.118,0.004,0.021
2025-12-08T23:20:59.310,0.134,0.004,-0.01
2025-12-08T23:20:59.320,0.13,0.012,-0.035
2025-12-08T23:20:59.330,0.126,0.006,-0.04
2025-12-08T23:20:59.340,0.127,0.004,-0.039
2025-12-08T23:20:59.350,0.122,-0.001,-0.035
2025-12-08T23:20:59.360,0.123,-0.01,-0.034
2025-12-08T23:20:59.370,0.117,0.005,-0.033
2025-12-08T23:20:59.380,0.104,0.017,-0.033
2025-12-08T23:20:59.390,0.103,0.018,-0.033
2025-12-08T23:20:59.400,0.116,0.029,-0.031
2025-12-08T23:20:59.410,0.124,0.032,-0.018
2025-12-08T23:20:59.420,0.12,0.031,-0.009
2025-12-08T23:20:59.430,0.121,0.025,-0.005
2025-12-08T23:20:59.440,0.126,0.011,-0.01
2025-12-08T23:20:59.450,0.132,0.0,-0.03
2025-12-08T23:20:59.460,0.137,-0.01,-0.036
2025-12-08T23:20:59.470,0.134,-0.009,-0.045
2025-12-08T23:20:59.480,0.131,-0.007,-0.058
2025-12-08T23:20:59.490,0.13,-0.002,-0.057
2025-12-08T23:20:59.500,0.137,-0.001,-0.04
2025-12-08T23:20:59.510,0.137,-0.002,-0.024
2025-12-08T23:20:59.520,0.13,0.007,-0.003
2025-12-08T23:20:59.530,0.138,0.009,0.009
2025-12-08T23:20:59.540,0.142,0.018,-0.02
2025-12-08T23:20:59.550,0.146,0.026,-0.02
2025-12-08T23:20:59.560,0.163,0.025,-0.003
2025-12-08T23:20:59.570,0.169,0.016,-0.011
2025-12-08T23:20:59.580,0.166,0.01,0.0
2025-12-08T23:20:59.590,0.165,0.018,0.016
2025-12-08T23:20:59.600,0.157,0.01,0.018
2025-12-08T23:20:59.610,0.15,0.01,0.034
2025-12-08T23:20:59.620,0.15,0.016,0.049
2025-12-08T23:20:59.630,0.147,0.014,0.029
2025-12-08T23:20:59.640,0.148,0.023,-0.006
2025-12-08T23:20:59.650,0.161,0.025,-0.043
2025-12-08T23:20:59.660,0.165,0.03,-0.076
2025-12-08T23:20:59.670,0.158,0.029,-0.055
2025-12-08T23:20:59.680,0.163,0.018,-0.011
2025-12-08T23:20:59.690,0.167,0.009,0.029
2025-12-08T23:20:59.700,0.159,0.002,0.055
2025-12-08T23:20:59.710,0.16,0.007,0.029
2025-12-08T23:20:59.720,0.159,0.008,-0.002
2025-12-08T23:20:59.730,0.159,0.011,-0.028
2025-12-08T23:20:59.740,0.163,0.005,-0.046
2025-12-08T23:20:59.750,0.159,0.008,-0.03
2025-12-08T23:20:59.760,0.148,0.021,-0.013
2025-12-08T23:20:59.770,0.14,0.018,-0.01
2025-12-08T23:20:59.780,0.144,0.023,-0.017
2025-12-08T23:20:59.790,0.15,0.019,-0.01
2025-12-08T23:20:59.800,0.152,0.017,0.002
2025-12-08T23:20:59.810,0.152,0.021,0.009
2025-12-08T23:20:59.820,0.153,0.01,0.021
2025-12-08T23:20:59.830,0.158,0.011,0.016
2025-12-08T23:20:59.840,0.164,0.003,0.02
2025-12-08T23:20:59.850,0.161,-0.004,0.015
2025-12-08T23:20:59.860,0.159,0.0,0.01
2025-12-08T23:20:59.870,0.165,0.006,0.014
2025-12-08T23:20:59.880,0.16,0.012,0.008
2025-12-08T23:20:59.890,0.147,0.011,0.025
2025-12-08T23:20:59.900,0.135,0.009,0.048
2025-12-08T23:20:59.910,0.126,0.001,0.049
2025-12-08T23:20:59.920,0.121,-0.006,0.026
2025-12-08T23:20:59.930,0.121,-0.002,-0.004
2025-12-08T23:20:59.940,0.118,-0.004,-0.016
2025-12-08T23:20:59.950,0.116,-0.014,-0.004
2025-12-08T23:20:59.960,0.117,-0.01,0.023
2025-12-08T23:20:59.970,0.117,-0.015,0.042
2025-12-08T23:20:59.980,0.117,-0.026,0.022
2025-12-08T23:20:59.990,0.114,-0.016,-0.014
2025-12-08T23:21:00.000,0.112,-0.011,-0.031
2025-12-08T23:21:00.010,0.112,-0.011,-0.039
2025-12-08T23:21:00.020,0.113,-0.018,-0.016
2025-12-08T23:21:00.030,0.106,-0.02,0.012
2025-12-08T23:21:00.040,0.093,-0.021,0.016
2025-12-08T23:21:00.050,0.091,-0.029,0.007
2025-12-08T23:21:00.060,0.09,-0.031,-0.019
2025-12-08T23:21:00.070,0.086,-0.044,-0.029
2025-12-08T23:21:00.080,0.084,-0.044,-0.02
2025-12-08T23:21:00.090,0.091,-0.039,-0.005
2025-12-08T23:21:00.100,0.101,-0.053,-0.008
2025-12-08T23:21:00.110,0.102,-0.05,-0.003
2025-12-08T23:21:00.120,0.113,-0.043,0.018
2025-12-08T23:21:00.130,0.113,-0.043,0.02
2025-12-08T23:21:00.140,0.103,-0.038,0.041
2025-12-08T23:21:00.150,0.111,-0.04,0.043
2025-12-08T23:21:00.160,0.103,-0.036,0.032
2025-12-08T23:21:00.170,0.088,-0.027,0.027
2025-12-08T23:21:00.180,0.092,-0.048,0.002
2025-12-08T23:21:00.190,0.086,-0.061,-0.012
2025-12-08T23:21:00.200,0.078,-0.065,0.0
2025-12-08T23:21:00.210,0.082,-0.073,0.027
2025-12-08T23:21:00.220,0.077,-0.075,0.027
2025-12-08T23:21:00.230,0.07,-0.082,0.017
2025-12-08T23:21:00.240,0.077,-0.08,-0.002
2025-12-08T23:21:00.250,0.084,-0.079,-0.019
2025-12-08T23:21:00.260,0.071,-0.051,0.003
2025-12-08T23:21:00.270,0.069,-0.029,0.021
2025-12-08T23:21:00.280,0.077,-0.043,0.021
2025-12-08T23:21:00.290,0.055,-0.043,0.013
2025-12-08T23:21:00.300,0.039,-0.054,0.011
2025-12-08T23:21:00.310,0.039,-0.066,0.009
2025-12-08T23:21:00.320,0.026,-0.072,0.021
2025-12-08T23:21:00.330,0.016,-0.084,0.034
2025-12-08T23:21:00.340,0.014,-0.093,0.015
2025-12-08T23:21:00.350,0.002,-0.099,-0.01
2025-12-08T23:21:00.360,-0.002,-0.103,-0.042
2025-12-08T23:21:00.370,0.003,-0.103,-0.05
2025-12-08T23:21:00.380,-0.007,-0.102,-0.023
2025-12-08T23:21:00.390,-0.012,-0.12,0.006
2025-12-08T23:21:00.400,-0.016,-0.121,0.037
2025-12-08T23:21:00.410,-0.03,-0.111,0.045
2025-12-08T23:21:00.420,-0.033,-0.111,0.015
2025-12-08T23:21:00.430,-0.023,-0.11,-0.018
2025-12-08T23:21:00.440,-0.028,-0.103,-0.022
2025-12-08T23:21:00.450,-0.033,-0.092,-0.008
2025-12-08T23:21:00.460,-0.02,-0.095,0.017
2025-12-08T23:21:00.470,-0.021,-0.089,0.026
2025-12-08T23:21:00.480,-0.028,-0.092,0.016
2025-12-08T23:21:00.490,-0.034,-0.105,0.019
2025-12-08T23:21:00.500,-0.043,-0.115,0.004
2025-12-08T23:21:00.510,-0.049,-0.139,-0.022
2025-12-08T23:21:00.520,-0.057,-0.138,-0.03
2025-12-08T23:21:00.530,-0.064,-0.133,-0.032
2025-12-08T23:21:00.540,-0.077,-0.136,-0.03
2025-12-08T23:21:00.550,-0.08,-0.129,-0.0
2025-12-08T23:21:00.560,-0.071,-0.136,0.029
2025-12-08T23:21:00.570,-0.069,-0.141,0.009
2025-12-08T23:21:00.580,-0.064,-0.14,-0.001
2025-12-08T23:21:00.590,-0.06,-0.134,-0.008
2025-12-08T23:21:00.600,-0.065,-0.136,-0.033
2025-12-08T23:21:00.610,-0.083,-0.129,-0.035
2025-12-08T23:21:00.620,-0.095,-0.12,-0.041
2025-12-08T23:21:00.630,-0.098,-0.135,-0.048
2025-12-08T23:21:00.640,-0.107,-0.132,-0.022
2025-12-08T23:21:00.650,-0.111,-0.132,0.011
2025-12-08T23:21:00.660,-0.116,-0.14,0.018
2025-12-08T23:21:00.670,-0.119,-0.139,-0.003
2025-12-08T23:21:00.680,-0.109,-0.148,-0.029
2025-12-08T23:21:00.690,-0.104,-0.147,-0.058
2025-12-08T23:21:00.700,-0.104,-0.15,-0.081
2025-12-08T23:21:00.710,-0.096,-0.153,-0.071
2025-12-08T23:21:00.720,-0.092,-0.145,-0.033
2025-12-08T23:21:00.730,-0.098,-0.15,0.014
2025-12-08T23:21:00.740,-0.099,-0.15,0.04
2025-12-08T23:21:00.750,-0.106,-0.144,0.033
2025-12-08T23:21:00.760,-0.114,-0.144,0.008
2025-12-08T23:21:00.770,-0.116,-0.147,-0.028
2025-12-08T23:21:00.780,-0.122,-0.148,-0.038
2025-12-08T23:21:00.790,-0.129,-0.15,-0.029
2025-12-08T23:21:00.800,-0.126,-0.154,-0.03
2025-12-08T23:21:00.810,-0.132,-0.156,-0.009
2025-12-08T23:21:00.820,-0.154,-0.162,0.005
2025-12-08T23:21:00.830,-0.164,-0.157,-0.001
2025-12-08T23:21:00.840,-0.165,-0.157,-0.008
2025-12-08T23:21:00.850,-0.171,-0.152,-0.037
2025-12-08T23:21:00.860,-0.166,-0.14,-0.067
2025-12-08T23:21:00.870,-0.149,-0.142,-0.077
2025-12-08T23:21:00.880,-0.147,-0.126,-0.067
2025-12-08T23:21:00.890,-0.152,-0.125,-0.043
2025-12-08T23:21:00.900,-0.148,-0.122,-0.013
2025-12-08T23:21:00.910,-0.154,-0.114,-0.004
2025-12-08T23:21:00.920,-0.154,-0.128,-0.006
2025-12-08T23:21:00.930,-0.155,-0.117,0.006
2025-12-08T23:21:00.940,-0.157,-0.114,-0.018
2025-12-08T23:21:00.950,-0.159,-0.111,-0.052
2025-12-08T23:21:00.960,-0.165,-0.105,-0.062
2025-12-08T23:21:00.970,-0.168,-0.114,-0.09
2025-12-08T23:21:00.980,-0.176,-0.111,-0.085
2025-12-08T23:21:00.990,-0.173,-0.115,-0.048
2025-12-08T23:21:01.000,-0.166,-0.112,-0.036
2025-12-08T23:21:01.010,-0.169,-0.115,-0.012
2025-12-08T23:21:01.020,-0.167,-0.123,0.012
2025-12-08T23:21:01.030,-0.173,-0.116,-0.013
2025-12-08T23:21:01.040,-0.177,-0.102,-0.04
2025-12-08T23:21:01.050,-0.169,-0.084,-0.06
2025-12-08T23:21:01.060,-0.152,-0.091,-0.087
2025-12-08T23:21:01.070,-0.152,-0.091,-0.064
2025-12-08T23:21:01.080,-0.155,-0.076,-0.007
2025-12-08T23:21:01.090,-0.143,-0.077,0.011
2025-12-08T23:21:01.100,-0.15,-0.082,-0.003
2025-12-08T23:21:01.110,-0.151,-0.081,-0.039
2025-12-08T23:21:01.120,-0.141,-0.086,-0.081
2025-12-08T23:21:01.130,-0.15,-0.095,-0.089
2025-12-08T23:21:01.140,-0.161,-0.089,-0.055
2025-12-08T23:21:01.150,-0.156,-0.091,-0.024
2025-12-08T23:21:01.160,-0.153,-0.095,-0.019
2025-12-08T23:21:01.170,-0.155,-0.098,-0.012
2025-12-08T23:21:01.180,-0.144,-0.1,-0.023
2025-12-08T23:21:01.190,-0.139,-0.096,-0.041
2025-12-08T23:21:01.200,-0.125,-0.1,-0.035
2025-12-08T23:21:01.210,-0.114,-0.088,-0.029
2025-12-08T23:21:01.220,-0.128,-0.086,-0.029
2025-12-08T23:21:01.230,-0.136,-0.081,-0.029
2025-12-08T23:21:01.240,-0.132,-0.071,-0.054
2025-12-08T23:21:01.250,-0.13,-0.069,-0.074
2025-12-08T23:21:01.260,-0.136,-0.057,-0.062
2025-12-08T23:21:01.270,-0.127,-0.068,-0.057
2025-12-08T23:21:01.280,-0.122,-0.072,-0.054
2025-12-08T23:21:01.290,-0.118,-0.071,-0.032
2025-12-08T23:21:01.300,-0.096,-0.075,-0.03
2025-12-08T23:21:01.310,-0.083,-0.069,-0.034
2025-12-08T23:21:01.320,-0.084,-0.068,-0.015
2025-12-08T23:21:01.330,-0.081,-0.065,-0.017
2025-12-08T23:21:01.340,-0.077,-0.066,-0.027
2025-12-08T23:21:01.350,-0.081,-0.057,-0.023
2025-12-08T23:21:01.360,-0.068,-0.07,-0.023
2025-12-08T23:21:01.370,-0.063,-0.072,-0.018
2025-12-08T23:21:01.380,-0.075,-0.049,-0.014
2025-12-08T23:21:01.390,-0.059,-0.061,-0.025
2025-12-08T23:21:01.400,-0.053,-0.056,-0.042
2025-12-08T23:21:01.410,-0.064,-0.048,-0.045
2025-12-08T23:21:01.420,-0.062,-0.065,-0.043
2025-12-08T23:21:01.430,-0.056,-0.064,-0.032
2025-12-08T23:21:01.440,-0.055,-0.068,-0.018
2025-12-08T23:21:01.450,-0.05,-0.071,-0.02
2025-12-08T23:21:01.460,-0.034,-0.067,-0.037
2025-12-08T23:21:01.470,-0.02,-0.068,-0.067
2025-12-08T23:21:01.480,-0.019,-0.065,-0.089
2025-12-08T23:21:01.490,-0.016,-0.063,-0.078
2025-12-08T23:21:01.500,-0.023,-0.071,-0.044
2025-12-08T23:21:01.510,-0.041,-0.07,-0.004
2025-12-08T23:21:01.520,-0.048,-0.066,0.029
2025-12-08T23:21:01.530,-0.051,-0.054,0.03
2025-12-08T23:21:01.540,-0.046,-0.04,-0.0
2025-12-08T23:21:01.550,-0.023,-0.037,-0.041
2025-12-08T23:21:01.560,-0.005,-0.028,-0.087
2025-12-08T23:21:01.570,-0.001,-0.028,-0.103
2025-12-08T23:21:01.580,0.004,-0.042,-0.086
2025-12-08T23:21:01.590,0.016,-0.043,-0.046
2025-12-08T23:21:01.600,0.012,-0.032,0.005
2025-12-08T23:21:01.610,0.017,-0.028,0.026
2025-12-08T23:21:01.620,0.031,-0.016,0.009
2025-12-08T23:21:01.630,0.021,-0.001,-0.02
2025-12-08T23:21:01.640,0.026,-0.004,-0.041
2025-12-08T23:21:01.650,0.033,-0.009,-0.048
2025-12-08T23:21:01.660,0.022,-0.017,-0.034
2025-12-08T23:21:01.670,0.02,-0.028,-0.023
2025-12-08T23:21:01.680,0.018,-0.022,-0.027
2025-12-08T23:21:01.690,0.016,-0.026,-0.027
2025-12-08T23:21:01.700,0.027,-0.032,-0.048
2025-12-08T23:21:01.710,0.045,-0.017,-0.059
2025-12-08T23:21:01.720,0.064,-0.012,-0.053
2025-12-08T23:21:01.730,0.081,-0.009,-0.051
2025-12-08T23:21:01.740,0.086,0.005,-0.034
2025-12-08T23:21:01.750,0.09,0.007,-0.029
2025-12-08T23:21:01.760,0.089,0.009,-0.023
2025-12-08T23:21:01.770,0.084,0.007,-0.011
2025-12-08T23:21:01.780,0.082,-0.001,-0.018
2025-12-08T23:21:01.790,0.08,0.003,-0.043
2025-12-08T23:21:01.800,0.091,-0.001,-0.077
2025-12-08T23:21:01.810,0.095,0.002,-0.105
2025-12-08T23:21:01.820,0.096,0.005,-0.118
2025-12-08T23:21:01.830,0.106,-0.0,-0.115
2025-12-08T23:21:01.840,0.107,0.004,-0.122
2025-12-08T23:21:01.850,0.104,-0.008,-0.125
2025-12-08T23:21:01.860,0.103,-0.018,-0.102
2025-12-08T23:21:01.870,0.112,-0.014,-0.069
2025-12-08T23:21:01.880,0.114,-0.003,-0.03
2025-12-08T23:21:01.890,0.124,0.015,-0.009
2025-12-08T23:21:01.900,0.142,0.015,-0.026
2025-12-08T23:21:01.910,0.137,0.022,-0.064
2025-12-08T23:21:01.920,0.137,0.032,-0.086
2025-12-08T23:21:01.930,0.141,0.035,-0.096
2025-12-08T23:21:01.940,0.139,0.039,-0.102
2025-12-08T23:21:01.950,0.138,0.035,-0.079
2025-12-08T23:21:01.960,0.139,0.036,-0.062
2025-12-08T23:21:01.970,0.14,0.027,-0.075
2025-12-08T23:21:01.980,0.137,0.02,-0.094
2025-12-08T23:21:01.990,0.14,0.018,-0.103
2025-12-08T23:21:02.000,0.149,0.007,-0.091
2025-12-08T23:21:02.010,0.147,0.023,-0.063
2025-12-08T23:21:02.020,0.155,0.042,-0.048
2025-12-08T23:21:02.030,0.169,0.044,-0.075
2025-12-08T23:21:02.040,0.167,0.056,-0.106
2025-12-08T23:21:02.050,0.164,0.064,-0.107
2025-12-08T23:21:02.060,0.161,0.067,-0.099
2025-12-08T23:21:02.070,0.152,0.067,-0.085
2025-12-08T23:21:02.080,0.151,0.068,-0.077
2025-12-08T23:21:02.090,0.148,0.068,-0.091
2025-12-08T23:21:02.100,0.14,0.057,-0.123
2025-12-08T23:21:02.110,0.141,0.059,-0.132
2025-12-08T23:21:02.120,0.142,0.059,-0.109
2025-12-08T23:21:02.130,0.143,0.043,-0.089
2025-12-08T23:21:02.140,0.144,0.048,-0.051
2025-12-08T23:21:02.150,0.15,0.052,-0.048
2025-12-08T23:21:02.160,0.15,0.056,-0.09
2025-12-08T23:21:02.170,0.149,0.071,-0.099
2025-12-08T23:21:02.180,0.159,0.077,-0.103
2025-12-08T23:21:02.190,0.153,0.087,-0.098
2025-12-08T23:21:02.200,0.151,0.094,-0.059
2025-12-08T23:21:02.210,0.15,0.088,-0.036
2025-12-08T23:21:02.220,0.138,0.073,-0.029
2025-12-08T23:21:02.230,0.134,0.069,-0.024
2025-12-08T23:21:02.240,0.128,0.068,-0.042
2025-12-08T23:21:02.250,0.127,0.055,-0.082
2025-12-08T23:21:02.260,0.116,0.064,-0.091
2025-12-08T23:21:02.270,0.106,0.061,-0.079
2025-12-08T23:21:02.280,0.102,0.052,-0.087
2025-12-08T23:21:02.290,0.084,0.064,-0.063
2025-12-08T23:21:02.300,0.093,0.064,-0.046
2025-12-08T23:21:02.310,0.103,0.07,-0.062
2025-12-08T23:21:02.320,0.094,0.079,-0.05
2025-12-08T23:21:02.330,0.102,0.082,-0.043
2025-12-08T23:21:02.340,0.109,0.079,-0.046
2025-12-08T23:21:02.350,0.109,0.082,-0.051
2025-12-08T23:21:02.360,0.112,0.089,-0.063
2025-12-08T23:21:02.370,0.112,0.082,-0.082
2025-12-08T23:21:02.380,0.103,0.084,-0.089
2025-12-08T23:21:02.390,0.105,0.077,-0.056
2025-12-08T23:21:02.400,0.101,0.075,-0.046
2025-12-08T23:21:02.410,0.077,0.077,-0.043
2025-12-08T23:21:02.420,0.069,0.073,-0.046
2025-12-08T23:21:02.430,0.064,0.078,-0.075
2025-12-08T23:21:02.440,0.054,0.08,-0.082
2025-12-08T23:21:02.450,0.061,0.094,-0.07
2025-12-08T23:21:02.460,0.067,0.098,-0.046
2025-12-08T23:21:02.470,0.061,0.088,-0.023
2025-12-08T23:21:02.480,0.055,0.094,0.001
2025-12-08T23:21:02.490,0.062,0.088,0.0
2025-12-08T23:21:02.500,0.069,0.09,-0.033
2025-12-08T23:21:02.510,0.064,0.103,-0.027
2025-12-08T23:21:02.520,0.069,0.107,-0.032
2025-12-08T23:21:02.530,0.069,0.114,-0.057
2025-12-08T23:21:02.540,0.06,0.127,-0.045
2025-12-08T23:21:02.550,0.063,0.127,-0.036
2025-12-08T23:21:02.560,0.064,0.124,-0.036
2025-12-08T23:21:02.570,0.052,0.13,0.002
2025-12-08T23:21:02.580,0.036,0.125,0.038
2025-12-08T23:21:02.590,0.027,0.112,0.02
2025-12-08T23:21:02.600,0.017,0.103,0.007
2025-12-08T23:21:02.610,0.012,0.106,-0.0
2025-12-08T23:21:02.620,0.015,0.12,-0.04
2025-12-08T23:21:02.630,0.004,0.123,-0.051
2025-12-08T23:21:02.640,0.004,0.123,-0.032
2025-12-08T23:21:02.650,0.009,0.12,-0.016
2025-12-08T23:21:02.660,-0.014,0.127,0.013
2025-12-08T23:21:02.670,-0.015,0.13,0.014
2025-12-08T23:21:02.680,-0.004,0.125,-0.031
2025-12-08T23:21:02.690,-0.012,0.125,-0.049
2025-12-08T23:21:02.700,-0.016,0.115,-0.023
2025-12-08T23:21:02.710,-0.025,0.118,0.002
2025-12-08T23:21:02.720,-0.034,0.114,0.023
2025-12-08T23:21:02.730,-0.034,0.114,0.009
2025-12-08T23:21:02.740,-0.025,0.12,-0.047
2025-12-08T23:21:02.750,-0.016,0.108,-0.07
2025-12-08T23:21:02.760,-0.025,0.109,-0.039
2025-12-08T23:21:02.770,-0.029,0.113,0.005
2025-12-08T23:21:02.780,-0.03,0.114,0.029
2025-12-08T23:21:02.790,-0.029,0.115,0.03
2025-12-08T23:21:02.800,-0.02,0.119,0.03
2025-12-08T23:21:02.810,-0.029,0.126,0.025
2025-12-08T23:21:02.820,-0.03,0.119,0.024
2025-12-08T23:21:02.830,-0.016,0.117,0.036
2025-12-08T23:21:02.840,-0.016,0.121,0.036
2025-12-08T23:21:02.850,-0.017,0.119,0.031
2025-12-08T23:21:02.860,-0.013,0.111,0.043
2025-12-08T23:21:02.870,-0.012,0.111,0.05
2025-12-08T23:21:02.880,-0.025,0.11,0.05
2025-12-08T23:21:02.890,-0.03,0.105,0.049
2025-12-08T23:21:02.900,-0.026,0.097,0.03
2025-12-08T23:21:02.910,-0.043,0.082,0.012
2025-12-08T23:21:02.920,-0.046,0.077,0.016
2025-12-08T23:21:02.930,-0.04,0.066,0.033
2025-12-08T23:21:02.940,-0.048,0.062,0.041
2025-12-08T23:21:02.950,-0.044,0.061,0.043
2025-12-08T23:21:02.960,-0.041,0.061,0.044
2025-12-08T23:21:02.970,-0.047,0.078,0.036
2025-12-08T23:21:02.980,-0.047,0.077,0.021
2025-12-08T23:21:02.990,-0.042,0.087,0.003
2025-12-08T23:21:03.000,-0.045,0.096,-0.004
2025-12-08T23:21:03.010,-0.051,0.082,-0.002
2025-12-08T23:21:03.020,-0.05,0.069,0.006
2025-12-08T23:21:03.030,-0.059,0.055,0.023
2025-12-08T23:21:03.040,-0.073,0.05,0.036
2025-12-08T23:21:03.050,-0.069,0.037,0.041
2025-12-08T23:21:03.060,-0.061,0.022,0.036
2025-12-08T23:21:03.070,-0.066,0.028,0.027
2025-12-08T23:21:03.080,-0.07,0.034,0.02
2025-12-08T23:21:03.090,-0.071,0.037,0.007
2025-12-08T23:21:03.100,-0.077,0.029,0.0
2025-12-08T23:21:03.110,-0.075,0.009,0.021
2025-12-08T23:21:03.120,-0.074,-0.0,0.032
2025-12-08T23:21:03.130,-0.08,0.004,0.017
2025-12-08T23:21:03.140,-0.076,0.006,0.016
2025-12-08T23:21:03.150,-0.069,0.003,0.015
2025-12-08T23:21:03.160,-0.059,0.008,0.014
2025-12-08T23:21:03.170,-0.043,0.01,0.046
2025-12-08T23:21:03.180,-0.045,0.001,0.054
2025-12-08T23:21:03.190,-0.049,-0.004,0.037
2025-12-08T23:21:03.200,-0.049,-0.007,0.045
2025-12-08T23:21:03.210,-0.054,-0.016,0.041
2025-12-08T23:21:03.220,-0.055,-0.026,0.027
2025-12-08T23:21:03.230,-0.067,-0.025,0.037
2025-12-08T23:21:03.240,-0.07,-0.027,0.032
2025-12-08T23:21:03.250,-0.067,-0.042,0.014
2025-12-08T23:21:03.260,-0.071,-0.039,0.018
2025-12-08T23:21:03.270,-0.065,-0.044,0.018
2025-12-08T23:21:03.280,-0.071,-0.053,0.009
2025-12-08T23:21:03.290,-0.069,-0.062,0.011
2025-12-08T23:21:03.300,-0.055,-0.086,0.013
2025-12-08T23:21:03.310,-0.066,-0.075,0.008
2025-12-08T23:21:03.320,-0.073,-0.075,0.011
2025-12-08T23:21:03.330,-0.068,-0.082,0.026
2025-12-08T23:21:03.340,-0.071,-0.073,0.053
2025-12-08T23:21:03.350,-0.073,-0.087,0.065
2025-12-08T23:21:03.360,-0.066,-0.088,0.044
2025-12-08T23:21:03.370,-0.067,-0.096,0.036
2025-12-08T23:21:03.380,-0.08,-0.096,0.03
2025-12-08T23:21:03.390,-0.077,-0.087,0.019
2025-12-08T23:21:03.400,-0.069,-0.106,0.014
2025-12-08T23:21:03.410,-0.069,-0.102,-0.008
2025-12-08T23:21:03.420,-0.059,-0.1,-0.009
2025-12-08T23:21:03.430,-0.063,-0.094,-0.005
2025-12-08T23:21:03.440,-0.061,-0.094,-0.004
2025-12-08T23:21:03.450,-0.049,-0.113,0.021
2025-12-08T23:21:03.460,-0.058,-0.111,0.03
2025-12-08T23:21:03.470,-0.059,-0.13,0.036
2025-12-08T23:21:03.480,-0.06,-0.133,0.034
2025-12-08T23:21:03.490,-0.064,-0.126,0.023
2025-12-08T23:21:03.500,-0.064,-0.141,0.011
2025-12-08T23:21:03.510,-0.072,-0.13,0.003
2025-12-08T23:21:03.520,-0.069,-0.132,-0.007
2025-12-08T23:21:03.530,-0.071,-0.137,-0.045
2025-12-08T23:21:03.540,-0.066,-0.136,-0.054
2025-12-08T23:21:03.550,-0.051,-0.154,-0.028
2025-12-08T23:21:03.560,-0.056,-0.152,0.002
2025-12-08T23:21:03.570,-0.052,-0.157,0.045
2025-12-08T23:21:03.580,-0.037,-0.173,0.044
2025-12-08T23:21:03.590,-0.039,-0.168,0.002
2025-12-08T23:21:03.600,-0.05,-0.167,-0.016
2025-12-08T23:21:03.610,-0.048,-0.168,-0.033
2025-12-08T23:21:03.620,-0.048,-0.171,-0.049
2025-12-08T23:21:03.630,-0.052,-0.17,-0.052
2025-12-08T23:21:03.640,-0.043,-0.161,-0.064
2025-12-08T23:21:03.650,-0.035,-0.169,-0.068
2025-12-08T23:21:03.660,-0.041,-0.17,-0.059
2025-12-08T23:21:03.670,-0.039,-0.173,-0.054
2025-12-08T23:21:03.680,-0.033,-0.177,-0.066
2025-12-08T23:21:03.690,-0.038,-0.166,-0.072
2025-12-08T23:21:03.700,-0.033,-0.165,-0.062
2025-12-08T23:21:03.710,-0.035,-0.156,-0.059
2025-12-08T23:21:03.720,-0.037,-0.159,-0.05
2025-12-08T23:21:03.730,-0.014,-0.178,-0.054
2025-12-08T23:21:03.740,-0.007,-0.169,-0.05
2025-12-08T23:21:03.750,-0.015,-0.164,-0.039
2025-12-08T23:21:03.760,-0.011,-0.17,-0.06
2025-12-08T23:21:03.770,-0.003,-0.167,-0.061
2025-12-08T23:21:03.780,-0.008,-0.162,-0.048
2025-12-08T23:21:03.790,-0.013,-0.156,-0.045
2025-12-08T23:21:03.800,-0.002,-0.148,-0.048
2025-12-08T23:21:03.810,-0.01,-0.136,-0.067
2025-12-08T23:21:03.820,-0.023,-0.132,-0.082
2025-12-08T23:21:03.830,-0.023,-0.137,-0.088
2025-12-08T23:21:03.840,-0.022,-0.143,-0.086
2025-12-08T23:21:03.850,-0.014,-0.152,-0.069
2025-12-08T23:21:03.860,-0.001,-0.153,-0.064
2025-12-08T23:21:03.870,0.015,-0.161,-0.084
2025-12-08T23:21:03.880,0.021,-0.163,-0.092
2025-12-08T23:21:03.890,0.018,-0.148,-0.096
2025-12-08T23:21:03.900,0.019,-0.152,-0.081
2025-12-08T23:21:03.910,0.011,-0.146,-0.048
2025-12-08T23:21:03.920,0.008,-0.136,-0.034
2025-12-08T23:21:03.930,0.012,-0.137,-0.046
2025-12-08T23:21:03.940,0.0,-0.119,-0.08
2025-12-08T23:21:03.950,0.01,-0.112,-0.121
2025-12-08T23:21:03.960,0.025,-0.111,-0.137
2025-12-08T23:21:03.970,0.021,-0.105,-0.109
2025-12-08T23:21:03.980,0.033,-0.123,-0.063
2025-12-08T23:21:03.990,0.031,-0.131,-0.027
2025-12-08T23:21:04.000,0.03,-0.137,-0.03
2025-12-08T23:21:04.010,0.046,-0.152,-0.06
2025-12-08T23:21:04.020,0.047,-0.128,-0.068
2025-12-08T23:21:04.030,0.05,-0.128,-0.082
2025-12-08T23:21:04.040,0.05,-0.123,-0.096
2025-12-08T23:21:04.050,0.044,-0.098,-0.095
2025-12-08T23:21:04.060,0.042,-0.118,-0.107
2025-12-08T23:21:04.070,0.043,-0.11,-0.101
2025-12-08T23:21:04.080,0.048,-0.105,-0.067
2025-12-08T23:21:04.090,0.047,-0.112,-0.065
2025-12-08T23:21:04.100,0.044,-0.096,-0.064
2025-12-08T23:21:04.110,0.044,-0.105,-0.054
2025-12-08T23:21:04.120,0.041,-0.105,-0.084
2025-12-08T23:21:04.130,0.039,-0.102,-0.082
2025-12-08T23:21:04.140,0.045,-0.099,-0.078
2025-12-08T23:21:04.150,0.048,-0.095,-0.091
2025-12-08T23:21:04.160,0.055,-0.094,-0.057
2025-12-08T23:21:04.170,0.066,-0.082,-0.044
2025-12-08T23:21:04.180,0.069,-0.076,-0.066
2025-12-08T23:21:04.190,0.063,-0.052,-0.085
2025-12-08T23:21:04.200,0.066,-0.038,-0.089
2025-12-08T23:21:04.210,0.069,-0.036,-0.091
2025-12-08T23:21:04.220,0.06,-0.038,-0.082
2025-12-08T23:21:04.230,0.06,-0.054,-0.062
2025-12-08T23:21:04.240,0.056,-0.057,-0.046
2025-12-08T23:21:04.250,0.048,-0.061,-0.023
2025-12-08T23:21:04.260,0.055,-0.07,-0.024
2025-12-08T23:21:04.270,0.067,-0.07,-0.054
2025-12-08T23:21:04.280,0.077,-0.064,-0.086
2025-12-08T23:21:04.290,0.08,-0.049,-0.096
2025-12-08T23:21:04.300,0.076,-0.025,-0.073
2025-12-08T23:21:04.310,0.065,-0.011,-0.053
2025-12-08T23:21:04.320,0.064,-0.002,-0.038
2025-12-08T23:21:04.330,0.068,0.001,-0.036
2025-12-08T23:21:04.340,0.065,0.003,-0.054
2025-12-08T23:21:04.350,0.066,0.017,-0.066
2025-12-08T23:21:04.360,0.066,0.02,-0.062
2025-12-08T23:21:04.370,0.077,0.005,-0.05
2025-12-08T23:21:04.380,0.092,-0.009,-0.032
2025-12-08T23:21:04.390,0.089,-0.003,-0.023
2025-12-08T23:21:04.400,0.095,-0.004,-0.027
2025-12-08T23:21:04.410,0.097,-0.006,-0.029
2025-12-08T23:21:04.420,0.094,0.008,-0.033
2025-12-08T23:21:04.430,0.101,0.01,-0.043
2025-12-08T23:21:04.440,0.087,0.032,-0.039
2025-12-08T23:21:04.450,0.083,0.05,-0.05
2025-12-08T23:21:04.460,0.083,0.041,-0.078
2025-12-08T23:21:04.470,0.074,0.046,-0.062
2025-12-08T23:21:04.480,0.081,0.044,-0.023
2025-12-08T23:21:04.490,0.085,0.045,-0.011
2025-12-08T23:21:04.500,0.089,0.042,-0.007
2025-12-08T23:21:04.510,0.095,0.025,0.001
2025-12-08T23:21:04.520,0.098,0.025,-0.004
2025-12-08T23:21:04.530,0.1,0.027,0.001
2025-12-08T23:21:04.540,0.1,0.032,0.011
2025-12-08T23:21:04.550,0.099,0.04,0.005
2025-12-08T23:21:04.560,0.098,0.029,-0.003
2025-12-08T23:21:04.570,0.094,0.03,-0.003
2025-12-08T23:21:04.580,0.082,0.037,0.021
2025-12-08T23:21:04.590,0.077,0.033,0.027
2025-12-08T23:21:04.600,0.081,0.043,0.027
2025-12-08T23:21:04.610,0.088,0.046,0.039
2025-12-08T23:21:04.620,0.087,0.05,0.033
2025-12-08T23:21:04.630,0.074,0.057,0.045
2025-12-08T23:21:04.640,0.077,0.055,0.043
2025-12-08T23:21:04.650,0.075,0.057,0.025
2025-12-08T23:21:04.660,0.068,0.054,0.021
2025-12-08T23:21:04.670,0.077,0.053,0.02
2025-12-08T23:21:04.680,0.073,0.054,0.043
2025-12-08T23:21:04.690,0.066,0.059,0.048
2025-12-08T23:21:04.700,0.081,0.061,0.032
2025-12-08T23:21:04.710,0.084,0.057,0.025
2025-12-08T23:21:04.720,0.069,0.059,0.039
2025-12-08T23:21:04.730,0.074,0.055,0.082
2025-12-08T23:21:04.740,0.078,0.063,0.118
2025-12-08T23:21:04.750,0.062,0.072,0.127
2025-12-08T23:21:04.760,0.068,0.077,0.098
2025-12-08T23:21:04.770,0.076,0.086,0.066
2025-12-08T23:21:04.780,0.07,0.086,0.057
2025-12-08T23:21:04.790,0.078,0.09,0.061
2025-12-08T23:21:04.800,0.084,0.096,0.075
2025-12-08T23:21:04.810,0.084,0.091,0.07
2025-12-08T23:21:04.820,0.089,0.08,0.076
2025-12-08T23:21:04.830,0.092,0.072,0.1
2025-12-08T23:21:04.840,0.085,0.066,0.12
2025-12-08T23:21:04.850,0.07,0.066,0.145
2025-12-08T23:21:04.860,0.069,0.057,0.131
2025-12-08T23:21:04.870,0.063,0.048,0.103
2025-12-08T23:21:04.880,0.045,0.057,0.093
2025-12-08T23:21:04.890,0.051,0.049,0.082
2025-12-08T23:21:04.900,0.04,0.073,0.081
2025-12-08T23:21:04.910,0.039,0.086,0.078
2025-12-08T23:21:04.920,0.062,0.071,0.076
2025-12-08T23:21:04.930,0.054,0.106,0.101
2025-12-08T23:21:04.940,0.055,0.11,0.124
2025-12-08T23:21:04.950,0.065,0.11,0.111
2025-12-08T23:21:04.960,0.068,0.125,0.088
2025-12-08T23:21:04.970,0.08,0.115,0.068
2025-12-08T23:21:04.980,0.08,0.13,0.071
2025-12-08T23:21:04.990,0.082,0.128,0.115
2025-12-08T23:21:05.000,0.073,0.115,0.132
2025-12-08T23:21:05.010,0.066,0.105,0.127
2025-12-08T23:21:05.020,0.068,0.087,0.114
2025-12-08T23:21:05.030,0.055,0.089,0.094
2025-12-08T23:21:05.040,0.052,0.095,0.109
2025-12-08T23:21:05.050,0.05,0.103,0.103
2025-12-08T23:21:05.060,0.04,0.105,0.086
2025-12-08T23:21:05.070,0.039,0.1,0.1
2025-12-08T23:21:05.080,0.041,0.109,0.094
2025-12-08T23:21:05.090,0.038,0.117,0.084
2025-12-08T23:21:05.100,0.046,0.116,0.093
2025-12-08T23:21:05.110,0.061,0.12,0.11
2025-12-08T23:21:05.120,0.061,0.121,0.131
2025-12-08T23:21:05.130,0.06,0.12,0.148
2025-12-08T23:21:05.140,0.063,0.126,0.147
2025-12-08T23:21:05.150,0.063,0.127,0.126
2025-12-08T23:21:05.160,0.058,0.121,0.126
2025-12-08T23:21:05.170,0.045,0.112,0.136
2025-12-08T23:21:05.180,0.032,0.1,0.122
2025-12-08T23:21:05.190,0.029,0.095,0.097
2025-12-08T23:21:05.200,0.03,0.098,0.071
2025-12-08T23:21:05.210,0.023,0.098,0.059
2025-12-08T23:21:05.220,0.016,0.089,0.065
2025-12-08T23:21:05.230,0.018,0.095,0.08
2025-12-08T23:21:05.240,0.018,0.092,0.095
2025-12-08T23:21:05.250,0.02,0.085,0.105
2025-12-08T23:21:05.260,0.028,0.093,0.127
2025-12-08T23:21:05.270,0.033,0.1,0.151
2025-12-08T23:21:05.280,0.032,0.111,0.14
2025-12-08T23:21:05.290,0.039,0.117,0.112
2025-12-08T23:21:05.300,0.046,0.117,0.091
2025-12-08T23:21:05.310,0.041,0.115,0.088
2025-12-08T23:21:05.320,0.038,0.098,0.103
2025-12-08T23:21:05.330,0.037,0.087,0.113
2025-12-08T23:21:05.340,0.023,0.085,0.121
2025-12-08T23:21:05.350,0.021,0.074,0.12
2025-12-08T23:21:05.360,0.039,0.054,0.109
2025-12-08T23:21:05.370,0.033,0.054,0.117
2025-12-08T23:21:05.380,0.032,0.058,0.128
2025-12-08T23:21:05.390,0.055,0.048,0.121
2025-12-08T23:21:05.400,0.045,0.064,0.111
2025-12-08T23:21:05.410,0.037,0.062,0.103
2025-12-08T23:21:05.420,0.045,0.054,0.105
2025-12-08T23:21:05.430,0.036,0.07,0.13
2025-12-08T23:21:05.440,0.036,0.06,0.157
2025-12-08T23:21:05.450,0.042,0.062,0.137
2025-12-08T23:21:05.460,0.033,0.07,0.103
2025-12-08T23:21:05.470,0.031,0.056,0.073
2025-12-08T23:21:05.480,0.043,0.048,0.055
2025-12-08T23:21:05.490,0.044,0.039,0.082
2025-12-08T23:21:05.500,0.036,0.035,0.106
2025-12-08T23:21:05.510,0.039,0.026,0.11
2025-12-08T23:21:05.520,0.043,0.016,0.086
2025-12-08T23:21:05.530,0.046,0.019,0.054
2025-12-08T23:21:05.540,0.057,0.021,0.055
2025-12-08T23:21:05.550,0.068,0.028,0.061
2025-12-08T23:21:05.560,0.061,0.03,0.095
2025-12-08T23:21:05.570,0.062,0.032,0.125
2025-12-08T23:21:05.580,0.069,0.041,0.1
2025-12-08T23:21:05.590,0.059,0.045,0.061
2025-12-08T23:21:05.600,0.056,0.041,0.027
2025-12-08T23:21:05.610,0.052,0.037,0.025
2025-12-08T23:21:05.620,0.045,0.027,0.052
2025-12-08T23:21:05.630,0.044,0.018,0.089
2025-12-08T23:21:05.640,0.046,0.011,0.109
2025-12-08T23:21:05.650,0.051,0.008,0.094
2025-12-08T23:21:05.660,0.058,0.016,0.077
2025-12-08T23:21:05.670,0.073,0.016,0.054
2025-12-08T23:21:05.680,0.078,0.015,0.027
2025-12-08T23:21:05.690,0.077,0.012,0.038
2025-12-08T23:21:05.700,0.076,0.012,0.065
2025-12-08T23:21:05.710,0.067,0.007,0.086
2025-12-08T23:21:05.720,0.061,-0.008,0.094
2025-12-08T23:21:05.730,0.062,0.001,0.068
2025-12-08T23:21:05.740,0.064,-0.002,0.039
2025-12-08T23:21:05.750,0.054,0.008,0.025
2025-12-08T23:21:05.760,0.044,0.018,0.021
2025-12-08T23:21:05.770,0.042,0.004,0.011
2025-12-08T23:21:05.780,0.041,0.012,0.005
2025-12-08T23:21:05.790,0.043,0.007,0.018
2025-12-08T23:21:05.800,0.042,0.008,0.008
2025-12-08T23:21:05.810,0.041,0.008,0.003
2025-12-08T23:21:05.820,0.055,-0.001,-0.005
2025-12-08T23:21:05.830,0.067,0.0,-0.011
2025-12-08T23:21:05.840,0.066,-0.012,0.022
2025-12-08T23:21:05.850,0.074,-0.016,0.041
2025-12-08T23:21:05.860,0.089,-0.018,0.04
2025-12-08T23:21:05.870,0.082,-0.009,0.018
2025-12-08T23:21:05.880,0.075,-0.012,-0.001
2025-12-08T23:21:05.890,0.065,-0.013,0.013
2025-12-08T23:21:05.900,0.03,0.005,0.029
2025-12-08T23:21:05.910,0.026,-0.009,0.03
2025-12-08T23:21:05.920,0.027,0.002,0.005
2025-12-08T23:21:05.930,0.01,0.013,-0.017
2025-12-08T23:21:05.940,0.021,0.002,-0.025
2025-12-08T23:21:05.950,0.02,0.011,-0.02
2025-12-08T23:21:05.960,0.015,-0.001,-0.01
2025-12-08T23:21:05.970,0.027,-0.018,0.005
2025-12-08T23:21:05.980,0.025,-0.016,0.046
2025-12-08T23:21:05.990,0.035,-0.036,0.062
2025-12-08T23:21:06.000,0.041,-0.039,0.039
2025-12-08T23:21:06.010,0.047,-0.024,0.011
2025-12-08T23:21:06.020,0.048,-0.025,-0.025
2025-12-08T23:21:06.030,0.026,-0.005,-0.045
2025-12-08T23:21:06.040,0.018,0.003,-0.031
2025-12-08T23:21:06.050,0.005,0.0,-0.027
2025-12-08T23:21:06.060,-0.009,0.009,-0.023
2025-12-08T23:21:06.070,-0.004,-0.002,-0.015
2025-12-08T23:21:06.080,-0.004,-0.002,-0.048
2025-12-08T23:21:06.090,-0.003,-0.005,-0.06
2025-12-08T23:21:06.100,0.0,-0.003,-0.038
2025-12-08T23:21:06.110,-0.002,0.004,-0.012
2025-12-08T23:21:06.120,-0.016,0.003,0.025
2025-12-08T23:21:06.130,-0.019,0.007,0.033
2025-12-08T23:21:06.140,-0.005,-0.006,0.005
2025-12-08T23:21:06.150,-0.005,-0.007,-0.029
2025-12-08T23:21:06.160,-0.006,0.001,-0.032
2025-12-08T23:21:06.170,-0.003,0.0,-0.026
2025-12-08T23:21:06.180,-0.012,-0.003,-0.033
2025-12-08T23:21:06.190,-0.018,-0.013,-0.027
2025-12-08T23:21:06.200,-0.027,-0.016,-0.018
2025-12-08T23:21:06.210,-0.043,-0.013,-0.004
2025-12-08T23:21:06.220,-0.044,-0.002,0.014
2025-12-08T23:21:06.230,-0.032,0.002,0.015
2025-12-08T23:21:06.240,-0.027,0.007,-0.018
2025-12-08T23:21:06.250,-0.027,0.018,-0.044
2025-12-08T23:21:06.260,-0.029,0.02,-0.058
2025-12-08T23:21:06.270,-0.035,0.022,-0.073
2025-12-08T23:21:06.280,-0.045,0.02,-0.044
2025-12-08T23:21:06.290,-0.052,0.01,-0.007
2025-12-08T23:21:06.300,-0.054,0.0,0.006
2025-12-08T23:21:06.310,-0.061,-0.0,0.0
2025-12-08T23:21:06.320,-0.056,-0.008,-0.031
2025-12-08T23:21:06.330,-0.058,-0.012,-0.055
2025-12-08T23:21:06.340,-0.068,-0.015,-0.066
2025-12-08T23:21:06.350,-0.061,-0.029,-0.072
2025-12-08T23:21:06.360,-0.063,-0.024,-0.081
2025-12-08T23:21:06.370,-0.066,-0.024,-0.085
2025-12-08T23:21:06.380,-0.057,-0.027,-0.074
2025-12-08T23:21:06.390,-0.052,-0.015,-0.046
2025-12-08T23:21:06.400,-0.06,-0.013,-0.011
2025-12-08T23:21:06.410,-0.059,-0.007,-0.006
2025-12-08T23:21:06.420,-0.049,0.007,-0.011
2025-12-08T23:21:06.430,-0.051,0.018,-0.013
2025-12-08T23:21:06.440,-0.053,0.037,-0.029
2025-12-08T23:21:06.450,-0.054,0.045,-0.043
2025-12-08T23:21:06.460,-0.061,0.044,-0.052
2025-12-08T23:21:06.470,-0.073,0.047,-0.037
2025-12-08T23:21:06.480,-0.082,0.043,-0.003
2025-12-08T23:21:06.490,-0.088,0.03,0.017
2025-12-08T23:21:06.500,-0.091,0.025,0.022
2025-12-08T23:21:06.510,-0.077,0.031,0.001
2025-12-08T23:21:06.520,-0.066,0.04,-0.037
2025-12-08T23:21:06.530,-0.062,0.046,-0.07
2025-12-08T23:21:06.540,-0.052,0.053,-0.064
2025-12-08T23:21:06.550,-0.058,0.052,-0.017
2025-12-08T23:21:06.560,-0.078,0.054,0.032
2025-12-08T23:21:06.570,-0.078,0.043,0.066
2025-12-08T23:21:06.580,-0.07,0.032,0.046
2025-12-08T23:21:06.590,-0.071,0.029,-0.004
2025-12-08T23:21:06.600,-0.065,0.021,-0.021
2025-12-08T23:21:06.610,-0.062,0.025,-0.021
2025-12-08T23:21:06.620,-0.073,0.025,0.0
2025-12-08T23:21:06.630,-0.072,0.028,0.011
2025-12-08T23:21:06.640,-0.065,0.033,-0.018
2025-12-08T23:21:06.650,-0.06,0.033,-0.048
2025-12-08T23:21:06.660,-0.062,0.045,-0.038
2025-12-08T23:21:06.670,-0.074,0.043,0.004
2025-12-08T23:21:06.680,-0.08,0.04,0.045
2025-12-08T23:21:06.690,-0.08,0.037,0.074
2025-12-08T23:21:06.700,-0.075,0.039,0.057
2025-12-08T23:21:06.710,-0.076,0.044,0.019
2025-12-08T23:21:06.720,-0.08,0.046,0.016
2025-12-08T23:21:06.730,-0.076,0.041,0.031
2025-12-08T23:21:06.740,-0.08,0.027,0.053
2025-12-08T23:21:06.750,-0.091,0.034,0.069
2025-12-08T23:21:06.760,-0.092,0.023,0.057
2025-12-08T23:21:06.770,-0.091,0.019,0.013
2025-12-08T23:21:06.780,-0.094,0.032,0.001
2025-12-08T23:21:06.790,-0.087,0.02,0.025
2025-12-08T23:21:06.800,-0.09,0.021,0.045
2025-12-08T23:21:06.810,-0.1,0.02,0.093
2025-12-08T23:21:06.820,-0.09,0.025,0.124
2025-12-08T23:21:06.830,-0.082,0.034,0.124
2025-12-08T23:21:06.840,-0.089,0.038,0.113
2025-12-08T23:21:06.850,-0.087,0.039,0.079
2025-12-08T23:21:06.860,-0.086,0.032,0.05
2025-12-08T23:21:06.870,-0.096,0.039,0.043
2025-12-08T23:21:06.880,-0.097,0.041,0.065
2025-12-08T23:21:06.890,-0.099,0.046,0.078
2025-12-08T23:21:06.900,-0.106,0.045,0.093
2025-12-08T23:21:06.910,-0.102,0.035,0.117
2025-12-08T23:21:06.920,-0.106,0.03,0.106
2025-12-08T23:21:06.930,-0.11,0.018,0.087
2025-12-08T23:21:06.940,-0.106,0.021,0.078
2025-12-08T23:21:06.950,-0.109,0.024,0.082
2025-12-08T23:21:06.960,-0.106,0.018,0.095
2025-12-08T23:21:06.970,-0.102,0.011,0.112
2025-12-08T23:21:06.980,-0.094,0.004,0.114
2025-12-08T23:21:06.990,-0.092,0.0,0.102
2025-12-08T23:21:07.000,-0.096,-0.004,0.107
2025-12-08T23:21:07.010,-0.087,-0.007,0.11
2025-12-08T23:21:07.020,-0.081,-0.012,0.111
2025-12-08T23:21:07.030,-0.084,-0.004,0.111
2025-12-08T23:21:07.040,-0.084,0.001,0.1
2025-12-08T23:21:07.050,-0.086,0.01,0.086
2025-12-08T23:21:07.060,-0.092,0.019,0.082
2025-12-08T23:21:07.070,-0.086,0.009,0.092
2025-12-08T23:21:07.080,-0.08,-0.002,0.109
2025-12-08T23:21:07.090,-0.078,-0.017,0.141
2025-12-08T23:21:07.100,-0.068,-0.018,0.151
2025-12-08T23:21:07.110,-0.065,-0.018,0.126
2025-12-08T23:21:07.120,-0.073,-0.013,0.103
2025-12-08T23:21:07.130,-0.076,-0.007,0.103
2025-12-08T23:21:07.140,-0.085,-0.012,0.125
2025-12-08T23:21:07.150,-0.104,-0.001,0.143
2025-12-08T23:21:07.160,-0.107,-0.005,0.146
2025-12-08T23:21:07.170,-0.109,-0.018,0.129
2025-12-08T23:21:07.180,-0.116,-0.031,0.123
2025-12-08T23:21:07.190,-0.112,-0.05,0.128
2025-12-08T23:21:07.200,-0.113,-0.051,0.107
2025-12-08T23:21:07.210,-0.115,-0.053,0.078
2025-12-08T23:21:07.220,-0.116,-0.053,0.078
2025-12-08T23:21:07.230,-0.117,-0.045,0.111
2025-12-08T23:21:07.240,-0.123,-0.034,0.133
2025-12-08T23:21:07.250,-0.122,-0.021,0.135
2025-12-08T23:21:07.260,-0.107,-0.012,0.114
2025-12-08T23:21:07.270,-0.105,-0.008,0.091
2025-12-08T23:21:07.280,-0.108,-0.007,0.1
2025-12-08T23:21:07.290,-0.107,-0.011,0.111
2025-12-08T23:21:07.300,-0.109,-0.011,0.09
2025-12-08T23:21:07.310,-0.103,-0.012,0.057
2025-12-08T23:21:07.320,-0.092,-0.024,0.047
2025-12-08T23:21:07.330,-0.098,-0.032,0.072
2025-12-08T23:21:07.340,-0.111,-0.044,0.129
2025-12-08T23:21:07.350,-0.114,-0.049,0.184
2025-12-08T23:21:07.360,-0.122,-0.046,0.201
2025-12-08T23:21:07.370,-0.133,-0.052,0.178
2025-12-08T23:21:07.380,-0.137,-0.05,0.139
2025-12-08T23:21:07.390,-0.142,-0.046,0.116
2025-12-08T23:21:07.400,-0.146,-0.045,0.102
2025-12-08T23:21:07.410,-0.133,-0.051,0.107
2025-12-08T23:21:07.420,-0.121,-0.05,0.121
2025-12-08T23:21:07.430,-0.126,-0.045,0.128
2025-12-08T23:21:07.440,-0.119,-0.046,0.138
2025-12-08T23:21:07.450,-0.114,-0.039,0.139
2025-12-08T23:21:07.460,-0.108,-0.036,0.136
2025-12-08T23:21:07.470,-0.096,-0.042,0.136
2025-12-08T23:21:07.480,-0.092,-0.034,0.124
2025-12-08T23:21:07.490,-0.088,-0.02,0.09
2025-12-08T23:21:07.500,-0.084,-0.013,0.069
2025-12-08T23:21:07.510,-0.089,-0.008,0.068
2025-12-08T23:21:07.520,-0.114,-0.018,0.081
2025-12-08T23:21:07.530,-0.125,-0.034,0.115
2025-12-08T23:21:07.540,-0.123,-0.032,0.128
2025-12-08T23:21:07.550,-0.123,-0.026,0.11
2025-12-08T23:21:07.560,-0.11,-0.014,0.085
2025-12-08T23:21:07.570,-0.105,0.002,0.078
2025-12-08T23:21:07.580,-0.111,0.015,0.092
2025-12-08T23:21:07.590,-0.121,0.018,0.127
2025-12-08T23:21:07.600,-0.122,0.017,0.151
2025-12-08T23:21:07.610,-0.111,0.012,0.129
2025-12-08T23:21:07.620,-0.099,-0.002,0.1
2025-12-08T23:21:07.630,-0.08,-0.004,0.086
2025-12-08T23:21:07.640,-0.066,-0.012,0.1
2025-12-08T23:21:07.650,-0.061,-0.014,0.138
2025-12-08T23:21:07.660,-0.061,-0.023,0.18
2025-12-08T23:21:07.670,-0.07,-0.034,0.191
2025-12-08T23:21:07.680,-0.086,-0.02,0.163
2025-12-08T23:21:07.690,-0.09,-0.015,0.128
2025-12-08T23:21:07.700,-0.096,0.009,0.102
2025-12-08T23:21:07.710,-0.121,0.019,0.109
2025-12-08T23:21:07.720,-0.139,0.01,0.121
2025-12-08T23:21:07.730,-0.145,0.024,0.102
2025-12-08T23:21:07.740,-0.146,0.037,0.048
2025-12-08T23:21:07.750,-0.138,0.066,-0.006
2025-12-08T23:21:07.760,-0.123,0.078,-0.003
2025-12-08T23:21:07.770,-0.122,0.068,0.044
2025-12-08T23:21:07.780,-0.125,0.063,0.122
2025-12-08T23:21:07.790,-0.122,0.053,0.177
2025-12-08T23:21:07.800,-0.133,0.043,0.163
2025-12-08T23:21:07.810,-0.132,0.026,0.134
2025-12-08T23:21:07.820,-0.123,0.025,0.099
2025-12-08T23:21:07.830,-0.114,0.029,0.06
2025-12-08T23:21:07.840,-0.099,0.024,0.035
2025-12-08T23:21:07.850,-0.098,0.036,0.017
2025-12-08T23:21:07.860,-0.098,0.045,-0.001
2025-12-08T23:21:07.870,-0.097,0.064,0.009
2025-12-08T23:21:07.880,-0.094,0.085,0.047
2025-12-08T23:21:07.890,-0.089,0.083,0.073
2025-12-08T23:21:07.900,-0.092,0.086,0.102
2025-12-08T23:21:07.910,-0.086,0.092,0.115
2025-12-08T23:21:07.920,-0.08,0.095,0.105
2025-12-08T23:21:07.930,-0.089,0.111,0.103
2025-12-08T23:21:07.940,-0.085,0.119,0.103
2025-12-08T23:21:07.950,-0.076,0.123,0.106
2025-12-08T23:21:07.960,-0.075,0.13,0.111
2025-12-08T23:21:07.970,-0.061,0.121,0.114
2025-12-08T23:21:07.980,-0.05,0.112,0.093
2025-12-08T23:21:07.990,-0.043,0.102,0.052
2025-12-08T23:21:08.000,-0.031,0.101,0.03
2025-12-08T23:21:08.010,-0.025,0.104,0.027
2025-12-08T23:21:08.020,-0.029,0.098,0.055
2025-12-08T23:21:08.030,-0.041,0.107,0.1
2025-12-08T23:21:08.040,-0.049,0.112,0.114
2025-12-08T23:21:08.050,-0.058,0.109,0.095
2025-12-08T23:21:08.060,-0.058,0.116,0.076
2025-12-08T23:21:08.070,-0.052,0.125,0.056
2025-12-08T23:21:08.080,-0.05,0.136,0.019
2025-12-08T23:21:08.090,-0.046,0.132,-0.014
2025-12-08T23:21:08.100,-0.042,0.12,-0.044
2025-12-08T23:21:08.110,-0.044,0.111,-0.061
2025-12-08T23:21:08.120,-0.044,0.104,-0.042
2025-12-08T23:21:08.130,-0.035,0.097,-0.02
2025-12-08T23:21:08.140,-0.029,0.091,0.011
2025-12-08T23:21:08.150,-0.032,0.11,0.059
2025-12-08T23:21:08.160,-0.027,0.134,0.09
2025-12-08T23:21:08.170,-0.02,0.157,0.096
2025-12-08T23:21:08.180,-0.018,0.183,0.076
2025-12-08T23:21:08.190,-0.01,0.191,0.039
2025-12-08T23:21:08.200,-0.007,0.196,0.015
2025-12-08T23:21:08.210,-0.012,0.188,0.025
2025-12-08T23:21:08.220,-0.005,0.164,0.056
2025-12-08T23:21:08.230,0.012,0.154,0.082
2025-12-08T23:21:08.240,0.023,0.164,0.087
2025-12-08T23:21:08.250,0.034,0.18,0.068
2025-12-08T23:21:08.260,0.037,0.2,0.035
2025-12-08T23:21:08.270,0.018,0.221,0.018
2025-12-08T23:21:08.280,0.018,0.216,0.037
2025-12-08T23:21:08.290,0.026,0.208,0.057
2025-12-08T23:21:08.300,0.027,0.2,0.068
2025-12-08T23:21:08.310,0.048,0.182,0.061
2025-12-08T23:21:08.320,0.071,0.173,0.03
2025-12-08T23:21:08.330,0.081,0.169,0.02
2025-12-08T23:21:08.340,0.084,0.184,0.035
2025-12-08T23:21:08.350,0.084,0.194,0.054
2025-12-08T23:21:08.360,0.077,0.193,0.053
2025-12-08T23:21:08.370,0.066,0.205,0.039
2025-12-08T23:21:08.380,0.059,0.218,0.013
2025-12-08T23:21:08.390,0.041,0.226,-0.024
2025-12-08T23:21:08.400,0.03,0.233,-0.028
2025-12-08T23:21:08.410,0.043,0.228,-0.025
2025-12-08T23:21:08.420,0.055,0.218,-0.016
2025-12-08T23:21:08.430,0.066,0.206,0.004
2025-12-08T23:21:08.440,0.089,0.193,0.024
2025-12-08T23:21:08.450,0.111,0.182,0.04
2025-12-08T23:21:08.460,0.114,0.169,0.052
2025-12-08T23:21:08.470,0.1,0.162,0.072
2025-12-08T23:21:08.480,0.091,0.15,0.059
2025-12-08T23:21:08.490,0.088,0.146,-0.002
2025-12-08T23:21:08.500,0.093,0.164,-0.062
2025-12-08T23:21:08.510,0.092,0.186,-0.102
2025-12-08T23:21:08.520,0.076,0.216,-0.099
2025-12-08T23:21:08.530,0.075,0.225,-0.049
2025-12-08T23:21:08.540,0.083,0.217,0.014
2025-12-08T23:21:08.550,0.083,0.2,0.059
2025-12-08T23:21:08.560,0.091,0.166,0.087
2025-12-08T23:21:08.570,0.095,0.155,0.091
2025-12-08T23:21:08.580,0.095,0.149,0.068
2025-12-08T23:21:08.590,0.097,0.153,0.026
2025-12-08T23:21:08.600,0.107,0.162,-0.018
2025-12-08T23:21:08.610,0.111,0.158,-0.043
2025-12-08T23:21:08.620,0.105,0.168,-0.033
2025-12-08T23:21:08.630,0.105,0.171,0.002
2025-12-08T23:21:08.640,0.094,0.172,0.018
2025-12-08T23:21:08.650,0.084,0.167,0.023
2025-12-08T23:21:08.660,0.08,0.145,0.014
2025-12-08T23:21:08.670,0.064,0.14,-0.026
2025-12-08T23:21:08.680,0.059,0.137,-0.054
2025-12-08T23:21:08.690,0.059,0.138,-0.064
2025-12-08T23:21:08.700,0.065,0.137,-0.068
2025-12-08T23:21:08.710,0.077,0.126,-0.056
2025-12-08T23:21:08.720,0.08,0.124,-0.03
2025-12-08T23:21:08.730,0.077,0.113,-0.006
2025-12-08T23:21:08.740,0.061,0.103,0.01
2025-12-08T23:21:08.750,0.056,0.097,0.007
2025-12-08T23:21:08.760,0.059,0.083,-0.031
2025-12-08T23:21:08.770,0.041,0.094,-0.066
2025-12-08T23:21:08.780,0.034,0.106,-0.06
2025-12-08T23:21:08.790,0.038,0.109,-0.024
2025-12-08T23:21:08.800,0.041,0.11,0.018
2025-12-08T23:21:08.810,0.066,0.093,0.035
2025-12-08T23:21:08.820,0.082,0.091,0.005
2025-12-08T23:21:08.830,0.086,0.093,-0.051
2025-12-08T23:21:08.840,0.089,0.089,-0.075
2025-12-08T23:21:08.850,0.087,0.096,-0.053
2025-12-08T23:21:08.860,0.069,0.086,-0.012
2025-12-08T23:21:08.870,0.036,0.082,0.034
2025-12-08T23:21:08.880,0.025,0.076,0.046
2025-12-08T23:21:08.890,0.019,0.055,0.02
2025-12-08T23:21:08.900,0.026,0.047,-0.001
2025-12-08T23:21:08.910,0.057,0.034,-0.016
2025-12-08T23:21:08.920,0.062,0.02,-0.035
2025-12-08T23:21:08.930,0.055,0.01,-0.049
2025-12-08T23:21:08.940,0.046,0.002,-0.055
2025-12-08T23:21:08.950,0.032,0.003,-0.076
2025-12-08T23:21:08.960,0.019,-0.001,-0.078
2025-12-08T23:21:08.970,-0.001,0.008,-0.027
2025-12-08T23:21:08.980,-0.011,0.024,0.035
2025-12-08T23:21:08.990,-0.013,0.041,0.069
2025-12-08T23:21:09.000,-0.004,0.058,0.05
2025-12-08T23:21:09.010,0.016,0.046,-0.001
2025-12-08T23:21:09.020,0.011,0.042,-0.043
2025-12-08T23:21:09.030,0.012,0.037,-0.043
2025-12-08T23:21:09.040,0.018,0.017,-0.029
2025-12-08T23:21:09.050,0.007,0.005,-0.02
2025-12-08T23:21:09.060,0.0,-0.016,0.008
2025-12-08T23:21:09.070,-0.024,-0.02,0.026
2025-12-08T23:21:09.080,-0.051,-0.019,0.02
2025-12-08T23:21:09.090,-0.046,-0.037,-0.021
2025-12-08T23:21:09.100,-0.035,-0.046,-0.07
2025-12-08T23:21:09.110,-0.026,-0.051,-0.087
2025-12-08T23:21:09.120,-0.018,-0.046,-0.063
2025-12-08T23:21:09.130,0.001,-0.036,-0.012
2025-12-08T23:21:09.140,0.017,-0.025,0.0
2025-12-08T23:21:09.150,0.026,-0.005,-0.017
2025-12-08T23:21:09.160,0.032,0.003,-0.026
2025-12-08T23:21:09.170,0.009,0.006,-0.005
2025-12-08T23:21:09.180,-0.009,0.009,0.056
2025-12-08T23:21:09.190,-0.002,0.006,0.082
2025-12-08T23:21:09.200,0.001,0.008,0.037
2025-12-08T23:21:09.210,0.008,0.002,-0.026
2025-12-08T23:21:09.220,0.004,-0.002,-0.048
2025-12-08T23:21:09.230,-0.017,-0.008,-0.029
2025-12-08T23:21:09.240,-0.034,-0.027,0.024
2025-12-08T23:21:09.250,-0.048,-0.02,0.077
2025-12-08T23:21:09.260,-0.048,-0.024,0.078
2025-12-08T23:21:09.270,-0.041,-0.042,0.041
2025-12-08T23:21:09.280,-0.041,-0.03,-0.005
2025-12-08T23:21:09.290,-0.042,-0.018,-0.043
2025-12-08T23:21:09.300,-0.055,-0.005,-0.056
2025-12-08T23:21:09.310,-0.071,0.009,-0.031
2025-12-08T23:21:09.320,-0.075,0.001,0.005
2025-12-08T23:21:09.330,-0.073,0.004,0.016
2025-12-08T23:21:09.340,-0.059,0.015,0.024
2025-12-08T23:21:09.350,-0.039,0.021,0.012
2025-12-08T23:21:09.360,-0.053,0.022,-0.016
2025-12-08T23:21:09.370,-0.071,0.002,-0.018
2025-12-08T23:21:09.380,-0.077,0.002,-0.006
2025-12-08T23:21:09.390,-0.08,0.002,-0.014
2025-12-08T23:21:09.400,-0.062,-0.021,-0.02
2025-12-08T23:21:09.410,-0.06,-0.011,-0.006
2025-12-08T23:21:09.420,-0.067,-0.012,0.018
2025-12-08T23:21:09.430,-0.061,-0.01,0.041
2025-12-08T23:21:09.440,-0.059,0.018,0.057
2025-12-08T23:21:09.450,-0.054,0.021,0.036
2025-12-08T23:21:09.460,-0.049,0.021,-0.002
2025-12-08T23:21:09.470,-0.049,0.018,-0.003
2025-12-08T23:21:09.480,-0.059,0.01,0.01
2025-12-08T23:21:09.490,-0.072,0.01,0.041
2025-12-08T23:21:09.500,-0.074,0.009,0.059
2025-12-08T23:21:09.510,-0.084,0.003,0.042
2025-12-08T23:21:09.520,-0.104,-0.004,0.048
2025-12-08T23:21:09.530,-0.114,-0.017,0.05
2025-12-08T23:21:09.540,-0.108,-0.031,0.028
2025-12-08T23:21:09.550,-0.095,-0.028,-0.0
2025-12-08T23:21:09.560,-0.071,-0.031,-0.054
2025-12-08T23:21:09.570,-0.062,-0.037,-0.104
2025-12-08T23:21:09.580,-0.07,-0.047,-0.11
2025-12-08T23:21:09.590,-0.069,-0.057,-0.08
2025-12-08T23:21:09.600,-0.072,-0.046,-0.025
2025-12-08T23:21:09.610,-0.088,-0.026,0.026
2025-12-08T23:21:09.620,-0.096,-0.007,0.033
2025-12-08T23:21:09.630,-0.093,-0.004,0.007
2025-12-08T23:21:09.640,-0.103,0.007,-0.016
2025-12-08T23:21:09.650,-0.112,0.013,-0.034
2025-12-08T23:21:09.660,-0.109,-0.002,-0.058
2025-12-08T23:21:09.670,-0.12,-0.011,-0.075
2025-12-08T23:21:09.680,-0.121,-0.027,-0.055
2025-12-08T23:21:09.690,-0.113,-0.035,-0.022
2025-12-08T23:21:09.700,-0.118,-0.038,0.006
2025-12-08T23:21:09.710,-0.114,-0.047,0.019
2025-12-08T23:21:09.720,-0.1,-0.043,-0.002
2025-12-08T23:21:09.730,-0.088,-0.045,-0.045
2025-12-08T23:21:09.740,-0.074,-0.051,-0.064
2025-12-08T23:21:09.750,-0.068,-0.041,-0.025
2025-12-08T23:21:09.760,-0.071,-0.037,0.008
2025-12-08T23:21:09.770,-0.085,-0.039,0.011
2025-12-08T23:21:09.780,-0.089,-0.031,0.014
2025-12-08T23:21:09.790,-0.088,-0.039,-0.005
2025-12-08T23:21:09.800,-0.105,-0.04,-0.004
2025-12-08T23:21:09.810,-0.107,-0.033,0.032
2025-12-08T23:21:09.820,-0.1,-0.034,0.029
2025-12-08T23:21:09.830,-0.104,-0.03,-0.014
2025-12-08T23:21:09.840,-0.103,-0.043,-0.059
2025-12-08T23:21:09.850,-0.108,-0.055,-0.097
2025-12-08T23:21:09.860,-0.112,-0.054,-0.086
2025-12-08T23:21:09.870,-0.115,-0.046,-0.027
2025-12-08T23:21:09.880,-0.107,-0.029,0.004
2025-12-08T23:21:09.890,-0.092,-0.032,-0.005
2025-12-08T23:21:09.900,-0.095,-0.017,-0.03
2025-12-08T23:21:09.910,-0.097,-0.013,-0.054
2025-12-08T23:21:09.920,-0.103,-0.034,-0.063
2025-12-08T23:21:09.930,-0.109,-0.047,-0.05
2025-12-08T23:21:09.940,-0.108,-0.079,-0.025
2025-12-08T23:21:09.950,-0.116,-0.096,-0.007
2025-12-08T23:21:09.960,-0.113,-0.103,0.006
2025-12-08T23:21:09.970,-0.104,-0.097,-0.018
2025-12-08T23:21:09.980,-0.109,-0.074,-0.08
2025-12-08T23:21:09.990,-0.1,-0.069,-0.128
2025-12-08T23:21:10.000,-0.086,-0.055,-0.142
2025-12-08T23:21:10.010,-0.087,-0.037,-0.113
2025-12-08T23:21:10.020,-0.08,-0.02,-0.059
2025-12-08T23:21:10.030,-0.061,-0.005,-0.003
2025-12-08T23:21:10.040,-0.039,-0.008,0.012
2025-12-08T23:21:10.050,-0.03,-0.015,0.011
2025-12-08T23:21:10.060,-0.018,-0.023,0.01
2025-12-08T23:21:10.070,-0.007,-0.035,-0.027
2025-12-08T23:21:10.080,-0.02,-0.044,-0.062
2025-12-08T23:21:10.090,-0.026,-0.054,-0.085
2025-12-08T23:21:10.100,-0.035,-0.072,-0.103
2025-12-08T23:21:10.110,-0.048,-0.083,-0.095
2025-12-08T23:21:10.120,-0.046,-0.084,-0.06
2025-12-08T23:21:10.130,-0.043,-0.082,-0.034
2025-12-08T23:21:10.140,-0.04,-0.077,-0.024
2025-12-08T23:21:10.150,-0.034,-0.073,-0.021
2025-12-08T23:21:10.160,-0.029,-0.07,-0.05
2025-12-08T23:21:10.170,-0.032,-0.068,-0.073
2025-12-08T23:21:10.180,-0.03,-0.068,-0.071
2025-12-08T23:21:10.190,-0.025,-0.068,-0.057
2025-12-08T23:21:10.200,-0.037,-0.069,-0.033
2025-12-08T23:21:10.210,-0.051,-0.061,-0.015
2025-12-08T23:21:10.220,-0.054,-0.05,-0.013
2025-12-08T23:21:10.230,-0.048,-0.051,-0.048
2025-12-08T23:21:10.240,-0.044,-0.061,-0.089
2025-12-08T23:21:10.250,-0.037,-0.073,-0.116
2025-12-08T23:21:10.260,-0.036,-0.076,-0.139
2025-12-08T23:21:10.270,-0.036,-0.073,-0.145
2025-12-08T23:21:10.280,-0.023,-0.07,-0.131
2025-12-08T23:21:10.290,-0.018,-0.07,-0.096
2025-12-08T23:21:10.300,-0.012,-0.083,-0.054
2025-12-08T23:21:10.310,0.002,-0.1,-0.007
2025-12-08T23:21:10.320,0.008,-0.107,0.022
2025-12-08T23:21:10.330,0.002,-0.098,0.014
2025-12-08T23:21:10.340,0.002,-0.085,-0.011
2025-12-08T23:21:10.350,0.009,-0.086,-0.052
2025-12-08T23:21:10.360,0.002,-0.093,-0.094
2025-12-08T23:21:10.370,-0.001,-0.093,-0.109
2025-12-08T23:21:10.380,0.0,-0.083,-0.096
2025-12-08T23:21:10.390,-0.009,-0.078,-0.07
2025-12-08T23:21:10.400,-0.005,-0.08,-0.055
2025-12-08T23:21:10.410,0.008,-0.082,-0.059
2025-12-08T23:21:10.420,0.007,-0.08,-0.057
2025-12-08T23:21:10.430,0.002,-0.078,-0.049
2025-12-08T23:21:10.440,-0.009,-0.088,-0.035
2025-12-08T23:21:10.450,-0.01,-0.098,-0.016
2025-12-08T23:21:10.460,0.013,-0.102,-0.014
2025-12-08T23:21:10.470,0.036,-0.11,-0.02
2025-12-08T23:21:10.480,0.049,-0.112,-0.034
2025-12-08T23:21:10.490,0.046,-0.109,-0.042
2025-12-08T23:21:10.500,0.034,-0.111,-0.053
2025-12-08T23:21:10.510,0.008,-0.113,-0.079
2025-12-08T23:21:10.520,-0.018,-0.114,-0.089
2025-12-08T23:21:10.530,-0.018,-0.112,-0.076
2025-12-08T23:21:10.540,-0.024,-0.093,-0.059
2025-12-08T23:21:10.550,-0.02,-0.094,-0.064
2025-12-08T23:21:10.560,0.004,-0.106,-0.11
2025-12-08T23:21:10.570,0.015,-0.1,-0.159
2025-12-08T23:21:10.580,0.023,-0.115,-0.153
2025-12-08T23:21:10.590,0.024,-0.13,-0.099
2025-12-08T23:21:10.600,0.016,-0.141,-0.042
2025-12-08T23:21:10.610,0.012,-0.159,0.003
2025-12-08T23:21:10.620,0.011,-0.154,0.02
2025-12-08T23:21:10.630,0.007,-0.153,0.008
2025-12-08T23:21:10.640,-0.004,-0.148,-0.025
2025-12-08T23:21:10.650,0.007,-0.141,-0.062
2025-12-08T23:21:10.660,0.023,-0.137,-0.1
2025-12-08T23:21:10.670,0.025,-0.124,-0.117
2025-12-08T23:21:10.680,0.03,-0.121,-0.099
2025-12-08T23:21:10.690,0.027,-0.125,-0.075
2025-12-08T23:21:10.700,0.02,-0.132,-0.055
2025-12-08T23:21:10.710,0.023,-0.134,-0.041
2025-12-08T23:21:10.720,0.035,-0.13,-0.017
2025-12-08T23:21:10.730,0.048,-0.126,0.012
2025-12-08T23:21:10.740,0.057,-0.119,0.027
2025-12-08T23:21:10.750,0.061,-0.124,0.02
2025-12-08T23:21:10.760,0.061,-0.134,-0.034
2025-12-08T23:21:10.770,0.06,-0.146,-0.086
2025-12-08T23:21:10.780,0.058,-0.155,-0.119
2025-12-08T23:21:10.790,0.05,-0.165,-0.142
2025-12-08T23:21:10.800,0.044,-0.18,-0.129
2025-12-08T23:21:10.810,0.032,-0.183,-0.098
2025-12-08T23:21:10.820,0.011,-0.191,-0.077
2025-12-08T23:21:10.830,-0.009,-0.197,-0.077
2025-12-08T23:21:10.840,-0.003,-0.189,-0.096
2025-12-08T23:21:10.850,0.02,-0.182,-0.123
2025-12-08T23:21:10.860,0.038,-0.173,-0.135
2025-12-08T23:21:10.870,0.068,-0.165,-0.128
2025-12-08T23:21:10.880,0.093,-0.156,-0.128
2025-12-08T23:21:10.890,0.104,-0.146,-0.112
2025-12-08T23:21:10.900,0.111,-0.151,-0.083
2025-12-08T23:21:10.910,0.104,-0.16,-0.052
2025-12-08T23:21:10.920,0.092,-0.163,-0.026
2025-12-08T23:21:10.930,0.081,-0.166,-0.032
2025-12-08T23:21:10.940,0.063,-0.175,-0.068
2025-12-08T23:21:10.950,0.043,-0.184,-0.11
2025-12-08T23:21:10.960,0.031,-0.185,-0.128
2025-12-08T23:21:10.970,0.04,-0.188,-0.137
2025-12-08T23:21:10.980,0.055,-0.201,-0.146
2025-12-08T23:21:10.990,0.068,-0.199,-0.14
2025-12-08T23:21:11.000,0.083,-0.194,-0.128
2025-12-08T23:21:11.010,0.081,-0.182,-0.12
2025-12-08T23:21:11.020,0.081,-0.163,-0.124
2025-12-08T23:21:11.030,0.095,-0.158,-0.135
2025-12-08T23:21:11.040,0.09,-0.144,-0.151
2025-12-08T23:21:11.050,0.079,-0.131,-0.137
2025-12-08T23:21:11.060,0.068,-0.134,-0.095
2025-12-08T23:21:11.070,0.049,-0.143,-0.075
2025-12-08T23:21:11.080,0.036,-0.153,-0.066
2025-12-08T23:21:11.090,0.037,-0.154,-0.078
2025-12-08T23:21:11.100,0.045,-0.162,-0.117
2025-12-08T23:21:11.110,0.037,-0.165,-0.158
2025-12-08T23:21:11.120,0.031,-0.145,-0.189
2025-12-08T23:21:11.130,0.032,-0.143,-0.198
2025-12-08T23:21:11.140,0.023,-0.152,-0.186
2025-12-08T23:21:11.150,0.023,-0.146,-0.157
2025-12-08T23:21:11.160,0.022,-0.144,-0.127
2025-12-08T23:21:11.170,0.021,-0.141,-0.124
2025-12-08T23:21:11.180,0.052,-0.141,-0.131
2025-12-08T23:21:11.190,0.073,-0.132,-0.147
2025-12-08T23:21:11.200,0.068,-0.115,-0.165
2025-12-08T23:21:11.210,0.071,-0.121,-0.161
2025-12-08T23:21:11.220,0.073,-0.12,-0.149
2025-12-08T23:21:11.230,0.07,-0.13,-0.135
2025-12-08T23:21:11.240,0.062,-0.136,-0.126
2025-12-08T23:21:11.250,0.054,-0.129,-0.134
2025-12-08T23:21:11.260,0.052,-0.148,-0.158
2025-12-08T23:21:11.270,0.057,-0.149,-0.182
2025-12-08T23:21:11.280,0.076,-0.148,-0.182
2025-12-08T23:21:11.290,0.094,-0.148,-0.166
2025-12-08T23:21:11.300,0.112,-0.122,-0.138
2025-12-08T23:21:11.310,0.138,-0.113,-0.107
2025-12-08T23:21:11.320,0.148,-0.092,-0.085
2025-12-08T23:21:11.330,0.153,-0.062,-0.069
2025-12-08T23:21:11.340,0.157,-0.055,-0.069
2025-12-08T23:21:11.350,0.141,-0.06,-0.092
2025-12-08T23:21:11.360,0.117,-0.079,-0.112
2025-12-08T23:21:11.370,0.102,-0.093,-0.144
2025-12-08T23:21:11.380,0.094,-0.102,-0.178
2025-12-08T23:21:11.390,0.089,-0.112,-0.18
2025-12-08T23:21:11.400,0.087,-0.112,-0.172
2025-12-08T23:21:11.410,0.078,-0.106,-0.154
2025-12-08T23:21:11.420,0.062,-0.096,-0.144
2025-12-08T23:21:11.430,0.066,-0.091,-0.16
2025-12-08T23:21:11.440,0.077,-0.082,-0.174
2025-12-08T23:21:11.450,0.077,-0.077,-0.168
2025-12-08T23:21:11.460,0.068,-0.084,-0.14
2025-12-08T23:21:11.470,0.063,-0.087,-0.127
2025-12-08T23:21:11.480,0.068,-0.08,-0.132
2025-12-08T23:21:11.490,0.071,-0.068,-0.131
2025-12-08T23:21:11.500,0.08,-0.07,-0.149
2025-12-08T23:21:11.510,0.085,-0.066,-0.153
2025-12-08T23:21:11.520,0.092,-0.057,-0.123
2025-12-08T23:21:11.530,0.107,-0.059,-0.105
2025-12-08T23:21:11.540,0.108,-0.063,-0.107
2025-12-08T23:21:11.550,0.105,-0.062,-0.125
2025-12-08T23:21:11.560,0.103,-0.059,-0.15
2025-12-08T23:21:11.570,0.09,-0.055,-0.164
2025-12-08T23:21:11.580,0.081,-0.046,-0.151
2025-12-08T23:21:11.590,0.078,-0.045,-0.109
2025-12-08T23:21:11.600,0.068,-0.035,-0.079
2025-12-08T23:21:11.610,0.068,-0.035,-0.073
2025-12-08T23:21:11.620,0.08,-0.041,-0.083
2025-12-08T23:21:11.630,0.078,-0.033,-0.105
2025-12-08T23:21:11.640,0.072,-0.039,-0.116
2025-12-08T23:21:11.650,0.068,-0.041,-0.12
2025-12-08T23:21:11.660,0.064,-0.045,-0.126
2025-12-08T23:21:11.670,0.048,-0.042,-0.115
2025-12-08T23:21:11.680,0.046,-0.04,-0.087
2025-12-08T23:21:11.690,0.053,-0.052,-0.083
2025-12-08T23:21:11.700,0.044,-0.041,-0.097
2025-12-08T23:21:11.710,0.05,-0.046,-0.107
2025-12-08T23:21:11.720,0.046,-0.055,-0.115
2025-12-08T23:21:11.730,0.037,-0.054,-0.1
2025-12-08T23:21:11.740,0.05,-0.054,-0.096
2025-12-08T23:21:11.750,0.061,-0.041,-0.119
2025-12-08T23:21:11.760,0.063,-0.027,-0.13
2025-12-08T23:21:11.770,0.052,-0.012,-0.114
2025-12-08T23:21:11.780,0.04,-0.01,-0.091
2025-12-08T23:21:11.790,0.021,-0.021,-0.102
2025-12-08T23:21:11.800,0.011,-0.04,-0.144
2025-12-08T23:21:11.810,0.018,-0.057,-0.188
2025-12-08T23:21:11.820,0.004,-0.054,-0.193
2025-12-08T23:21:11.830,0.003,-0.039,-0.166
2025-12-08T23:21:11.840,0.027,-0.028,-0.133
2025-12-08T23:21:11.850,0.038,-0.019,-0.103
2025-12-08T23:21:11.860,0.047,-0.016,-0.083
2025-12-08T23:21:11.870,0.054,-0.025,-0.046
2025-12-08T23:21:11.880,0.057,-0.023,-0.018
2025-12-08T23:21:11.890,0.057,-0.021,-0.012
2025-12-08T23:21:11.900,0.046,-0.013,-0.031
2025-12-08T23:21:11.910,0.034,0.005,-0.082
2025-12-08T23:21:11.920,0.025,0.007,-0.127
2025-12-08T23:21:11.930,0.03,0.011,-0.155
2025-12-08T23:21:11.940,0.045,0.004,-0.154
2025-12-08T23:21:11.950,0.04,-0.004,-0.094
2025-12-08T23:21:11.960,0.032,-0.007,-0.004
2025-12-08T23:21:11.970,0.041,-0.018,0.031
2025-12-08T23:21:11.980,0.05,-0.005,-0.014
2025-12-08T23:21:11.990,0.074,0.007,-0.09
2025-12-08T23:21:12.000,0.086,0.012,-0.157
2025-12-08T23:21:12.010,0.063,0.014,-0.157
2025-12-08T23:21:12.020,0.048,-0.01,-0.1
2025-12-08T23:21:12.030,0.038,-0.02,-0.06
2025-12-08T23:21:12.040,0.029,-0.016,-0.059
2025-12-08T23:21:12.050,0.027,-0.012,-0.083
2025-12-08T23:21:12.060,0.021,-0.005,-0.116
2025-12-08T23:21:12.070,0.018,-0.007,-0.136
2025-12-08T23:21:12.080,0.025,0.003,-0.137
2025-12-08T23:21:12.090,0.046,0.018,-0.143
2025-12-08T23:21:12.100,0.064,0.023,-0.149
2025-12-08T23:21:12.110,0.063,0.027,-0.126
2025-12-08T23:21:12.120,0.064,0.029,-0.096
2025-12-08T23:21:12.130,0.064,0.023,-0.088
2025-12-08T23:21:12.140,0.063,0.018,-0.077
2025-12-08T23:21:12.150,0.058,0.018,-0.048
2025-12-08T23:21:12.160,0.045,0.014,-0.023
2025-12-08T23:21:12.170,0.036,0.012,-0.012
2025-12-08T23:21:12.180,0.043,0.01,-0.015
2025-12-08T23:21:12.190,0.055,0.009,-0.061
2025-12-08T23:21:12.200,0.057,0.013,-0.111
2025-12-08T23:21:12.210,0.059,0.029,-0.123
2025-12-08T23:21:12.220,0.061,0.049,-0.115
2025-12-08T23:21:12.230,0.055,0.062,-0.081
2025-12-08T23:21:12.240,0.055,0.073,-0.063
2025-12-08T23:21:12.250,0.055,0.066,-0.059
2025-12-08T23:21:12.260,0.043,0.057,-0.04
2025-12-08T23:21:12.270,0.032,0.059,-0.006
2025-12-08T23:21:12.280,0.036,0.066,0.015
2025-12-08T23:21:12.290,0.053,0.062,-0.018
2025-12-08T23:21:12.300,0.068,0.051,-0.056
2025-12-08T23:21:12.310,0.066,0.045,-0.068
2025-12-08T23:21:12.320,0.051,0.026,-0.051
2025-12-08T23:21:12.330,0.033,0.026,-0.029
2025-12-08T23:21:12.340,0.018,0.032,-0.043
2025-12-08T23:21:12.350,0.012,0.025,-0.103
2025-12-08T23:21:12.360,0.009,0.027,-0.166
2025-12-08T23:21:12.370,0.016,0.02,-0.189
2025-12-08T23:21:12.380,0.027,0.02,-0.189
2025-12-08T23:21:12.390,0.04,0.027,-0.143
2025-12-08T23:21:12.400,0.064,0.026,-0.072
2025-12-08T23:21:12.410,0.082,0.022,-0.013
2025-12-08T23:21:12.420,0.089,0.024,0.038
2025-12-08T23:21:12.430,0.088,0.027,0.055
2025-12-08T23:21:12.440,0.076,0.021,0.043
2025-12-08T23:21:12.450,0.05,0.029,0.024
2025-12-08T23:21:12.460,0.031,0.03,-0.005
2025-12-08T23:21:12.470,0.025,0.028,-0.064
2025-12-08T23:21:12.480,0.014,0.036,-0.118
2025-12-08T23:21:12.490,0.018,0.033,-0.134
2025-12-08T23:21:12.500,0.032,0.027,-0.12
2025-12-08T23:21:12.510,0.032,0.029,-0.074
2025-12-08T23:21:12.520,0.034,0.031,-0.025
2025-12-08T23:21:12.530,0.041,0.026,0.007
2025-12-08T23:21:12.540,0.046,0.027,0.024
2025-12-08T23:21:12.550,0.061,0.03,0.028
2025-12-08T23:21:12.560,0.092,0.031,0.007
2025-12-08T23:21:12.570,0.098,0.04,-0.025
2025-12-08T23:21:12.580,0.081,0.042,-0.02
2025-12-08T23:21:12.590,0.075,0.036,-0.011
2025-12-08T23:21:12.600,0.062,0.039,-0.03
2025-12-08T23:21:12.610,0.064,0.037,-0.059
2025-12-08T23:21:12.620,0.075,0.027,-0.078
2025-12-08T23:21:12.630,0.069,0.02,-0.076
2025-12-08T23:21:12.640,0.063,0.006,-0.057
2025-12-08T23:21:12.650,0.066,-0.002,-0.051
2025-12-08T23:21:12.660,0.073,-0.001,-0.08
2025-12-08T23:21:12.670,0.076,-0.004,-0.092
2025-12-08T23:21:12.680,0.085,0.0,-0.066
2025-12-08T23:21:12.690,0.093,0.0,-0.021
2025-12-08T23:21:12.700,0.1,0.007,0.027
2025-12-08T23:21:12.710,0.118,0.013,0.032
2025-12-08T23:21:12.720,0.125,0.009,0.003
2025-12-08T23:21:12.730,0.125,0.005,-0.023
2025-12-08T23:21:12.740,0.124,-0.005,-0.044
2025-12-08T23:21:12.750,0.119,-0.003,-0.051
2025-12-08T23:21:12.760,0.109,0.003,-0.041
2025-12-08T23:21:12.770,0.101,-0.006,-0.029
2025-12-08T23:21:12.780,0.102,-0.011,-0.02
2025-12-08T23:21:12.790,0.105,-0.012,-0.02
2025-12-08T23:21:12.800,0.12,-0.009,-0.027
2025-12-08T23:21:12.810,0.138,-0.011,-0.026
2025-12-08T23:21:12.820,0.131,-0.004,-0.018
2025-12-08T23:21:12.830,0.134,0.001,-0.002
2025-12-08T23:21:12.840,0.145,0.001,0.014
2025-12-08T23:21:12.850,0.139,0.011,0.004
2025-12-08T23:21:12.860,0.146,0.005,-0.009
2025-12-08T23:21:12.870,0.143,0.009,-0.015
2025-12-08T23:21:12.880,0.124,0.005,-0.026
2025-12-08T23:21:12.890,0.115,-0.012,-0.022
2025-12-08T23:21:12.900,0.105,-0.008,-0.027
2025-12-08T23:21:12.910,0.107,-0.024,-0.058
2025-12-08T23:21:12.920,0.112,-0.031,-0.091
2025-12-08T23:21:12.930,0.108,-0.012,-0.092
2025-12-08T23:21:12.940,0.109,-0.01,-0.059
2025-12-08T23:21:12.950,0.113,-0.016,-0.015
2025-12-08T23:21:12.960,0.128,-0.015,0.01
2025-12-08T23:21:12.970,0.143,-0.016,-0.001
2025-12-08T23:21:12.980,0.147,-0.007,-0.018
2025-12-08T23:21:12.990,0.152,0.004,-0.009
2025-12-08T23:21:13.000,0.148,-0.005,0.007
2025-12-08T23:21:13.010,0.137,-0.013,0.004
2025-12-08T23:21:13.020,0.137,-0.026,0.004
2025-12-08T23:21:13.030,0.14,-0.023,0.003
2025-12-08T23:21:13.040,0.134,-0.012,0.0
2025-12-08T23:21:13.050,0.137,-0.021,0.002
2025-12-08T23:21:13.060,0.147,-0.01,-0.026
2025-12-08T23:21:13.070,0.153,-0.007,-0.051
2025-12-08T23:21:13.080,0.159,-0.01,-0.045
2025-12-08T23:21:13.090,0.171,-0.011,-0.03
2025-12-08T23:21:13.100,0.179,-0.014,-0.019
2025-12-08T23:21:13.110,0.194,0.0,-0.007
2025-12-08T23:21:13.120,0.211,0.007,0.012
2025-12-08T23:21:13.130,0.2,0.011,0.028
2025-12-08T23:21:13.140,0.194,0.008,0.038
2025-12-08T23:21:13.150,0.196,0.009,0.028
2025-12-08T23:21:13.160,0.183,0.006,-0.005
2025-12-08T23:21:13.170,0.177,-0.014,-0.022
2025-12-08T23:21:13.180,0.168,-0.016,-0.016
2025-12-08T23:21:13.190,0.16,-0.03,-0.017
2025-12-08T23:21:13.200,0.162,-0.036,-0.027
2025-12-08T23:21:13.210,0.176,-0.03,-0.047
2025-12-08T23:21:13.220,0.192,-0.019,-0.08
2025-12-08T23:21:13.230,0.197,0.003,-0.076
2025-12-08T23:21:13.240,0.207,0.006,-0.055
2025-12-08T23:21:13.250,0.209,-0.001,-0.039
2025-12-08T23:21:13.260,0.209,-0.025,-0.001
2025-12-08T23:21:13.270,0.212,-0.035,0.018
2025-12-08T23:21:13.280,0.223,-0.041,0.016
2025-12-08T23:21:13.290,0.233,-0.054,-0.004
2025-12-08T23:21:13.300,0.237,-0.054,-0.037
2025-12-08T23:21:13.310,0.248,-0.065,-0.062
2025-12-08T23:21:13.320,0.241,-0.062,-0.062
2025-12-08T23:21:13.330,0.243,-0.061,-0.037
2025-12-08T23:21:13.340,0.255,-0.058,-0.022
2025-12-08T23:21:13.350,0.237,-0.034,-0.015
2025-12-08T23:21:13.360,0.23,-0.027,-0.024
2025-12-08T23:21:13.370,0.221,-0.023,-0.042
2025-12-08T23:21:13.380,0.207,-0.022,-0.044
2025-12-08T23:21:13.390,0.207,-0.025,-0.018
2025-12-08T23:21:13.400,0.204,-0.027,0.027
2025-12-08T23:21:13.410,0.21,-0.047,0.067
2025-12-08T23:21:13.420,0.222,-0.058,0.085
2025-12-08T23:21:13.430,0.248,-0.061,0.055
2025-12-08T23:21:13.440,0.273,-0.061,-0.004
2025-12-08T23:21:13.450,0.273,-0.048,-0.045
2025-12-08T23:21:13.460,0.266,-0.039,-0.052
2025-12-08T23:21:13.470,0.248,-0.03,-0.043
2025-12-08T23:21:13.480,0.232,-0.023,-0.027
2025-12-08T23:21:13.490,0.226,-0.013,-0.024
2025-12-08T23:21:13.500,0.215,-0.01,-0.025
2025-12-08T23:21:13.510,0.197,-0.014,0.007
2025-12-08T23:21:13.520,0.187,-0.009,0.043
2025-12-08T23:21:13.530,0.194,-0.014,0.056
2025-12-08T23:21:13.540,0.207,-0.021,0.033
2025-12-08T23:21:13.550,0.227,-0.031,-0.023
2025-12-08T23:21:13.560,0.241,-0.039,-0.065
2025-12-08T23:21:13.570,0.236,-0.037,-0.073
2025-12-08T23:21:13.580,0.241,-0.043,-0.052
2025-12-08T23:21:13.590,0.251,-0.041,-0.028
2025-12-08T23:21:13.600,0.248,-0.026,-0.001
2025-12-08T23:21:13.610,0.238,-0.012,0.027
2025-12-08T23:21:13.620,0.229,0.002,0.031
2025-12-08T23:21:13.630,0.219,0.009,0.022
2025-12-08T23:21:13.640,0.218,0.014,0.017
2025-12-08T23:21:13.650,0.213,0.018,0.029
2025-12-08T23:21:13.660,0.2,-0.0,0.049
2025-12-08T23:21:13.670,0.197,-0.024,0.066
2025-12-08T23:21:13.680,0.195,-0.025,0.073
2025-12-08T23:21:13.690,0.197,-0.032,0.038
2025-12-08T23:21:13.700,0.195,-0.036,0.001
2025-12-08T23:21:13.710,0.193,-0.03,-0.025
2025-12-08T23:21:13.720,0.186,-0.025,-0.065
2025-12-08T23:21:13.730,0.174,-0.013,-0.07
2025-12-08T23:21:13.740,0.184,-0.0,-0.044
2025-12-08T23:21:13.750,0.185,0.016,-0.007
2025-12-08T23:21:13.760,0.18,0.029,0.057
2025-12-08T23:21:13.770,0.184,0.037,0.11
2025-12-08T23:21:13.780,0.189,0.039,0.127
2025-12-08T23:21:13.790,0.193,0.03,0.113
2025-12-08T23:21:13.800,0.193,0.029,0.069
2025-12-08T23:21:13.810,0.195,0.019,0.005
2025-12-08T23:21:13.820,0.178,0.012,-0.04
2025-12-08T23:21:13.830,0.157,0.009,-0.049
2025-12-08T23:21:13.840,0.146,-0.013,-0.051
2025-12-08T23:21:13.850,0.121,-0.021,-0.055
2025-12-08T23:21:13.860,0.111,-0.023,-0.041
2025-12-08T23:21:13.870,0.105,-0.023,-0.015
2025-12-08T23:21:13.880,0.092,-0.012,0.019
2025-12-08T23:21:13.890,0.091,-0.008,0.059
2025-12-08T23:21:13.900,0.087,0.003,0.068
2025-12-08T23:21:13.910,0.084,0.009,0.052
2025-12-08T23:21:13.920,0.082,0.013,0.049
2025-12-08T23:21:13.930,0.089,0.024,0.038
2025-12-08T23:21:13.940,0.109,0.018,0.014
2025-12-08T23:21:13.950,0.121,0.014,0.004
2025-12-08T23:21:13.960,0.135,0.018,0.008
2025-12-08T23:21:13.970,0.129,0.014,0.038
2025-12-08T23:21:13.980,0.103,0.014,0.082
2025-12-08T23:21:13.990,0.092,0.008,0.091
2025-12-08T23:21:14.000,0.075,-0.0,0.053
2025-12-08T23:21:14.010,0.059,0.0,0.004
2025-12-08T23:21:14.020,0.049,0.002,-0.01
2025-12-08T23:21:14.030,0.041,0.004,0.011
2025-12-08T23:21:14.040,0.037,0.002,0.056
2025-12-08T23:21:14.050,0.041,0.004,0.075
2025-12-08T23:21:14.060,0.054,0.003,0.043
2025-12-08T23:21:14.070,0.055,-0.006,0.003
2025-12-08T23:21:14.080,0.058,-0.007,-0.025
2025-12-08T23:21:14.090,0.067,-0.009,-0.014
2025-12-08T23:21:14.100,0.063,-0.001,0.027
2025-12-08T23:21:14.110,0.052,0.011,0.075
2025-12-08T23:21:14.120,0.03,0.011,0.112
2025-12-08T23:21:14.130,0.008,0.004,0.096
2025-12-08T23:21:14.140,-0.003,-0.004,0.061
2025-12-08T23:21:14.150,-0.009,-0.003,0.033
2025-12-08T23:21:14.160,-0.021,-0.005,0.029
2025-12-08T23:21:14.170,-0.033,-0.018,0.043
2025-12-08T23:21:14.180,-0.03,-0.043,0.042
2025-12-08T23:21:14.190,-0.036,-0.074,0.048
2025-12-08T23:21:14.200,-0.044,-0.093,0.066
2025-12-08T23:21:14.210,-0.044,-0.091,0.079
2025-12-08T23:21:14.220,-0.048,-0.079,0.07
2025-12-08T23:21:14.230,-0.041,-0.068,0.043
2025-12-08T23:21:14.240,-0.042,-0.046,0.012
2025-12-08T23:21:14.250,-0.065,-0.021,-0.013
2025-12-08T23:21:14.260,-0.078,-0.007,-0.011
2025-12-08T23:21:14.270,-0.08,-0.01,0.008
2025-12-08T23:21:14.280,-0.098,-0.021,0.028
2025-12-08T23:21:14.290,-0.121,-0.037,0.05
2025-12-08T23:21:14.300,-0.132,-0.051,0.062
2025-12-08T23:21:14.310,-0.143,-0.064,0.05
2025-12-08T23:21:14.320,-0.142,-0.087,0.027
2025-12-08T23:21:14.330,-0.13,-0.088,0.004
2025-12-08T23:21:14.340,-0.121,-0.08,-0.015
2025-12-08T23:21:14.350,-0.11,-0.086,-0.027
2025-12-08T23:21:14.360,-0.104,-0.081,-0.011
2025-12-08T23:21:14.370,-0.116,-0.058,0.034
2025-12-08T23:21:14.380,-0.12,-0.05,0.048
2025-12-08T23:21:14.390,-0.119,-0.052,0.059
2025-12-08T23:21:14.400,-0.142,-0.016,0.105
2025-12-08T23:21:14.410,-0.152,-0.014,0.111
2025-12-08T23:21:14.420,-0.157,-0.045,0.089
2025-12-08T23:21:14.430,-0.178,-0.036,0.099
2025-12-08T23:21:14.440,-0.182,-0.061,0.085
2025-12-08T23:21:14.450,-0.184,-0.084,0.063
2025-12-08T23:21:14.460,-0.184,-0.067,0.077
2025-12-08T23:21:14.470,-0.18,-0.103,0.04
2025-12-08T23:21:14.480,-0.194,-0.139,0.004
2025-12-08T23:21:14.490,-0.205,-0.138,0.027
2025-12-08T23:21:14.500,-0.207,-0.153,0.008
2025-12-08T23:21:14.510,-0.215,-0.143,0.003
2025-12-08T23:21:14.520,-0.23,-0.105,0.03
2025-12-08T23:21:14.530,-0.253,-0.091,0.018
2025-12-08T23:21:14.540,-0.271,-0.078,0.03
2025-12-08T23:21:14.550,-0.273,-0.051,0.062
2025-12-08T23:21:14.560,-0.261,-0.054,0.062
2025-12-08T23:21:14.570,-0.246,-0.074,0.073
2025-12-08T23:21:14.580,-0.241,-0.072,0.098
2025-12-08T23:21:14.590,-0.243,-0.082,0.07
2025-12-08T23:21:14.600,-0.252,-0.095,0.03
2025-12-08T23:21:14.610,-0.267,-0.098,0.019
2025-12-08T23:21:14.620,-0.28,-0.113,-0.002
2025-12-08T23:21:14.630,-0.3,-0.122,0.008
2025-12-08T23:21:14.640,-0.307,-0.125,0.039
2025-12-08T23:21:14.650,-0.289,-0.141,0.043
2025-12-08T23:21:14.660,-0.279,-0.143,0.048
2025-12-08T23:21:14.670,-0.269,-0.132,0.061
2025-12-08T23:21:14.680,-0.258,-0.132,0.057
2025-12-08T23:21:14.690,-0.245,-0.138,0.045
2025-12-08T23:21:14.700,-0.238,-0.128,0.057
2025-12-08T23:21:14.710,-0.24,-0.114,0.065
2025-12-08T23:21:14.720,-0.241,-0.112,0.071
2025-12-08T23:21:14.730,-0.266,-0.091,0.121
2025-12-08T23:21:14.740,-0.286,-0.079,0.152
2025-12-08T23:21:14.750,-0.305,-0.089,0.143
2025-12-08T23:21:14.760,-0.33,-0.095,0.117
2025-12-08T23:21:14.770,-0.322,-0.13,0.073
2025-12-08T23:21:14.780,-0.314,-0.161,0.05
2025-12-08T23:21:14.790,-0.308,-0.168,0.064
2025-12-08T23:21:14.800,-0.293,-0.17,0.082
2025-12-08T23:21:14.810,-0.284,-0.161,0.088
2025-12-08T23:21:14.820,-0.278,-0.15,0.1
2025-12-08T23:21:14.830,-0.278,-0.138,0.118
2025-12-08T23:21:14.840,-0.282,-0.132,0.116
2025-12-08T23:21:14.850,-0.284,-0.134,0.094
2025-12-08T23:21:14.860,-0.273,-0.124,0.059
2025-12-08T23:21:14.870,-0.263,-0.115,0.015
2025-12-08T23:21:14.880,-0.268,-0.111,-0.012
2025-12-08T23:21:14.890,-0.275,-0.107,0.012
2025-12-08T23:21:14.900,-0.286,-0.111,0.054
2025-12-08T23:21:14.910,-0.31,-0.118,0.077
2025-12-08T23:21:14.920,-0.321,-0.126,0.085
2025-12-08T23:21:14.930,-0.321,-0.125,0.064
2025-12-08T23:21:14.940,-0.32,-0.123,0.045
2025-12-08T23:21:14.950,-0.315,-0.122,0.062
2025-12-08T23:21:14.960,-0.314,-0.124,0.091
2025-12-08T23:21:14.970,-0.305,-0.136,0.106
2025-12-08T23:21:14.980,-0.284,-0.13,0.1
2025-12-08T23:21:14.990,-0.251,-0.12,0.092
2025-12-08T23:21:15.000,-0.223,-0.115,0.084
2025-12-08T23:21:15.010,-0.212,-0.107,0.108
2025-12-08T23:21:15.020,-0.2,-0.107,0.161
2025-12-08T23:21:15.030,-0.203,-0.112,0.191
2025-12-08T23:21:15.040,-0.211,-0.116,0.201
2025-12-08T23:21:15.050,-0.198,-0.114,0.161
2025-12-08T23:21:15.060,-0.196,-0.107,0.091
2025-12-08T23:21:15.070,-0.202,-0.093,0.041
2025-12-08T23:21:15.080,-0.198,-0.084,0.019
2025-12-08T23:21:15.090,-0.21,-0.079,0.036
2025-12-08T23:21:15.100,-0.23,-0.082,0.083
2025-12-08T23:21:15.110,-0.241,-0.089,0.117
2025-12-08T23:21:15.120,-0.25,-0.082,0.105
2025-12-08T23:21:15.130,-0.254,-0.089,0.087
2025-12-08T23:21:15.140,-0.244,-0.094,0.078
2025-12-08T23:21:15.150,-0.232,-0.098,0.066
2025-12-08T23:21:15.160,-0.232,-0.1,0.071
2025-12-08T23:21:15.170,-0.215,-0.099,0.089
2025-12-08T23:21:15.180,-0.196,-0.102,0.103
2025-12-08T23:21:15.190,-0.191,-0.091,0.104
2025-12-08T23:21:15.200,-0.177,-0.093,0.104
2025-12-08T23:21:15.210,-0.182,-0.08,0.085
2025-12-08T23:21:15.220,-0.204,-0.064,0.058
2025-12-08T23:21:15.230,-0.216,-0.064,0.057
2025-12-08T23:21:15.240,-0.223,-0.051,0.035
2025-12-08T23:21:15.250,-0.234,-0.048,0.019
2025-12-08T23:21:15.260,-0.228,-0.05,0.033
2025-12-08T23:21:15.270,-0.198,-0.072,0.045
2025-12-08T23:21:15.280,-0.177,-0.091,0.065
2025-12-08T23:21:15.290,-0.147,-0.096,0.084
2025-12-08T23:21:15.300,-0.118,-0.109,0.094
2025-12-08T23:21:15.310,-0.114,-0.096,0.094
2025-12-08T23:21:15.320,-0.11,-0.078,0.092
2025-12-08T23:21:15.330,-0.114,-0.066,0.084
2025-12-08T23:21:15.340,-0.121,-0.059,0.076
2025-12-08T23:21:15.350,-0.135,-0.043,0.088
2025-12-08T23:21:15.360,-0.137,-0.032,0.097
2025-12-08T23:21:15.370,-0.127,-0.038,0.103
2025-12-08T23:21:15.380,-0.13,-0.031,0.097
2025-12-08T23:21:15.390,-0.12,-0.045,0.078
2025-12-08T23:21:15.400,-0.11,-0.061,0.067
2025-12-08T23:21:15.410,-0.102,-0.069,0.053
2025-12-08T23:21:15.420,-0.091,-0.083,0.053
2025-12-08T23:21:15.430,-0.089,-0.084,0.052
2025-12-08T23:21:15.440,-0.088,-0.084,0.042
2025-12-08T23:21:15.450,-0.09,-0.069,0.043
2025-12-08T23:21:15.460,-0.084,-0.055,0.019
2025-12-08T23:21:15.470,-0.087,-0.043,-0.028
2025-12-08T23:21:15.480,-0.094,-0.03,-0.05
2025-12-08T23:21:15.490,-0.089,-0.035,-0.042
2025-12-08T23:21:15.500,-0.092,-0.037,-0.005
2025-12-08T23:21:15.510,-0.081,-0.039,0.063
2025-12-08T23:21:15.520,-0.061,-0.028,0.109
2025-12-08T23:21:15.530,-0.049,-0.02,0.1
2025-12-08T23:21:15.540,-0.037,-0.016,0.055
2025-12-08T23:21:15.550,-0.029,0.004,0.006
2025-12-08T23:21:15.560,-0.029,0.011,-0.015
2025-12-08T23:21:15.570,-0.029,0.01,0.022
2025-12-08T23:21:15.580,-0.029,0.008,0.082
2025-12-08T23:21:15.590,-0.024,-0.009,0.109
2025-12-08T23:21:15.600,-0.019,-0.02,0.125
2025-12-08T23:21:15.610,-0.008,0.002,0.122
2025-12-08T23:21:15.620,0.007,0.018,0.077
2025-12-08T23:21:15.630,0.007,0.018,0.048
2025-12-08T23:21:15.640,0.009,0.025,0.063
2025-12-08T23:21:15.650,0.008,0.032,0.084
2025-12-08T23:21:15.660,0.008,0.03,0.083
2025-12-08T23:21:15.670,0.022,0.032,0.066
2025-12-08T23:21:15.680,0.027,0.031,0.014
2025-12-08T23:21:15.690,0.019,0.027,-0.011
2025-12-08T23:21:15.700,0.018,0.04,0.045
2025-12-08T23:21:15.710,0.032,0.046,0.087
2025-12-08T23:21:15.720,0.036,0.053,0.091
2025-12-08T23:21:15.730,0.037,0.073,0.085
2025-12-08T23:21:15.740,0.046,0.077,0.058
2025-12-08T23:21:15.750,0.031,0.086,0.043
2025-12-08T23:21:15.760,0.022,0.086,0.053
2025-12-08T23:21:15.770,0.024,0.073,0.063
2025-12-08T23:21:15.780,0.017,0.068,0.07
2025-12-08T23:21:15.790,0.014,0.062,0.081
2025-12-08T23:21:15.800,0.018,0.062,0.062
2025-12-08T23:21:15.810,0.024,0.059,0.03
2025-12-08T23:21:15.820,0.039,0.073,0.007
2025-12-08T23:21:15.830,0.058,0.096,-0.023
2025-12-08T23:21:15.840,0.06,0.113,-0.016
2025-12-08T23:21:15.850,0.066,0.126,0.006
2025-12-08T23:21:15.860,0.075,0.124,0.019
2025-12-08T23:21:15.870,0.063,0.132,0.036
2025-12-08T23:21:15.880,0.055,0.129,0.045
2025-12-08T23:21:15.890,0.058,0.122,0.063
2025-12-08T23:21:15.900,0.061,0.124,0.083
2025-12-08T23:21:15.910,0.072,0.128,0.098
2025-12-08T23:21:15.920,0.1,0.134,0.077
2025-12-08T23:21:15.930,0.118,0.127,0.02
2025-12-08T23:21:15.940,0.12,0.127,-0.005
2025-12-08T23:21:15.950,0.131,0.13,0.018
2025-12-08T23:21:15.960,0.134,0.137,0.041
2025-12-08T23:21:15.970,0.131,0.146,0.066
2025-12-08T23:21:15.980,0.129,0.168,0.1
2025-12-08T23:21:15.990,0.119,0.201,0.101
2025-12-08T23:21:16.000,0.109,0.212,0.097
2025-12-08T23:21:16.010,0.112,0.216,0.077
2025-12-08T23:21:16.020,0.12,0.207,0.054
2025-12-08T23:21:16.030,0.112,0.194,0.064
2025-12-08T23:21:16.040,0.096,0.182,0.063
2025-12-08T23:21:16.050,0.091,0.176,0.048
2025-12-08T23:21:16.060,0.083,0.182,-0.003
2025-12-08T23:21:16.070,0.077,0.182,-0.053
2025-12-08T23:21:16.080,0.085,0.191,-0.077
2025-12-08T23:21:16.090,0.077,0.204,-0.07
2025-12-08T23:21:16.100,0.075,0.212,-0.04
2025-12-08T23:21:16.110,0.101,0.206,-0.026
2025-12-08T23:21:16.120,0.107,0.19,-0.01
2025-12-08T23:21:16.130,0.114,0.177,0.007
2025-12-08T23:21:16.140,0.118,0.172,0.044
2025-12-08T23:21:16.150,0.103,0.172,0.073
2025-12-08T23:21:16.160,0.096,0.166,0.073
2025-12-08T23:21:16.170,0.091,0.169,0.067
2025-12-08T23:21:16.180,0.089,0.178,0.045
2025-12-08T23:21:16.190,0.094,0.189,0.011
2025-12-08T23:21:16.200,0.104,0.205,-0.02
2025-12-08T23:21:16.210,0.105,0.21,-0.044
2025-12-08T23:21:16.220,0.096,0.207,-0.045
2025-12-08T23:21:16.230,0.1,0.216,-0.006
2025-12-08T23:21:16.240,0.108,0.223,0.036
2025-12-08T23:21:16.250,0.114,0.221,0.06
2025-12-08T23:21:16.260,0.115,0.232,0.08
2025-12-08T23:21:16.270,0.117,0.223,0.082
2025-12-08T23:21:16.280,0.118,0.209,0.062
2025-12-08T23:21:16.290,0.112,0.202,0.055
2025-12-08T23:21:16.300,0.106,0.196,0.073
2025-12-08T23:21:16.310,0.092,0.205,0.077
2025-12-08T23:21:16.320,0.075,0.21,0.058
2025-12-08T23:21:16.330,0.058,0.222,0.007
2025-12-08T23:21:16.340,0.039,0.231,-0.042
2025-12-08T23:21:16.350,0.028,0.231,-0.045
2025-12-08T23:21:16.360,0.033,0.231,-0.021
2025-12-08T23:21:16.370,0.04,0.213,0.005
2025-12-08T23:21:16.380,0.043,0.207,0.036
2025-12-08T23:21:16.390,0.05,0.207,0.07
2025-12-08T23:21:16.400,0.052,0.208,0.069
2025-12-08T23:21:16.410,0.06,0.22,0.054
2025-12-08T23:21:16.420,0.065,0.233,0.047
2025-12-08T23:21:16.430,0.053,0.236,0.057
2025-12-08T23:21:16.440,0.043,0.223,0.081
2025-12-08T23:21:16.450,0.037,0.214,0.071
2025-12-08T23:21:16.460,0.036,0.207,0.012
2025-12-08T23:21:16.470,0.022,0.214,-0.065
2025-12-08T23:21:16.480,0.002,0.227,-0.106
2025-12-08T23:21:16.490,-0.013,0.219,-0.11
2025-12-08T23:21:16.500,-0.028,0.206,-0.064
2025-12-08T23:21:16.510,-0.025,0.191,0.032
2025-12-08T23:21:16.520,-0.014,0.175,0.108
2025-12-08T23:21:16.530,0.0,0.173,0.15
2025-12-08T23:21:16.540,0.026,0.181,0.158
2025-12-08T23:21:16.550,0.053,0.202,0.123
2025-12-08T23:21:16.560,0.062,0.216,0.087
2025-12-08T23:21:16.570,0.056,0.227,0.078
2025-12-08T23:21:16.580,0.052,0.232,0.084
2025-12-08T23:21:16.590,0.045,0.227,0.093
2025-12-08T23:21:16.600,0.04,0.234,0.096
2025-12-08T23:21:16.610,0.042,0.225,0.082
2025-12-08T23:21:16.620,0.031,0.219,0.053
2025-12-08T23:21:16.630,0.02,0.212,0.046
2025-12-08T23:21:16.640,0.026,0.195,0.037
2025-12-08T23:21:16.650,0.021,0.204,0.023
2025-12-08T23:21:16.660,0.019,0.209,0.039
2025-12-08T23:21:16.670,0.02,0.212,0.062
2025-12-08T23:21:16.680,0.001,0.212,0.084
2025-12-08T23:21:16.690,-0.018,0.206,0.097
2025-12-08T23:21:16.700,-0.023,0.203,0.084
2025-12-08T23:21:16.710,-0.028,0.198,0.055
2025-12-08T23:21:16.720,-0.048,0.194,0.045
2025-12-08T23:21:16.730,-0.061,0.184,0.062
2025-12-08T23:21:16.740,-0.067,0.171,0.071
2025-12-08T23:21:16.750,-0.077,0.161,0.07
2025-12-08T23:21:16.760,-0.075,0.164,0.052
2025-12-08T23:21:16.770,-0.072,0.161,0.024
2025-12-08T23:21:16.780,-0.08,0.156,0.016
2025-12-08T23:21:16.790,-0.083,0.153,0.041
2025-12-08T23:21:16.800,-0.077,0.145,0.066
2025-12-08T23:21:16.810,-0.084,0.16,0.077
2025-12-08T23:21:16.820,-0.084,0.168,0.09
2025-12-08T23:21:16.830,-0.07,0.18,0.075
2025-12-08T23:21:16.840,-0.065,0.199,0.067
2025-12-08T23:21:16.850,-0.052,0.189,0.066
2025-12-08T23:21:16.860,-0.045,0.178,0.064
2025-12-08T23:21:16.870,-0.055,0.181,0.09
2025-12-08T23:21:16.880,-0.057,0.178,0.09
2025-12-08T23:21:16.890,-0.042,0.157,0.07
2025-12-08T23:21:16.900,-0.039,0.162,0.041
2025-12-08T23:21:16.910,-0.054,0.17,0.042
2025-12-08T23:21:16.920,-0.068,0.17,0.086
2025-12-08T23:21:16.930,-0.094,0.174,0.137
2025-12-08T23:21:16.940,-0.11,0.166,0.189
2025-12-08T23:21:16.950,-0.108,0.171,0.182
2025-12-08T23:21:16.960,-0.12,0.169,0.143
2025-12-08T23:21:16.970,-0.121,0.171,0.092
2025-12-08T23:21:16.980,-0.101,0.181,0.048
2025-12-08T23:21:16.990,-0.091,0.191,0.032
2025-12-08T23:21:17.000,-0.095,0.196,0.037
2025-12-08T23:21:17.010,-0.109,0.173,0.089
2025-12-08T23:21:17.020,-0.132,0.152,0.134
2025-12-08T23:21:17.030,-0.147,0.13,0.156
2025-12-08T23:21:17.040,-0.148,0.12,0.15
2025-12-08T23:21:17.050,-0.154,0.125,0.106
2025-12-08T23:21:17.060,-0.172,0.127,0.071
2025-12-08T23:21:17.070,-0.175,0.127,0.032
2025-12-08T23:21:17.080,-0.167,0.127,-0.005
2025-12-08T23:21:17.090,-0.161,0.148,-0.017
2025-12-08T23:21:17.100,-0.14,0.158,0.0
2025-12-08T23:21:17.110,-0.131,0.167,0.043
2025-12-08T23:21:17.120,-0.132,0.17,0.085
2025-12-08T23:21:17.130,-0.121,0.16,0.108
2025-12-08T23:21:17.140,-0.118,0.166,0.108
2025-12-08T23:21:17.150,-0.121,0.169,0.099
2025-12-08T23:21:17.160,-0.122,0.168,0.106
2025-12-08T23:21:17.170,-0.115,0.159,0.121
2025-12-08T23:21:17.180,-0.111,0.155,0.124
2025-12-08T23:21:17.190,-0.098,0.164,0.11
2025-12-08T23:21:17.200,-0.079,0.169,0.094
2025-12-08T23:21:17.210,-0.081,0.17,0.097
2025-12-08T23:21:17.220,-0.087,0.157,0.114
2025-12-08T23:21:17.230,-0.091,0.144,0.13
2025-12-08T23:21:17.240,-0.097,0.128,0.13
2025-12-08T23:21:17.250,-0.102,0.115,0.121
2025-12-08T23:21:17.260,-0.095,0.106,0.121
2025-12-08T23:21:17.270,-0.074,0.099,0.115
2025-12-08T23:21:17.280,-0.061,0.107,0.118
2025-12-08T23:21:17.290,-0.043,0.11,0.119
2025-12-08T23:21:17.300,-0.037,0.116,0.111
2025-12-08T23:21:17.310,-0.048,0.121,0.101
2025-12-08T23:21:17.320,-0.054,0.13,0.091
2025-12-08T23:21:17.330,-0.064,0.141,0.082
2025-12-08T23:21:17.340,-0.082,0.139,0.066
2025-12-08T23:21:17.350,-0.096,0.138,0.071
2025-12-08T23:21:17.360,-0.094,0.137,0.084
2025-12-08T23:21:17.370,-0.088,0.131,0.076
2025-12-08T23:21:17.380,-0.08,0.118,0.078
2025-12-08T23:21:17.390,-0.062,0.099,0.085
2025-12-08T23:21:17.400,-0.047,0.077,0.089
2025-12-08T23:21:17.410,-0.03,0.074,0.085
2025-12-08T23:21:17.420,-0.009,0.091,0.059
2025-12-08T23:21:17.430,-0.007,0.096,0.039
2025-12-08T23:21:17.440,-0.016,0.088,0.076
2025-12-08T23:21:17.450,-0.027,0.084,0.146
2025-12-08T23:21:17.460,-0.047,0.086,0.167
2025-12-08T23:21:17.470,-0.06,0.069,0.159
2025-12-08T23:21:17.480,-0.051,0.048,0.149
2025-12-08T23:21:17.490,-0.034,0.048,0.118
2025-12-08T23:21:17.500,-0.018,0.052,0.092
2025-12-08T23:21:17.510,0.004,0.054,0.057
2025-12-08T23:21:17.520,0.029,0.044,0.04
2025-12-08T23:21:17.530,0.037,0.06,0.084
2025-12-08T23:21:17.540,0.057,0.08,0.131
2025-12-08T23:21:17.550,0.08,0.084,0.136
2025-12-08T23:21:17.560,0.086,0.095,0.13
2025-12-08T23:21:17.570,0.093,0.084,0.155
2025-12-08T23:21:17.580,0.082,0.083,0.176
2025-12-08T23:21:17.590,0.062,0.079,0.166
2025-12-08T23:21:17.600,0.05,0.075,0.159
2025-12-08T23:21:17.610,0.037,0.089,0.138
2025-12-08T23:21:17.620,0.029,0.083,0.093
2025-12-08T23:21:17.630,0.027,0.079,0.051
2025-12-08T23:21:17.640,0.036,0.063,0.015
2025-12-08T23:21:17.650,0.038,0.036,0.001
2025-12-08T23:21:17.660,0.037,0.016,0.033
2025-12-08T23:21:17.670,0.044,0.001,0.065
2025-12-08T23:21:17.680,0.055,-0.01,0.061
2025-12-08T23:21:17.690,0.077,-0.021,0.053
2025-12-08T23:21:17.700,0.09,-0.009,0.055
2025-12-08T23:21:17.710,0.096,0.007,0.07
2025-12-08T23:21:17.720,0.107,0.025,0.11
2025-12-08T23:21:17.730,0.109,0.032,0.145
2025-12-08T23:21:17.740,0.113,0.019,0.138
2025-12-08T23:21:17.750,0.11,0.023,0.114
2025-12-08T23:21:17.760,0.098,0.028,0.096
2025-12-08T23:21:17.770,0.096,0.014,0.078
2025-12-08T23:21:17.780,0.084,-0.006,0.069
2025-12-08T23:21:17.790,0.075,-0.024,0.065
2025-12-08T23:21:17.800,0.078,-0.047,0.072
2025-12-08T23:21:17.810,0.068,-0.051,0.095
2025-12-08T23:21:17.820,0.077,-0.045,0.125
2025-12-08T23:21:17.830,0.102,-0.033,0.117
2025-12-08T23:21:17.840,0.113,-0.014,0.068
2025-12-08T23:21:17.850,0.127,-0.02,0.045
2025-12-08T23:21:17.860,0.135,-0.011,0.046
2025-12-08T23:21:17.870,0.143,-0.004,0.067
2025-12-08T23:21:17.880,0.149,-0.02,0.098
2025-12-08T23:21:17.890,0.136,-0.028,0.117
2025-12-08T23:21:17.900,0.117,-0.051,0.13
2025-12-08T23:21:17.910,0.095,-0.041,0.125
2025-12-08T23:21:17.920,0.082,-0.03,0.076
2025-12-08T23:21:17.930,0.08,-0.052,0.002
2025-12-08T23:21:17.940,0.082,-0.047,-0.031
2025-12-08T23:21:17.950,0.088,-0.038,-0.026
2025-12-08T23:21:17.960,0.087,-0.048,-0.022
2025-12-08T23:21:17.970,0.11,-0.082,-0.017
2025-12-08T23:21:17.980,0.14,-0.102,0.011
2025-12-08T23:21:17.990,0.139,-0.099,0.057
2025-12-08T23:21:18.000,0.14,-0.109,0.094
2025-12-08T23:21:18.010,0.149,-0.101,0.106
2025-12-08T23:21:18.020,0.157,-0.086,0.104
2025-12-08T23:21:18.030,0.15,-0.07,0.11
2025-12-08T23:21:18.040,0.133,-0.066,0.088
2025-12-08T23:21:18.050,0.117,-0.075,0.03
2025-12-08T23:21:18.060,0.1,-0.072,-0.009
2025-12-08T23:21:18.070,0.098,-0.082,-0.011
2025-12-08T23:21:18.080,0.095,-0.097,-0.002
2025-12-08T23:21:18.090,0.093,-0.119,0.004
2025-12-08T23:21:18.100,0.102,-0.136,0.018
2025-12-08T23:21:18.110,0.103,-0.138,0.025
2025-12-08T23:21:18.120,0.12,-0.15,0.038
2025-12-08T23:21:18.130,0.15,-0.143,0.056
2025-12-08T23:21:18.140,0.174,-0.138,0.059
2025-12-08T23:21:18.150,0.181,-0.144,0.066
2025-12-08T23:21:18.160,0.175,-0.141,0.089
2025-12-08T23:21:18.170,0.169,-0.146,0.105
2025-12-08T23:21:18.180,0.157,-0.152,0.097
2025-12-08T23:21:18.190,0.147,-0.155,0.064
2025-12-08T23:21:18.200,0.143,-0.161,0.013
2025-12-08T23:21:18.210,0.136,-0.166,-0.033
2025-12-08T23:21:18.220,0.128,-0.168,-0.057
2025-12-08T23:21:18.230,0.119,-0.171,-0.056
2025-12-08T23:21:18.240,0.095,-0.164,-0.043
2025-12-08T23:21:18.250,0.066,-0.151,-0.018
2025-12-08T23:21:18.260,0.056,-0.157,0.004
2025-12-08T23:21:18.270,0.047,-0.165,0.014
2025-12-08T23:21:18.280,0.036,-0.171,0.025
2025-12-08T23:21:18.290,0.052,-0.177,0.023
2025-12-08T23:21:18.300,0.071,-0.165,-0.003
2025-12-08T23:21:18.310,0.083,-0.16,-0.04
2025-12-08T23:21:18.320,0.089,-0.175,-0.052
2025-12-08T23:21:18.330,0.081,-0.175,-0.045
2025-12-08T23:21:18.340,0.071,-0.162,-0.033
2025-12-08T23:21:18.350,0.079,-0.162,-0.026
2025-12-08T23:21:18.360,0.089,-0.182,-0.051
2025-12-08T23:21:18.370,0.084,-0.208,-0.056
2025-12-08T23:21:18.380,0.084,-0.207,-0.021
2025-12-08T23:21:18.390,0.074,-0.195,0.026
2025-12-08T23:21:18.400,0.052,-0.187,0.045
2025-12-08T23:21:18.410,0.05,-0.19,0.034
2025-12-08T23:21:18.420,0.036,-0.19,0.022
2025-12-08T23:21:18.430,0.01,-0.178,0.001
2025-12-08T23:21:18.440,0.004,-0.187,-0.019
2025-12-08T23:21:18.450,0.017,-0.201,-0.054
2025-12-08T23:21:18.460,0.023,-0.214,-0.093
2025-12-08T23:21:18.470,0.014,-0.226,-0.12
2025-12-08T23:21:18.480,0.009,-0.237,-0.142
2025-12-08T23:21:18.490,0.011,-0.252,-0.141
2025-12-08T23:21:18.500,0.005,-0.252,-0.109
2025-12-08T23:21:18.510,-0.004,-0.247,-0.06
2025-12-08T23:21:18.520,-0.011,-0.243,-0.042
2025-12-08T23:21:18.530,-0.025,-0.239,-0.036
2025-12-08T23:21:18.540,-0.037,-0.227,-0.013
2025-12-08T23:21:18.550,-0.047,-0.21,-0.021
2025-12-08T23:21:18.560,-0.051,-0.202,-0.061
2025-12-08T23:21:18.570,-0.034,-0.202,-0.107
2025-12-08T23:21:18.580,-0.025,-0.2,-0.142
2025-12-08T23:21:18.590,-0.033,-0.196,-0.136
2025-12-08T23:21:18.600,-0.035,-0.201,-0.093
2025-12-08T23:21:18.610,-0.042,-0.216,-0.062
2025-12-08T23:21:18.620,-0.053,-0.235,-0.052
2025-12-08T23:21:18.630,-0.066,-0.243,-0.047
2025-12-08T23:21:18.640,-0.075,-0.24,-0.074
2025-12-08T23:21:18.650,-0.071,-0.244,-0.124
2025-12-08T23:21:18.660,-0.062,-0.231,-0.151
2025-12-08T23:21:18.670,-0.055,-0.221,-0.139
2025-12-08T23:21:18.680,-0.056,-0.224,-0.096
2025-12-08T23:21:18.690,-0.05,-0.217,-0.045
2025-12-08T23:21:18.700,-0.041,-0.217,-0.025
2025-12-08T23:21:18.710,-0.041,-0.218,-0.042
2025-12-08T23:21:18.720,-0.051,-0.217,-0.065
2025-12-08T23:21:18.730,-0.068,-0.219,-0.089
2025-12-08T23:21:18.740,-0.08,-0.223,-0.104
2025-12-08T23:21:18.750,-0.084,-0.234,-0.105
2025-12-08T23:21:18.760,-0.083,-0.229,-0.114
2025-12-08T23:21:18.770,-0.081,-0.225,-0.123
2025-12-08T23:21:18.780,-0.087,-0.245,-0.114
2025-12-08T23:21:18.790,-0.089,-0.26,-0.087
2025-12-08T23:21:18.800,-0.091,-0.247,-0.045
2025-12-08T23:21:18.810,-0.095,-0.234,-0.022
2025-12-08T23:21:18.820,-0.084,-0.237,-0.04
2025-12-08T23:21:18.830,-0.075,-0.225,-0.07
2025-12-08T23:21:18.840,-0.074,-0.203,-0.094
2025-12-08T23:21:18.850,-0.075,-0.189,-0.106
2025-12-08T23:21:18.860,-0.088,-0.191,-0.112
2025-12-08T23:21:18.870,-0.097,-0.195,-0.105
2025-12-08T23:21:18.880,-0.098,-0.198,-0.07
2025-12-08T23:21:18.890,-0.111,-0.189,-0.055
2025-12-08T23:21:18.900,-0.123,-0.181,-0.091
2025-12-08T23:21:18.910,-0.113,-0.188,-0.127
2025-12-08T23:21:18.920,-0.117,-0.166,-0.13
2025-12-08T23:21:18.930,-0.127,-0.152,-0.117
2025-12-08T23:21:18.940,-0.117,-0.152,-0.091
2025-12-08T23:21:18.950,-0.1,-0.153,-0.065
2025-12-08T23:21:18.960,-0.083,-0.164,-0.05
2025-12-08T23:21:18.970,-0.069,-0.148,-0.036
2025-12-08T23:21:18.980,-0.038,-0.142,-0.052
2025-12-08T23:21:18.990,-0.013,-0.142,-0.082
2025-12-08T23:21:19.000,-0.005,-0.133,-0.053
2025-12-08T23:21:19.010,-0.005,-0.127,-0.003
2025-12-08T23:21:19.020,-0.023,-0.12,0.012
2025-12-08T23:21:19.030,-0.038,-0.116,0.008
2025-12-08T23:21:19.040,-0.051,-0.1,-0.023
2025-12-08T23:21:19.050,-0.071,-0.09,-0.058
2025-12-08T23:21:19.060,-0.093,-0.078,-0.059
2025-12-08T23:21:19.070,-0.098,-0.077,-0.054
2025-12-08T23:21:19.080,-0.094,-0.084,-0.07
2025-12-08T23:21:19.090,-0.098,-0.074,-0.086
2025-12-08T23:21:19.100,-0.086,-0.08,-0.085
2025-12-08T23:21:19.110,-0.076,-0.078,-0.081
2025-12-08T23:21:19.120,-0.067,-0.076,-0.059
2025-12-08T23:21:19.130,-0.037,-0.086,-0.036
2025-12-08T23:21:19.140,-0.029,-0.072,-0.017
2025-12-08T23:21:19.150,-0.03,-0.055,0.011
2025-12-08T23:21:19.160,-0.015,-0.041,0.006
2025-12-08T23:21:19.170,-0.006,-0.018,-0.029
2025-12-08T23:21:19.180,-0.009,0.0,-0.047
2025-12-08T23:21:19.190,-0.012,-0.002,-0.041
2025-12-08T23:21:19.200,-0.021,-0.004,-0.023
2025-12-08T23:21:19.210,-0.029,-0.013,-0.011
2025-12-08T23:21:19.220,-0.028,-0.028,-0.03
2025-12-08T23:21:19.230,-0.036,-0.031,-0.055
2025-12-08T23:21:19.240,-0.043,-0.048,-0.051
2025-12-08T23:21:19.250,-0.031,-0.057,-0.039
2025-12-08T23:21:19.260,-0.021,-0.035,-0.022
2025-12-08T23:21:19.270,-0.023,-0.008,0.003
2025-12-08T23:21:19.280,-0.014,0.009,0.015
2025-12-08T23:21:19.290,0.001,0.027,0.029
2025-12-08T23:21:19.300,0.016,0.049,0.046
2025-12-08T23:21:19.310,0.03,0.063,0.06
2025-12-08T23:21:19.320,0.035,0.073,0.074
2025-12-08T23:21:19.330,0.042,0.069,0.081
2025-12-08T23:21:19.340,0.041,0.069,0.088
2025-12-08T23:21:19.350,0.032,0.08,0.076
2025-12-08T23:21:19.360,0.029,0.081,0.028
2025-12-08T23:21:19.370,0.022,0.078,-0.013
2025-12-08T23:21:19.380,0.018,0.068,-0.016
2025-12-08T23:21:19.390,0.007,0.06,0.009
2025-12-08T23:21:19.400,0.0,0.057,0.034
2025-12-08T23:21:19.410,0.017,0.055,0.039
2025-12-08T23:21:19.420,0.034,0.067,0.028
2025-12-08T23:21:19.430,0.037,0.077,0.029
2025-12-08T23:21:19.440,0.038,0.091,0.052
2025-12-08T23:21:19.450,0.04,0.105,0.07
2025-12-08T23:21:19.460,0.035,0.119,0.081
2025-12-08T23:21:19.470,0.033,0.15,0.091
2025-12-08T23:21:19.480,0.032,0.164,0.076
2025-12-08T23:21:19.490,0.025,0.161,0.043
2025-12-08T23:21:19.500,0.03,0.153,0.018
2025-12-08T23:21:19.510,0.032,0.137,0.017
2025-12-08T23:21:19.520,0.022,0.123,0.043
2025-12-08T23:21:19.530,0.013,0.113,0.089
2025-12-08T23:21:19.540,0.004,0.114,0.118
2025-12-08T23:21:19.550,0.005,0.105,0.108
2025-12-08T23:21:19.560,0.015,0.105,0.089
2025-12-08T23:21:19.570,0.03,0.126,0.052
2025-12-08T23:21:19.580,0.049,0.146,0.009
2025-12-08T23:21:19.590,0.067,0.178,-0.006
2025-12-08T23:21:19.600,0.089,0.201,0.009
2025-12-08T23:21:19.610,0.102,0.203,0.041
2025-12-08T23:21:19.620,0.101,0.203,0.08
2025-12-08T23:21:19.630,0.101,0.198,0.121
2025-12-08T23:21:19.640,0.096,0.2,0.135
2025-12-08T23:21:19.650,0.095,0.197,0.127
2025-12-08T23:21:19.660,0.096,0.194,0.116
2025-12-08T23:21:19.670,0.08,0.2,0.092
2025-12-08T23:21:19.680,0.06,0.189,0.073
2025-12-08T23:21:19.690,0.052,0.189,0.067
2025-12-08T23:21:19.700,0.048,0.209,0.046
2025-12-08T23:21:19.710,0.042,0.211,0.02
2025-12-08T23:21:19.720,0.055,0.202,0.015
2025-12-08T23:21:19.730,0.064,0.195,0.036
2025-12-08T23:21:19.740,0.055,0.184,0.078
2025-12-08T23:21:19.750,0.056,0.181,0.135
2025-12-08T23:21:19.760,0.055,0.189,0.156
2025-12-08T23:21:19.770,0.061,0.194,0.125
2025-12-08T23:21:19.780,0.068,0.209,0.098
2025-12-08T23:21:19.790,0.062,0.219,0.087
2025-12-08T23:21:19.800,0.057,0.217,0.078
2025-12-08T23:21:19.810,0.047,0.223,0.07
2025-12-08T23:21:19.820,0.047,0.217,0.041
2025-12-08T23:21:19.830,0.041,0.212,0.002
2025-12-08T23:21:19.840,0.034,0.218,-0.007
2025-12-08T23:21:19.850,0.047,0.222,-0.003
2025-12-08T23:21:19.860,0.053,0.222,0.002
2025-12-08T23:21:19.870,0.053,0.222,0.028
2025-12-08T23:21:19.880,0.057,0.221,0.065
2025-12-08T23:21:19.890,0.066,0.213,0.089
2025-12-08T23:21:19.900,0.07,0.22,0.098
2025-12-08T23:21:19.910,0.079,0.226,0.096
2025-12-08T23:21:19.920,0.096,0.223,0.072
2025-12-08T23:21:19.930,0.087,0.228,0.057
2025-12-08T23:21:19.940,0.086,0.216,0.067
2025-12-08T23:21:19.950,0.093,0.207,0.069
2025-12-08T23:21:19.960,0.073,0.207,0.075
2025-12-08T23:21:19.970,0.07,0.195,0.096
2025-12-08T23:21:19.980,0.064,0.192,0.093
2025-12-08T23:21:19.990,0.048,0.195,0.073
2025-12-08T23:21:20.000,0.054,0.195,0.065
2025-12-08T23:21:20.010,0.049,0.201,0.059
2025-12-08T23:21:20.020,0.031,0.194,0.059
2025-12-08T23:21:20.030,0.026,0.189,0.074
2025-12-08T23:21:20.040,0.03,0.181,0.072
2025-12-08T23:21:20.050,0.038,0.174,0.046
2025-12-08T23:21:20.060,0.04,0.191,0.026
2025-12-08T23:21:20.070,0.041,0.2,0.002
2025-12-08T23:21:20.080,0.032,0.193,-0.022
2025-12-08T23:21:20.090,0.012,0.178,-0.009
2025-12-08T23:21:20.100,-0.009,0.155,0.026
2025-12-08T23:21:20.110,-0.02,0.129,0.055
2025-12-08T23:21:20.120,-0.014,0.114,0.05
2025-12-08T23:21:20.130,-0.01,0.128,0.018
2025-12-08T23:21:20.140,-0.007,0.128,-0.006
2025-12-08T23:21:20.150,0.003,0.093,-0.024
2025-12-08T23:21:20.160,0.015,0.092,-0.017
2025-12-08T23:21:20.170,0.017,0.103,0.02
2025-12-08T23:21:20.180,0.005,0.102,0.04
2025-12-08T23:21:20.190,0.002,0.113,0.039
2025-12-08T23:21:20.200,0.012,0.103,0.026
2025-12-08T23:21:20.210,-0.013,0.103,0.006
2025-12-08T23:21:20.220,-0.042,0.108,0.03
2025-12-08T23:21:20.230,-0.046,0.091,0.059
2025-12-08T23:21:20.240,-0.052,0.086,0.05
2025-12-08T23:21:20.250,-0.049,0.073,0.05
2025-12-08T23:21:20.260,-0.061,0.071,0.029
2025-12-08T23:21:20.270,-0.071,0.054,-0.002
2025-12-08T23:21:20.280,-0.056,0.032,-0.005
2025-12-08T23:21:20.290,-0.05,0.034,0.014
2025-12-08T23:21:20.300,-0.044,0.019,0.046
2025-12-08T23:21:20.310,-0.033,0.032,0.064
2025-12-08T23:21:20.320,-0.017,0.052,0.032
2025-12-08T23:21:20.330,-0.005,0.062,-0.022
2025-12-08T23:21:20.340,-0.016,0.088,-0.023
2025-12-08T23:21:20.350,-0.034,0.089,0.014
2025-12-08T23:21:20.360,-0.06,0.079,0.045
2025-12-08T23:21:20.370,-0.089,0.071,0.06
2025-12-08T23:21:20.380,-0.105,0.045,0.03
2025-12-08T23:21:20.390,-0.121,0.023,-0.028
2025-12-08T23:21:20.400,-0.137,0.009,-0.065
2025-12-08T23:21:20.410,-0.139,-0.011,-0.08
2025-12-08T23:21:20.420,-0.136,-0.025,-0.096
2025-12-08T23:21:20.430,-0.136,-0.021,-0.09
2025-12-08T23:21:20.440,-0.115,-0.017,-0.086
2025-12-08T23:21:20.450,-0.096,-0.009,-0.095
2025-12-08T23:21:20.460,-0.09,0.001,-0.071
2025-12-08T23:21:20.470,-0.068,0.002,-0.025
2025-12-08T23:21:20.480,-0.057,0.002,0.018
2025-12-08T23:21:20.490,-0.07,-0.006,0.042
2025-12-08T23:21:20.500,-0.066,-0.018,0.053
2025-12-08T23:21:20.510,-0.065,-0.019,0.048
2025-12-08T23:21:20.520,-0.082,-0.02,0.039
2025-12-08T23:21:20.530,-0.093,-0.027,0.025
2025-12-08T23:21:20.540,-0.099,-0.034,-0.016
2025-12-08T23:21:20.550,-0.107,-0.047,-0.06
2025-12-08T23:21:20.560,-0.106,-0.049,-0.082
2025-12-08T23:21:20.570,-0.111,-0.043,-0.076
2025-12-08T23:21:20.580,-0.12,-0.059,-0.066
2025-12-08T23:21:20.590,-0.111,-0.072,-0.057
2025-12-08T23:21:20.600,-0.104,-0.054,-0.042
2025-12-08T23:21:20.610,-0.102,-0.046,-0.038
2025-12-08T23:21:20.620,-0.089,-0.055,-0.035
2025-12-08T23:21:20.630,-0.071,-0.039,-0.037
2025-12-08T23:21:20.640,-0.066,-0.015,-0.033
2025-12-08T23:21:20.650,-0.075,-0.004,-0.045
2025-12-08T23:21:20.660,-0.072,-0.006,-0.097
2025-12-08T23:21:20.670,-0.073,-0.032,-0.128
2025-12-08T23:21:20.680,-0.106,-0.048,-0.109
2025-12-08T23:21:20.690,-0.136,-0.057,-0.061
2025-12-08T23:21:20.700,-0.143,-0.082,-0.033
2025-12-08T23:21:20.710,-0.146,-0.099,-0.074
2025-12-08T23:21:20.720,-0.136,-0.105,-0.114
2025-12-08T23:21:20.730,-0.134,-0.096,-0.091
2025-12-08T23:21:20.740,-0.139,-0.083,-0.041
2025-12-08T23:21:20.750,-0.125,-0.079,-0.002
2025-12-08T23:21:20.760,-0.116,-0.078,-0.01
2025-12-08T23:21:20.770,-0.106,-0.085,-0.041
2025-12-08T23:21:20.780,-0.094,-0.082,-0.06
2025-12-08T23:21:20.790,-0.086,-0.079,-0.082
2025-12-08T23:21:20.800,-0.079,-0.081,-0.098
2025-12-08T23:21:20.810,-0.091,-0.077,-0.075
2025-12-08T23:21:20.820,-0.109,-0.088,-0.053
2025-12-08T23:21:20.830,-0.129,-0.102,-0.072
2025-12-08T23:21:20.840,-0.141,-0.113,-0.095
2025-12-08T23:21:20.850,-0.139,-0.12,-0.121
2025-12-08T23:21:20.860,-0.143,-0.12,-0.133
2025-12-08T23:21:20.870,-0.142,-0.113,-0.105
2025-12-08T23:21:20.880,-0.129,-0.107,-0.1
2025-12-08T23:21:20.890,-0.114,-0.106,-0.107
2025-12-08T23:21:20.900,-0.107,-0.099,-0.07
2025-12-08T23:21:20.910,-0.099,-0.089,-0.033
2025-12-08T23:21:20.920,-0.101,-0.089,-0.035
2025-12-08T23:21:20.930,-0.112,-0.088,-0.048
2025-12-08T23:21:20.940,-0.116,-0.075,-0.072
2025-12-08T23:21:20.950,-0.136,-0.072,-0.088
2025-12-08T23:21:20.960,-0.152,-0.075,-0.091
2025-12-08T23:21:20.970,-0.15,-0.08,-0.1
2025-12-08T23:21:20.980,-0.147,-0.096,-0.105
2025-12-08T23:21:20.990,-0.141,-0.111,-0.101
2025-12-08T23:21:21.000,-0.136,-0.127,-0.08
2025-12-08T23:21:21.010,-0.142,-0.137,-0.078
2025-12-08T23:21:21.020,-0.146,-0.144,-0.082
2025-12-08T23:21:21.030,-0.138,-0.142,-0.07
2025-12-08T23:21:21.040,-0.139,-0.126,-0.064
2025-12-08T23:21:21.050,-0.153,-0.128,-0.051
2025-12-08T23:21:21.060,-0.161,-0.136,-0.053
2025-12-08T23:21:21.070,-0.162,-0.119,-0.065
2025-12-08T23:21:21.080,-0.166,-0.101,-0.066
2025-12-08T23:21:21.090,-0.162,-0.106,-0.078
2025-12-08T23:21:21.100,-0.146,-0.123,-0.105
2025-12-08T23:21:21.110,-0.141,-0.112,-0.118
2025-12-08T23:21:21.120,-0.15,-0.084,-0.096
2025-12-08T23:21:21.130,-0.147,-0.089,-0.093
2025-12-08T23:21:21.140,-0.134,-0.095,-0.128
2025-12-08T23:21:21.150,-0.12,-0.084,-0.137
2025-12-08T23:21:21.160,-0.128,-0.077,-0.099
2025-12-08T23:21:21.170,-0.146,-0.058,-0.057
2025-12-08T23:21:21.180,-0.134,-0.059,-0.039
2025-12-08T23:21:21.190,-0.121,-0.063,-0.054
2025-12-08T23:21:21.200,-0.136,-0.056,-0.065
2025-12-08T23:21:21.210,-0.146,-0.055,-0.05
2025-12-08T23:21:21.220,-0.139,-0.062,-0.045
2025-12-08T23:21:21.230,-0.138,-0.082,-0.075
2025-12-08T23:21:21.240,-0.15,-0.084,-0.108
2025-12-08T23:21:21.250,-0.166,-0.093,-0.1
2025-12-08T23:21:21.260,-0.172,-0.107,-0.105
2025-12-08T23:21:21.270,-0.168,-0.104,-0.123
2025-12-08T23:21:21.280,-0.143,-0.102,-0.13
2025-12-08T23:21:21.290,-0.117,-0.082,-0.127
2025-12-08T23:21:21.300,-0.116,-0.063,-0.074
2025-12-08T23:21:21.310,-0.106,-0.05,-0.023
2025-12-08T23:21:21.320,-0.101,-0.027,0.001
2025-12-08T23:21:21.330,-0.101,-0.014,-0.004
2025-12-08T23:21:21.340,-0.102,-0.016,-0.011
2025-12-08T23:21:21.350,-0.109,-0.023,-0.009
2025-12-08T23:21:21.360,-0.11,-0.032,-0.026
2025-12-08T23:21:21.370,-0.124,-0.035,-0.034
2025-12-08T23:21:21.380,-0.13,-0.037,-0.051
2025-12-08T23:21:21.390,-0.14,-0.055,-0.068
2025-12-08T23:21:21.400,-0.15,-0.071,-0.078
2025-12-08T23:21:21.410,-0.132,-0.081,-0.081
2025-12-08T23:21:21.420,-0.124,-0.066,-0.073
2025-12-08T23:21:21.430,-0.121,-0.041,-0.075
2025-12-08T23:21:21.440,-0.112,-0.027,-0.062
2025-12-08T23:21:21.450,-0.107,-0.006,-0.047
2025-12-08T23:21:21.460,-0.106,0.008,-0.013
2025-12-08T23:21:21.470,-0.109,0.022,0.028
2025-12-08T23:21:21.480,-0.101,0.019,0.04
2025-12-08T23:21:21.490,-0.094,0.004,0.034
2025-12-08T23:21:21.500,-0.087,-0.005,0.02
2025-12-08T23:21:21.510,-0.074,-0.018,0.014
2025-12-08T23:21:21.520,-0.074,-0.017,-0.001
2025-12-08T23:21:21.530,-0.077,-0.036,-0.018
2025-12-08T23:21:21.540,-0.077,-0.063,-0.048
2025-12-08T23:21:21.550,-0.079,-0.046,-0.07
2025-12-08T23:21:21.560,-0.081,-0.009,-0.045
2025-12-08T23:21:21.570,-0.086,-0.004,-0.027
2025-12-08T23:21:21.580,-0.079,-0.005,-0.016
2025-12-08T23:21:21.590,-0.072,0.011,0.031
2025-12-08T23:21:21.600,-0.086,0.018,0.082
2025-12-08T23:21:21.610,-0.083,0.029,0.095
2025-12-08T23:21:21.620,-0.041,0.024,0.084
2025-12-08T23:21:21.630,-0.017,0.019,0.054
2025-12-08T23:21:21.640,-0.029,0.029,0.038
2025-12-08T23:21:21.650,-0.021,0.021,0.046
2025-12-08T23:21:21.660,-0.012,0.014,0.027
2025-12-08T23:21:21.670,-0.026,0.009,-0.005
2025-12-08T23:21:21.680,-0.036,0.009,-0.017
2025-12-08T23:21:21.690,-0.05,0.002,-0.007
2025-12-08T23:21:21.700,-0.078,-0.005,-0.003
2025-12-08T23:21:21.710,-0.09,0.011,0.008
2025-12-08T23:21:21.720,-0.078,0.018,0.029
2025-12-08T23:21:21.730,-0.077,0.025,0.05
2025-12-08T23:21:21.740,-0.076,0.043,0.064
2025-12-08T23:21:21.750,-0.049,0.039,0.046
2025-12-08T23:21:21.760,-0.032,0.037,0.031
2025-12-08T23:21:21.770,-0.02,0.046,0.028
2025-12-08T23:21:21.780,-0.009,0.05,0.039
2025-12-08T23:21:21.790,-0.007,0.061,0.055
2025-12-08T23:21:21.800,-0.002,0.065,0.05
2025-12-08T23:21:21.810,-0.003,0.062,0.046
2025-12-08T23:21:21.820,-0.003,0.073,0.036
2025-12-08T23:21:21.830,-0.0,0.08,0.026
2025-12-08T23:21:21.840,0.001,0.073,0.031
2025-12-08T23:21:21.850,0.0,0.075,0.058
2025-12-08T23:21:21.860,-0.005,0.065,0.083
2025-12-08T23:21:21.870,-0.008,0.034,0.085
2025-12-08T23:21:21.880,-0.012,0.034,0.079
2025-12-08T23:21:21.890,-0.005,0.037,0.038
2025-12-08T23:21:21.900,0.011,0.034,-0.002
2025-12-08T23:21:21.910,0.016,0.05,-0.002
2025-12-08T23:21:21.920,0.013,0.045,-0.002
2025-12-08T23:21:21.930,0.014,0.038,0.007
2025-12-08T23:21:21.940,0.018,0.045,0.033
2025-12-08T23:21:21.950,0.018,0.056,0.05
2025-12-08T23:21:21.960,0.032,0.079,0.06
2025-12-08T23:21:21.970,0.041,0.098,0.064
2025-12-08T23:21:21.980,0.041,0.111,0.048
2025-12-08T23:21:21.990,0.043,0.117,0.043
2025-12-08T23:21:22.000,0.046,0.109,0.061
2025-12-08T23:21:22.010,0.048,0.085,0.071
2025-12-08T23:21:22.020,0.036,0.067,0.057
2025-12-08T23:21:22.030,0.049,0.048,0.016
2025-12-08T23:21:22.040,0.061,0.044,-0.016
2025-12-08T23:21:22.050,0.04,0.062,-0.031
2025-12-08T23:21:22.060,0.04,0.04,-0.029
2025-12-08T23:21:22.070,0.047,0.042,-0.022
2025-12-08T23:21:22.080,0.041,0.082,-0.01
2025-12-08T23:21:22.090,0.044,0.092,0.011
2025-12-08T23:21:22.100,0.054,0.109,-0.023
2025-12-08T23:21:22.110,0.062,0.114,-0.045
2025-12-08T23:21:22.120,0.064,0.109,-0.023
2025-12-08T23:21:22.130,0.066,0.111,0.005
2025-12-08T23:21:22.140,0.075,0.088,0.035
2025-12-08T23:21:22.150,0.088,0.07,0.022
2025-12-08T23:21:22.160,0.098,0.054,0.0
2025-12-08T23:21:22.170,0.096,0.051,-0.014
2025-12-08T23:21:22.180,0.093,0.055,-0.025
2025-12-08T23:21:22.190,0.098,0.03,-0.037
2025-12-08T23:21:22.200,0.089,0.031,-0.047
2025-12-08T23:21:22.210,0.079,0.048,-0.015
2025-12-08T23:21:22.220,0.07,0.043,0.009
2025-12-08T23:21:22.230,0.064,0.051,0.001
2025-12-08T23:21:22.240,0.073,0.058,-0.016
2025-12-08T23:21:22.250,0.07,0.062,-0.027
2025-12-08T23:21:22.260,0.068,0.071,-0.025
2025-12-08T23:21:22.270,0.073,0.065,-0.014
2025-12-08T23:21:22.280,0.086,0.059,-0.027
2025-12-08T23:21:22.290,0.104,0.046,-0.071
2025-12-08T23:21:22.300,0.101,0.031,-0.095
2025-12-08T23:21:22.310,0.103,0.021,-0.093
2025-12-08T23:21:22.320,0.106,0.007,-0.076
2025-12-08T23:21:22.330,0.095,0.008,-0.057
2025-12-08T23:21:22.340,0.093,0.012,-0.043
2025-12-08T23:21:22.350,0.09,0.021,-0.063
2025-12-08T23:21:22.360,0.065,0.035,-0.098
2025-12-08T23:21:22.370,0.063,0.032,-0.112
2025-12-08T23:21:22.380,0.073,0.041,-0.115
2025-12-08T23:21:22.390,0.065,0.055,-0.087
2025-12-08T23:21:22.400,0.081,0.049,-0.073
2025-12-08T23:21:22.410,0.099,0.036,-0.088
2025-12-08T23:21:22.420,0.109,0.021,-0.108
2025-12-08T23:21:22.430,0.12,0.012,-0.103
2025-12-08T23:21:22.440,0.119,0.005,-0.052
2025-12-08T23:21:22.450,0.121,-0.011,0.005
2025-12-08T23:21:22.460,0.118,-0.018,0.022
2025-12-08T23:21:22.470,0.116,-0.016,-0.062
2025-12-08T23:21:22.480,0.118,-0.017,-0.169
2025-12-08T23:21:22.490,0.119,0.005,-0.208
2025-12-08T23:21:22.500,0.107,0.018,-0.187
2025-12-08T23:21:22.510,0.089,-0.004,-0.141
2025-12-08T23:21:22.520,0.098,-0.009,-0.123
2025-12-08T23:21:22.530,0.1,-0.002,-0.113
2025-12-08T23:21:22.540,0.1,-0.007,-0.123
2025-12-08T23:21:22.550,0.104,-0.002,-0.141
2025-12-08T23:21:22.560,0.121,-0.018,-0.135
2025-12-08T23:21:22.570,0.121,-0.024,-0.12
2025-12-08T23:21:22.580,0.101,-0.005,-0.083
2025-12-08T23:21:22.590,0.118,-0.013,-0.087
2025-12-08T23:21:22.600,0.128,0.004,-0.172
2025-12-08T23:21:22.610,0.127,0.012,-0.212
2025-12-08T23:21:22.620,0.13,0.017,-0.171
2025-12-08T23:21:22.630,0.124,0.043,-0.148
2025-12-08T23:21:22.640,0.134,0.016,-0.139
2025-12-08T23:21:22.650,0.139,0.008,-0.142
2025-12-08T23:21:22.660,0.155,0.001,-0.155
2025-12-08T23:21:22.670,0.15,-0.015,-0.134
2025-12-08T23:21:22.680,0.143,-0.013,-0.124
2025-12-08T23:21:22.690,0.16,-0.022,-0.144
2025-12-08T23:21:22.700,0.142,0.009,-0.149
2025-12-08T23:21:22.710,0.134,0.017,-0.144
2025-12-08T23:21:22.720,0.125,0.012,-0.142
2025-12-08T23:21:22.730,0.113,0.021,-0.134
2025-12-08T23:21:22.740,0.131,0.009,-0.136
2025-12-08T23:21:22.750,0.134,0.009,-0.144
2025-12-08T23:21:22.760,0.147,-0.002,-0.159
2025-12-08T23:21:22.770,0.166,-0.011,-0.18
2025-12-08T23:21:22.780,0.179,-0.012,-0.166
2025-12-08T23:21:22.790,0.181,-0.023,-0.133
2025-12-08T23:21:22.800,0.171,-0.037,-0.106
2025-12-08T23:21:22.810,0.186,-0.04,-0.101
2025-12-08T23:21:22.820,0.193,-0.024,-0.127
2025-12-08T23:21:22.830,0.19,-0.015,-0.144
2025-12-08T23:21:22.840,0.196,-0.004,-0.136
2025-12-08T23:21:22.850,0.193,0.011,-0.134
2025-12-08T23:21:22.860,0.177,0.016,-0.148
2025-12-08T23:21:22.870,0.168,0.016,-0.153
2025-12-08T23:21:22.880,0.163,0.014,-0.161
2025-12-08T23:21:22.890,0.144,0.003,-0.162
2025-12-08T23:21:22.900,0.146,-0.004,-0.148
2025-12-08T23:21:22.910,0.162,-0.007,-0.149
2025-12-08T23:21:22.920,0.173,-0.02,-0.15
2025-12-08T23:21:22.930,0.193,-0.028,-0.147
2025-12-08T23:21:22.940,0.207,-0.032,-0.139
2025-12-08T23:21:22.950,0.211,-0.029,-0.132
2025-12-08T23:21:22.960,0.219,-0.026,-0.123
2025-12-08T23:21:22.970,0.223,-0.019,-0.117
2025-12-08T23:21:22.980,0.216,-0.005,-0.113
2025-12-08T23:21:22.990,0.204,-0.002,-0.09
2025-12-08T23:21:23.000,0.189,0.002,-0.073
2025-12-08T23:21:23.010,0.178,-0.013,-0.08
2025-12-08T23:21:23.020,0.171,-0.029,-0.1
2025-12-08T23:21:23.030,0.164,-0.022,-0.126
2025-12-08T23:21:23.040,0.166,-0.024,-0.144
2025-12-08T23:21:23.050,0.167,-0.029,-0.147
2025-12-08T23:21:23.060,0.175,-0.024,-0.136
2025-12-08T23:21:23.070,0.177,-0.03,-0.13
2025-12-08T23:21:23.080,0.167,-0.035,-0.114
2025-12-08T23:21:23.090,0.169,-0.031,-0.091
2025-12-08T23:21:23.100,0.169,-0.025,-0.081
2025-12-08T23:21:23.110,0.164,-0.01,-0.083
2025-12-08T23:21:23.120,0.166,0.001,-0.096
2025-12-08T23:21:23.130,0.166,0.004,-0.109
2025-12-08T23:21:23.140,0.159,-0.003,-0.113
2025-12-08T23:21:23.150,0.15,-0.004,-0.113
2025-12-08T23:21:23.160,0.144,-0.003,-0.116
2025-12-08T23:21:23.170,0.13,-0.01,-0.113
2025-12-08T23:21:23.180,0.12,-0.007,-0.105
2025-12-08T23:21:23.190,0.121,-0.015,-0.1
2025-12-08T23:21:23.200,0.101,-0.0,-0.099
2025-12-08T23:21:23.210,0.087,0.014,-0.088
2025-12-08T23:21:23.220,0.086,0.012,-0.07
2025-12-08T23:21:23.230,0.081,0.027,-0.071
2025-12-08T23:21:23.240,0.089,0.025,-0.061
2025-12-08T23:21:23.250,0.095,0.043,-0.059
2025-12-08T23:21:23.260,0.103,0.044,-0.076
2025-12-08T23:21:23.270,0.111,0.03,-0.068
2025-12-08T23:21:23.280,0.116,0.033,-0.065
2025-12-08T23:21:23.290,0.124,0.006,-0.053
2025-12-08T23:21:23.300,0.118,-0.013,-0.025
2025-12-08T23:21:23.310,0.115,-0.022,-0.007
2025-12-08T23:21:23.320,0.103,-0.031,-0.011
2025-12-08T23:21:23.330,0.087,-0.029,-0.039
2025-12-08T23:21:23.340,0.082,-0.024,-0.066
2025-12-08T23:21:23.350,0.068,-0.016,-0.101
2025-12-08T23:21:23.360,0.065,-0.004,-0.112
2025-12-08T23:21:23.370,0.066,0.016,-0.088
2025-12-08T23:21:23.380,0.069,0.021,-0.08
2025-12-08T23:21:23.390,0.068,0.017,-0.072
2025-12-08T23:21:23.400,0.07,0.005,-0.058
2025-12-08T23:21:23.410,0.081,-0.009,-0.046
2025-12-08T23:21:23.420,0.078,-0.009,-0.028
2025-12-08T23:21:23.430,0.082,-0.007,-0.02
2025-12-08T23:21:23.440,0.087,-0.007,-0.025
2025-12-08T23:21:23.450,0.084,-0.002,-0.034
2025-12-08T23:21:23.460,0.078,0.004,-0.039
2025-12-08T23:21:23.470,0.066,-0.001,-0.056
2025-12-08T23:21:23.480,0.054,0.002,-0.074
2025-12-08T23:21:23.490,0.045,0.01,-0.065
2025-12-08T23:21:23.500,0.047,0.021,-0.064
2025-12-08T23:21:23.510,0.04,0.033,-0.063
2025-12-08T23:21:23.520,0.041,0.034,-0.06
2025-12-08T23:21:23.530,0.052,0.029,-0.057
2025-12-08T23:21:23.540,0.043,0.025,-0.026
2025-12-08T23:21:23.550,0.039,0.026,0.02
2025-12-08T23:21:23.560,0.046,0.02,0.049
2025-12-08T23:21:23.570,0.048,0.021,0.035
2025-12-08T23:21:23.580,0.043,0.026,0.013
2025-12-08T23:21:23.590,0.041,0.015,-0.006
2025-12-08T23:21:23.600,0.022,0.013,-0.029
2025-12-08T23:21:23.610,0.006,0.011,-0.026
2025-12-08T23:21:23.620,0.004,0.012,-0.024
2025-12-08T23:21:23.630,-0.005,0.014,-0.034
2025-12-08T23:21:23.640,-0.009,0.009,-0.039
2025-12-08T23:21:23.650,-0.014,0.006,-0.038
2025-12-08T23:21:23.660,-0.018,-0.005,-0.035
2025-12-08T23:21:23.670,-0.023,-0.007,-0.02
2025-12-08T23:21:23.680,-0.028,-0.001,0.003
2025-12-08T23:21:23.690,-0.024,0.003,0.001
2025-12-08T23:21:23.700,-0.028,0.011,-0.003
2025-12-08T23:21:23.710,-0.027,0.012,0.005
2025-12-08T23:21:23.720,-0.032,0.009,0.016
2025-12-08T23:21:23.730,-0.043,0.01,0.018
2025-12-08T23:21:23.740,-0.043,0.012,0.002
2025-12-08T23:21:23.750,-0.041,0.014,-0.012
2025-12-08T23:21:23.760,-0.052,0.024,-0.014
2025-12-08T23:21:23.770,-0.064,0.027,-0.003
2025-12-08T23:21:23.780,-0.065,0.017,0.012
2025-12-08T23:21:23.790,-0.076,0.016,0.014
2025-12-08T23:21:23.800,-0.079,0.015,0.004
2025-12-08T23:21:23.810,-0.075,0.016,0.002
2025-12-08T23:21:23.820,-0.081,0.015,0.017
2025-12-08T23:21:23.830,-0.09,0.012,0.045
2025-12-08T23:21:23.840,-0.093,0.018,0.072
2025-12-08T23:21:23.850,-0.094,0.019,0.066
2025-12-08T23:21:23.860,-0.087,0.03,0.034
2025-12-08T23:21:23.870,-0.076,0.048,0.016
2025-12-08T23:21:23.880,-0.086,0.052,0.017
2025-12-08T23:21:23.890,-0.095,0.044,0.03
2025-12-08T23:21:23.900,-0.102,0.035,0.053
2025-12-08T23:21:23.910,-0.109,0.026,0.062
2025-12-08T23:21:23.920,-0.107,0.02,0.059
2025-12-08T23:21:23.930,-0.107,0.019,0.049
2025-12-08T23:21:23.940,-0.107,0.017,0.027
2025-12-08T23:21:23.950,-0.119,0.021,0.021
2025-12-08T23:21:23.960,-0.127,0.021,0.023
2025-12-08T23:21:23.970,-0.13,0.014,0.013
2025-12-08T23:21:23.980,-0.144,0.013,0.002
2025-12-08T23:21:23.990,-0.152,0.017,-0.007
2025-12-08T23:21:24.000,-0.15,0.029,-0.018
2025-12-08T23:21:24.010,-0.157,0.037,-0.034
2025-12-08T23:21:24.020,-0.162,0.044,-0.037
2025-12-08T23:21:24.030,-0.158,0.048,-0.018
2025-12-08T23:21:24.040,-0.169,0.051,0.015
2025-12-08T23:21:24.050,-0.169,0.048,0.049
2025-12-08T23:21:24.060,-0.149,0.037,0.057
2025-12-08T23:21:24.070,-0.145,0.04,0.032
2025-12-08T23:21:24.080,-0.133,0.041,0.009
2025-12-08T23:21:24.090,-0.12,0.038,0.003
2025-12-08T23:21:24.100,-0.128,0.042,0.01
2025-12-08T23:21:24.110,-0.134,0.035,0.03
2025-12-08T23:21:24.120,-0.137,0.028,0.049
2025-12-08T23:21:24.130,-0.144,0.025,0.062
2025-12-08T23:21:24.140,-0.145,0.024,0.063
2025-12-08T23:21:24.150,-0.145,0.029,0.051
2025-12-08T23:21:24.160,-0.143,0.033,0.027
2025-12-08T23:21:24.170,-0.149,0.043,0.016
2025-12-08T23:21:24.180,-0.146,0.052,0.02
2025-12-08T23:21:24.190,-0.14,0.054,0.024
2025-12-08T23:21:24.200,-0.142,0.057,0.017
2025-12-08T23:21:24.210,-0.126,0.051,-0.002
2025-12-08T23:21:24.220,-0.118,0.048,-0.007
2025-12-08T23:21:24.230,-0.123,0.047,0.007
2025-12-08T23:21:24.240,-0.125,0.034,0.036
2025-12-08T23:21:24.250,-0.125,0.03,0.045
2025-12-08T23:21:24.260,-0.132,0.028,0.031
2025-12-08T23:21:24.270,-0.143,0.033,0.027
2025-12-08T23:21:24.280,-0.146,0.046,0.029
2025-12-08T23:21:24.290,-0.164,0.048,0.047
2025-12-08T23:21:24.300,-0.179,0.061,0.054
2025-12-08T23:21:24.310,-0.179,0.068,0.011
2025-12-08T23:21:24.320,-0.176,0.066,-0.043
2025-12-08T23:21:24.330,-0.17,0.062,-0.064
2025-12-08T23:21:24.340,-0.164,0.053,-0.045
2025-12-08T23:21:24.350,-0.165,0.047,-0.013
2025-12-08T23:21:24.360,-0.161,0.035,0.025
2025-12-08T23:21:24.370,-0.141,0.039,0.045
2025-12-08T23:21:24.380,-0.125,0.054,0.041
2025-12-08T23:21:24.390,-0.116,0.057,0.041
2025-12-08T23:21:24.400,-0.108,0.067,0.042
2025-12-08T23:21:24.410,-0.106,0.075,0.044
2025-12-08T23:21:24.420,-0.112,0.078,0.037
2025-12-08T23:21:24.430,-0.111,0.082,0.018
2025-12-08T23:21:24.440,-0.107,0.076,-0.011
2025-12-08T23:21:24.450,-0.111,0.069,-0.023
2025-12-08T23:21:24.460,-0.105,0.064,-0.004
2025-12-08T23:21:24.470,-0.102,0.058,0.013
2025-12-08T23:21:24.480,-0.103,0.051,0.015
2025-12-08T23:21:24.490,-0.096,0.048,0.009
2025-12-08T23:21:24.500,-0.097,0.05,0.011
2025-12-08T23:21:24.510,-0.102,0.052,0.023
2025-12-08T23:21:24.520,-0.099,0.048,0.033
2025-12-08T23:21:24.530,-0.09,0.043,0.035
2025-12-08T23:21:24.540,-0.092,0.042,0.036
2025-12-08T23:21:24.550,-0.093,0.041,0.037
2025-12-08T23:21:24.560,-0.091,0.044,0.023
2025-12-08T23:21:24.570,-0.101,0.05,0.002
2025-12-08T23:21:24.580,-0.112,0.054,-0.021
2025-12-08T23:21:24.590,-0.123,0.052,-0.034
2025-12-08T23:21:24.600,-0.127,0.049,-0.034
2025-12-08T23:21:24.610,-0.123,0.046,-0.026
2025-12-08T23:21:24.620,-0.111,0.041,-0.019
2025-12-08T23:21:24.630,-0.102,0.034,-0.025
2025-12-08T23:21:24.640,-0.1,0.023,-0.022
2025-12-08T23:21:24.650,-0.099,0.028,0.002
2025-12-08T23:21:24.660,-0.109,0.038,0.022
2025-12-08T23:21:24.670,-0.112,0.04,0.018
2025-12-08T23:21:24.680,-0.107,0.05,0.003
2025-12-08T23:21:24.690,-0.11,0.064,-0.011
2025-12-08T23:21:24.700,-0.116,0.073,-0.017
2025-12-08T23:21:24.710,-0.111,0.075,-0.006
2025-12-08T23:21:24.720,-0.097,0.07,0.002
2025-12-08T23:21:24.730,-0.084,0.057,0.0
2025-12-08T23:21:24.740,-0.061,0.048,0.003
2025-12-08T23:21:24.750,-0.037,0.049,0.001
2025-12-08T23:21:24.760,-0.025,0.048,0.001
2025-12-08T23:21:24.770,-0.015,0.052,0.023
2025-12-08T23:21:24.780,-0.027,0.049,0.065
2025-12-08T23:21:24.790,-0.042,0.037,0.116
2025-12-08T23:21:24.800,-0.038,0.026,0.128
2025-12-08T23:21:24.810,-0.037,0.011,0.071
2025-12-08T23:21:24.820,-0.038,0.016,0.012
2025-12-08T23:21:24.830,-0.032,0.036,-0.018
2025-12-08T23:21:24.840,-0.035,0.025,-0.048
2025-12-08T23:21:24.850,-0.043,0.0,-0.046
2025-12-08T23:21:24.860,-0.052,0.014,0.011
2025-12-08T23:21:24.870,-0.059,0.033,0.07
2025-12-08T23:21:24.880,-0.049,0.006,0.073
2025-12-08T23:21:24.890,-0.032,-0.011,0.034
2025-12-08T23:21:24.900,-0.018,-0.014,0.002
2025-12-08T23:21:24.910,-0.004,-0.007,-0.024
2025-12-08T23:21:24.920,0.001,0.017,-0.03
2025-12-08T23:21:24.930,0.003,0.014,-0.011
2025-12-08T23:21:24.940,-0.002,0.007,-0.021
2025-12-08T23:21:24.950,-0.014,0.012,-0.004
2025-12-08T23:21:24.960,-0.018,0.02,0.039
2025-12-08T23:21:24.970,-0.021,0.023,0.023
2025-12-08T23:21:24.980,-0.034,0.023,0.005
2025-12-08T23:21:24.990,-0.022,0.02,-0.014
2025-12-08T23:21:25.000,-0.009,0.002,-0.058
2025-12-08T23:21:25.010,-0.016,-0.008,-0.046
2025-12-08T23:21:25.020,-0.007,-0.004,-0.005
2025-12-08T23:21:25.030,0.01,-0.009,0.005
2025-12-08T23:21:25.040,0.016,-0.011,0.021
2025-12-08T23:21:25.050,0.032,-0.002,0.043
2025-12-08T23:21:25.060,0.043,-0.002,0.054
2025-12-08T23:21:25.070,0.043,0.005,0.061
2025-12-08T23:21:25.080,0.05,0.01,0.055
2025-12-08T23:21:25.090,0.048,-0.008,0.024
2025-12-08T23:21:25.100,0.032,-0.011,0.003
2025-12-08T23:21:25.110,0.016,-0.012,0.019
2025-12-08T23:21:25.120,0.011,-0.027,0.017
2025-12-08T23:21:25.130,0.001,-0.037,0.014
2025-12-08T23:21:25.140,-0.011,-0.045,0.022
2025-12-08T23:21:25.150,-0.0,-0.054,0.0
2025-12-08T23:21:25.160,-0.002,-0.068,-0.015
2025-12-08T23:21:25.170,-0.005,-0.071,-0.019
2025-12-08T23:21:25.180,0.003,-0.079,-0.027
2025-12-08T23:21:25.190,0.0,-0.08,-0.03
2025-12-08T23:21:25.200,0.001,-0.071,-0.025
2025-12-08T23:21:25.210,0.007,-0.068,-0.035
2025-12-08T23:21:25.220,0.005,-0.055,-0.059
2025-12-08T23:21:25.230,-0.009,-0.049,-0.063
2025-12-08T23:21:25.240,-0.015,-0.046,-0.068
2025-12-08T23:21:25.250,-0.017,-0.046,-0.076
2025-12-08T23:21:25.260,-0.026,-0.048,-0.081
2025-12-08T23:21:25.270,-0.016,-0.054,-0.085
2025-12-08T23:21:25.280,-0.003,-0.086,-0.076
2025-12-08T23:21:25.290,-0.003,-0.104,-0.085
2025-12-08T23:21:25.300,-0.012,-0.083,-0.086
2025-12-08T23:21:25.310,-0.02,-0.055,-0.057
2025-12-08T23:21:25.320,-0.005,-0.056,-0.056
2025-12-08T23:21:25.330,0.01,-0.093,-0.093
2025-12-08T23:21:25.340,0.0,-0.104,-0.075
2025-12-08T23:21:25.350,0.005,-0.068,0.027
2025-12-08T23:21:25.360,0.036,-0.054,0.063
2025-12-08T23:21:25.370,0.044,-0.092,0.012
2025-12-08T23:21:25.380,0.045,-0.097,-0.007
2025-12-08T23:21:25.390,0.057,-0.067,-0.012
2025-12-08T23:21:25.400,0.055,-0.067,-0.024
2025-12-08T23:21:25.410,0.056,-0.08,-0.027
2025-12-08T23:21:25.420,0.044,-0.087,-0.043
2025-12-08T23:21:25.430,0.04,-0.083,-0.047
2025-12-08T23:21:25.440,0.056,-0.084,-0.053
2025-12-08T23:21:25.450,0.037,-0.079,-0.068
2025-12-08T23:21:25.460,0.025,-0.078,-0.075
2025-12-08T23:21:25.470,0.034,-0.082,-0.08
2025-12-08T23:21:25.480,0.024,-0.075,-0.068
2025-12-08T23:21:25.490,0.036,-0.116,-0.076
2025-12-08T23:21:25.500,0.041,-0.123,-0.084
2025-12-08T23:21:25.510,0.04,-0.086,-0.067
2025-12-08T23:21:25.520,0.057,-0.099,-0.086
2025-12-08T23:21:25.530,0.062,-0.11,-0.102
2025-12-08T23:21:25.540,0.054,-0.114,-0.095
2025-12-08T23:21:25.550,0.046,-0.116,-0.094
2025-12-08T23:21:25.560,0.05,-0.108,-0.073
2025-12-08T23:21:25.570,0.035,-0.104,-0.069
2025-12-08T23:21:25.580,0.028,-0.11,-0.099
2025-12-08T23:21:25.590,0.035,-0.108,-0.111
2025-12-08T23:21:25.600,0.03,-0.089,-0.102
2025-12-08T23:21:25.610,0.038,-0.103,-0.087
2025-12-08T23:21:25.620,0.041,-0.114,-0.062
2025-12-08T23:21:25.630,0.055,-0.12,-0.052
2025-12-08T23:21:25.640,0.071,-0.125,-0.055
2025-12-08T23:21:25.650,0.085,-0.12,-0.057
2025-12-08T23:21:25.660,0.099,-0.125,-0.064
2025-12-08T23:21:25.670,0.092,-0.122,-0.071
2025-12-08T23:21:25.680,0.096,-0.127,-0.065
2025-12-08T23:21:25.690,0.087,-0.124,-0.045
2025-12-08T23:21:25.700,0.082,-0.121,-0.038
2025-12-08T23:21:25.710,0.091,-0.122,-0.054
2025-12-08T23:21:25.720,0.074,-0.102,-0.057
2025-12-08T23:21:25.730,0.058,-0.107,-0.027
2025-12-08T23:21:25.740,0.07,-0.141,-0.016
2025-12-08T23:21:25.750,0.084,-0.157,-0.062
2025-12-08T23:21:25.760,0.053,-0.116,-0.06
2025-12-08T23:21:25.770,0.046,-0.041,-0.005
2025-12-08T23:21:25.780,0.073,-0.052,-0.061
2025-12-08T23:21:25.790,0.068,-0.166,-0.194
2025-12-08T23:21:25.800,0.067,-0.184,-0.186
2025-12-08T23:21:25.810,0.051,-0.066,-0.036
2025-12-08T23:21:25.820,0.026,-0.018,0.047
2025-12-08T23:21:25.830,0.04,-0.078,-0.031
2025-12-08T23:21:25.840,0.041,-0.144,-0.168
2025-12-08T23:21:25.850,0.027,-0.137,-0.194
2025-12-08T23:21:25.860,0.03,-0.062,-0.053
2025-12-08T23:21:25.870,0.024,-0.03,0.064
2025-12-08T23:21:25.880,0.023,-0.088,-0.017
2025-12-08T23:21:25.890,0.043,-0.149,-0.141
2025-12-08T23:21:25.900,0.06,-0.111,-0.141
2025-12-08T23:21:25.910,0.039,-0.054,-0.062
2025-12-08T23:21:25.920,0.01,-0.058,0.021
2025-12-08T23:21:25.930,0.012,-0.071,0.016
2025-12-08T23:21:25.940,0.019,-0.087,-0.052
2025-12-08T23:21:25.950,0.046,-0.083,-0.078
2025-12-08T23:21:25.960,0.056,-0.041,-0.032
2025-12-08T23:21:25.970,0.044,-0.027,0.004
2025-12-08T23:21:25.980,0.068,-0.056,-0.033
2025-12-08T23:21:25.990,0.089,-0.071,-0.039
2025-12-08T23:21:26.000,0.087,-0.067,-0.024
2025-12-08T23:21:26.010,0.065,-0.067,-0.004
2025-12-08T23:21:26.020,0.059,-0.055,0.041
2025-12-08T23:21:26.030,0.054,-0.05,0.016
2025-12-08T23:21:26.040,0.035,-0.077,-0.041
2025-12-08T23:21:26.050,0.033,-0.082,-0.052
2025-12-08T23:21:26.060,0.012,-0.064,-0.045
2025-12-08T23:21:26.070,0.004,-0.054,-0.036
2025-12-08T23:21:26.080,0.011,-0.041,-0.035
2025-12-08T23:21:26.090,0.031,-0.05,-0.074
2025-12-08T23:21:26.100,0.041,-0.062,-0.104
2025-12-08T23:21:26.110,0.032,-0.048,-0.07
2025-12-08T23:21:26.120,0.035,-0.036,-0.028
2025-12-08T23:21:26.130,0.018,-0.031,-0.015
2025-12-08T23:21:26.140,0.024,-0.041,-0.013
2025-12-08T23:21:26.150,0.026,-0.04,-0.015
2025-12-08T23:21:26.160,0.014,-0.033,-0.023
2025-12-08T23:21:26.170,0.014,-0.039,-0.019
2025-12-08T23:21:26.180,0.008,-0.034,-0.008
2025-12-08T23:21:26.190,0.019,-0.048,-0.02
2025-12-08T23:21:26.200,0.018,-0.057,-0.036
2025-12-08T23:21:26.210,0.023,-0.059,-0.045
2025-12-08T23:21:26.220,0.022,-0.071,-0.048
2025-12-08T23:21:26.230,0.025,-0.078,-0.034
2025-12-08T23:21:26.240,0.042,-0.074,-0.009
2025-12-08T23:21:26.250,0.014,-0.034,0.023
2025-12-08T23:21:26.260,0.006,-0.006,0.047
2025-12-08T23:21:26.270,0.03,-0.019,-0.006
2025-12-08T23:21:26.280,0.036,-0.061,-0.075
2025-12-08T23:21:26.290,0.032,-0.059,-0.02
2025-12-08T23:21:26.300,0.025,0.003,0.093
2025-12-08T23:21:26.310,0.029,-0.018,0.12
2025-12-08T23:21:26.320,0.031,-0.084,0.025
2025-12-08T23:21:26.330,0.021,-0.087,-0.044
2025-12-08T23:21:26.340,0.012,-0.048,-0.016
2025-12-08T23:21:26.350,-0.003,-0.02,-0.003
2025-12-08T23:21:26.360,-0.011,-0.049,-0.011
2025-12-08T23:21:26.370,-0.004,-0.068,-0.037
2025-12-08T23:21:26.380,-0.007,-0.046,-0.054
2025-12-08T23:21:26.390,-0.007,-0.026,-0.009
2025-12-08T23:21:26.400,-0.012,-0.009,0.014
2025-12-08T23:21:26.410,-0.029,-0.018,-0.009
2025-12-08T23:21:26.420,-0.025,-0.025,-0.014
2025-12-08T23:21:26.430,-0.012,-0.009,0.009
2025-12-08T23:21:26.440,-0.015,-0.022,0.038
2025-12-08T23:21:26.450,-0.025,-0.046,0.049
2025-12-08T23:21:26.460,-0.018,-0.056,0.04
2025-12-08T23:21:26.470,-0.007,-0.065,0.012
2025-12-08T23:21:26.480,-0.006,-0.073,-0.004
2025-12-08T23:21:26.490,-0.006,-0.075,0.002
2025-12-08T23:21:26.500,-0.012,-0.068,0.007
2025-12-08T23:21:26.510,-0.008,-0.063,0.019
2025-12-08T23:21:26.520,0.008,-0.063,0.042
2025-12-08T23:21:26.530,0.005,-0.062,0.062
2025-12-08T23:21:26.540,0.009,-0.062,0.078
2025-12-08T23:21:26.550,0.027,-0.055,0.099
2025-12-08T23:21:26.560,0.03,-0.043,0.101
2025-12-08T23:21:26.570,0.03,-0.058,0.079
2025-12-08T23:21:26.580,0.037,-0.066,0.066
2025-12-08T23:21:26.590,0.035,-0.066,0.053
2025-12-08T23:21:26.600,0.026,-0.087,0.057
2025-12-08T23:21:26.610,0.012,-0.101,0.08
2025-12-08T23:21:26.620,-0.002,-0.119,0.084
2025-12-08T23:21:26.630,-0.017,-0.135,0.076
2025-12-08T23:21:26.640,-0.027,-0.135,0.068
2025-12-08T23:21:26.650,-0.024,-0.135,0.048
2025-12-08T23:21:26.660,-0.026,-0.13,0.025
2025-12-08T23:21:26.670,-0.03,-0.118,0.02
2025-12-08T23:21:26.680,-0.039,-0.1,0.021
2025-12-08T23:21:26.690,-0.065,-0.096,0.052
2025-12-08T23:21:26.700,-0.054,-0.116,0.095
2025-12-08T23:21:26.710,-0.012,-0.137,0.093
2025-12-08T23:21:26.720,-0.023,-0.116,0.088
2025-12-08T23:21:26.730,-0.041,-0.073,0.099
2025-12-08T23:21:26.740,-0.02,-0.085,0.051
2025-12-08T23:21:26.750,-0.023,-0.155,-0.034
2025-12-08T23:21:26.760,-0.034,-0.196,-0.021
2025-12-08T23:21:26.770,-0.028,-0.144,0.086
2025-12-08T23:21:26.780,-0.054,-0.095,0.172
2025-12-08T23:21:26.790,-0.062,-0.118,0.15
2025-12-08T23:21:26.800,-0.046,-0.165,0.037
2025-12-08T23:21:26.810,-0.059,-0.173,-0.02
2025-12-08T23:21:26.820,-0.061,-0.124,0.038
2025-12-08T23:21:26.830,-0.059,-0.084,0.137
2025-12-08T23:21:26.840,-0.059,-0.095,0.134
2025-12-08T23:21:26.850,-0.047,-0.14,0.046
2025-12-08T23:21:26.860,-0.04,-0.146,0.035
2025-12-08T23:21:26.870,-0.041,-0.11,0.086
2025-12-08T23:21:26.880,-0.058,-0.109,0.15
2025-12-08T23:21:26.890,-0.066,-0.122,0.178
2025-12-08T23:21:26.900,-0.059,-0.149,0.111
2025-12-08T23:21:26.910,-0.056,-0.168,0.065
2025-12-08T23:21:26.920,-0.056,-0.137,0.077
2025-12-08T23:21:26.930,-0.072,-0.126,0.082
2025-12-08T23:21:26.940,-0.084,-0.138,0.065
2025-12-08T23:21:26.950,-0.084,-0.151,0.042
2025-12-08T23:21:26.960,-0.074,-0.163,0.043
2025-12-08T23:21:26.970,-0.07,-0.153,0.061
2025-12-08T23:21:26.980,-0.07,-0.138,0.086
2025-12-08T23:21:26.990,-0.048,-0.138,0.086
2025-12-08T23:21:27.000,-0.043,-0.144,0.057
2025-12-08T23:21:27.010,-0.043,-0.145,0.052
2025-12-08T23:21:27.020,-0.043,-0.14,0.071
2025-12-08T23:21:27.030,-0.056,-0.132,0.094
2025-12-08T23:21:27.040,-0.063,-0.128,0.098
2025-12-08T23:21:27.050,-0.066,-0.13,0.072
2025-12-08T23:21:27.060,-0.069,-0.13,0.037
2025-12-08T23:21:27.070,-0.076,-0.128,0.015
2025-12-08T23:21:27.080,-0.073,-0.123,0.014
2025-12-08T23:21:27.090,-0.076,-0.131,0.029
2025-12-08T23:21:27.100,-0.078,-0.146,0.057
2025-12-08T23:21:27.110,-0.066,-0.15,0.082
2025-12-08T23:21:27.120,-0.054,-0.149,0.082
2025-12-08T23:21:27.130,-0.038,-0.137,0.079
2025-12-08T23:21:27.140,-0.029,-0.126,0.076
2025-12-08T23:21:27.150,-0.027,-0.113,0.081
2025-12-08T23:21:27.160,-0.044,-0.1,0.103
2025-12-08T23:21:27.170,-0.047,-0.095,0.109
2025-12-08T23:21:27.180,-0.042,-0.082,0.089
2025-12-08T23:21:27.190,-0.056,-0.07,0.063
2025-12-08T23:21:27.200,-0.06,-0.077,0.063
2025-12-08T23:21:27.210,-0.062,-0.083,0.073
2025-12-08T23:21:27.220,-0.067,-0.078,0.054
2025-12-08T23:21:27.230,-0.082,-0.071,0.032
2025-12-08T23:21:27.240,-0.087,-0.062,0.009
2025-12-08T23:21:27.250,-0.071,-0.063,-0.01
2025-12-08T23:21:27.260,-0.073,-0.082,-0.006
2025-12-08T23:21:27.270,-0.07,-0.082,0.007
2025-12-08T23:21:27.280,-0.061,-0.064,0.031
2025-12-08T23:21:27.290,-0.064,-0.076,0.047
2025-12-08T23:21:27.300,-0.07,-0.087,0.041
2025-12-08T23:21:27.310,-0.08,-0.078,0.039
2025-12-08T23:21:27.320,-0.089,-0.075,0.041
2025-12-08T23:21:27.330,-0.081,-0.064,0.029
2025-12-08T23:21:27.340,-0.078,-0.06,0.009
2025-12-08T23:21:27.350,-0.095,-0.059,-0.016
2025-12-08T23:21:27.360,-0.093,-0.033,-0.007
2025-12-08T23:21:27.370,-0.089,-0.02,0.018
2025-12-08T23:21:27.380,-0.089,-0.029,-0.002
2025-12-08T23:21:27.390,-0.075,-0.042,-0.008
2025-12-08T23:21:27.400,-0.066,-0.043,0.008
2025-12-08T23:21:27.410,-0.054,-0.041,0.02
2025-12-08T23:21:27.420,-0.039,-0.059,0.059
2025-12-08T23:21:27.430,-0.026,-0.063,0.064
2025-12-08T23:21:27.440,-0.022,-0.062,0.042
2025-12-08T23:21:27.450,-0.017,-0.056,0.046
2025-12-08T23:21:27.460,-0.01,-0.041,0.032
2025-12-08T23:21:27.470,-0.024,-0.048,0.013
2025-12-08T23:21:27.480,-0.03,-0.05,0.007
2025-12-08T23:21:27.490,-0.029,-0.048,-0.001
2025-12-08T23:21:27.500,-0.036,-0.053,0.009
2025-12-08T23:21:27.510,-0.041,-0.057,0.027
2025-12-08T23:21:27.520,-0.044,-0.061,0.04
2025-12-08T23:21:27.530,-0.039,-0.054,0.032
2025-12-08T23:21:27.540,-0.034,-0.041,0.023
2025-12-08T23:21:27.550,-0.024,-0.029,0.029
2025-12-08T23:21:27.560,-0.019,-0.025,0.023
2025-12-08T23:21:27.570,-0.019,-0.02,0.023
2025-12-08T23:21:27.580,-0.008,-0.009,0.025
2025-12-08T23:21:27.590,-0.009,-0.004,0.015
2025-12-08T23:21:27.600,-0.012,-0.003,0.016
2025-12-08T23:21:27.610,-0.012,-0.002,0.021
2025-12-08T23:21:27.620,-0.02,-0.006,0.02
2025-12-08T23:21:27.630,-0.029,-0.022,0.018
2025-12-08T23:21:27.640,-0.03,-0.023,0.014
2025-12-08T23:21:27.650,-0.026,-0.024,0.002
2025-12-08T23:21:27.660,-0.021,-0.028,-0.001
2025-12-08T23:21:27.670,-0.009,-0.02,0.0
2025-12-08T23:21:27.680,0.008,-0.017,-0.018
2025-12-08T23:21:27.690,0.02,-0.009,-0.032
2025-12-08T23:21:27.700,0.038,-0.011,-0.024
2025-12-08T23:21:27.710,0.051,-0.014,-0.004
2025-12-08T23:21:27.720,0.045,-0.004,0.023
2025-12-08T23:21:27.730,0.052,-0.005,0.041
2025-12-08T23:21:27.740,0.054,-0.006,0.037
2025-12-08T23:21:27.750,0.037,0.011,0.043
2025-12-08T23:21:27.760,0.037,0.024,0.084
2025-12-08T23:21:27.770,0.049,0.012,0.086
2025-12-08T23:21:27.780,0.051,-0.009,0.035
2025-12-08T23:21:27.790,0.05,-0.013,0.02
2025-12-08T23:21:27.800,0.063,-0.01,0.007
2025-12-08T23:21:27.810,0.075,-0.004,-0.009
2025-12-08T23:21:27.820,0.078,0.02,0.036
2025-12-08T23:21:27.830,0.084,0.03,0.041
2025-12-08T23:21:27.840,0.086,0.023,0.009
2025-12-08T23:21:27.850,0.095,0.032,0.029
2025-12-08T23:21:27.860,0.102,0.037,0.045
2025-12-08T23:21:27.870,0.103,0.036,0.063
2025-12-08T23:21:27.880,0.105,0.038,0.101
2025-12-08T23:21:27.890,0.109,0.027,0.084
2025-12-08T23:21:27.900,0.118,0.013,0.042
2025-12-08T23:21:27.910,0.113,0.024,0.041
2025-12-08T23:21:27.920,0.111,0.028,0.03
2025-12-08T23:21:27.930,0.112,0.017,0.02
2025-12-08T23:21:27.940,0.088,0.025,0.034
2025-12-08T23:21:27.950,0.087,0.017,0.006
2025-12-08T23:21:27.960,0.104,0.013,-0.013
2025-12-08T23:21:27.970,0.107,0.028,-0.009
2025-12-08T23:21:27.980,0.127,0.018,-0.025
2025-12-08T23:21:27.990,0.146,0.025,-0.007
2025-12-08T23:21:28.000,0.155,0.034,0.019
2025-12-08T23:21:28.010,0.173,0.029,0.043
2025-12-08T23:21:28.020,0.181,0.039,0.08
2025-12-08T23:21:28.030,0.185,0.038,0.092
2025-12-08T23:21:28.040,0.184,0.038,0.083
2025-12-08T23:21:28.050,0.185,0.03,0.066
2025-12-08T23:21:28.060,0.182,0.014,0.052
2025-12-08T23:21:28.070,0.175,0.013,0.055
2025-12-08T23:21:28.080,0.179,0.003,0.066
2025-12-08T23:21:28.090,0.171,-0.002,0.061
2025-12-08T23:21:28.100,0.168,-0.002,0.054
2025-12-08T23:21:28.110,0.18,-0.008,0.057
2025-12-08T23:21:28.120,0.178,0.001,0.067
2025-12-08T23:21:28.130,0.178,0.011,0.085
2025-12-08T23:21:28.140,0.192,0.016,0.077
2025-12-08T23:21:28.150,0.201,0.028,0.058
2025-12-08T23:21:28.160,0.202,0.034,0.059
2025-12-08T23:21:28.170,0.207,0.036,0.067
2025-12-08T23:21:28.180,0.208,0.031,0.066
2025-12-08T23:21:28.190,0.206,0.021,0.065
2025-12-08T23:21:28.200,0.211,0.014,0.065
2025-12-08T23:21:28.210,0.207,0.005,0.053
2025-12-08T23:21:28.220,0.193,-0.011,0.05
2025-12-08T23:21:28.230,0.188,-0.023,0.047
2025-12-08T23:21:28.240,0.189,-0.025,0.041
2025-12-08T23:21:28.250,0.187,-0.021,0.036
2025-12-08T23:21:28.260,0.196,-0.021,0.035
2025-12-08T23:21:28.270,0.205,-0.023,0.049
2025-12-08T23:21:28.280,0.206,-0.022,0.053
2025-12-08T23:21:28.290,0.21,-0.025,0.069
2025-12-08T23:21:28.300,0.219,-0.022,0.085
2025-12-08T23:21:28.310,0.222,-0.019,0.082
2025-12-08T23:21:28.320,0.228,-0.019,0.087
2025-12-08T23:21:28.330,0.24,-0.014,0.079
2025-12-08T23:21:28.340,0.242,-0.016,0.061
2025-12-08T23:21:28.350,0.244,-0.025,0.04
2025-12-08T23:21:28.360,0.246,-0.021,0.031
2025-12-08T23:21:28.370,0.229,-0.004,0.086
2025-12-08T23:21:28.380,0.208,0.005,0.147
2025-12-08T23:21:28.390,0.203,-0.021,0.104
2025-12-08T23:21:28.400,0.199,-0.05,0.005
2025-12-08T23:21:28.410,0.195,-0.035,-0.027
2025-12-08T23:21:28.420,0.211,0.003,0.064
2025-12-08T23:21:28.430,0.2,0.017,0.172
2025-12-08T23:21:28.440,0.191,-0.036,0.113
2025-12-08T23:21:28.450,0.234,-0.048,0.019
2025-12-08T23:21:28.460,0.241,0.008,0.017
2025-12-08T23:21:28.470,0.235,0.002,-0.033
2025-12-08T23:21:28.480,0.234,0.048,0.061
2025-12-08T23:21:28.490,0.209,0.069,0.151
2025-12-08T23:21:28.500,0.224,-0.014,-0.01
2025-12-08T23:21:28.510,0.225,0.02,0.037
2025-12-08T23:21:28.520,0.206,0.023,0.089
2025-12-08T23:21:28.530,0.216,-0.027,0.018
2025-12-08T23:21:28.540,0.193,-0.014,0.11
2025-12-08T23:21:28.550,0.194,-0.048,0.053
2025-12-08T23:21:28.560,0.207,-0.059,0.009
2025-12-08T23:21:28.570,0.191,-0.039,0.057
2025-12-08T23:21:28.580,0.197,-0.014,0.044
2025-12-08T23:21:28.590,0.195,-0.022,0.046
2025-12-08T23:21:28.600,0.208,-0.05,0.02
2025-12-08T23:21:28.610,0.21,-0.014,0.053
2025-12-08T23:21:28.620,0.202,-0.009,0.058
2025-12-08T23:21:28.630,0.207,0.014,0.076
2025-12-08T23:21:28.640,0.192,0.034,0.087
2025-12-08T23:21:28.650,0.207,-0.005,0.037
2025-12-08T23:21:28.660,0.209,-0.004,0.065
2025-12-08T23:21:28.670,0.206,0.001,0.086
2025-12-08T23:21:28.680,0.209,-0.009,0.104
2025-12-08T23:21:28.690,0.198,-0.014,0.092
2025-12-08T23:21:28.700,0.2,-0.029,0.073
2025-12-08T23:21:28.710,0.183,-0.043,0.051
2025-12-08T23:21:28.720,0.172,-0.033,0.026
2025-12-08T23:21:28.730,0.159,-0.009,0.053
2025-12-08T23:21:28.740,0.148,-0.004,0.027
2025-12-08T23:21:28.750,0.143,0.0,0.03
2025-12-08T23:21:28.760,0.134,0.01,0.047
2025-12-08T23:21:28.770,0.144,0.009,0.035
2025-12-08T23:21:28.780,0.144,0.0,0.045
2025-12-08T23:21:28.790,0.147,0.011,0.046
2025-12-08T23:21:28.800,0.154,0.007,0.049
2025-12-08T23:21:28.810,0.147,0.003,0.053
2025-12-08T23:21:28.820,0.145,0.011,0.068
2025-12-08T23:21:28.830,0.152,0.006,0.059
2025-12-08T23:21:28.840,0.145,0.02,0.047
2025-12-08T23:21:28.850,0.14,0.018,0.051
2025-12-08T23:21:28.860,0.148,0.014,0.033
2025-12-08T23:21:28.870,0.141,0.027,0.024
2025-12-08T23:21:28.880,0.145,0.027,0.016
2025-12-08T23:21:28.890,0.158,0.029,0.002
2025-12-08T23:21:28.900,0.158,0.028,0.011
2025-12-08T23:21:28.910,0.156,0.03,0.033
2025-12-08T23:21:28.920,0.154,0.023,0.064
2025-12-08T23:21:28.930,0.144,0.011,0.096
2025-12-08T23:21:28.940,0.136,-0.005,0.106
2025-12-08T23:21:28.950,0.143,-0.018,0.087
2025-12-08T23:21:28.960,0.141,-0.024,0.039
2025-12-08T23:21:28.970,0.137,-0.028,-0.003
2025-12-08T23:21:28.980,0.136,-0.02,-0.012
2025-12-08T23:21:28.990,0.129,-0.018,-0.006
2025-12-08T23:21:29.000,0.118,-0.011,0.01
2025-12-08T23:21:29.010,0.104,0.0,0.022
2025-12-08T23:21:29.020,0.095,0.018,0.017
2025-12-08T23:21:29.030,0.08,0.057,0.045
2025-12-08T23:21:29.040,0.079,0.077,0.082
2025-12-08T23:21:29.050,0.101,0.043,0.021
2025-12-08T23:21:29.060,0.1,0.014,-0.019
2025-12-08T23:21:29.070,0.083,0.038,0.031
2025-12-08T23:21:29.080,0.09,0.025,0.02
2025-12-08T23:21:29.090,0.078,0.008,0.037
2025-12-08T23:21:29.100,0.054,0.025,0.078
2025-12-08T23:21:29.110,0.07,-0.025,-0.037
2025-12-08T23:21:29.120,0.064,-0.007,-0.065
2025-12-08T23:21:29.130,0.044,0.055,0.02
2025-12-08T23:21:29.140,0.06,0.034,-0.016
2025-12-08T23:21:29.150,0.054,0.051,-0.007
2025-12-08T23:21:29.160,0.055,0.057,-0.006
2025-12-08T23:21:29.170,0.082,0.035,-0.066
2025-12-08T23:21:29.180,0.072,0.055,-0.003
2025-12-08T23:21:29.190,0.049,0.071,0.074
2025-12-08T23:21:29.200,0.045,0.07,0.102
2025-12-08T23:21:29.210,0.043,0.051,0.093
2025-12-08T23:21:29.220,0.034,0.053,0.065
2025-12-08T23:21:29.230,0.035,0.048,0.036
2025-12-08T23:21:29.240,0.036,0.039,0.007
2025-12-08T23:21:29.250,0.023,0.059,0.009
2025-12-08T23:21:29.260,0.027,0.042,-0.031
2025-12-08T23:21:29.270,0.03,0.041,-0.036
2025-12-08T23:21:29.280,0.005,0.068,0.004
2025-12-08T23:21:29.290,-0.004,0.072,0.023
2025-12-08T23:21:29.300,-0.007,0.071,0.037
2025-12-08T23:21:29.310,-0.017,0.071,0.015
2025-12-08T23:21:29.320,-0.009,0.078,0.003
2025-12-08T23:21:29.330,-0.006,0.087,-0.008
2025-12-08T23:21:29.340,-0.016,0.104,0.004
2025-12-08T23:21:29.350,-0.021,0.102,-0.007
2025-12-08T23:21:29.360,-0.018,0.096,-0.034
2025-12-08T23:21:29.370,-0.029,0.095,-0.019
2025-12-08T23:21:29.380,-0.046,0.08,-0.018
2025-12-08T23:21:29.390,-0.059,0.082,0.025
2025-12-08T23:21:29.400,-0.075,0.075,0.024
2025-12-08T23:21:29.410,-0.084,0.071,-0.018
2025-12-08T23:21:29.420,-0.079,0.079,-0.034
2025-12-08T23:21:29.430,-0.081,0.083,-0.069
2025-12-08T23:21:29.440,-0.079,0.087,-0.051
2025-12-08T23:21:29.450,-0.064,0.087,-0.009
2025-12-08T23:21:29.460,-0.06,0.094,0.013
2025-12-08T23:21:29.470,-0.055,0.087,0.031
2025-12-08T23:21:29.480,-0.045,0.094,0.042
2025-12-08T23:21:29.490,-0.038,0.096,0.021
2025-12-08T23:21:29.500,-0.039,0.088,0.008
2025-12-08T23:21:29.510,-0.049,0.098,0.035
2025-12-08T23:21:29.520,-0.054,0.077,0.01
2025-12-08T23:21:29.530,-0.064,0.086,0.017
2025-12-08T23:21:29.540,-0.066,0.103,0.021
2025-12-08T23:21:29.550,-0.06,0.1,-0.011
2025-12-08T23:21:29.560,-0.076,0.114,0.016
2025-12-08T23:21:29.570,-0.078,0.095,0.018
2025-12-08T23:21:29.580,-0.077,0.084,0.022
2025-12-08T23:21:29.590,-0.084,0.096,0.037
2025-12-08T23:21:29.600,-0.071,0.089,0.031
2025-12-08T23:21:29.610,-0.066,0.093,0.034
2025-12-08T23:21:29.620,-0.072,0.106,0.034
2025-12-08T23:21:29.630,-0.066,0.113,0.037
2025-12-08T23:21:29.640,-0.069,0.121,0.034
2025-12-08T23:21:29.650,-0.082,0.13,0.047
2025-12-08T23:21:29.660,-0.09,0.136,0.052
2025-12-08T23:21:29.670,-0.094,0.139,0.038
2025-12-08T23:21:29.680,-0.102,0.152,0.012
2025-12-08T23:21:29.690,-0.104,0.147,-0.025
2025-12-08T23:21:29.700,-0.099,0.138,-0.032
2025-12-08T23:21:29.710,-0.106,0.139,-0.023
2025-12-08T23:21:29.720,-0.116,0.131,0.016
2025-12-08T23:21:29.730,-0.11,0.129,0.054
2025-12-08T23:21:29.740,-0.11,0.117,0.057
2025-12-08T23:21:29.750,-0.107,0.103,0.042
2025-12-08T23:21:29.760,-0.089,0.102,0.02
2025-12-08T23:21:29.770,-0.074,0.111,0.009
2025-12-08T23:21:29.780,-0.067,0.127,0.003
2025-12-08T23:21:29.790,-0.059,0.136,0.015
2025-12-08T23:21:29.800,-0.057,0.135,0.03
2025-12-08T23:21:29.810,-0.065,0.121,0.041
2025-12-08T23:21:29.820,-0.075,0.117,0.07
2025-12-08T23:21:29.830,-0.086,0.122,0.081
2025-12-08T23:21:29.840,-0.095,0.109,0.064
2025-12-08T23:21:29.850,-0.098,0.101,0.031
2025-12-08T23:21:29.860,-0.103,0.109,0.017
2025-12-08T23:21:29.870,-0.109,0.12,0.022
2025-12-08T23:21:29.880,-0.103,0.11,0.026
2025-12-08T23:21:29.890,-0.1,0.106,0.046
2025-12-08T23:21:29.900,-0.105,0.107,0.054
2025-12-08T23:21:29.910,-0.089,0.087,0.045
2025-12-08T23:21:29.920,-0.077,0.087,0.053
2025-12-08T23:21:29.930,-0.087,0.103,0.051
2025-12-08T23:21:29.940,-0.086,0.101,0.027
2025-12-08T23:21:29.950,-0.081,0.102,0.006
2025-12-08T23:21:29.960,-0.093,0.109,-0.004
2025-12-08T23:21:29.970,-0.093,0.111,0.014
2025-12-08T23:21:29.980,-0.091,0.119,0.054
2025-12-08T23:21:29.990,-0.099,0.118,0.067
2025-12-08T23:21:30.000,-0.104,0.105,0.063
2025-12-08T23:21:30.010,-0.117,0.102,0.047
2025-12-08T23:21:30.020,-0.127,0.093,0.02
2025-12-08T23:21:30.030,-0.128,0.084,0.025
2025-12-08T23:21:30.040,-0.122,0.085,0.026
2025-12-08T23:21:30.050,-0.111,0.082,0.026
2025-12-08T23:21:30.060,-0.11,0.08,0.049
2025-12-08T23:21:30.070,-0.102,0.071,0.045
2025-12-08T23:21:30.080,-0.095,0.068,0.034
2025-12-08T23:21:30.090,-0.091,0.077,0.018
2025-12-08T23:21:30.100,-0.077,0.073,0.009
2025-12-08T23:21:30.110,-0.073,0.078,0.026
2025-12-08T23:21:30.120,-0.08,0.076,0.045
2025-12-08T23:21:30.130,-0.087,0.06,0.071
2025-12-08T23:21:30.140,-0.086,0.055,0.074
2025-12-08T23:21:30.150,-0.088,0.048,0.059
2025-12-08T23:21:30.160,-0.085,0.044,0.034
2025-12-08T23:21:30.170,-0.075,0.041,0.012
2025-12-08T23:21:30.180,-0.081,0.043,-0.001
2025-12-08T23:21:30.190,-0.077,0.047,-0.014
2025-12-08T23:21:30.200,-0.073,0.049,-0.011
2025-12-08T23:21:30.210,-0.079,0.056,-0.013
2025-12-08T23:21:30.220,-0.072,0.05,0.005
2025-12-08T23:21:30.230,-0.07,0.05,0.038
2025-12-08T23:21:30.240,-0.073,0.039,0.055
2025-12-08T23:21:30.250,-0.081,0.021,0.074
2025-12-08T23:21:30.260,-0.082,0.027,0.078
2025-12-08T23:21:30.270,-0.074,0.017,0.067
2025-12-08T23:21:30.280,-0.077,0.02,0.05
2025-12-08T23:21:30.290,-0.07,0.031,0.03
2025-12-08T23:21:30.300,-0.065,0.02,0.002
2025-12-08T23:21:30.310,-0.077,0.024,-0.008
2025-12-08T23:21:30.320,-0.083,0.034,0.004
2025-12-08T23:21:30.330,-0.087,0.038,-0.009
2025-12-08T23:21:30.340,-0.092,0.04,-0.025
2025-12-08T23:21:30.350,-0.086,0.031,-0.034
2025-12-08T23:21:30.360,-0.079,0.024,-0.036
2025-12-08T23:21:30.370,-0.078,0.021,-0.009
2025-12-08T23:21:30.380,-0.072,0.02,0.023
2025-12-08T23:21:30.390,-0.065,0.012,0.038
2025-12-08T23:21:30.400,-0.065,0.002,0.048
2025-12-08T23:21:30.410,-0.07,0.001,0.044
2025-12-08T23:21:30.420,-0.061,-0.012,0.032
2025-12-08T23:21:30.430,-0.062,-0.018,0.022
2025-12-08T23:21:30.440,-0.073,-0.016,0.008
2025-12-08T23:21:30.450,-0.073,-0.023,0.006
2025-12-08T23:21:30.460,-0.084,-0.013,0.002
2025-12-08T23:21:30.470,-0.089,-0.009,-0.007
2025-12-08T23:21:30.480,-0.083,-0.007,-0.011
2025-12-08T23:21:30.490,-0.087,0.004,-0.02
2025-12-08T23:21:30.500,-0.081,-0.0,-0.012
2025-12-08T23:21:30.510,-0.07,-0.001,0.006
2025-12-08T23:21:30.520,-0.073,0.006,0.011
2025-12-08T23:21:30.530,-0.072,0.003,0.014
2025-12-08T23:21:30.540,-0.068,0.006,0.025
2025-12-08T23:21:30.550,-0.07,0.009,0.016
2025-12-08T23:21:30.560,-0.078,0.004,-0.005
2025-12-08T23:21:30.570,-0.082,0.005,-0.014
2025-12-08T23:21:30.580,-0.087,-0.001,-0.035
2025-12-08T23:21:30.590,-0.103,0.002,-0.047
2025-12-08T23:21:30.600,-0.108,0.012,-0.039
2025-12-08T23:21:30.610,-0.103,-0.001,-0.032
2025-12-08T23:21:30.620,-0.107,-0.008,-0.023
2025-12-08T23:21:30.630,-0.112,-0.004,0.008
2025-12-08T23:21:30.640,-0.108,-0.009,0.034
2025-12-08T23:21:30.650,-0.097,-0.017,0.014
2025-12-08T23:21:30.660,-0.097,-0.005,0.001
2025-12-08T23:21:30.670,-0.092,0.005,-0.005
2025-12-08T23:21:30.680,-0.09,-0.001,-0.038
2025-12-08T23:21:30.690,-0.098,-0.002,-0.037
2025-12-08T23:21:30.700,-0.094,-0.007,-0.014
2025-12-08T23:21:30.710,-0.1,-0.008,-0.021
2025-12-08T23:21:30.720,-0.103,-0.003,-0.015
2025-12-08T23:21:30.730,-0.1,0.001,-0.011
2025-12-08T23:21:30.740,-0.113,-0.001,-0.029
2025-12-08T23:21:30.750,-0.118,-0.007,-0.021
2025-12-08T23:21:30.760,-0.116,-0.011,-0.014
2025-12-08T23:21:30.770,-0.112,-0.014,-0.023
2025-12-08T23:21:30.780,-0.103,-0.006,-0.021
2025-12-08T23:21:30.790,-0.098,-0.001,-0.026
2025-12-08T23:21:30.800,-0.097,-0.006,-0.034
2025-12-08T23:21:30.810,-0.107,0.007,-0.015
2025-12-08T23:21:30.820,-0.111,0.014,0.006
2025-12-08T23:21:30.830,-0.116,0.009,0.02
2025-12-08T23:21:30.840,-0.128,0.024,0.04
2025-12-08T23:21:30.850,-0.123,0.02,0.039
2025-12-08T23:21:30.860,-0.116,0.006,0.015
2025-12-08T23:21:30.870,-0.118,0.016,-0.005
2025-12-08T23:21:30.880,-0.114,0.01,-0.007
2025-12-08T23:21:30.890,-0.113,0.003,-0.002
2025-12-08T23:21:30.900,-0.124,0.007,0.008
2025-12-08T23:21:30.910,-0.128,-0.004,0.016
2025-12-08T23:21:30.920,-0.131,-0.001,0.008
2025-12-08T23:21:30.930,-0.141,0.009,-0.002
2025-12-08T23:21:30.940,-0.134,0.013,-0.026
2025-12-08T23:21:30.950,-0.129,0.025,-0.055
2025-12-08T23:21:30.960,-0.135,0.029,-0.055
2025-12-08T23:21:30.970,-0.135,0.028,-0.045
2025-12-08T23:21:30.980,-0.13,0.03,-0.035
2025-12-08T23:21:30.990,-0.129,0.036,-0.029
2025-12-08T23:21:31.000,-0.125,0.038,-0.033
2025-12-08T23:21:31.010,-0.114,0.029,-0.039
2025-12-08T23:21:31.020,-0.122,0.029,-0.039
2025-12-08T23:21:31.030,-0.126,0.027,-0.028
2025-12-08T23:21:31.040,-0.118,0.023,-0.02
2025-12-08T23:21:31.050,-0.112,0.026,-0.017
2025-12-08T23:21:31.060,-0.098,0.026,-0.008
2025-12-08T23:21:31.070,-0.086,0.032,0.002
2025-12-08T23:21:31.080,-0.08,0.038,0.01
2025-12-08T23:21:31.090,-0.08,0.043,0.011
2025-12-08T23:21:31.100,-0.079,0.046,0.018
2025-12-08T23:21:31.110,-0.086,0.046,0.023
2025-12-08T23:21:31.120,-0.099,0.055,0.009
2025-12-08T23:21:31.130,-0.101,0.058,-0.025
2025-12-08T23:21:31.140,-0.099,0.056,-0.062
2025-12-08T23:21:31.150,-0.106,0.063,-0.056
2025-12-08T23:21:31.160,-0.105,0.063,-0.027
2025-12-08T23:21:31.170,-0.092,0.061,-0.008
2025-12-08T23:21:31.180,-0.095,0.063,0.003
2025-12-08T23:21:31.190,-0.094,0.065,-0.003
2025-12-08T23:21:31.200,-0.087,0.063,-0.003
2025-12-08T23:21:31.210,-0.086,0.068,-0.021
2025-12-08T23:21:31.220,-0.081,0.075,-0.027
2025-12-08T23:21:31.230,-0.076,0.078,-0.01
2025-12-08T23:21:31.240,-0.086,0.086,-0.004
2025-12-08T23:21:31.250,-0.096,0.078,0.015
2025-12-08T23:21:31.260,-0.088,0.07,0.014
2025-12-08T23:21:31.270,-0.091,0.069,-0.003
2025-12-08T23:21:31.280,-0.085,0.066,-0.033
2025-12-08T23:21:31.290,-0.073,0.069,-0.067
2025-12-08T23:21:31.300,-0.076,0.071,-0.077
2025-12-08T23:21:31.310,-0.073,0.07,-0.067
2025-12-08T23:21:31.320,-0.075,0.072,-0.027
2025-12-08T23:21:31.330,-0.073,0.074,-0.025
2025-12-08T23:21:31.340,-0.07,0.071,-0.034
2025-12-08T23:21:31.350,-0.069,0.077,-0.027
2025-12-08T23:21:31.360,-0.064,0.069,-0.032
2025-12-08T23:21:31.370,-0.073,0.053,-0.016
2025-12-08T23:21:31.380,-0.068,0.049,-0.007
2025-12-08T23:21:31.390,-0.06,0.043,-0.005
2025-12-08T23:21:31.400,-0.051,0.049,-0.02
2025-12-08T23:21:31.410,-0.029,0.051,-0.026
2025-12-08T23:21:31.420,-0.021,0.063,-0.017
2025-12-08T23:21:31.430,-0.023,0.07,-0.011
2025-12-08T23:21:31.440,-0.024,0.059,0.021
2025-12-08T23:21:31.450,-0.016,0.059,0.025
2025-12-08T23:21:31.460,-0.012,0.05,0.03
2025-12-08T23:21:31.470,-0.015,0.059,0.04
2025-12-08T23:21:31.480,-0.004,0.066,0.024
2025-12-08T23:21:31.490,-0.007,0.066,0.014
2025-12-08T23:21:31.500,-0.011,0.077,0.011
2025-12-08T23:21:31.510,-0.002,0.071,0.016
2025-12-08T23:21:31.520,-0.011,0.067,0.009
2025-12-08T23:21:31.530,-0.018,0.06,0.013
2025-12-08T23:21:31.540,-0.015,0.05,0.009
2025-12-08T23:21:31.550,-0.011,0.041,-0.015
2025-12-08T23:21:31.560,0.001,0.032,-0.028
2025-12-08T23:21:31.570,0.014,0.036,-0.051
2025-12-08T23:21:31.580,0.015,0.045,-0.048
2025-12-08T23:21:31.590,0.009,0.052,-0.023
2025-12-08T23:21:31.600,0.014,0.052,0.001
2025-12-08T23:21:31.610,0.013,0.057,0.037
2025-12-08T23:21:31.620,0.018,0.053,0.052
2025-12-08T23:21:31.630,0.034,0.048,0.038
2025-12-08T23:21:31.640,0.046,0.061,0.014
2025-12-08T23:21:31.650,0.051,0.064,0.002
2025-12-08T23:21:31.660,0.055,0.062,0.014
2025-12-08T23:21:31.670,0.054,0.061,0.041
2025-12-08T23:21:31.680,0.04,0.062,0.063
2025-12-08T23:21:31.690,0.04,0.058,0.063
2025-12-08T23:21:31.700,0.039,0.059,0.048
2025-12-08T23:21:31.710,0.04,0.063,0.01
2025-12-08T23:21:31.720,0.061,0.062,-0.041
2025-12-08T23:21:31.730,0.065,0.081,-0.066
2025-12-08T23:21:31.740,0.061,0.085,-0.066
2025-12-08T23:21:31.750,0.063,0.077,-0.033
2025-12-08T23:21:31.760,0.064,0.076,0.027
2025-12-08T23:21:31.770,0.063,0.07,0.066
2025-12-08T23:21:31.780,0.064,0.063,0.078
2025-12-08T23:21:31.790,0.068,0.06,0.065
2025-12-08T23:21:31.800,0.068,0.062,0.029
2025-12-08T23:21:31.810,0.079,0.063,-0.003
2025-12-08T23:21:31.820,0.085,0.077,-0.023
2025-12-08T23:21:31.830,0.085,0.086,-0.04
2025-12-08T23:21:31.840,0.087,0.085,-0.028
2025-12-08T23:21:31.850,0.09,0.091,0.008
2025-12-08T23:21:31.860,0.101,0.086,0.027
2025-12-08T23:21:31.870,0.102,0.095,0.054
2025-12-08T23:21:31.880,0.104,0.098,0.078
2025-12-08T23:21:31.890,0.105,0.088,0.068
2025-12-08T23:21:31.900,0.097,0.08,0.054
2025-12-08T23:21:31.910,0.098,0.068,0.039
2025-12-08T23:21:31.920,0.095,0.068,0.021
2025-12-08T23:21:31.930,0.087,0.068,0.017
2025-12-08T23:21:31.940,0.093,0.068,0.016
2025-12-08T23:21:31.950,0.102,0.071,0.001
2025-12-08T23:21:31.960,0.102,0.077,-0.024
2025-12-08T23:21:31.970,0.114,0.077,-0.032
2025-12-08T23:21:31.980,0.127,0.066,-0.025
2025-12-08T23:21:31.990,0.123,0.07,0.007
2025-12-08T23:21:32.000,0.131,0.069,0.056
2025-12-08T23:21:32.010,0.137,0.073,0.071
2025-12-08T23:21:32.020,0.131,0.079,0.06
2025-12-08T23:21:32.030,0.128,0.088,0.052
2025-12-08T23:21:32.040,0.122,0.104,0.049
2025-12-08T23:21:32.050,0.119,0.098,0.051
2025-12-08T23:21:32.060,0.113,0.101,0.058
2025-12-08T23:21:32.070,0.117,0.094,0.053
2025-12-08T23:21:32.080,0.123,0.085,0.028
2025-12-08T23:21:32.090,0.124,0.093,0.01
2025-12-08T23:21:32.100,0.134,0.084,-0.001
2025-12-08T23:21:32.110,0.129,0.088,0.006
2025-12-08T23:21:32.120,0.125,0.091,0.038
2025-12-08T23:21:32.130,0.124,0.09,0.062
2025-12-08T23:21:32.140,0.112,0.094,0.073
2025-12-08T23:21:32.150,0.102,0.089,0.068
2025-12-08T23:21:32.160,0.095,0.093,0.045
2025-12-08T23:21:32.170,0.092,0.093,0.02
2025-12-08T23:21:32.180,0.083,0.092,0.007
2025-12-08T23:21:32.190,0.089,0.096,0.0
2025-12-08T23:21:32.200,0.099,0.104,-0.009
2025-12-08T23:21:32.210,0.1,0.106,-0.001
2025-12-08T23:21:32.220,0.113,0.099,0.025
2025-12-08T23:21:32.230,0.109,0.099,0.047
2025-12-08T23:21:32.240,0.097,0.088,0.064
2025-12-08T23:21:32.250,0.088,0.083,0.081
2025-12-08T23:21:32.260,0.078,0.084,0.071
2025-12-08T23:21:32.270,0.073,0.078,0.042
2025-12-08T23:21:32.280,0.068,0.082,0.028
2025-12-08T23:21:32.290,0.076,0.084,0.017
2025-12-08T23:21:32.300,0.075,0.087,0.016
2025-12-08T23:21:32.310,0.068,0.094,0.037
2025-12-08T23:21:32.320,0.065,0.095,0.035
2025-12-08T23:21:32.330,0.052,0.087,0.023
2025-12-08T23:21:32.340,0.042,0.086,0.029
2025-12-08T23:21:32.350,0.043,0.088,0.025
2025-12-08T23:21:32.360,0.044,0.08,0.004
2025-12-08T23:21:32.370,0.044,0.08,-0.015
2025-12-08T23:21:32.380,0.051,0.077,-0.029
2025-12-08T23:21:32.390,0.054,0.07,-0.034
2025-12-08T23:21:32.400,0.053,0.071,-0.004
2025-12-08T23:21:32.410,0.057,0.069,0.039
2025-12-08T23:21:32.420,0.054,0.061,0.059
2025-12-08T23:21:32.430,0.045,0.054,0.059
2025-12-08T23:21:32.440,0.044,0.052,0.04
2025-12-08T23:21:32.450,0.039,0.05,0.015
2025-12-08T23:21:32.460,0.017,0.052,0.005
2025-12-08T23:21:32.470,0.012,0.043,0.021
2025-12-08T23:21:32.480,0.012,0.034,0.034
2025-12-08T23:21:32.490,-0.002,0.031,0.027
2025-12-08T23:21:32.500,0.005,0.03,0.018
2025-12-08T23:21:32.510,0.013,0.045,0.0
2025-12-08T23:21:32.520,0.012,0.048,-0.02
2025-12-08T23:21:32.530,0.016,0.051,-0.014
2025-12-08T23:21:32.540,0.013,0.055,-0.008
2025-12-08T23:21:32.550,0.013,0.043,-0.012
2025-12-08T23:21:32.560,0.011,0.039,0.004
2025-12-08T23:21:32.570,0.008,0.029,0.025
2025-12-08T23:21:32.580,0.007,0.013,0.025
2025-12-08T23:21:32.590,0.007,0.01,0.024
2025-12-08T23:21:32.600,0.016,0.012,0.012
2025-12-08T23:21:32.610,0.017,0.008,-0.003
2025-12-08T23:21:32.620,0.014,0.013,-0.007
2025-12-08T23:21:32.630,0.009,0.023,-0.011
2025-12-08T23:21:32.640,0.002,0.021,-0.014
2025-12-08T23:21:32.650,-0.006,0.022,-0.01
2025-12-08T23:21:32.660,-0.005,0.013,0.007
2025-12-08T23:21:32.670,-0.002,0.004,0.028
2025-12-08T23:21:32.680,-0.008,0.001,0.058
2025-12-08T23:21:32.690,0.001,-0.009,0.069
2025-12-08T23:21:32.700,0.002,-0.022,0.055
2025-12-08T23:21:32.710,-0.006,-0.029,0.039
2025-12-08T23:21:32.720,0.0,-0.027,0.011
2025-12-08T23:21:32.730,-0.001,-0.029,-0.005
2025-12-08T23:21:32.740,-0.003,-0.023,-0.021
2025-12-08T23:21:32.750,0.007,-0.027,-0.026
2025-12-08T23:21:32.760,0.007,-0.029,-0.036
2025-12-08T23:21:32.770,-0.008,-0.027,-0.053
2025-12-08T23:21:32.780,-0.012,-0.041,-0.045
2025-12-08T23:21:32.790,-0.015,-0.038,-0.054
2025-12-08T23:21:32.800,-0.025,-0.046,-0.027
2025-12-08T23:21:32.810,-0.023,-0.047,-0.0
2025-12-08T23:21:32.820,-0.021,-0.044,-0.009
2025-12-08T23:21:32.830,-0.024,-0.05,-0.011
2025-12-08T23:21:32.840,-0.027,-0.037,-0.025
2025-12-08T23:21:32.850,-0.026,-0.043,-0.035
2025-12-08T23:21:32.860,-0.025,-0.048,-0.046
2025-12-08T23:21:32.870,-0.027,-0.052,-0.041
2025-12-08T23:21:32.880,-0.021,-0.059,-0.04
2025-12-08T23:21:32.890,-0.018,-0.06,-0.046
2025-12-08T23:21:32.900,-0.025,-0.056,-0.049
2025-12-08T23:21:32.910,-0.018,-0.053,-0.068
2025-12-08T23:21:32.920,-0.02,-0.055,-0.064
2025-12-08T23:21:32.930,-0.033,-0.057,-0.052
2025-12-08T23:21:32.940,-0.022,-0.075,-0.027
2025-12-08T23:21:32.950,-0.019,-0.083,-0.014
2025-12-08T23:21:32.960,-0.019,-0.089,-0.025
2025-12-08T23:21:32.970,-0.005,-0.099,-0.036
2025-12-08T23:21:32.980,-0.006,-0.095,-0.061
2025-12-08T23:21:32.990,-0.012,-0.102,-0.077
2025-12-08T23:21:33.000,-0.014,-0.096,-0.071
2025-12-08T23:21:33.010,-0.025,-0.093,-0.055
2025-12-08T23:21:33.020,-0.04,-0.096,-0.045
2025-12-08T23:21:33.030,-0.039,-0.091,-0.045
2025-12-08T23:21:33.040,-0.034,-0.095,-0.048
2025-12-08T23:21:33.050,-0.038,-0.087,-0.055
2025-12-08T23:21:33.060,-0.025,-0.084,-0.062
2025-12-08T23:21:33.070,-0.013,-0.084,-0.066
2025-12-08T23:21:33.080,-0.011,-0.077,-0.063
2025-12-08T23:21:33.090,-0.007,-0.091,-0.075
2025-12-08T23:21:33.100,-0.014,-0.1,-0.064
2025-12-08T23:21:33.110,-0.023,-0.11,-0.045
2025-12-08T23:21:33.120,-0.033,-0.131,-0.052
2025-12-08T23:21:33.130,-0.049,-0.136,-0.037
2025-12-08T23:21:33.140,-0.051,-0.135,-0.062
2025-12-08T23:21:33.150,-0.053,-0.132,-0.108
2025-12-08T23:21:33.160,-0.046,-0.123,-0.128
2025-12-08T23:21:33.170,-0.05,-0.121,-0.147
2025-12-08T23:21:33.180,-0.068,-0.126,-0.13
2025-12-08T23:21:33.190,-0.06,-0.132,-0.109
2025-12-08T23:21:33.200,-0.062,-0.138,-0.081
2025-12-08T23:21:33.210,-0.062,-0.141,-0.057
2025-12-08T23:21:33.220,-0.052,-0.143,-0.043
2025-12-08T23:21:33.230,-0.054,-0.139,-0.018
2025-12-08T23:21:33.240,-0.04,-0.139,-0.042
2025-12-08T23:21:33.250,-0.037,-0.137,-0.051
2025-12-08T23:21:33.260,-0.035,-0.124,-0.061
2025-12-08T23:21:33.270,-0.026,-0.128,-0.078
2025-12-08T23:21:33.280,-0.024,-0.13,-0.053
2025-12-08T23:21:33.290,-0.023,-0.141,-0.041
2025-12-08T23:21:33.300,-0.044,-0.157,-0.029
2025-12-08T23:21:33.310,-0.054,-0.165,-0.032
2025-12-08T23:21:33.320,-0.069,-0.175,-0.041
2025-12-08T23:21:33.330,-0.086,-0.175,-0.054
2025-12-08T23:21:33.340,-0.089,-0.18,-0.064
2025-12-08T23:21:33.350,-0.1,-0.179,-0.057
2025-12-08T23:21:33.360,-0.099,-0.186,-0.076
2025-12-08T23:21:33.370,-0.097,-0.191,-0.077
2025-12-08T23:21:33.380,-0.087,-0.18,-0.076
2025-12-08T23:21:33.390,-0.076,-0.183,-0.071
2025-12-08T23:21:33.400,-0.079,-0.165,-0.045
2025-12-08T23:21:33.410,-0.069,-0.166,-0.043
2025-12-08T23:21:33.420,-0.07,-0.165,-0.062
2025-12-08T23:21:33.430,-0.078,-0.151,-0.076
2025-12-08T23:21:33.440,-0.078,-0.166,-0.068
2025-12-08T23:21:33.450,-0.096,-0.161,-0.053
2025-12-08T23:21:33.460,-0.11,-0.17,-0.027
2025-12-08T23:21:33.470,-0.112,-0.175,-0.022
2025-12-08T23:21:33.480,-0.119,-0.175,-0.041
2025-12-08T23:21:33.490,-0.121,-0.185,-0.049
2025-12-08T23:21:33.500,-0.112,-0.171,-0.061
2025-12-08T23:21:33.510,-0.098,-0.167,-0.07
2025-12-08T23:21:33.520,-0.087,-0.161,-0.068
2025-12-08T23:21:33.530,-0.077,-0.149,-0.043
2025-12-08T23:21:33.540,-0.075,-0.146,-0.021
2025-12-08T23:21:33.550,-0.077,-0.152,-0.009
2025-12-08T23:21:33.560,-0.07,-0.161,0.003
2025-12-08T23:21:33.570,-0.067,-0.159,0.002
2025-12-08T23:21:33.580,-0.063,-0.164,0.003
2025-12-08T23:21:33.590,-0.054,-0.155,0.007
2025-12-08T23:21:33.600,-0.053,-0.151,-0.001
2025-12-08T23:21:33.610,-0.054,-0.153,-0.031
2025-12-08T23:21:33.620,-0.06,-0.147,-0.048
2025-12-08T23:21:33.630,-0.056,-0.153,-0.054
2025-12-08T23:21:33.640,-0.055,-0.155,-0.065
2025-12-08T23:21:33.650,-0.056,-0.149,-0.042
2025-12-08T23:21:33.660,-0.048,-0.135,-0.025
2025-12-08T23:21:33.670,-0.05,-0.129,-0.021
2025-12-08T23:21:33.680,-0.05,-0.126,-0.004
2025-12-08T23:21:33.690,-0.047,-0.122,0.001
2025-12-08T23:21:33.700,-0.048,-0.127,-0.012
2025-12-08T23:21:33.710,-0.051,-0.125,-0.013
2025-12-08T23:21:33.720,-0.057,-0.116,0.016
2025-12-08T23:21:33.730,-0.059,-0.104,0.029
2025-12-08T23:21:33.740,-0.063,-0.106,0.027
2025-12-08T23:21:33.750,-0.06,-0.095,0.004
2025-12-08T23:21:33.760,-0.055,-0.094,-0.049
2025-12-08T23:21:33.770,-0.063,-0.101,-0.08
2025-12-08T23:21:33.780,-0.066,-0.082,-0.06
2025-12-08T23:21:33.790,-0.065,-0.091,-0.034
2025-12-08T23:21:33.800,-0.073,-0.089,-0.017
2025-12-08T23:21:33.810,-0.067,-0.086,0.019
2025-12-08T23:21:33.820,-0.06,-0.1,0.021
2025-12-08T23:21:33.830,-0.058,-0.093,0.014
2025-12-08T23:21:33.840,-0.051,-0.088,0.031
2025-12-08T23:21:33.850,-0.05,-0.071,0.024
2025-12-08T23:21:33.860,-0.049,-0.068,0.02
2025-12-08T23:21:33.870,-0.053,-0.061,0.023
2025-12-08T23:21:33.880,-0.05,-0.05,0.012
2025-12-08T23:21:33.890,-0.051,-0.055,-0.017
2025-12-08T23:21:33.900,-0.057,-0.046,-0.02
2025-12-08T23:21:33.910,-0.049,-0.052,0.007
2025-12-08T23:21:33.920,-0.052,-0.051,0.029
2025-12-08T23:21:33.930,-0.051,-0.049,0.051
2025-12-08T23:21:33.940,-0.036,-0.05,0.048
2025-12-08T23:21:33.950,-0.03,-0.041,0.017
2025-12-08T23:21:33.960,-0.029,-0.037,-0.003
2025-12-08T23:21:33.970,-0.031,-0.031,0.014
2025-12-08T23:21:33.980,-0.045,-0.031,0.031
2025-12-08T23:21:33.990,-0.06,-0.029,0.048
2025-12-08T23:21:34.000,-0.059,-0.023,0.064
2025-12-08T23:21:34.010,-0.06,-0.022,0.026
2025-12-08T23:21:34.020,-0.057,-0.023,-0.011
2025-12-08T23:21:34.030,-0.047,-0.015,-0.03
2025-12-08T23:21:34.040,-0.046,-0.0,-0.047
2025-12-08T23:21:34.050,-0.048,0.009,-0.033
2025-12-08T23:21:34.060,-0.047,0.009,0.007
2025-12-08T23:21:34.070,-0.05,0.007,0.058
2025-12-08T23:21:34.080,-0.061,0.013,0.075
2025-12-08T23:21:34.090,-0.057,0.008,0.069
2025-12-08T23:21:34.100,-0.051,0.014,0.064
2025-12-08T23:21:34.110,-0.056,0.032,0.025
2025-12-08T23:21:34.120,-0.046,0.021,-0.017
2025-12-08T23:21:34.130,-0.043,0.015,-0.013
2025-12-08T23:21:34.140,-0.054,0.034,0.011
2025-12-08T23:21:34.150,-0.039,0.037,0.039
2025-12-08T23:21:34.160,-0.031,0.04,0.073
2025-12-08T23:21:34.170,-0.029,0.046,0.058
2025-12-08T23:21:34.180,-0.012,0.015,0.007
2025-12-08T23:21:34.190,-0.025,0.023,0.023
2025-12-08T23:21:34.200,-0.018,0.047,0.01
2025-12-08T23:21:34.210,-0.009,0.021,-0.027
2025-12-08T23:21:34.220,-0.023,0.044,0.035
2025-12-08T23:21:34.230,-0.02,0.06,0.016
2025-12-08T23:21:34.240,-0.03,0.036,-0.005
2025-12-08T23:21:34.250,-0.031,0.052,0.043
2025-12-08T23:21:34.260,-0.041,0.048,0.004
2025-12-08T23:21:34.270,-0.055,0.026,-0.007
2025-12-08T23:21:34.280,-0.047,0.029,-0.007
2025-12-08T23:21:34.290,-0.054,0.025,-0.047
2025-12-08T23:21:34.300,-0.042,0.027,-0.049
2025-12-08T23:21:34.310,-0.037,0.039,-0.014
2025-12-08T23:21:34.320,-0.028,0.046,-0.009
2025-12-08T23:21:34.330,-0.015,0.05,-0.024
2025-12-08T23:21:34.340,-0.024,0.066,0.008
2025-12-08T23:21:34.350,-0.016,0.081,0.004
2025-12-08T23:21:34.360,-0.018,0.082,0.006
2025-12-08T23:21:34.370,-0.024,0.095,0.037
2025-12-08T23:21:34.380,-0.021,0.101,0.022
2025-12-08T23:21:34.390,-0.023,0.09,0.005
2025-12-08T23:21:34.400,-0.023,0.1,-0.003
2025-12-08T23:21:34.410,-0.023,0.115,-0.015
2025-12-08T23:21:34.420,-0.025,0.113,-0.052
2025-12-08T23:21:34.430,-0.04,0.119,-0.056
2025-12-08T23:21:34.440,-0.036,0.114,-0.055
2025-12-08T23:21:34.450,-0.034,0.099,-0.059
2025-12-08T23:21:34.460,-0.046,0.106,-0.009
2025-12-08T23:21:34.470,-0.032,0.102,0.008
2025-12-08T23:21:34.480,-0.021,0.093,0.017
2025-12-08T23:21:34.490,-0.016,0.109,0.037
2025-12-08T23:21:34.500,-0.002,0.116,0.024
2025-12-08T23:21:34.510,-0.001,0.123,0.016
2025-12-08T23:21:34.520,-0.015,0.138,0.01
2025-12-08T23:21:34.530,-0.012,0.131,0.001
2025-12-08T23:21:34.540,-0.016,0.129,-0.011
2025-12-08T23:21:34.550,-0.031,0.134,-0.007
2025-12-08T23:21:34.560,-0.02,0.117,-0.018
2025-12-08T23:21:34.570,-0.024,0.113,-0.041
2025-12-08T23:21:34.580,-0.037,0.115,-0.032
2025-12-08T23:21:34.590,-0.029,0.102,-0.044
2025-12-08T23:21:34.600,-0.032,0.101,-0.057
2025-12-08T23:21:34.610,-0.037,0.108,-0.054
2025-12-08T23:21:34.620,-0.026,0.113,-0.06
2025-12-08T23:21:34.630,-0.026,0.123,-0.05
2025-12-08T23:21:34.640,-0.028,0.122,-0.038
2025-12-08T23:21:34.650,-0.029,0.117,-0.042
2025-12-08T23:21:34.660,-0.029,0.117,-0.061
2025-12-08T23:21:34.670,-0.022,0.101,-0.085
2025-12-08T23:21:34.680,-0.022,0.104,-0.069
2025-12-08T23:21:34.690,-0.001,0.109,-0.046
2025-12-08T23:21:34.700,0.015,0.094,-0.046
2025-12-08T23:21:34.710,0.011,0.113,-0.014
2025-12-08T23:21:34.720,0.027,0.111,-0.026
2025-12-08T23:21:34.730,0.018,0.095,-0.059
2025-12-08T23:21:34.740,0.009,0.102,-0.053
2025-12-08T23:21:34.750,0.003,0.097,-0.043
2025-12-08T23:21:34.760,-0.008,0.101,-0.012
2025-12-08T23:21:34.770,0.008,0.106,-0.03
2025-12-08T23:21:34.780,0.009,0.111,-0.037
2025-12-08T23:21:34.790,0.021,0.104,-0.041
2025-12-08T23:21:34.800,0.017,0.086,-0.061
2025-12-08T23:21:34.810,0.011,0.086,-0.025
2025-12-08T23:21:34.820,0.038,0.078,-0.057
2025-12-08T23:21:34.830,0.016,0.084,-0.067
2025-12-08T23:21:34.840,0.023,0.091,-0.052
2025-12-08T23:21:34.850,0.024,0.08,-0.076
2025-12-08T23:21:34.860,-0.004,0.091,-0.052
2025-12-08T23:21:34.870,0.017,0.083,-0.057
2025-12-08T23:21:34.880,0.003,0.075,-0.064
2025-12-08T23:21:34.890,-0.001,0.09,-0.045
2025-12-08T23:21:34.900,0.014,0.086,-0.044
2025-12-08T23:21:34.910,0.007,0.084,-0.048
2025-12-08T23:21:34.920,0.012,0.088,-0.048
2025-12-08T23:21:34.930,0.011,0.083,-0.067
2025-12-08T23:21:34.940,0.019,0.066,-0.101
2025-12-08T23:21:34.950,0.018,0.069,-0.103
2025-12-08T23:21:34.960,0.012,0.095,-0.061
2025-12-08T23:21:34.970,0.014,0.11,0.018
2025-12-08T23:21:34.980,0.001,0.092,0.029
2025-12-08T23:21:34.990,0.005,0.057,-0.035
2025-12-08T23:21:35.000,0.023,0.066,-0.059
2025-12-08T23:21:35.010,0.014,0.074,-0.075
2025-12-08T23:21:35.020,0.014,0.05,-0.11
2025-12-08T23:21:35.030,0.023,0.062,-0.071
2025-12-08T23:21:35.040,0.018,0.075,-0.03
2025-12-08T23:21:35.050,0.035,0.061,-0.045
2025-12-08T23:21:35.060,0.036,0.064,-0.001
2025-12-08T23:21:35.070,0.032,0.053,0.005
2025-12-08T23:21:35.080,0.027,0.041,-0.017
2025-12-08T23:21:35.090,0.027,0.034,-0.017
2025-12-08T23:21:35.100,0.049,0.036,-0.036
2025-12-08T23:21:35.110,0.025,0.068,0.007
2025-12-08T23:21:35.120,0.042,0.057,0.003
2025-12-08T23:21:35.130,0.043,0.066,0.009
2025-12-08T23:21:35.140,0.03,0.067,0.008
2025-12-08T23:21:35.150,0.065,0.036,-0.038
2025-12-08T23:21:35.160,0.042,0.068,-0.008
2025-12-08T23:21:35.170,0.055,0.056,-0.039
2025-12-08T23:21:35.180,0.062,0.041,-0.018
2025-12-08T23:21:35.190,0.042,0.045,0.005
2025-12-08T23:21:35.200,0.045,0.033,-0.03
2025-12-08T23:21:35.210,0.027,0.03,-0.023
2025-12-08T23:21:35.220,0.02,0.027,-0.043
2025-12-08T23:21:35.230,-0.002,0.04,-0.009
2025-12-08T23:21:35.240,0.01,0.008,-0.029
2025-12-08T23:21:35.250,0.024,0.02,-0.024
2025-12-08T23:21:35.260,0.036,0.036,-0.031
2025-12-08T23:21:35.270,0.05,0.011,-0.104
2025-12-08T23:21:35.280,0.032,0.049,-0.062
2025-12-08T23:21:35.290,0.053,0.031,-0.075
2025-12-08T23:21:35.300,0.043,0.013,-0.043
2025-12-08T23:21:35.310,0.039,0.027,0.05
2025-12-08T23:21:35.320,0.052,0.009,0.068
2025-12-08T23:21:35.330,0.041,0.011,0.083
2025-12-08T23:21:35.340,0.059,0.013,0.055
2025-12-08T23:21:35.350,0.052,0.02,0.01
2025-12-08T23:21:35.360,0.055,0.01,-0.043
2025-12-08T23:21:35.370,0.054,0.009,-0.02
2025-12-08T23:21:35.380,0.031,0.024,0.037
2025-12-08T23:21:35.390,0.039,0.013,0.025
2025-12-08T23:21:35.400,0.036,0.005,0.033
2025-12-08T23:21:35.410,0.043,0.017,0.023
2025-12-08T23:21:35.420,0.044,0.026,-0.011
2025-12-08T23:21:35.430,0.04,0.007,-0.028
2025-12-08T23:21:35.440,0.044,0.011,-0.03
2025-12-08T23:21:35.450,0.029,0.031,0.013
2025-12-08T23:21:35.460,0.042,0.018,0.023
2025-12-08T23:21:35.470,0.035,0.023,0.019
2025-12-08T23:21:35.480,0.018,0.037,0.026
2025-12-08T23:21:35.490,0.031,0.02,-0.008
2025-12-08T23:21:35.500,0.019,0.03,0.002
2025-12-08T23:21:35.510,0.028,0.039,0.013
2025-12-08T23:21:35.520,0.014,0.023,0.023
2025-12-08T23:21:35.530,-0.011,0.028,0.051
2025-12-08T23:21:35.540,0.012,0.017,0.004
2025-12-08T23:21:35.550,0.003,0.014,-0.018
2025-12-08T23:21:35.560,0.009,0.028,-0.019
2025-12-08T23:21:35.570,0.018,0.027,-0.022
2025-12-08T23:21:35.580,-0.002,0.047,0.021
2025-12-08T23:21:35.590,0.032,0.05,0.04
2025-12-08T23:21:35.600,0.037,0.048,0.047
2025-12-08T23:21:35.610,0.023,0.061,0.045
2025-12-08T23:21:35.620,0.045,0.042,0.018
2025-12-08T23:21:35.630,0.034,0.034,0.002
2025-12-08T23:21:35.640,0.028,0.042,0.007
2025-12-08T23:21:35.650,0.026,0.029,0.021
2025-12-08T23:21:35.660,0.012,0.016,0.006
2025-12-08T23:21:35.670,0.005,0.028,0.007
2025-12-08T23:21:35.680,-0.001,0.021,-0.006
2025-12-08T23:21:35.690,0.009,0.014,-0.031
2025-12-08T23:21:35.700,0.004,0.028,-0.0
2025-12-08T23:21:35.710,0.019,0.011,-0.007
2025-12-08T23:21:35.720,0.046,0.018,-0.006
2025-12-08T23:21:35.730,0.046,0.029,0.024
2025-12-08T23:21:35.740,0.057,0.021,0.024
2025-12-08T23:21:35.750,0.066,0.019,0.044
2025-12-08T23:21:35.760,0.052,0.022,0.045
2025-12-08T23:21:35.770,0.05,0.032,0.029
2025-12-08T23:21:35.780,0.05,0.021,0.012
2025-12-08T23:21:35.790,0.025,0.028,0.005
2025-12-08T23:21:35.800,0.016,0.018,0.011
2025-12-08T23:21:35.810,0.013,0.007,-0.005
2025-12-08T23:21:35.820,-0.006,0.015,-0.018
2025-12-08T23:21:35.830,-0.005,-0.005,-0.04
2025-12-08T23:21:35.840,-0.006,-0.003,-0.053
2025-12-08T23:21:35.850,-0.014,-0.002,-0.058
2025-12-08T23:21:35.860,-0.019,-0.009,-0.051
2025-12-08T23:21:35.870,-0.014,-0.012,-0.021
2025-12-08T23:21:35.880,-0.014,-0.007,-0.025
2025-12-08T23:21:35.890,-0.012,-0.003,-0.029
2025-12-08T23:21:35.900,0.0,-0.016,-0.033
2025-12-08T23:21:35.910,-0.016,0.002,-0.017
2025-12-08T23:21:35.920,-0.013,0.001,0.005
2025-12-08T23:21:35.930,-0.003,0.001,-0.02
2025-12-08T23:21:35.940,-0.009,0.027,-0.008
2025-12-08T23:21:35.950,0.003,0.03,-0.018
2025-12-08T23:21:35.960,-0.007,0.027,-0.033
2025-12-08T23:21:35.970,-0.012,0.037,-0.011
2025-12-08T23:21:35.980,0.006,0.022,-0.051
2025-12-08T23:21:35.990,-0.001,-0.008,-0.05
2025-12-08T23:21:36.000,0.006,0.013,-0.027
2025-12-08T23:21:36.010,0.016,0.006,-0.041
2025-12-08T23:21:36.020,0.011,0.0,-0.012
2025-12-08T23:21:36.030,0.022,0.03,0.007
2025-12-08T23:21:36.040,0.018,0.011,-0.023
2025-12-08T23:21:36.050,0.016,0.017,-0.042
2025-12-08T23:21:36.060,0.025,0.044,-0.058
2025-12-08T23:21:36.070,0.008,0.041,-0.098
2025-12-08T23:21:36.080,-0.005,0.05,-0.074
2025-12-08T23:21:36.090,-0.005,0.055,-0.02
2025-12-08T23:21:36.100,-0.001,0.033,-0.029
2025-12-08T23:21:36.110,-0.003,0.04,-0.021
2025-12-08T23:21:36.120,-0.01,0.061,-0.019
2025-12-08T23:21:36.130,-0.011,0.042,-0.057
2025-12-08T23:21:36.140,-0.012,0.025,-0.054
2025-12-08T23:21:36.150,-0.012,0.02,-0.016
2025-12-08T23:21:36.160,-0.009,0.03,-0.011
2025-12-08T23:21:36.170,-0.015,0.052,-0.017
2025-12-08T23:21:36.180,-0.017,0.051,-0.027
2025-12-08T23:21:36.190,-0.0,0.041,-0.089
2025-12-08T23:21:36.200,-0.006,0.043,-0.114
2025-12-08T23:21:36.210,-0.009,0.064,-0.066
2025-12-08T23:21:36.220,-0.004,0.087,-0.037
2025-12-08T23:21:36.230,-0.017,0.079,-0.032
2025-12-08T23:21:36.240,-0.018,0.062,-0.05
2025-12-08T23:21:36.250,-0.016,0.059,-0.077
2025-12-08T23:21:36.260,-0.024,0.064,-0.071
2025-12-08T23:21:36.270,-0.022,0.067,-0.051
2025-12-08T23:21:36.280,-0.017,0.051,-0.044
2025-12-08T23:21:36.290,-0.02,0.051,-0.04
2025-12-08T23:21:36.300,-0.014,0.054,-0.051
2025-12-08T23:21:36.310,-0.007,0.05,-0.064
2025-12-08T23:21:36.320,-0.018,0.069,-0.055
2025-12-08T23:21:36.330,-0.016,0.059,-0.048
2025-12-08T23:21:36.340,-0.015,0.065,-0.028
2025-12-08T23:21:36.350,-0.021,0.086,-0.018
2025-12-08T23:21:36.360,-0.011,0.071,-0.037
2025-12-08T23:21:36.370,-0.021,0.087,-0.033
2025-12-08T23:21:36.380,-0.02,0.087,-0.04
2025-12-08T23:21:36.390,-0.007,0.061,-0.054
2025-12-08T23:21:36.400,-0.006,0.064,-0.038
2025-12-08T23:21:36.410,-0.0,0.057,-0.034
2025-12-08T23:21:36.420,-0.001,0.04,-0.036
2025-12-08T23:21:36.430,0.001,0.043,-0.02
2025-12-08T23:21:36.440,0.001,0.042,-0.023
2025-12-08T23:21:36.450,-0.009,0.038,-0.037
2025-12-08T23:21:36.460,-0.018,0.043,-0.041
2025-12-08T23:21:36.470,-0.021,0.038,-0.074
2025-12-08T23:21:36.480,-0.032,0.03,-0.097
2025-12-08T23:21:36.490,-0.032,0.025,-0.077
2025-12-08T23:21:36.500,-0.011,0.021,-0.067
2025-12-08T23:21:36.510,-0.008,0.028,-0.043
2025-12-08T23:21:36.520,0.005,0.036,-0.022
2025-12-08T23:21:36.530,0.02,0.033,-0.032
2025-12-08T23:21:36.540,0.018,0.032,-0.037
2025-12-08T23:21:36.550,0.025,0.032,-0.021
2025-12-08T23:21:36.560,0.023,0.032,0.001
2025-12-08T23:21:36.570,0.018,0.035,0.001
2025-12-08T23:21:36.580,0.017,0.034,-0.004
2025-12-08T23:21:36.590,0.016,0.037,-0.031
2025-12-08T23:21:36.600,0.014,0.036,-0.071
2025-12-08T23:21:36.610,0.005,0.034,-0.069
2025-12-08T23:21:36.620,0.011,0.035,-0.052
2025-12-08T23:21:36.630,0.023,0.01,-0.023
2025-12-08T23:21:36.640,0.031,-0.012,0.007
2025-12-08T23:21:36.650,0.024,-0.021,0.027
2025-12-08T23:21:36.660,0.018,0.0,0.032
2025-12-08T23:21:36.670,0.026,0.027,0.007
2025-12-08T23:21:36.680,0.029,-0.017,-0.073
2025-12-08T23:21:36.690,0.037,-0.065,-0.118
2025-12-08T23:21:36.700,0.035,-0.039,-0.031
2025-12-08T23:21:36.710,0.018,0.009,0.065
2025-12-08T23:21:36.720,0.027,0.009,0.092
2025-12-08T23:21:36.730,0.037,-0.007,0.018
2025-12-08T23:21:36.740,0.035,-0.02,-0.078
2025-12-08T23:21:36.750,0.054,-0.013,-0.054
2025-12-08T23:21:36.760,0.044,0.028,0.002
2025-12-08T23:21:36.770,0.028,-0.002,0.025
2025-12-08T23:21:36.780,0.044,-0.052,0.001
2025-12-08T23:21:36.790,0.026,-0.043,-0.025
2025-12-08T23:21:36.800,0.026,-0.041,0.015
2025-12-08T23:21:36.810,0.028,-0.038,0.034
2025-12-08T23:21:36.820,0.006,-0.05,0.028
2025-12-08T23:21:36.830,0.024,-0.064,0.005
2025-12-08T23:21:36.840,0.03,-0.05,-0.016
2025-12-08T23:21:36.850,0.028,-0.039,0.007
2025-12-08T23:21:36.860,0.026,-0.036,0.011
2025-12-08T23:21:36.870,0.024,-0.047,-0.011
2025-12-08T23:21:36.880,0.043,-0.051,-0.031
2025-12-08T23:21:36.890,0.037,-0.043,-0.036
2025-12-08T23:21:36.900,0.037,-0.052,-0.01
2025-12-08T23:21:36.910,0.035,-0.05,0.027
2025-12-08T23:21:36.920,0.025,-0.041,0.051
2025-12-08T23:21:36.930,0.037,-0.048,0.048
2025-12-08T23:21:36.940,0.033,-0.048,0.03
2025-12-08T23:21:36.950,0.027,-0.052,0.007
2025-12-08T23:21:36.960,0.033,-0.057,-0.001
2025-12-08T23:21:36.970,0.036,-0.046,0.01
2025-12-08T23:21:36.980,0.032,-0.046,0.012
2025-12-08T23:21:36.990,0.033,-0.055,0.011
2025-12-08T23:21:37.000,0.038,-0.056,0.011
2025-12-08T23:21:37.010,0.027,-0.058,0.014
2025-12-08T23:21:37.020,0.027,-0.058,0.03
2025-12-08T23:21:37.030,0.029,-0.057,0.041
2025-12-08T23:21:37.040,0.029,-0.058,0.031
2025-12-08T23:21:37.050,0.039,-0.057,0.022
2025-12-08T23:21:37.060,0.037,-0.059,0.027
2025-12-08T23:21:37.070,0.035,-0.069,0.032
2025-12-08T23:21:37.080,0.031,-0.078,0.051
2025-12-08T23:21:37.090,0.029,-0.077,0.062
2025-12-08T23:21:37.100,0.027,-0.072,0.035
2025-12-08T23:21:37.110,0.026,-0.074,0.012
2025-12-08T23:21:37.120,0.032,-0.075,0.008
2025-12-08T23:21:37.130,0.026,-0.084,0.018
2025-12-08T23:21:37.140,0.022,-0.085,0.05
2025-12-08T23:21:37.150,0.025,-0.082,0.072
2025-12-08T23:21:37.160,0.023,-0.086,0.072
2025-12-08T23:21:37.170,0.025,-0.086,0.07
2025-12-08T23:21:37.180,0.04,-0.106,0.056
2025-12-08T23:21:37.190,0.037,-0.083,0.063
2025-12-08T23:21:37.200,0.023,-0.036,0.114
2025-12-08T23:21:37.210,0.028,-0.061,0.102
2025-12-08T23:21:37.220,0.019,-0.101,0.021
2025-12-08T23:21:37.230,0.006,-0.104,0.007
2025-12-08T23:21:37.240,0.003,-0.077,0.065
2025-12-08T23:21:37.250,0.007,-0.074,0.095
2025-12-08T23:21:37.260,0.013,-0.119,0.043
2025-12-08T23:21:37.270,0.013,-0.143,0.017
2025-12-08T23:21:37.280,0.021,-0.112,0.041
2025-12-08T23:21:37.290,0.013,-0.086,0.052
2025-12-08T23:21:37.300,0.006,-0.111,0.055
2025-12-08T23:21:37.310,0.006,-0.124,0.021
2025-12-08T23:21:37.320,-0.009,-0.113,0.027
2025-12-08T23:21:37.330,0.005,-0.102,0.084
2025-12-08T23:21:37.340,0.004,-0.089,0.105
2025-12-08T23:21:37.350,-0.007,-0.106,0.09
2025-12-08T23:21:37.360,0.013,-0.111,0.057
2025-12-08T23:21:37.370,0.021,-0.094,0.053
2025-12-08T23:21:37.380,0.03,-0.097,0.055
2025-12-08T23:21:37.390,0.029,-0.104,0.066
2025-12-08T23:21:37.400,0.028,-0.11,0.087
2025-12-08T23:21:37.410,0.034,-0.118,0.091
2025-12-08T23:21:37.420,0.03,-0.126,0.108
2025-12-08T23:21:37.430,0.033,-0.134,0.107
2025-12-08T23:21:37.440,0.016,-0.127,0.089
2025-12-08T23:21:37.450,0.019,-0.123,0.069
2025-12-08T23:21:37.460,0.031,-0.118,0.057
2025-12-08T23:21:37.470,0.022,-0.11,0.065
2025-12-08T23:21:37.480,0.014,-0.121,0.065
2025-12-08T23:21:37.490,0.004,-0.119,0.085
2025-12-08T23:21:37.500,0.009,-0.114,0.099
2025-12-08T23:21:37.510,-0.002,-0.119,0.096
2025-12-08T23:21:37.520,0.0,-0.122,0.097
2025-12-08T23:21:37.530,0.005,-0.128,0.079
2025-12-08T23:21:37.540,-0.007,-0.121,0.064
2025-12-08T23:21:37.550,0.013,-0.122,0.07
2025-12-08T23:21:37.560,0.019,-0.114,0.076
2025-12-08T23:21:37.570,0.018,-0.103,0.087
2025-12-08T23:21:37.580,0.025,-0.107,0.118
2025-12-08T23:21:37.590,0.015,-0.093,0.129
2025-12-08T23:21:37.600,0.004,-0.102,0.122
2025-12-08T23:21:37.610,0.005,-0.112,0.106
2025-12-08T23:21:37.620,0.007,-0.104,0.09
2025-12-08T23:21:37.630,0.004,-0.113,0.079
2025-12-08T23:21:37.640,0.004,-0.111,0.069
2025-12-08T23:21:37.650,0.006,-0.107,0.066
2025-12-08T23:21:37.660,0.006,-0.112,0.057
2025-12-08T23:21:37.670,-0.005,-0.114,0.078
2025-12-08T23:21:37.680,-0.009,-0.113,0.107
2025-12-08T23:21:37.690,-0.012,-0.111,0.112
2025-12-08T23:21:37.700,-0.011,-0.105,0.096
2025-12-08T23:21:37.710,0.001,-0.091,0.061
2025-12-08T23:21:37.720,0.009,-0.086,0.054
2025-12-08T23:21:37.730,0.017,-0.099,0.059
2025-12-08T23:21:37.740,0.016,-0.114,0.075
2025-12-08T23:21:37.750,0.007,-0.105,0.116
2025-12-08T23:21:37.760,-0.001,-0.064,0.2
2025-12-08T23:21:37.770,0.014,-0.064,0.204
2025-12-08T23:21:37.780,0.023,-0.134,0.073
2025-12-08T23:21:37.790,0.006,-0.153,0.048
2025-12-08T23:21:37.800,0.015,-0.093,0.108
2025-12-08T23:21:37.810,0.002,-0.078,0.113
2025-12-08T23:21:37.820,-0.015,-0.114,0.102
2025-12-08T23:21:37.830,-0.0,-0.127,0.061
2025-12-08T23:21:37.840,-0.008,-0.122,0.036
2025-12-08T23:21:37.850,-0.006,-0.11,0.068
2025-12-08T23:21:37.860,-0.009,-0.085,0.113
2025-12-08T23:21:37.870,-0.026,-0.1,0.089
2025-12-08T23:21:37.880,-0.013,-0.134,0.019
2025-12-08T23:21:37.890,-0.001,-0.119,0.023
2025-12-08T23:21:37.900,-0.01,-0.103,0.052
2025-12-08T23:21:37.910,-0.018,-0.115,0.082
2025-12-08T23:21:37.920,-0.013,-0.119,0.105
2025-12-08T23:21:37.930,-0.001,-0.136,0.055
2025-12-08T23:21:37.940,0.005,-0.14,0.02
2025-12-08T23:21:37.950,0.0,-0.111,0.048
2025-12-08T23:21:37.960,-0.006,-0.109,0.054
2025-12-08T23:21:37.970,-0.007,-0.133,0.037
2025-12-08T23:21:37.980,-0.004,-0.131,0.071
2025-12-08T23:21:37.990,-0.005,-0.117,0.101
2025-12-08T23:21:38.000,-0.011,-0.118,0.098
2025-12-08T23:21:38.010,-0.015,-0.12,0.102
2025-12-08T23:21:38.020,-0.015,-0.113,0.07
2025-12-08T23:21:38.030,-0.011,-0.116,0.057
2025-12-08T23:21:38.040,-0.014,-0.114,0.07
2025-12-08T23:21:38.050,-0.02,-0.107,0.067
2025-12-08T23:21:38.060,-0.019,-0.112,0.058
2025-12-08T23:21:38.070,-0.021,-0.109,0.042
2025-12-08T23:21:38.080,-0.011,-0.109,0.039
2025-12-08T23:21:38.090,-0.003,-0.111,0.017
2025-12-08T23:21:38.100,-0.009,-0.109,0.012
2025-12-08T23:21:38.110,-0.005,-0.103,0.02
2025-12-08T23:21:38.120,-0.004,-0.097,0.012
2025-12-08T23:21:38.130,-0.007,-0.1,0.023
2025-12-08T23:21:38.140,-0.005,-0.089,0.032
2025-12-08T23:21:38.150,-0.003,-0.079,0.038
2025-12-08T23:21:38.160,-0.0,-0.07,0.033
2025-12-08T23:21:38.170,0.002,-0.061,0.034
2025-12-08T23:21:38.180,0.009,-0.063,0.039
2025-12-08T23:21:38.190,0.001,-0.055,0.029
2025-12-08T23:21:38.200,-0.005,-0.061,0.038
2025-12-08T23:21:38.210,-0.002,-0.057,0.037
2025-12-08T23:21:38.220,-0.001,-0.047,0.038
2025-12-08T23:21:38.230,0.007,-0.05,0.046
2025-12-08T23:21:38.240,0.013,-0.043,0.036
2025-12-08T23:21:38.250,0.007,-0.044,0.034
2025-12-08T23:21:38.260,0.0,-0.046,0.044
2025-12-08T23:21:38.270,0.013,-0.053,0.055
2025-12-08T23:21:38.280,0.021,-0.068,0.041
2025-12-08T23:21:38.290,0.018,-0.055,0.036
2025-12-08T23:21:38.300,0.027,-0.021,0.039
2025-12-08T23:21:38.310,0.033,-0.032,-0.009
2025-12-08T23:21:38.320,0.034,-0.062,-0.045
2025-12-08T23:21:38.330,0.02,-0.031,-0.009
2025-12-08T23:21:38.340,0.006,0.009,0.048
2025-12-08T23:21:38.350,0.003,-0.003,0.059
2025-12-08T23:21:38.360,-0.0,-0.03,0.014
2025-12-08T23:21:38.370,-0.002,-0.038,-0.028
2025-12-08T23:21:38.380,-0.006,-0.021,-0.014
2025-12-08T23:21:38.390,0.002,0.003,0.014
2025-12-08T23:21:38.400,0.011,-0.016,0.005
2025-12-08T23:21:38.410,0.011,-0.038,-0.019
2025-12-08T23:21:38.420,0.015,-0.016,-0.002
2025-12-08T23:21:38.430,0.021,0.009,0.044
2025-12-08T23:21:38.440,0.013,0.016,0.039
2025-12-08T23:21:38.450,0.002,-0.002,0.022
2025-12-08T23:21:38.460,0.007,-0.001,-0.001
2025-12-08T23:21:38.470,0.006,0.015,-0.024
2025-12-08T23:21:38.480,-0.004,0.016,-0.001
2025-12-08T23:21:38.490,-0.007,0.024,-0.011
2025-12-08T23:21:38.500,-0.006,0.01,-0.041
2025-12-08T23:21:38.510,-0.006,0.012,-0.047
2025-12-08T23:21:38.520,-0.003,0.027,-0.025
2025-12-08T23:21:38.530,-0.004,0.026,-0.004
2025-12-08T23:21:38.540,-0.021,0.034,0.008
2025-12-08T23:21:38.550,-0.01,0.026,0.016
2025-12-08T23:21:38.560,-0.004,0.022,0.002
2025-12-08T23:21:38.570,-0.011,0.029,0.016
2025-12-08T23:21:38.580,0.003,0.03,0.026
2025-12-08T23:21:38.590,0.004,0.041,0.016
2025-12-08T23:21:38.600,0.009,0.05,0.021
2025-12-08T23:21:38.610,0.011,0.059,0.01
2025-12-08T23:21:38.620,0.01,0.062,0.004
2025-12-08T23:21:38.630,0.009,0.068,-0.0
2025-12-08T23:21:38.640,0.002,0.078,-0.003
2025-12-08T23:21:38.650,0.008,0.07,-0.015
2025-12-08T23:21:38.660,-0.003,0.064,-0.027
2025-12-08T23:21:38.670,-0.012,0.064,-0.019
2025-12-08T23:21:38.680,-0.013,0.063,-0.017
2025-12-08T23:21:38.690,-0.029,0.07,-0.014
2025-12-08T23:21:38.700,-0.034,0.071,-0.016
2025-12-08T23:21:38.710,-0.03,0.071,-0.034
2025-12-08T23:21:38.720,-0.031,0.08,-0.047
2025-12-08T23:21:38.730,-0.023,0.086,-0.055
2025-12-08T23:21:38.740,-0.011,0.086,-0.062
2025-12-08T23:21:38.750,-0.009,0.084,-0.061
2025-12-08T23:21:38.760,-0.004,0.081,-0.051
2025-12-08T23:21:38.770,0.002,0.079,-0.036
2025-12-08T23:21:38.780,-0.001,0.079,-0.017
2025-12-08T23:21:38.790,-0.005,0.081,-0.005
2025-12-08T23:21:38.800,-0.005,0.089,-0.008
2025-12-08T23:21:38.810,-0.007,0.097,-0.018
2025-12-08T23:21:38.820,-0.011,0.105,-0.014
2025-12-08T23:21:38.830,-0.013,0.113,0.021
2025-12-08T23:21:38.840,-0.023,0.113,0.041
2025-12-08T23:21:38.850,-0.029,0.105,0.023
2025-12-08T23:21:38.860,-0.017,0.106,-0.01
2025-12-08T23:21:38.870,-0.007,0.11,-0.061
2025-12-08T23:21:38.880,-0.009,0.101,-0.08
2025-12-08T23:21:38.890,-0.005,0.109,-0.043
2025-12-08T23:21:38.900,-0.002,0.116,-0.009
2025-12-08T23:21:38.910,-0.012,0.109,0.005
2025-12-08T23:21:38.920,-0.016,0.11,0.016
2025-12-08T23:21:38.930,-0.018,0.108,0.011
2025-12-08T23:21:38.940,-0.034,0.111,-0.013
2025-12-08T23:21:38.950,-0.037,0.103,-0.031
2025-12-08T23:21:38.960,-0.037,0.102,-0.042
2025-12-08T23:21:38.970,-0.057,0.113,-0.039
2025-12-08T23:21:38.980,-0.055,0.103,-0.032
2025-12-08T23:21:38.990,-0.052,0.113,-0.021
2025-12-08T23:21:39.000,-0.06,0.123,-0.012
2025-12-08T23:21:39.010,-0.057,0.107,-0.022
2025-12-08T23:21:39.020,-0.064,0.117,-0.016
2025-12-08T23:21:39.030,-0.057,0.122,-0.031
2025-12-08T23:21:39.040,-0.054,0.11,-0.05
2025-12-08T23:21:39.050,-0.056,0.123,-0.023
2025-12-08T23:21:39.060,-0.046,0.129,-0.023
2025-12-08T23:21:39.070,-0.052,0.123,-0.034
2025-12-08T23:21:39.080,-0.048,0.129,-0.017
2025-12-08T23:21:39.090,-0.049,0.127,-0.003
2025-12-08T23:21:39.100,-0.062,0.119,0.0
2025-12-08T23:21:39.110,-0.056,0.12,0.006
2025-12-08T23:21:39.120,-0.058,0.124,-0.011
2025-12-08T23:21:39.130,-0.071,0.12,-0.045
2025-12-08T23:21:39.140,-0.073,0.127,-0.041
2025-12-08T23:21:39.150,-0.061,0.125,-0.036
2025-12-08T23:21:39.160,-0.061,0.118,-0.021
2025-12-08T23:21:39.170,-0.059,0.127,0.021
2025-12-08T23:21:39.180,-0.044,0.115,0.034
2025-12-08T23:21:39.190,-0.038,0.115,0.026
2025-12-08T23:21:39.200,-0.036,0.13,0.031
2025-12-08T23:21:39.210,-0.031,0.131,0.03
2025-12-08T23:21:39.220,-0.034,0.136,0.02
2025-12-08T23:21:39.230,-0.038,0.137,0.036
2025-12-08T23:21:39.240,-0.032,0.137,0.039
2025-12-08T23:21:39.250,-0.038,0.133,0.035
2025-12-08T23:21:39.260,-0.044,0.126,0.048
2025-12-08T23:21:39.270,-0.041,0.125,0.035
2025-12-08T23:21:39.280,-0.053,0.125,0.008
2025-12-08T23:21:39.290,-0.061,0.116,0.009
2025-12-08T23:21:39.300,-0.064,0.113,0.016
2025-12-08T23:21:39.310,-0.064,0.116,0.02
2025-12-08T23:21:39.320,-0.066,0.121,0.036
2025-12-08T23:21:39.330,-0.062,0.133,0.03
2025-12-08T23:21:39.340,-0.059,0.129,0.013
2025-12-08T23:21:39.350,-0.07,0.13,0.015
2025-12-08T23:21:39.360,-0.065,0.132,0.016
2025-12-08T23:21:39.370,-0.059,0.117,0.009
2025-12-08T23:21:39.380,-0.063,0.12,-0.007
2025-12-08T23:21:39.390,-0.054,0.114,-0.016
2025-12-08T23:21:39.400,-0.051,0.106,-0.011
2025-12-08T23:21:39.410,-0.058,0.107,0.019
2025-12-08T23:21:39.420,-0.064,0.095,0.058
2025-12-08T23:21:39.430,-0.069,0.093,0.057
2025-12-08T23:21:39.440,-0.072,0.095,0.039
2025-12-08T23:21:39.450,-0.068,0.094,0.025
2025-12-08T23:21:39.460,-0.06,0.091,0.005
2025-12-08T23:21:39.470,-0.065,0.088,0.003
2025-12-08T23:21:39.480,-0.068,0.089,0.01
2025-12-08T23:21:39.490,-0.057,0.082,0.025
2025-12-08T23:21:39.500,-0.063,0.077,0.046
2025-12-08T23:21:39.510,-0.068,0.073,0.047
2025-12-08T23:21:39.520,-0.056,0.06,0.041
2025-12-08T23:21:39.530,-0.057,0.06,0.034
2025-12-08T23:21:39.540,-0.058,0.062,0.025
2025-12-08T23:21:39.550,-0.048,0.056,0.013
2025-12-08T23:21:39.560,-0.052,0.058,-0.009
2025-12-08T23:21:39.570,-0.062,0.055,-0.015
2025-12-08T23:21:39.580,-0.067,0.056,-0.014
2025-12-08T23:21:39.590,-0.081,0.061,-0.014
2025-12-08T23:21:39.600,-0.084,0.053,-0.007
2025-12-08T23:21:39.610,-0.079,0.058,0.002
2025-12-08T23:21:39.620,-0.079,0.058,0.005
2025-12-08T23:21:39.630,-0.078,0.055,0.005
2025-12-08T23:21:39.640,-0.077,0.062,0.018
2025-12-08T23:21:39.650,-0.07,0.055,0.012
2025-12-08T23:21:39.660,-0.07,0.054,0.005
2025-12-08T23:21:39.670,-0.065,0.052,0.013
2025-12-08T23:21:39.680,-0.062,0.052,-0.001
2025-12-08T23:21:39.690,-0.069,0.052,-0.011
2025-12-08T23:21:39.700,-0.064,0.046,-0.016
2025-12-08T23:21:39.710,-0.068,0.049,-0.023
2025-12-08T23:21:39.720,-0.073,0.041,-0.024
2025-12-08T23:21:39.730,-0.07,0.036,-0.027
2025-12-08T23:21:39.740,-0.069,0.029,-0.027
2025-12-08T23:21:39.750,-0.066,0.021,-0.026
2025-12-08T23:21:39.760,-0.061,0.016,-0.014
2025-12-08T23:21:39.770,-0.052,-0.002,-0.007
2025-12-08T23:21:39.780,-0.054,-0.002,-0.006
2025-12-08T23:21:39.790,-0.054,-0.008,-0.005
2025-12-08T23:21:39.800,-0.047,-0.008,-0.017
2025-12-08T23:21:39.810,-0.05,-0.002,-0.023
2025-12-08T23:21:39.820,-0.04,-0.007,-0.017
2025-12-08T23:21:39.830,-0.03,0.003,-0.008
2025-12-08T23:21:39.840,-0.029,0.002,-0.006
2025-12-08T23:21:39.850,-0.024,0.004,-0.017
2025-12-08T23:21:39.860,-0.014,0.005,-0.026
2025-12-08T23:21:39.870,-0.014,-0.002,-0.041
2025-12-08T23:21:39.880,-0.023,-0.003,-0.034
2025-12-08T23:21:39.890,-0.021,-0.013,-0.006
2025-12-08T23:21:39.900,-0.027,-0.019,-0.0
2025-12-08T23:21:39.910,-0.029,-0.025,-0.004
2025-12-08T23:21:39.920,-0.022,-0.031,-0.023
2025-12-08T23:21:39.930,-0.029,-0.034,-0.051
2025-12-08T23:21:39.940,-0.035,-0.039,-0.064
2025-12-08T23:21:39.950,-0.039,-0.037,-0.062
2025-12-08T23:21:39.960,-0.038,-0.04,-0.06
2025-12-08T23:21:39.970,-0.042,-0.041,-0.066
2025-12-08T23:21:39.980,-0.042,-0.034,-0.066
2025-12-08T23:21:39.990,-0.03,-0.027,-0.064
